ninja: Entering directory `build_doom'
[0/1] Re-running CMake...
Loading Zephyr default modules (Zephyr base (cached)).
-- Application: /Users/gjonesblackcyton/Documents/src/klausscpu-runtime/zephyr-ws/klausscpu-zephyr/apps/doom
-- CMake version: 4.3.2
-- Cache files will be written to: /Users/gjonesblackcyton/Library/Caches/zephyr
-- Zephyr version: 3.7.0 (/Users/gjonesblackcyton/Documents/src/klausscpu-runtime/zephyr-ws/zephyr)
-- Found west (found suitable version "1.5.0", minimum required is "0.14.0")
-- Board: nexys_a7
-- KlaussCPU LLVM bin: /Users/gjonesblackcyton/Documents/src/klausscpu-llvm/build/bin
-- Could NOT find Dtc (missing: DTC) (Required is at least version "1.4.6")
Hint: The project() command has not yet been called.  It sets up system-specific search paths.
-- Found BOARD.dts: /Users/gjonesblackcyton/Documents/src/klausscpu-runtime/zephyr-ws/klausscpu-zephyr/boards/klausscpu/nexys_a7/nexys_a7.dts
node '/cpus/cpu@0' compatible 'klausscpu,klausscpu' has unknown vendor prefix 'klausscpu'
node '/uart@f0010000' compatible 'klausscpu,uart' has unknown vendor prefix 'klausscpu'
node '/timer@f00f0000' compatible 'klausscpu,timer' has unknown vendor prefix 'klausscpu'
node '/ethernet@f0060000' compatible 'klausscpu,ethernet' has unknown vendor prefix 'klausscpu'
node '/sd@f0000000' compatible 'klausscpu,sd' has unknown vendor prefix 'klausscpu'
-- Generated zephyr.dts: /Users/gjonesblackcyton/Documents/src/klausscpu-runtime/zephyr-ws/build_doom/zephyr/zephyr.dts
-- Generated devicetree_generated.h: /Users/gjonesblackcyton/Documents/src/klausscpu-runtime/zephyr-ws/build_doom/zephyr/include/generated/zephyr/devicetree_generated.h
-- Including generated dts.cmake file: /Users/gjonesblackcyton/Documents/src/klausscpu-runtime/zephyr-ws/build_doom/zephyr/dts.cmake
Parsing /Users/gjonesblackcyton/Documents/src/klausscpu-runtime/zephyr-ws/klausscpu-zephyr/apps/doom/Kconfig
Loaded configuration '/Users/gjonesblackcyton/Documents/src/klausscpu-runtime/zephyr-ws/build_doom/zephyr/.config'
No change to configuration in '/Users/gjonesblackcyton/Documents/src/klausscpu-runtime/zephyr-ws/build_doom/zephyr/.config'
No change to Kconfig header in '/Users/gjonesblackcyton/Documents/src/klausscpu-runtime/zephyr-ws/build_doom/zephyr/include/generated/zephyr/autoconf.h'
CMake Deprecation Warning at /Users/gjonesblackcyton/Documents/src/klausscpu-runtime/zephyr-ws/zephyr/soc/CMakeLists.txt:15 (message):


            ---------------------------------------------------------------------
            --- WARNING: Functionality to describe SoCs in HWMv1 is           ---
            --- deprecated and should be replaced with HWMv2, including       ---
            --- boards. HWMv1 SoCs support remains only to ease the migration ---
            --- of out-of-tree SoCs and associated boards. It will not be     ---
            --- possible to build using HWMv1 SoCs at all in future releases. ---
            ---------------------------------------------------------------------


CMake Warning at /Users/gjonesblackcyton/Documents/src/klausscpu-runtime/zephyr-ws/zephyr/CMakeLists.txt:915 (message):
  No SOURCES given to Zephyr library:
  ..__klausscpu-zephyr__soc__klausscpu__nexys_a7

  Excluding target from build.


CMake Warning at /Users/gjonesblackcyton/Documents/src/klausscpu-runtime/zephyr-ws/zephyr/CMakeLists.txt:915 (message):
  No SOURCES given to Zephyr library: drivers__disk

  Excluding target from build.


CMake Warning at /Users/gjonesblackcyton/Documents/src/klausscpu-runtime/zephyr-ws/zephyr/CMakeLists.txt:915 (message):
  No SOURCES given to Zephyr library: drivers__entropy

  Excluding target from build.


-- Configuring done (23.0s)
-- Generating done (0.9s)
-- Build files have been written to: /Users/gjonesblackcyton/Documents/src/klausscpu-runtime/zephyr-ws/build_doom
[1/87] Generating misc/generated/syscalls.json, misc/generated/struct_tags.json
[2/87] Building C object CMakeFiles/app.dir/doomgeneric-src/doomgeneric/d_event.c.obj
[3/87] Building C object CMakeFiles/app.dir/doomgeneric-src/doomgeneric/d_loop.c.obj
[4/87] Building C object CMakeFiles/app.dir/doomgeneric-src/doomgeneric/doomdef.c.obj
[5/87] Building C object CMakeFiles/app.dir/doomgeneric-src/doomgeneric/d_mode.c.obj
[6/87] Building C object CMakeFiles/app.dir/doomgeneric-src/doomgeneric/doomstat.c.obj
[7/87] Building C object CMakeFiles/app.dir/doomgeneric-src/doomgeneric/dstrings.c.obj
[8/87] Building C object CMakeFiles/app.dir/doomgeneric-src/doomgeneric/d_items.c.obj
[9/87] Building C object CMakeFiles/app.dir/doomgeneric-src/doomgeneric/d_iwad.c.obj
[10/87] Building C object CMakeFiles/app.dir/doomgeneric-src/doomgeneric/am_map.c.obj
[11/87] Building C object CMakeFiles/app.dir/doomgeneric-src/doomgeneric/d_main.c.obj
[12/87] Building C object CMakeFiles/app.dir/doomgeneric-src/doomgeneric/f_wipe.c.obj
[13/87] Building C object CMakeFiles/app.dir/doomgeneric-src/doomgeneric/hu_lib.c.obj
[14/87] Building C object CMakeFiles/app.dir/doomgeneric-src/doomgeneric/g_game.c.obj
[15/87] Building C object CMakeFiles/app.dir/doomgeneric-src/doomgeneric/info.c.obj
[16/87] Building C object CMakeFiles/app.dir/doomgeneric-src/doomgeneric/hu_stuff.c.obj
[17/87] Building C object CMakeFiles/app.dir/doomgeneric-src/doomgeneric/d_net.c.obj
[18/87] Building C object CMakeFiles/app.dir/doomgeneric-src/doomgeneric/f_finale.c.obj
[19/87] Building C object CMakeFiles/app.dir/doomgeneric-src/doomgeneric/i_cdmus.c.obj
[20/87] Building C object CMakeFiles/app.dir/doomgeneric-src/doomgeneric/i_sound.c.obj
[21/87] Building C object CMakeFiles/app.dir/doomgeneric-src/doomgeneric/i_joystick.c.obj
[22/87] Building C object CMakeFiles/app.dir/doomgeneric-src/doomgeneric/i_endoom.c.obj
[23/87] Building C object CMakeFiles/app.dir/doomgeneric-src/doomgeneric/i_system.c.obj
[24/87] Building C object CMakeFiles/app.dir/doomgeneric-src/doomgeneric/memio.c.obj
[25/87] Building C object CMakeFiles/app.dir/doomgeneric-src/doomgeneric/m_argv.c.obj
[26/87] Building C object CMakeFiles/app.dir/doomgeneric-src/doomgeneric/i_scale.c.obj
[27/87] Building C object CMakeFiles/app.dir/doomgeneric-src/doomgeneric/i_timer.c.obj
[28/87] Building C object CMakeFiles/app.dir/doomgeneric-src/doomgeneric/m_bbox.c.obj
[29/87] Building C object CMakeFiles/app.dir/doomgeneric-src/doomgeneric/m_config.c.obj
[30/87] Building C object CMakeFiles/app.dir/doomgeneric-src/doomgeneric/m_controls.c.obj
[31/87] Building C object CMakeFiles/app.dir/doomgeneric-src/doomgeneric/m_random.c.obj
[32/87] Building C object CMakeFiles/app.dir/doomgeneric-src/doomgeneric/m_fixed.c.obj
[33/87] Building C object CMakeFiles/app.dir/doomgeneric-src/doomgeneric/m_misc.c.obj
[34/87] Building C object CMakeFiles/app.dir/doomgeneric-src/doomgeneric/m_cheat.c.obj
[35/87] Building C object CMakeFiles/app.dir/doomgeneric-src/doomgeneric/p_ceilng.c.obj
[36/87] Building C object CMakeFiles/app.dir/doomgeneric-src/doomgeneric/m_menu.c.obj
[37/87] Building C object CMakeFiles/app.dir/doomgeneric-src/doomgeneric/p_doors.c.obj
[38/87] Building C object CMakeFiles/app.dir/doomgeneric-src/doomgeneric/p_floor.c.obj
[39/87] Building C object CMakeFiles/app.dir/doomgeneric-src/doomgeneric/p_inter.c.obj
[40/87] Building C object CMakeFiles/app.dir/doomgeneric-src/doomgeneric/p_maputl.c.obj
[41/87] Building C object CMakeFiles/app.dir/doomgeneric-src/doomgeneric/p_enemy.c.obj
[42/87] Building C object CMakeFiles/app.dir/doomgeneric-src/doomgeneric/p_mobj.c.obj
[43/87] Building C object CMakeFiles/app.dir/doomgeneric-src/doomgeneric/p_lights.c.obj
[44/87] Building C object CMakeFiles/app.dir/doomgeneric-src/doomgeneric/p_map.c.obj
[45/87] Building C object CMakeFiles/app.dir/doomgeneric-src/doomgeneric/p_pspr.c.obj
[46/87] Building C object CMakeFiles/app.dir/doomgeneric-src/doomgeneric/p_plats.c.obj
[47/87] Building C object CMakeFiles/app.dir/doomgeneric-src/doomgeneric/p_sight.c.obj
[48/87] Building C object CMakeFiles/app.dir/doomgeneric-src/doomgeneric/p_switch.c.obj
[49/87] Building C object CMakeFiles/app.dir/doomgeneric-src/doomgeneric/p_saveg.c.obj
[50/87] Building C object CMakeFiles/app.dir/doomgeneric-src/doomgeneric/p_telept.c.obj
[51/87] Building C object CMakeFiles/app.dir/doomgeneric-src/doomgeneric/p_spec.c.obj
[52/87] Building C object CMakeFiles/app.dir/doomgeneric-src/doomgeneric/p_setup.c.obj
[53/87] Building C object CMakeFiles/app.dir/doomgeneric-src/doomgeneric/p_tick.c.obj
[54/87] Building C object CMakeFiles/app.dir/doomgeneric-src/doomgeneric/p_user.c.obj
[55/87] Building C object CMakeFiles/app.dir/doomgeneric-src/doomgeneric/r_segs.c.obj
[56/87] Building C object CMakeFiles/app.dir/doomgeneric-src/doomgeneric/r_data.c.obj
[57/87] Building C object CMakeFiles/app.dir/doomgeneric-src/doomgeneric/r_draw.c.obj
[58/87] Building C object CMakeFiles/app.dir/doomgeneric-src/doomgeneric/r_bsp.c.obj
[59/87] Building C object CMakeFiles/app.dir/doomgeneric-src/doomgeneric/r_plane.c.obj
[60/87] Building C object CMakeFiles/app.dir/doomgeneric-src/doomgeneric/r_main.c.obj
[61/87] Building C object CMakeFiles/app.dir/doomgeneric-src/doomgeneric/r_things.c.obj
[62/87] Building C object CMakeFiles/app.dir/doomgeneric-src/doomgeneric/sha1.c.obj
[63/87] Building C object CMakeFiles/app.dir/doomgeneric-src/doomgeneric/sounds.c.obj
[64/87] Building C object CMakeFiles/app.dir/doomgeneric-src/doomgeneric/r_sky.c.obj
[65/87] Building C object CMakeFiles/app.dir/doomgeneric-src/doomgeneric/statdump.c.obj
[66/87] Building C object CMakeFiles/app.dir/doomgeneric-src/doomgeneric/st_lib.c.obj
[67/87] Building C object CMakeFiles/app.dir/doomgeneric-src/doomgeneric/st_stuff.c.obj
[68/87] Building C object CMakeFiles/app.dir/doomgeneric-src/doomgeneric/tables.c.obj
[69/87] Building C object CMakeFiles/app.dir/doomgeneric-src/doomgeneric/v_video.c.obj
[70/87] Building C object CMakeFiles/app.dir/doomgeneric-src/doomgeneric/s_sound.c.obj
[71/87] Building C object CMakeFiles/app.dir/doomgeneric-src/doomgeneric/w_checksum.c.obj
[72/87] Building C object CMakeFiles/app.dir/doomgeneric-src/doomgeneric/wi_stuff.c.obj
[73/87] Building C object CMakeFiles/app.dir/doomgeneric-src/doomgeneric/w_main.c.obj
[74/87] Building C object CMakeFiles/app.dir/doomgeneric-src/doomgeneric/w_file.c.obj
[75/87] Building C object CMakeFiles/app.dir/doomgeneric-src/doomgeneric/w_wad.c.obj
[76/87] Building C object CMakeFiles/app.dir/doomgeneric-src/doomgeneric/w_file_stdc.c.obj
[77/87] Building C object CMakeFiles/app.dir/doomgeneric-src/doomgeneric/i_input.c.obj
[78/87] Building C object CMakeFiles/app.dir/doomgeneric-src/doomgeneric/z_zone.c.obj
[79/87] Building C object CMakeFiles/app.dir/doomgeneric-src/doomgeneric/dummy.c.obj
[80/87] Building C object CMakeFiles/app.dir/doomgeneric-src/doomgeneric/doomgeneric.c.obj
[81/87] Building C object CMakeFiles/app.dir/src/zephyr_stdio.c.obj
In file included from /Users/gjonesblackcyton/Documents/src/klausscpu-runtime/zephyr-ws/klausscpu-zephyr/apps/doom/src/zephyr_stdio.c:15:
In file included from /Users/gjonesblackcyton/Documents/src/klausscpu-runtime/zephyr-ws/zephyr/include/zephyr/kernel.h:17:
In file included from /Users/gjonesblackcyton/Documents/src/klausscpu-runtime/zephyr-ws/zephyr/include/zephyr/kernel_includes.h:23:
In file included from /Users/gjonesblackcyton/Documents/src/klausscpu-runtime/zephyr-ws/zephyr/include/zephyr/toolchain.h:48:
/Users/gjonesblackcyton/Documents/src/klausscpu-runtime/zephyr-ws/zephyr/include/zephyr/toolchain/llvm.h:102:9: warning: '__INT16_C' macro redefined [-Wmacro-redefined]
  102 | #define __INT16_C(x)    int_c(x, __int_least16_c_suffix__)
      |         ^
<built-in>:184:9: note: previous definition is here
  184 | #define __INT16_C(c) c
      |         ^
In file included from /Users/gjonesblackcyton/Documents/src/klausscpu-runtime/zephyr-ws/klausscpu-zephyr/apps/doom/src/zephyr_stdio.c:15:
In file included from /Users/gjonesblackcyton/Documents/src/klausscpu-runtime/zephyr-ws/zephyr/include/zephyr/kernel.h:17:
In file included from /Users/gjonesblackcyton/Documents/src/klausscpu-runtime/zephyr-ws/zephyr/include/zephyr/kernel_includes.h:23:
In file included from /Users/gjonesblackcyton/Documents/src/klausscpu-runtime/zephyr-ws/zephyr/include/zephyr/toolchain.h:48:
/Users/gjonesblackcyton/Documents/src/klausscpu-runtime/zephyr-ws/zephyr/include/zephyr/toolchain/llvm.h:103:9: warning: '__UINT16_C' macro redefined [-Wmacro-redefined]
  103 | #define __UINT16_C(x)   uint_c(x, __int_least16_c_suffix__)
      |         ^
<built-in>:210:9: note: previous definition is here
  210 | #define __UINT16_C(c) c
      |         ^
In file included from /Users/gjonesblackcyton/Documents/src/klausscpu-runtime/zephyr-ws/klausscpu-zephyr/apps/doom/src/zephyr_stdio.c:15:
In file included from /Users/gjonesblackcyton/Documents/src/klausscpu-runtime/zephyr-ws/zephyr/include/zephyr/kernel.h:17:
In file included from /Users/gjonesblackcyton/Documents/src/klausscpu-runtime/zephyr-ws/zephyr/include/zephyr/kernel_includes.h:23:
In file included from /Users/gjonesblackcyton/Documents/src/klausscpu-runtime/zephyr-ws/zephyr/include/zephyr/toolchain.h:48:
/Users/gjonesblackcyton/Documents/src/klausscpu-runtime/zephyr-ws/zephyr/include/zephyr/toolchain/llvm.h:119:9: warning: '__INT8_C' macro redefined [-Wmacro-redefined]
  119 | #define __INT8_C(x)     int_c(x, __int_least8_c_suffix__)
      |         ^
<built-in>:179:9: note: previous definition is here
  179 | #define __INT8_C(c) c
      |         ^
In file included from /Users/gjonesblackcyton/Documents/src/klausscpu-runtime/zephyr-ws/klausscpu-zephyr/apps/doom/src/zephyr_stdio.c:15:
In file included from /Users/gjonesblackcyton/Documents/src/klausscpu-runtime/zephyr-ws/zephyr/include/zephyr/kernel.h:17:
In file included from /Users/gjonesblackcyton/Documents/src/klausscpu-runtime/zephyr-ws/zephyr/include/zephyr/kernel_includes.h:23:
In file included from /Users/gjonesblackcyton/Documents/src/klausscpu-runtime/zephyr-ws/zephyr/include/zephyr/toolchain.h:48:
/Users/gjonesblackcyton/Documents/src/klausscpu-runtime/zephyr-ws/zephyr/include/zephyr/toolchain/llvm.h:120:9: warning: '__UINT8_C' macro redefined [-Wmacro-redefined]
  120 | #define __UINT8_C(x)    uint_c(x, __int_least8_c_suffix__)
      |         ^
<built-in>:201:9: note: previous definition is here
  201 | #define __UINT8_C(c) c
      |         ^
In file included from /Users/gjonesblackcyton/Documents/src/klausscpu-runtime/zephyr-ws/klausscpu-zephyr/apps/doom/src/zephyr_stdio.c:15:
In file included from /Users/gjonesblackcyton/Documents/src/klausscpu-runtime/zephyr-ws/zephyr/include/zephyr/kernel.h:17:
In file included from /Users/gjonesblackcyton/Documents/src/klausscpu-runtime/zephyr-ws/zephyr/include/zephyr/kernel_includes.h:23:
In file included from /Users/gjonesblackcyton/Documents/src/klausscpu-runtime/zephyr-ws/zephyr/include/zephyr/toolchain.h:48:
/Users/gjonesblackcyton/Documents/src/klausscpu-runtime/zephyr-ws/zephyr/include/zephyr/toolchain/llvm.h:127:9: warning: '__INTMAX_C' macro redefined [-Wmacro-redefined]
  127 | #define __INTMAX_C(x)   int_c(x, __INTMAX_C_SUFFIX__)
      |         ^
<built-in>:98:9: note: previous definition is here
   98 | #define __INTMAX_C(c) c##L
      |         ^
In file included from /Users/gjonesblackcyton/Documents/src/klausscpu-runtime/zephyr-ws/klausscpu-zephyr/apps/doom/src/zephyr_stdio.c:15:
In file included from /Users/gjonesblackcyton/Documents/src/klausscpu-runtime/zephyr-ws/zephyr/include/zephyr/kernel.h:17:
In file included from /Users/gjonesblackcyton/Documents/src/klausscpu-runtime/zephyr-ws/zephyr/include/zephyr/kernel_includes.h:23:
In file included from /Users/gjonesblackcyton/Documents/src/klausscpu-runtime/zephyr-ws/zephyr/include/zephyr/toolchain.h:48:
/Users/gjonesblackcyton/Documents/src/klausscpu-runtime/zephyr-ws/zephyr/include/zephyr/toolchain/llvm.h:128:9: warning: '__UINTMAX_C' macro redefined [-Wmacro-redefined]
  128 | #define __UINTMAX_C(x)  int_c(x, __UINTMAX_C_SUFFIX__)
      |         ^
<built-in>:105:9: note: previous definition is here
  105 | #define __UINTMAX_C(c) c##UL
      |         ^
6 warnings generated.
[82/87] Building C object CMakeFiles/app.dir/src/compat.c.obj
In file included from /Users/gjonesblackcyton/Documents/src/klausscpu-runtime/zephyr-ws/klausscpu-zephyr/apps/doom/src/compat.c:12:
In file included from /Users/gjonesblackcyton/Documents/src/klausscpu-runtime/zephyr-ws/zephyr/include/zephyr/kernel.h:17:
In file included from /Users/gjonesblackcyton/Documents/src/klausscpu-runtime/zephyr-ws/zephyr/include/zephyr/kernel_includes.h:23:
In file included from /Users/gjonesblackcyton/Documents/src/klausscpu-runtime/zephyr-ws/zephyr/include/zephyr/toolchain.h:48:
/Users/gjonesblackcyton/Documents/src/klausscpu-runtime/zephyr-ws/zephyr/include/zephyr/toolchain/llvm.h:102:9: warning: '__INT16_C' macro redefined [-Wmacro-redefined]
  102 | #define __INT16_C(x)    int_c(x, __int_least16_c_suffix__)
      |         ^
<built-in>:184:9: note: previous definition is here
  184 | #define __INT16_C(c) c
      |         ^
In file included from /Users/gjonesblackcyton/Documents/src/klausscpu-runtime/zephyr-ws/klausscpu-zephyr/apps/doom/src/compat.c:12:
In file included from /Users/gjonesblackcyton/Documents/src/klausscpu-runtime/zephyr-ws/zephyr/include/zephyr/kernel.h:17:
In file included from /Users/gjonesblackcyton/Documents/src/klausscpu-runtime/zephyr-ws/zephyr/include/zephyr/kernel_includes.h:23:
In file included from /Users/gjonesblackcyton/Documents/src/klausscpu-runtime/zephyr-ws/zephyr/include/zephyr/toolchain.h:48:
/Users/gjonesblackcyton/Documents/src/klausscpu-runtime/zephyr-ws/zephyr/include/zephyr/toolchain/llvm.h:103:9: warning: '__UINT16_C' macro redefined [-Wmacro-redefined]
  103 | #define __UINT16_C(x)   uint_c(x, __int_least16_c_suffix__)
      |         ^
<built-in>:210:9: note: previous definition is here
  210 | #define __UINT16_C(c) c
      |         ^
In file included from /Users/gjonesblackcyton/Documents/src/klausscpu-runtime/zephyr-ws/klausscpu-zephyr/apps/doom/src/compat.c:12:
In file included from /Users/gjonesblackcyton/Documents/src/klausscpu-runtime/zephyr-ws/zephyr/include/zephyr/kernel.h:17:
In file included from /Users/gjonesblackcyton/Documents/src/klausscpu-runtime/zephyr-ws/zephyr/include/zephyr/kernel_includes.h:23:
In file included from /Users/gjonesblackcyton/Documents/src/klausscpu-runtime/zephyr-ws/zephyr/include/zephyr/toolchain.h:48:
/Users/gjonesblackcyton/Documents/src/klausscpu-runtime/zephyr-ws/zephyr/include/zephyr/toolchain/llvm.h:119:9: warning: '__INT8_C' macro redefined [-Wmacro-redefined]
  119 | #define __INT8_C(x)     int_c(x, __int_least8_c_suffix__)
      |         ^
<built-in>:179:9: note: previous definition is here
  179 | #define __INT8_C(c) c
      |         ^
In file included from /Users/gjonesblackcyton/Documents/src/klausscpu-runtime/zephyr-ws/klausscpu-zephyr/apps/doom/src/compat.c:12:
In file included from /Users/gjonesblackcyton/Documents/src/klausscpu-runtime/zephyr-ws/zephyr/include/zephyr/kernel.h:17:
In file included from /Users/gjonesblackcyton/Documents/src/klausscpu-runtime/zephyr-ws/zephyr/include/zephyr/kernel_includes.h:23:
In file included from /Users/gjonesblackcyton/Documents/src/klausscpu-runtime/zephyr-ws/zephyr/include/zephyr/toolchain.h:48:
/Users/gjonesblackcyton/Documents/src/klausscpu-runtime/zephyr-ws/zephyr/include/zephyr/toolchain/llvm.h:120:9: warning: '__UINT8_C' macro redefined [-Wmacro-redefined]
  120 | #define __UINT8_C(x)    uint_c(x, __int_least8_c_suffix__)
      |         ^
<built-in>:201:9: note: previous definition is here
  201 | #define __UINT8_C(c) c
      |         ^
In file included from /Users/gjonesblackcyton/Documents/src/klausscpu-runtime/zephyr-ws/klausscpu-zephyr/apps/doom/src/compat.c:12:
In file included from /Users/gjonesblackcyton/Documents/src/klausscpu-runtime/zephyr-ws/zephyr/include/zephyr/kernel.h:17:
In file included from /Users/gjonesblackcyton/Documents/src/klausscpu-runtime/zephyr-ws/zephyr/include/zephyr/kernel_includes.h:23:
In file included from /Users/gjonesblackcyton/Documents/src/klausscpu-runtime/zephyr-ws/zephyr/include/zephyr/toolchain.h:48:
/Users/gjonesblackcyton/Documents/src/klausscpu-runtime/zephyr-ws/zephyr/include/zephyr/toolchain/llvm.h:127:9: warning: '__INTMAX_C' macro redefined [-Wmacro-redefined]
  127 | #define __INTMAX_C(x)   int_c(x, __INTMAX_C_SUFFIX__)
      |         ^
<built-in>:98:9: note: previous definition is here
   98 | #define __INTMAX_C(c) c##L
      |         ^
In file included from /Users/gjonesblackcyton/Documents/src/klausscpu-runtime/zephyr-ws/klausscpu-zephyr/apps/doom/src/compat.c:12:
In file included from /Users/gjonesblackcyton/Documents/src/klausscpu-runtime/zephyr-ws/zephyr/include/zephyr/kernel.h:17:
In file included from /Users/gjonesblackcyton/Documents/src/klausscpu-runtime/zephyr-ws/zephyr/include/zephyr/kernel_includes.h:23:
In file included from /Users/gjonesblackcyton/Documents/src/klausscpu-runtime/zephyr-ws/zephyr/include/zephyr/toolchain.h:48:
/Users/gjonesblackcyton/Documents/src/klausscpu-runtime/zephyr-ws/zephyr/include/zephyr/toolchain/llvm.h:128:9: warning: '__UINTMAX_C' macro redefined [-Wmacro-redefined]
  128 | #define __UINTMAX_C(x)  int_c(x, __UINTMAX_C_SUFFIX__)
      |         ^
<built-in>:105:9: note: previous definition is here
  105 | #define __UINTMAX_C(c) c##UL
      |         ^
6 warnings generated.
[83/87] Building C object CMakeFiles/app.dir/doomgeneric-src/doomgeneric/i_video.c.obj
[84/87] Building C object CMakeFiles/app.dir/src/doomgeneric_zephyr.c.obj
In file included from /Users/gjonesblackcyton/Documents/src/klausscpu-runtime/zephyr-ws/klausscpu-zephyr/apps/doom/src/doomgeneric_zephyr.c:15:
In file included from /Users/gjonesblackcyton/Documents/src/klausscpu-runtime/zephyr-ws/zephyr/include/zephyr/kernel.h:17:
In file included from /Users/gjonesblackcyton/Documents/src/klausscpu-runtime/zephyr-ws/zephyr/include/zephyr/kernel_includes.h:23:
In file included from /Users/gjonesblackcyton/Documents/src/klausscpu-runtime/zephyr-ws/zephyr/include/zephyr/toolchain.h:48:
/Users/gjonesblackcyton/Documents/src/klausscpu-runtime/zephyr-ws/zephyr/include/zephyr/toolchain/llvm.h:102:9: warning: '__INT16_C' macro redefined [-Wmacro-redefined]
  102 | #define __INT16_C(x)    int_c(x, __int_least16_c_suffix__)
      |         ^
<built-in>:184:9: note: previous definition is here
  184 | #define __INT16_C(c) c
      |         ^
In file included from /Users/gjonesblackcyton/Documents/src/klausscpu-runtime/zephyr-ws/klausscpu-zephyr/apps/doom/src/doomgeneric_zephyr.c:15:
In file included from /Users/gjonesblackcyton/Documents/src/klausscpu-runtime/zephyr-ws/zephyr/include/zephyr/kernel.h:17:
In file included from /Users/gjonesblackcyton/Documents/src/klausscpu-runtime/zephyr-ws/zephyr/include/zephyr/kernel_includes.h:23:
In file included from /Users/gjonesblackcyton/Documents/src/klausscpu-runtime/zephyr-ws/zephyr/include/zephyr/toolchain.h:48:
/Users/gjonesblackcyton/Documents/src/klausscpu-runtime/zephyr-ws/zephyr/include/zephyr/toolchain/llvm.h:103:9: warning: '__UINT16_C' macro redefined [-Wmacro-redefined]
  103 | #define __UINT16_C(x)   uint_c(x, __int_least16_c_suffix__)
      |         ^
<built-in>:210:9: note: previous definition is here
  210 | #define __UINT16_C(c) c
      |         ^
In file included from /Users/gjonesblackcyton/Documents/src/klausscpu-runtime/zephyr-ws/klausscpu-zephyr/apps/doom/src/doomgeneric_zephyr.c:15:
In file included from /Users/gjonesblackcyton/Documents/src/klausscpu-runtime/zephyr-ws/zephyr/include/zephyr/kernel.h:17:
In file included from /Users/gjonesblackcyton/Documents/src/klausscpu-runtime/zephyr-ws/zephyr/include/zephyr/kernel_includes.h:23:
In file included from /Users/gjonesblackcyton/Documents/src/klausscpu-runtime/zephyr-ws/zephyr/include/zephyr/toolchain.h:48:
/Users/gjonesblackcyton/Documents/src/klausscpu-runtime/zephyr-ws/zephyr/include/zephyr/toolchain/llvm.h:119:9: warning: '__INT8_C' macro redefined [-Wmacro-redefined]
  119 | #define __INT8_C(x)     int_c(x, __int_least8_c_suffix__)
      |         ^
<built-in>:179:9: note: previous definition is here
  179 | #define __INT8_C(c) c
      |         ^
In file included from /Users/gjonesblackcyton/Documents/src/klausscpu-runtime/zephyr-ws/klausscpu-zephyr/apps/doom/src/doomgeneric_zephyr.c:15:
In file included from /Users/gjonesblackcyton/Documents/src/klausscpu-runtime/zephyr-ws/zephyr/include/zephyr/kernel.h:17:
In file included from /Users/gjonesblackcyton/Documents/src/klausscpu-runtime/zephyr-ws/zephyr/include/zephyr/kernel_includes.h:23:
In file included from /Users/gjonesblackcyton/Documents/src/klausscpu-runtime/zephyr-ws/zephyr/include/zephyr/toolchain.h:48:
/Users/gjonesblackcyton/Documents/src/klausscpu-runtime/zephyr-ws/zephyr/include/zephyr/toolchain/llvm.h:120:9: warning: '__UINT8_C' macro redefined [-Wmacro-redefined]
  120 | #define __UINT8_C(x)    uint_c(x, __int_least8_c_suffix__)
      |         ^
<built-in>:201:9: note: previous definition is here
  201 | #define __UINT8_C(c) c
      |         ^
In file included from /Users/gjonesblackcyton/Documents/src/klausscpu-runtime/zephyr-ws/klausscpu-zephyr/apps/doom/src/doomgeneric_zephyr.c:15:
In file included from /Users/gjonesblackcyton/Documents/src/klausscpu-runtime/zephyr-ws/zephyr/include/zephyr/kernel.h:17:
In file included from /Users/gjonesblackcyton/Documents/src/klausscpu-runtime/zephyr-ws/zephyr/include/zephyr/kernel_includes.h:23:
In file included from /Users/gjonesblackcyton/Documents/src/klausscpu-runtime/zephyr-ws/zephyr/include/zephyr/toolchain.h:48:
/Users/gjonesblackcyton/Documents/src/klausscpu-runtime/zephyr-ws/zephyr/include/zephyr/toolchain/llvm.h:127:9: warning: '__INTMAX_C' macro redefined [-Wmacro-redefined]
  127 | #define __INTMAX_C(x)   int_c(x, __INTMAX_C_SUFFIX__)
      |         ^
<built-in>:98:9: note: previous definition is here
   98 | #define __INTMAX_C(c) c##L
      |         ^
In file included from /Users/gjonesblackcyton/Documents/src/klausscpu-runtime/zephyr-ws/klausscpu-zephyr/apps/doom/src/doomgeneric_zephyr.c:15:
In file included from /Users/gjonesblackcyton/Documents/src/klausscpu-runtime/zephyr-ws/zephyr/include/zephyr/kernel.h:17:
In file included from /Users/gjonesblackcyton/Documents/src/klausscpu-runtime/zephyr-ws/zephyr/include/zephyr/kernel_includes.h:23:
In file included from /Users/gjonesblackcyton/Documents/src/klausscpu-runtime/zephyr-ws/zephyr/include/zephyr/toolchain.h:48:
/Users/gjonesblackcyton/Documents/src/klausscpu-runtime/zephyr-ws/zephyr/include/zephyr/toolchain/llvm.h:128:9: warning: '__UINTMAX_C' macro redefined [-Wmacro-redefined]
  128 | #define __UINTMAX_C(x)  int_c(x, __UINTMAX_C_SUFFIX__)
      |         ^
<built-in>:105:9: note: previous definition is here
  105 | #define __UINTMAX_C(c) c##UL
      |         ^
6 warnings generated.
[85/87] Linking C static library app/libapp.a
[86/87] Linking C executable zephyr/zephyr.elf; Logical command for additional byproducts on target: zephyr_pre0
ld.lld: warning: zephyr/CMakeFiles/zephyr_pre0.dir/misc/empty_file.c.obj:(.comment) is being placed in '.comment'
ld.lld: warning: zephyr/CMakeFiles/offsets.dir/./Users/gjonesblackcyton/Documents/src/klausscpu-runtime/zephyr-ws/klausscpu-zephyr/arch/klausscpu/core/offsets/offsets.c.obj:(.debug_abbrev) is being placed in '.debug_abbrev'
ld.lld: warning: zephyr/CMakeFiles/offsets.dir/./Users/gjonesblackcyton/Documents/src/klausscpu-runtime/zephyr-ws/klausscpu-zephyr/arch/klausscpu/core/offsets/offsets.c.obj:(.debug_info) is being placed in '.debug_info'
ld.lld: warning: zephyr/CMakeFiles/offsets.dir/./Users/gjonesblackcyton/Documents/src/klausscpu-runtime/zephyr-ws/klausscpu-zephyr/arch/klausscpu/core/offsets/offsets.c.obj:(.debug_str) is being placed in '.debug_str'
ld.lld: warning: zephyr/CMakeFiles/offsets.dir/./Users/gjonesblackcyton/Documents/src/klausscpu-runtime/zephyr-ws/klausscpu-zephyr/arch/klausscpu/core/offsets/offsets.c.obj:(.comment) is being placed in '.comment'
ld.lld: warning: zephyr/CMakeFiles/offsets.dir/./Users/gjonesblackcyton/Documents/src/klausscpu-runtime/zephyr-ws/klausscpu-zephyr/arch/klausscpu/core/offsets/offsets.c.obj:(.debug_frame) is being placed in '.debug_frame'
ld.lld: warning: zephyr/CMakeFiles/offsets.dir/./Users/gjonesblackcyton/Documents/src/klausscpu-runtime/zephyr-ws/klausscpu-zephyr/arch/klausscpu/core/offsets/offsets.c.obj:(.debug_line) is being placed in '.debug_line'
ld.lld: warning: app/libapp.a(am_map.c.obj):(.debug_loc) is being placed in '.debug_loc'
ld.lld: warning: app/libapp.a(am_map.c.obj):(.debug_abbrev) is being placed in '.debug_abbrev'
ld.lld: warning: app/libapp.a(am_map.c.obj):(.debug_info) is being placed in '.debug_info'
ld.lld: warning: app/libapp.a(am_map.c.obj):(.debug_ranges) is being placed in '.debug_ranges'
ld.lld: warning: app/libapp.a(am_map.c.obj):(.debug_str) is being placed in '.debug_str'
ld.lld: warning: app/libapp.a(am_map.c.obj):(.comment) is being placed in '.comment'
ld.lld: warning: app/libapp.a(am_map.c.obj):(.debug_frame) is being placed in '.debug_frame'
ld.lld: warning: app/libapp.a(am_map.c.obj):(.debug_line) is being placed in '.debug_line'
ld.lld: warning: app/libapp.a(doomdef.c.obj):(.comment) is being placed in '.comment'
ld.lld: warning: app/libapp.a(doomstat.c.obj):(.debug_abbrev) is being placed in '.debug_abbrev'
ld.lld: warning: app/libapp.a(doomstat.c.obj):(.debug_info) is being placed in '.debug_info'
ld.lld: warning: app/libapp.a(doomstat.c.obj):(.debug_str) is being placed in '.debug_str'
ld.lld: warning: app/libapp.a(doomstat.c.obj):(.comment) is being placed in '.comment'
ld.lld: warning: app/libapp.a(doomstat.c.obj):(.debug_line) is being placed in '.debug_line'
ld.lld: warning: app/libapp.a(dstrings.c.obj):(.debug_abbrev) is being placed in '.debug_abbrev'
ld.lld: warning: app/libapp.a(dstrings.c.obj):(.debug_info) is being placed in '.debug_info'
ld.lld: warning: app/libapp.a(dstrings.c.obj):(.debug_str) is being placed in '.debug_str'
ld.lld: warning: app/libapp.a(dstrings.c.obj):(.comment) is being placed in '.comment'
ld.lld: warning: app/libapp.a(dstrings.c.obj):(.debug_line) is being placed in '.debug_line'
ld.lld: warning: app/libapp.a(d_event.c.obj):(.debug_abbrev) is being placed in '.debug_abbrev'
ld.lld: warning: app/libapp.a(d_event.c.obj):(.debug_info) is being placed in '.debug_info'
ld.lld: warning: app/libapp.a(d_event.c.obj):(.debug_ranges) is being placed in '.debug_ranges'
ld.lld: warning: app/libapp.a(d_event.c.obj):(.debug_str) is being placed in '.debug_str'
ld.lld: warning: app/libapp.a(d_event.c.obj):(.comment) is being placed in '.comment'
ld.lld: warning: app/libapp.a(d_event.c.obj):(.debug_frame) is being placed in '.debug_frame'
ld.lld: warning: app/libapp.a(d_event.c.obj):(.debug_line) is being placed in '.debug_line'
ld.lld: warning: app/libapp.a(d_items.c.obj):(.debug_abbrev) is being placed in '.debug_abbrev'
ld.lld: warning: app/libapp.a(d_items.c.obj):(.debug_info) is being placed in '.debug_info'
ld.lld: warning: app/libapp.a(d_items.c.obj):(.debug_str) is being placed in '.debug_str'
ld.lld: warning: app/libapp.a(d_items.c.obj):(.comment) is being placed in '.comment'
ld.lld: warning: app/libapp.a(d_items.c.obj):(.debug_line) is being placed in '.debug_line'
ld.lld: warning: app/libapp.a(d_iwad.c.obj):(.debug_loc) is being placed in '.debug_loc'
ld.lld: warning: app/libapp.a(d_iwad.c.obj):(.debug_abbrev) is being placed in '.debug_abbrev'
ld.lld: warning: app/libapp.a(d_iwad.c.obj):(.debug_info) is being placed in '.debug_info'
ld.lld: warning: app/libapp.a(d_iwad.c.obj):(.debug_ranges) is being placed in '.debug_ranges'
ld.lld: warning: app/libapp.a(d_iwad.c.obj):(.debug_str) is being placed in '.debug_str'
ld.lld: warning: app/libapp.a(d_iwad.c.obj):(.comment) is being placed in '.comment'
ld.lld: warning: app/libapp.a(d_iwad.c.obj):(.debug_frame) is being placed in '.debug_frame'
ld.lld: warning: app/libapp.a(d_iwad.c.obj):(.debug_line) is being placed in '.debug_line'
ld.lld: warning: app/libapp.a(d_loop.c.obj):(.debug_loc) is being placed in '.debug_loc'
ld.lld: warning: app/libapp.a(d_loop.c.obj):(.debug_abbrev) is being placed in '.debug_abbrev'
ld.lld: warning: app/libapp.a(d_loop.c.obj):(.debug_info) is being placed in '.debug_info'
ld.lld: warning: app/libapp.a(d_loop.c.obj):(.debug_ranges) is being placed in '.debug_ranges'
ld.lld: warning: app/libapp.a(d_loop.c.obj):(.debug_str) is being placed in '.debug_str'
ld.lld: warning: app/libapp.a(d_loop.c.obj):(.comment) is being placed in '.comment'
ld.lld: warning: app/libapp.a(d_loop.c.obj):(.debug_frame) is being placed in '.debug_frame'
ld.lld: warning: app/libapp.a(d_loop.c.obj):(.debug_line) is being placed in '.debug_line'
ld.lld: warning: app/libapp.a(d_main.c.obj):(.debug_loc) is being placed in '.debug_loc'
ld.lld: warning: app/libapp.a(d_main.c.obj):(.debug_abbrev) is being placed in '.debug_abbrev'
ld.lld: warning: app/libapp.a(d_main.c.obj):(.debug_info) is being placed in '.debug_info'
ld.lld: warning: app/libapp.a(d_main.c.obj):(.debug_ranges) is being placed in '.debug_ranges'
ld.lld: warning: app/libapp.a(d_main.c.obj):(.debug_str) is being placed in '.debug_str'
ld.lld: warning: app/libapp.a(d_main.c.obj):(.comment) is being placed in '.comment'
ld.lld: warning: app/libapp.a(d_main.c.obj):(.debug_frame) is being placed in '.debug_frame'
ld.lld: warning: app/libapp.a(d_main.c.obj):(.debug_line) is being placed in '.debug_line'
ld.lld: warning: app/libapp.a(d_mode.c.obj):(.debug_loc) is being placed in '.debug_loc'
ld.lld: warning: app/libapp.a(d_mode.c.obj):(.debug_abbrev) is being placed in '.debug_abbrev'
ld.lld: warning: app/libapp.a(d_mode.c.obj):(.debug_info) is being placed in '.debug_info'
ld.lld: warning: app/libapp.a(d_mode.c.obj):(.debug_ranges) is being placed in '.debug_ranges'
ld.lld: warning: app/libapp.a(d_mode.c.obj):(.debug_str) is being placed in '.debug_str'
ld.lld: warning: app/libapp.a(d_mode.c.obj):(.comment) is being placed in '.comment'
ld.lld: warning: app/libapp.a(d_mode.c.obj):(.debug_frame) is being placed in '.debug_frame'
ld.lld: warning: app/libapp.a(d_mode.c.obj):(.debug_line) is being placed in '.debug_line'
ld.lld: warning: app/libapp.a(d_net.c.obj):(.debug_loc) is being placed in '.debug_loc'
ld.lld: warning: app/libapp.a(d_net.c.obj):(.debug_abbrev) is being placed in '.debug_abbrev'
ld.lld: warning: app/libapp.a(d_net.c.obj):(.debug_info) is being placed in '.debug_info'
ld.lld: warning: app/libapp.a(d_net.c.obj):(.debug_ranges) is being placed in '.debug_ranges'
ld.lld: warning: app/libapp.a(d_net.c.obj):(.debug_str) is being placed in '.debug_str'
ld.lld: warning: app/libapp.a(d_net.c.obj):(.comment) is being placed in '.comment'
ld.lld: warning: app/libapp.a(d_net.c.obj):(.debug_frame) is being placed in '.debug_frame'
ld.lld: warning: app/libapp.a(d_net.c.obj):(.debug_line) is being placed in '.debug_line'
ld.lld: warning: app/libapp.a(f_finale.c.obj):(.debug_loc) is being placed in '.debug_loc'
ld.lld: warning: app/libapp.a(f_finale.c.obj):(.debug_abbrev) is being placed in '.debug_abbrev'
ld.lld: warning: app/libapp.a(f_finale.c.obj):(.debug_info) is being placed in '.debug_info'
ld.lld: warning: app/libapp.a(f_finale.c.obj):(.debug_ranges) is being placed in '.debug_ranges'
ld.lld: warning: app/libapp.a(f_finale.c.obj):(.debug_str) is being placed in '.debug_str'
ld.lld: warning: app/libapp.a(f_finale.c.obj):(.comment) is being placed in '.comment'
ld.lld: warning: app/libapp.a(f_finale.c.obj):(.debug_frame) is being placed in '.debug_frame'
ld.lld: warning: app/libapp.a(f_finale.c.obj):(.debug_line) is being placed in '.debug_line'
ld.lld: warning: app/libapp.a(f_wipe.c.obj):(.debug_loc) is being placed in '.debug_loc'
ld.lld: warning: app/libapp.a(f_wipe.c.obj):(.debug_abbrev) is being placed in '.debug_abbrev'
ld.lld: warning: app/libapp.a(f_wipe.c.obj):(.debug_info) is being placed in '.debug_info'
ld.lld: warning: app/libapp.a(f_wipe.c.obj):(.debug_ranges) is being placed in '.debug_ranges'
ld.lld: warning: app/libapp.a(f_wipe.c.obj):(.debug_str) is being placed in '.debug_str'
ld.lld: warning: app/libapp.a(f_wipe.c.obj):(.comment) is being placed in '.comment'
ld.lld: warning: app/libapp.a(f_wipe.c.obj):(.debug_frame) is being placed in '.debug_frame'
ld.lld: warning: app/libapp.a(f_wipe.c.obj):(.debug_line) is being placed in '.debug_line'
ld.lld: warning: app/libapp.a(g_game.c.obj):(.debug_loc) is being placed in '.debug_loc'
ld.lld: warning: app/libapp.a(g_game.c.obj):(.debug_abbrev) is being placed in '.debug_abbrev'
ld.lld: warning: app/libapp.a(g_game.c.obj):(.debug_info) is being placed in '.debug_info'
ld.lld: warning: app/libapp.a(g_game.c.obj):(.debug_ranges) is being placed in '.debug_ranges'
ld.lld: warning: app/libapp.a(g_game.c.obj):(.debug_str) is being placed in '.debug_str'
ld.lld: warning: app/libapp.a(g_game.c.obj):(.comment) is being placed in '.comment'
ld.lld: warning: app/libapp.a(g_game.c.obj):(.debug_frame) is being placed in '.debug_frame'
ld.lld: warning: app/libapp.a(g_game.c.obj):(.debug_line) is being placed in '.debug_line'
ld.lld: warning: app/libapp.a(hu_lib.c.obj):(.debug_loc) is being placed in '.debug_loc'
ld.lld: warning: app/libapp.a(hu_lib.c.obj):(.debug_abbrev) is being placed in '.debug_abbrev'
ld.lld: warning: app/libapp.a(hu_lib.c.obj):(.debug_info) is being placed in '.debug_info'
ld.lld: warning: app/libapp.a(hu_lib.c.obj):(.debug_ranges) is being placed in '.debug_ranges'
ld.lld: warning: app/libapp.a(hu_lib.c.obj):(.debug_str) is being placed in '.debug_str'
ld.lld: warning: app/libapp.a(hu_lib.c.obj):(.comment) is being placed in '.comment'
ld.lld: warning: app/libapp.a(hu_lib.c.obj):(.debug_frame) is being placed in '.debug_frame'
ld.lld: warning: app/libapp.a(hu_lib.c.obj):(.debug_line) is being placed in '.debug_line'
ld.lld: warning: app/libapp.a(hu_stuff.c.obj):(.debug_loc) is being placed in '.debug_loc'
ld.lld: warning: app/libapp.a(hu_stuff.c.obj):(.debug_abbrev) is being placed in '.debug_abbrev'
ld.lld: warning: app/libapp.a(hu_stuff.c.obj):(.debug_info) is being placed in '.debug_info'
ld.lld: warning: app/libapp.a(hu_stuff.c.obj):(.debug_ranges) is being placed in '.debug_ranges'
ld.lld: warning: app/libapp.a(hu_stuff.c.obj):(.debug_str) is being placed in '.debug_str'
ld.lld: warning: app/libapp.a(hu_stuff.c.obj):(.comment) is being placed in '.comment'
ld.lld: warning: app/libapp.a(hu_stuff.c.obj):(.debug_frame) is being placed in '.debug_frame'
ld.lld: warning: app/libapp.a(hu_stuff.c.obj):(.debug_line) is being placed in '.debug_line'
ld.lld: warning: app/libapp.a(info.c.obj):(.debug_abbrev) is being placed in '.debug_abbrev'
ld.lld: warning: app/libapp.a(info.c.obj):(.debug_info) is being placed in '.debug_info'
ld.lld: warning: app/libapp.a(info.c.obj):(.debug_str) is being placed in '.debug_str'
ld.lld: warning: app/libapp.a(info.c.obj):(.comment) is being placed in '.comment'
ld.lld: warning: app/libapp.a(info.c.obj):(.debug_line) is being placed in '.debug_line'
ld.lld: warning: app/libapp.a(i_cdmus.c.obj):(.debug_abbrev) is being placed in '.debug_abbrev'
ld.lld: warning: app/libapp.a(i_cdmus.c.obj):(.debug_info) is being placed in '.debug_info'
ld.lld: warning: app/libapp.a(i_cdmus.c.obj):(.debug_ranges) is being placed in '.debug_ranges'
ld.lld: warning: app/libapp.a(i_cdmus.c.obj):(.debug_str) is being placed in '.debug_str'
ld.lld: warning: app/libapp.a(i_cdmus.c.obj):(.comment) is being placed in '.comment'
ld.lld: warning: app/libapp.a(i_cdmus.c.obj):(.debug_frame) is being placed in '.debug_frame'
ld.lld: warning: app/libapp.a(i_cdmus.c.obj):(.debug_line) is being placed in '.debug_line'
ld.lld: warning: app/libapp.a(i_endoom.c.obj):(.debug_abbrev) is being placed in '.debug_abbrev'
ld.lld: warning: app/libapp.a(i_endoom.c.obj):(.debug_info) is being placed in '.debug_info'
ld.lld: warning: app/libapp.a(i_endoom.c.obj):(.debug_str) is being placed in '.debug_str'
ld.lld: warning: app/libapp.a(i_endoom.c.obj):(.comment) is being placed in '.comment'
ld.lld: warning: app/libapp.a(i_endoom.c.obj):(.debug_frame) is being placed in '.debug_frame'
ld.lld: warning: app/libapp.a(i_endoom.c.obj):(.debug_line) is being placed in '.debug_line'
ld.lld: warning: app/libapp.a(i_joystick.c.obj):(.debug_loc) is being placed in '.debug_loc'
ld.lld: warning: app/libapp.a(i_joystick.c.obj):(.debug_abbrev) is being placed in '.debug_abbrev'
ld.lld: warning: app/libapp.a(i_joystick.c.obj):(.debug_info) is being placed in '.debug_info'
ld.lld: warning: app/libapp.a(i_joystick.c.obj):(.debug_ranges) is being placed in '.debug_ranges'
ld.lld: warning: app/libapp.a(i_joystick.c.obj):(.debug_str) is being placed in '.debug_str'
ld.lld: warning: app/libapp.a(i_joystick.c.obj):(.comment) is being placed in '.comment'
ld.lld: warning: app/libapp.a(i_joystick.c.obj):(.debug_frame) is being placed in '.debug_frame'
ld.lld: warning: app/libapp.a(i_joystick.c.obj):(.debug_line) is being placed in '.debug_line'
ld.lld: warning: app/libapp.a(i_scale.c.obj):(.debug_loc) is being placed in '.debug_loc'
ld.lld: warning: app/libapp.a(i_scale.c.obj):(.debug_abbrev) is being placed in '.debug_abbrev'
ld.lld: warning: app/libapp.a(i_scale.c.obj):(.debug_info) is being placed in '.debug_info'
ld.lld: warning: app/libapp.a(i_scale.c.obj):(.debug_ranges) is being placed in '.debug_ranges'
ld.lld: warning: app/libapp.a(i_scale.c.obj):(.debug_str) is being placed in '.debug_str'
ld.lld: warning: app/libapp.a(i_scale.c.obj):(.comment) is being placed in '.comment'
ld.lld: warning: app/libapp.a(i_scale.c.obj):(.debug_frame) is being placed in '.debug_frame'
ld.lld: warning: app/libapp.a(i_scale.c.obj):(.debug_line) is being placed in '.debug_line'
ld.lld: warning: app/libapp.a(i_sound.c.obj):(.debug_loc) is being placed in '.debug_loc'
ld.lld: warning: app/libapp.a(i_sound.c.obj):(.debug_abbrev) is being placed in '.debug_abbrev'
ld.lld: warning: app/libapp.a(i_sound.c.obj):(.debug_info) is being placed in '.debug_info'
ld.lld: warning: app/libapp.a(i_sound.c.obj):(.debug_ranges) is being placed in '.debug_ranges'
ld.lld: warning: app/libapp.a(i_sound.c.obj):(.debug_str) is being placed in '.debug_str'
ld.lld: warning: app/libapp.a(i_sound.c.obj):(.comment) is being placed in '.comment'
ld.lld: warning: app/libapp.a(i_sound.c.obj):(.debug_frame) is being placed in '.debug_frame'
ld.lld: warning: app/libapp.a(i_sound.c.obj):(.debug_line) is being placed in '.debug_line'
ld.lld: warning: app/libapp.a(i_system.c.obj):(.debug_loc) is being placed in '.debug_loc'
ld.lld: warning: app/libapp.a(i_system.c.obj):(.debug_abbrev) is being placed in '.debug_abbrev'
ld.lld: warning: app/libapp.a(i_system.c.obj):(.debug_info) is being placed in '.debug_info'
ld.lld: warning: app/libapp.a(i_system.c.obj):(.debug_ranges) is being placed in '.debug_ranges'
ld.lld: warning: app/libapp.a(i_system.c.obj):(.debug_str) is being placed in '.debug_str'
ld.lld: warning: app/libapp.a(i_system.c.obj):(.comment) is being placed in '.comment'
ld.lld: warning: app/libapp.a(i_system.c.obj):(.debug_frame) is being placed in '.debug_frame'
ld.lld: warning: app/libapp.a(i_system.c.obj):(.debug_line) is being placed in '.debug_line'
ld.lld: warning: app/libapp.a(i_timer.c.obj):(.debug_loc) is being placed in '.debug_loc'
ld.lld: warning: app/libapp.a(i_timer.c.obj):(.debug_abbrev) is being placed in '.debug_abbrev'
ld.lld: warning: app/libapp.a(i_timer.c.obj):(.debug_info) is being placed in '.debug_info'
ld.lld: warning: app/libapp.a(i_timer.c.obj):(.debug_ranges) is being placed in '.debug_ranges'
ld.lld: warning: app/libapp.a(i_timer.c.obj):(.debug_str) is being placed in '.debug_str'
ld.lld: warning: app/libapp.a(i_timer.c.obj):(.comment) is being placed in '.comment'
ld.lld: warning: app/libapp.a(i_timer.c.obj):(.debug_frame) is being placed in '.debug_frame'
ld.lld: warning: app/libapp.a(i_timer.c.obj):(.debug_line) is being placed in '.debug_line'
ld.lld: warning: app/libapp.a(memio.c.obj):(.debug_loc) is being placed in '.debug_loc'
ld.lld: warning: app/libapp.a(memio.c.obj):(.debug_abbrev) is being placed in '.debug_abbrev'
ld.lld: warning: app/libapp.a(memio.c.obj):(.debug_info) is being placed in '.debug_info'
ld.lld: warning: app/libapp.a(memio.c.obj):(.debug_ranges) is being placed in '.debug_ranges'
ld.lld: warning: app/libapp.a(memio.c.obj):(.debug_str) is being placed in '.debug_str'
ld.lld: warning: app/libapp.a(memio.c.obj):(.comment) is being placed in '.comment'
ld.lld: warning: app/libapp.a(memio.c.obj):(.debug_frame) is being placed in '.debug_frame'
ld.lld: warning: app/libapp.a(memio.c.obj):(.debug_line) is being placed in '.debug_line'
ld.lld: warning: app/libapp.a(m_argv.c.obj):(.debug_loc) is being placed in '.debug_loc'
ld.lld: warning: app/libapp.a(m_argv.c.obj):(.debug_abbrev) is being placed in '.debug_abbrev'
ld.lld: warning: app/libapp.a(m_argv.c.obj):(.debug_info) is being placed in '.debug_info'
ld.lld: warning: app/libapp.a(m_argv.c.obj):(.debug_ranges) is being placed in '.debug_ranges'
ld.lld: warning: app/libapp.a(m_argv.c.obj):(.debug_str) is being placed in '.debug_str'
ld.lld: warning: app/libapp.a(m_argv.c.obj):(.comment) is being placed in '.comment'
ld.lld: warning: app/libapp.a(m_argv.c.obj):(.debug_frame) is being placed in '.debug_frame'
ld.lld: warning: app/libapp.a(m_argv.c.obj):(.debug_line) is being placed in '.debug_line'
ld.lld: warning: app/libapp.a(m_bbox.c.obj):(.debug_abbrev) is being placed in '.debug_abbrev'
ld.lld: warning: app/libapp.a(m_bbox.c.obj):(.debug_info) is being placed in '.debug_info'
ld.lld: warning: app/libapp.a(m_bbox.c.obj):(.debug_ranges) is being placed in '.debug_ranges'
ld.lld: warning: app/libapp.a(m_bbox.c.obj):(.debug_str) is being placed in '.debug_str'
ld.lld: warning: app/libapp.a(m_bbox.c.obj):(.comment) is being placed in '.comment'
ld.lld: warning: app/libapp.a(m_bbox.c.obj):(.debug_frame) is being placed in '.debug_frame'
ld.lld: warning: app/libapp.a(m_bbox.c.obj):(.debug_line) is being placed in '.debug_line'
ld.lld: warning: app/libapp.a(m_cheat.c.obj):(.debug_loc) is being placed in '.debug_loc'
ld.lld: warning: app/libapp.a(m_cheat.c.obj):(.debug_abbrev) is being placed in '.debug_abbrev'
ld.lld: warning: app/libapp.a(m_cheat.c.obj):(.debug_info) is being placed in '.debug_info'
ld.lld: warning: app/libapp.a(m_cheat.c.obj):(.debug_ranges) is being placed in '.debug_ranges'
ld.lld: warning: app/libapp.a(m_cheat.c.obj):(.debug_str) is being placed in '.debug_str'
ld.lld: warning: app/libapp.a(m_cheat.c.obj):(.comment) is being placed in '.comment'
ld.lld: warning: app/libapp.a(m_cheat.c.obj):(.debug_frame) is being placed in '.debug_frame'
ld.lld: warning: app/libapp.a(m_cheat.c.obj):(.debug_line) is being placed in '.debug_line'
ld.lld: warning: app/libapp.a(m_config.c.obj):(.debug_loc) is being placed in '.debug_loc'
ld.lld: warning: app/libapp.a(m_config.c.obj):(.debug_abbrev) is being placed in '.debug_abbrev'
ld.lld: warning: app/libapp.a(m_config.c.obj):(.debug_info) is being placed in '.debug_info'
ld.lld: warning: app/libapp.a(m_config.c.obj):(.debug_ranges) is being placed in '.debug_ranges'
ld.lld: warning: app/libapp.a(m_config.c.obj):(.debug_str) is being placed in '.debug_str'
ld.lld: warning: app/libapp.a(m_config.c.obj):(.comment) is being placed in '.comment'
ld.lld: warning: app/libapp.a(m_config.c.obj):(.debug_frame) is being placed in '.debug_frame'
ld.lld: warning: app/libapp.a(m_config.c.obj):(.debug_line) is being placed in '.debug_line'
ld.lld: warning: app/libapp.a(m_controls.c.obj):(.debug_loc) is being placed in '.debug_loc'
ld.lld: warning: app/libapp.a(m_controls.c.obj):(.debug_abbrev) is being placed in '.debug_abbrev'
ld.lld: warning: app/libapp.a(m_controls.c.obj):(.debug_info) is being placed in '.debug_info'
ld.lld: warning: app/libapp.a(m_controls.c.obj):(.debug_ranges) is being placed in '.debug_ranges'
ld.lld: warning: app/libapp.a(m_controls.c.obj):(.debug_str) is being placed in '.debug_str'
ld.lld: warning: app/libapp.a(m_controls.c.obj):(.comment) is being placed in '.comment'
ld.lld: warning: app/libapp.a(m_controls.c.obj):(.debug_frame) is being placed in '.debug_frame'
ld.lld: warning: app/libapp.a(m_controls.c.obj):(.debug_line) is being placed in '.debug_line'
ld.lld: warning: app/libapp.a(m_fixed.c.obj):(.debug_loc) is being placed in '.debug_loc'
ld.lld: warning: app/libapp.a(m_fixed.c.obj):(.debug_abbrev) is being placed in '.debug_abbrev'
ld.lld: warning: app/libapp.a(m_fixed.c.obj):(.debug_info) is being placed in '.debug_info'
ld.lld: warning: app/libapp.a(m_fixed.c.obj):(.debug_ranges) is being placed in '.debug_ranges'
ld.lld: warning: app/libapp.a(m_fixed.c.obj):(.debug_str) is being placed in '.debug_str'
ld.lld: warning: app/libapp.a(m_fixed.c.obj):(.comment) is being placed in '.comment'
ld.lld: warning: app/libapp.a(m_fixed.c.obj):(.debug_frame) is being placed in '.debug_frame'
ld.lld: warning: app/libapp.a(m_fixed.c.obj):(.debug_line) is being placed in '.debug_line'
ld.lld: warning: app/libapp.a(m_menu.c.obj):(.debug_loc) is being placed in '.debug_loc'
ld.lld: warning: app/libapp.a(m_menu.c.obj):(.debug_abbrev) is being placed in '.debug_abbrev'
ld.lld: warning: app/libapp.a(m_menu.c.obj):(.debug_info) is being placed in '.debug_info'
ld.lld: warning: app/libapp.a(m_menu.c.obj):(.debug_ranges) is being placed in '.debug_ranges'
ld.lld: warning: app/libapp.a(m_menu.c.obj):(.debug_str) is being placed in '.debug_str'
ld.lld: warning: app/libapp.a(m_menu.c.obj):(.comment) is being placed in '.comment'
ld.lld: warning: app/libapp.a(m_menu.c.obj):(.debug_frame) is being placed in '.debug_frame'
ld.lld: warning: app/libapp.a(m_menu.c.obj):(.debug_line) is being placed in '.debug_line'
ld.lld: warning: app/libapp.a(m_misc.c.obj):(.debug_loc) is being placed in '.debug_loc'
ld.lld: warning: app/libapp.a(m_misc.c.obj):(.debug_abbrev) is being placed in '.debug_abbrev'
ld.lld: warning: app/libapp.a(m_misc.c.obj):(.debug_info) is being placed in '.debug_info'
ld.lld: warning: app/libapp.a(m_misc.c.obj):(.debug_ranges) is being placed in '.debug_ranges'
ld.lld: warning: app/libapp.a(m_misc.c.obj):(.debug_str) is being placed in '.debug_str'
ld.lld: warning: app/libapp.a(m_misc.c.obj):(.comment) is being placed in '.comment'
ld.lld: warning: app/libapp.a(m_misc.c.obj):(.debug_frame) is being placed in '.debug_frame'
ld.lld: warning: app/libapp.a(m_misc.c.obj):(.debug_line) is being placed in '.debug_line'
ld.lld: warning: app/libapp.a(m_random.c.obj):(.debug_abbrev) is being placed in '.debug_abbrev'
ld.lld: warning: app/libapp.a(m_random.c.obj):(.debug_info) is being placed in '.debug_info'
ld.lld: warning: app/libapp.a(m_random.c.obj):(.debug_ranges) is being placed in '.debug_ranges'
ld.lld: warning: app/libapp.a(m_random.c.obj):(.debug_str) is being placed in '.debug_str'
ld.lld: warning: app/libapp.a(m_random.c.obj):(.comment) is being placed in '.comment'
ld.lld: warning: app/libapp.a(m_random.c.obj):(.debug_frame) is being placed in '.debug_frame'
ld.lld: warning: app/libapp.a(m_random.c.obj):(.debug_line) is being placed in '.debug_line'
ld.lld: warning: app/libapp.a(p_ceilng.c.obj):(.debug_loc) is being placed in '.debug_loc'
ld.lld: warning: app/libapp.a(p_ceilng.c.obj):(.debug_abbrev) is being placed in '.debug_abbrev'
ld.lld: warning: app/libapp.a(p_ceilng.c.obj):(.debug_info) is being placed in '.debug_info'
ld.lld: warning: app/libapp.a(p_ceilng.c.obj):(.debug_ranges) is being placed in '.debug_ranges'
ld.lld: warning: app/libapp.a(p_ceilng.c.obj):(.debug_str) is being placed in '.debug_str'
ld.lld: warning: app/libapp.a(p_ceilng.c.obj):(.comment) is being placed in '.comment'
ld.lld: warning: app/libapp.a(p_ceilng.c.obj):(.debug_frame) is being placed in '.debug_frame'
ld.lld: warning: app/libapp.a(p_ceilng.c.obj):(.debug_line) is being placed in '.debug_line'
ld.lld: warning: app/libapp.a(p_doors.c.obj):(.debug_loc) is being placed in '.debug_loc'
ld.lld: warning: app/libapp.a(p_doors.c.obj):(.debug_abbrev) is being placed in '.debug_abbrev'
ld.lld: warning: app/libapp.a(p_doors.c.obj):(.debug_info) is being placed in '.debug_info'
ld.lld: warning: app/libapp.a(p_doors.c.obj):(.debug_ranges) is being placed in '.debug_ranges'
ld.lld: warning: app/libapp.a(p_doors.c.obj):(.debug_str) is being placed in '.debug_str'
ld.lld: warning: app/libapp.a(p_doors.c.obj):(.comment) is being placed in '.comment'
ld.lld: warning: app/libapp.a(p_doors.c.obj):(.debug_frame) is being placed in '.debug_frame'
ld.lld: warning: app/libapp.a(p_doors.c.obj):(.debug_line) is being placed in '.debug_line'
ld.lld: warning: app/libapp.a(p_enemy.c.obj):(.debug_loc) is being placed in '.debug_loc'
ld.lld: warning: app/libapp.a(p_enemy.c.obj):(.debug_abbrev) is being placed in '.debug_abbrev'
ld.lld: warning: app/libapp.a(p_enemy.c.obj):(.debug_info) is being placed in '.debug_info'
ld.lld: warning: app/libapp.a(p_enemy.c.obj):(.debug_ranges) is being placed in '.debug_ranges'
ld.lld: warning: app/libapp.a(p_enemy.c.obj):(.debug_str) is being placed in '.debug_str'
ld.lld: warning: app/libapp.a(p_enemy.c.obj):(.comment) is being placed in '.comment'
ld.lld: warning: app/libapp.a(p_enemy.c.obj):(.debug_frame) is being placed in '.debug_frame'
ld.lld: warning: app/libapp.a(p_enemy.c.obj):(.debug_line) is being placed in '.debug_line'
ld.lld: warning: app/libapp.a(p_floor.c.obj):(.debug_loc) is being placed in '.debug_loc'
ld.lld: warning: app/libapp.a(p_floor.c.obj):(.debug_abbrev) is being placed in '.debug_abbrev'
ld.lld: warning: app/libapp.a(p_floor.c.obj):(.debug_info) is being placed in '.debug_info'
ld.lld: warning: app/libapp.a(p_floor.c.obj):(.debug_ranges) is being placed in '.debug_ranges'
ld.lld: warning: app/libapp.a(p_floor.c.obj):(.debug_str) is being placed in '.debug_str'
ld.lld: warning: app/libapp.a(p_floor.c.obj):(.comment) is being placed in '.comment'
ld.lld: warning: app/libapp.a(p_floor.c.obj):(.debug_frame) is being placed in '.debug_frame'
ld.lld: warning: app/libapp.a(p_floor.c.obj):(.debug_line) is being placed in '.debug_line'
ld.lld: warning: app/libapp.a(p_inter.c.obj):(.debug_loc) is being placed in '.debug_loc'
ld.lld: warning: app/libapp.a(p_inter.c.obj):(.debug_abbrev) is being placed in '.debug_abbrev'
ld.lld: warning: app/libapp.a(p_inter.c.obj):(.debug_info) is being placed in '.debug_info'
ld.lld: warning: app/libapp.a(p_inter.c.obj):(.debug_ranges) is being placed in '.debug_ranges'
ld.lld: warning: app/libapp.a(p_inter.c.obj):(.debug_str) is being placed in '.debug_str'
ld.lld: warning: app/libapp.a(p_inter.c.obj):(.comment) is being placed in '.comment'
ld.lld: warning: app/libapp.a(p_inter.c.obj):(.debug_frame) is being placed in '.debug_frame'
ld.lld: warning: app/libapp.a(p_inter.c.obj):(.debug_line) is being placed in '.debug_line'
ld.lld: warning: app/libapp.a(p_lights.c.obj):(.debug_loc) is being placed in '.debug_loc'
ld.lld: warning: app/libapp.a(p_lights.c.obj):(.debug_abbrev) is being placed in '.debug_abbrev'
ld.lld: warning: app/libapp.a(p_lights.c.obj):(.debug_info) is being placed in '.debug_info'
ld.lld: warning: app/libapp.a(p_lights.c.obj):(.debug_ranges) is being placed in '.debug_ranges'
ld.lld: warning: app/libapp.a(p_lights.c.obj):(.debug_str) is being placed in '.debug_str'
ld.lld: warning: app/libapp.a(p_lights.c.obj):(.comment) is being placed in '.comment'
ld.lld: warning: app/libapp.a(p_lights.c.obj):(.debug_frame) is being placed in '.debug_frame'
ld.lld: warning: app/libapp.a(p_lights.c.obj):(.debug_line) is being placed in '.debug_line'
ld.lld: warning: app/libapp.a(p_map.c.obj):(.debug_loc) is being placed in '.debug_loc'
ld.lld: warning: app/libapp.a(p_map.c.obj):(.debug_abbrev) is being placed in '.debug_abbrev'
ld.lld: warning: app/libapp.a(p_map.c.obj):(.debug_info) is being placed in '.debug_info'
ld.lld: warning: app/libapp.a(p_map.c.obj):(.debug_ranges) is being placed in '.debug_ranges'
ld.lld: warning: app/libapp.a(p_map.c.obj):(.debug_str) is being placed in '.debug_str'
ld.lld: warning: app/libapp.a(p_map.c.obj):(.comment) is being placed in '.comment'
ld.lld: warning: app/libapp.a(p_map.c.obj):(.debug_frame) is being placed in '.debug_frame'
ld.lld: warning: app/libapp.a(p_map.c.obj):(.debug_line) is being placed in '.debug_line'
ld.lld: warning: app/libapp.a(p_maputl.c.obj):(.debug_loc) is being placed in '.debug_loc'
ld.lld: warning: app/libapp.a(p_maputl.c.obj):(.debug_abbrev) is being placed in '.debug_abbrev'
ld.lld: warning: app/libapp.a(p_maputl.c.obj):(.debug_info) is being placed in '.debug_info'
ld.lld: warning: app/libapp.a(p_maputl.c.obj):(.debug_ranges) is being placed in '.debug_ranges'
ld.lld: warning: app/libapp.a(p_maputl.c.obj):(.debug_str) is being placed in '.debug_str'
ld.lld: warning: app/libapp.a(p_maputl.c.obj):(.comment) is being placed in '.comment'
ld.lld: warning: app/libapp.a(p_maputl.c.obj):(.debug_frame) is being placed in '.debug_frame'
ld.lld: warning: app/libapp.a(p_maputl.c.obj):(.debug_line) is being placed in '.debug_line'
ld.lld: warning: app/libapp.a(p_mobj.c.obj):(.debug_loc) is being placed in '.debug_loc'
ld.lld: warning: app/libapp.a(p_mobj.c.obj):(.debug_abbrev) is being placed in '.debug_abbrev'
ld.lld: warning: app/libapp.a(p_mobj.c.obj):(.debug_info) is being placed in '.debug_info'
ld.lld: warning: app/libapp.a(p_mobj.c.obj):(.debug_ranges) is being placed in '.debug_ranges'
ld.lld: warning: app/libapp.a(p_mobj.c.obj):(.debug_str) is being placed in '.debug_str'
ld.lld: warning: app/libapp.a(p_mobj.c.obj):(.comment) is being placed in '.comment'
ld.lld: warning: app/libapp.a(p_mobj.c.obj):(.debug_frame) is being placed in '.debug_frame'
ld.lld: warning: app/libapp.a(p_mobj.c.obj):(.debug_line) is being placed in '.debug_line'
ld.lld: warning: app/libapp.a(p_plats.c.obj):(.debug_loc) is being placed in '.debug_loc'
ld.lld: warning: app/libapp.a(p_plats.c.obj):(.debug_abbrev) is being placed in '.debug_abbrev'
ld.lld: warning: app/libapp.a(p_plats.c.obj):(.debug_info) is being placed in '.debug_info'
ld.lld: warning: app/libapp.a(p_plats.c.obj):(.debug_ranges) is being placed in '.debug_ranges'
ld.lld: warning: app/libapp.a(p_plats.c.obj):(.debug_str) is being placed in '.debug_str'
ld.lld: warning: app/libapp.a(p_plats.c.obj):(.comment) is being placed in '.comment'
ld.lld: warning: app/libapp.a(p_plats.c.obj):(.debug_frame) is being placed in '.debug_frame'
ld.lld: warning: app/libapp.a(p_plats.c.obj):(.debug_line) is being placed in '.debug_line'
ld.lld: warning: app/libapp.a(p_pspr.c.obj):(.debug_loc) is being placed in '.debug_loc'
ld.lld: warning: app/libapp.a(p_pspr.c.obj):(.debug_abbrev) is being placed in '.debug_abbrev'
ld.lld: warning: app/libapp.a(p_pspr.c.obj):(.debug_info) is being placed in '.debug_info'
ld.lld: warning: app/libapp.a(p_pspr.c.obj):(.debug_ranges) is being placed in '.debug_ranges'
ld.lld: warning: app/libapp.a(p_pspr.c.obj):(.debug_str) is being placed in '.debug_str'
ld.lld: warning: app/libapp.a(p_pspr.c.obj):(.comment) is being placed in '.comment'
ld.lld: warning: app/libapp.a(p_pspr.c.obj):(.debug_frame) is being placed in '.debug_frame'
ld.lld: warning: app/libapp.a(p_pspr.c.obj):(.debug_line) is being placed in '.debug_line'
ld.lld: warning: app/libapp.a(p_saveg.c.obj):(.debug_loc) is being placed in '.debug_loc'
ld.lld: warning: app/libapp.a(p_saveg.c.obj):(.debug_abbrev) is being placed in '.debug_abbrev'
ld.lld: warning: app/libapp.a(p_saveg.c.obj):(.debug_info) is being placed in '.debug_info'
ld.lld: warning: app/libapp.a(p_saveg.c.obj):(.debug_ranges) is being placed in '.debug_ranges'
ld.lld: warning: app/libapp.a(p_saveg.c.obj):(.debug_str) is being placed in '.debug_str'
ld.lld: warning: app/libapp.a(p_saveg.c.obj):(.comment) is being placed in '.comment'
ld.lld: warning: app/libapp.a(p_saveg.c.obj):(.debug_frame) is being placed in '.debug_frame'
ld.lld: warning: app/libapp.a(p_saveg.c.obj):(.debug_line) is being placed in '.debug_line'
ld.lld: warning: app/libapp.a(p_setup.c.obj):(.debug_loc) is being placed in '.debug_loc'
ld.lld: warning: app/libapp.a(p_setup.c.obj):(.debug_abbrev) is being placed in '.debug_abbrev'
ld.lld: warning: app/libapp.a(p_setup.c.obj):(.debug_info) is being placed in '.debug_info'
ld.lld: warning: app/libapp.a(p_setup.c.obj):(.debug_ranges) is being placed in '.debug_ranges'
ld.lld: warning: app/libapp.a(p_setup.c.obj):(.debug_str) is being placed in '.debug_str'
ld.lld: warning: app/libapp.a(p_setup.c.obj):(.comment) is being placed in '.comment'
ld.lld: warning: app/libapp.a(p_setup.c.obj):(.debug_frame) is being placed in '.debug_frame'
ld.lld: warning: app/libapp.a(p_setup.c.obj):(.debug_line) is being placed in '.debug_line'
ld.lld: warning: app/libapp.a(p_sight.c.obj):(.debug_loc) is being placed in '.debug_loc'
ld.lld: warning: app/libapp.a(p_sight.c.obj):(.debug_abbrev) is being placed in '.debug_abbrev'
ld.lld: warning: app/libapp.a(p_sight.c.obj):(.debug_info) is being placed in '.debug_info'
ld.lld: warning: app/libapp.a(p_sight.c.obj):(.debug_ranges) is being placed in '.debug_ranges'
ld.lld: warning: app/libapp.a(p_sight.c.obj):(.debug_str) is being placed in '.debug_str'
ld.lld: warning: app/libapp.a(p_sight.c.obj):(.comment) is being placed in '.comment'
ld.lld: warning: app/libapp.a(p_sight.c.obj):(.debug_frame) is being placed in '.debug_frame'
ld.lld: warning: app/libapp.a(p_sight.c.obj):(.debug_line) is being placed in '.debug_line'
ld.lld: warning: app/libapp.a(p_spec.c.obj):(.debug_loc) is being placed in '.debug_loc'
ld.lld: warning: app/libapp.a(p_spec.c.obj):(.debug_abbrev) is being placed in '.debug_abbrev'
ld.lld: warning: app/libapp.a(p_spec.c.obj):(.debug_info) is being placed in '.debug_info'
ld.lld: warning: app/libapp.a(p_spec.c.obj):(.debug_ranges) is being placed in '.debug_ranges'
ld.lld: warning: app/libapp.a(p_spec.c.obj):(.debug_str) is being placed in '.debug_str'
ld.lld: warning: app/libapp.a(p_spec.c.obj):(.comment) is being placed in '.comment'
ld.lld: warning: app/libapp.a(p_spec.c.obj):(.debug_frame) is being placed in '.debug_frame'
ld.lld: warning: app/libapp.a(p_spec.c.obj):(.debug_line) is being placed in '.debug_line'
ld.lld: warning: app/libapp.a(p_switch.c.obj):(.debug_loc) is being placed in '.debug_loc'
ld.lld: warning: app/libapp.a(p_switch.c.obj):(.debug_abbrev) is being placed in '.debug_abbrev'
ld.lld: warning: app/libapp.a(p_switch.c.obj):(.debug_info) is being placed in '.debug_info'
ld.lld: warning: app/libapp.a(p_switch.c.obj):(.debug_ranges) is being placed in '.debug_ranges'
ld.lld: warning: app/libapp.a(p_switch.c.obj):(.debug_str) is being placed in '.debug_str'
ld.lld: warning: app/libapp.a(p_switch.c.obj):(.comment) is being placed in '.comment'
ld.lld: warning: app/libapp.a(p_switch.c.obj):(.debug_frame) is being placed in '.debug_frame'
ld.lld: warning: app/libapp.a(p_switch.c.obj):(.debug_line) is being placed in '.debug_line'
ld.lld: warning: app/libapp.a(p_telept.c.obj):(.debug_loc) is being placed in '.debug_loc'
ld.lld: warning: app/libapp.a(p_telept.c.obj):(.debug_abbrev) is being placed in '.debug_abbrev'
ld.lld: warning: app/libapp.a(p_telept.c.obj):(.debug_info) is being placed in '.debug_info'
ld.lld: warning: app/libapp.a(p_telept.c.obj):(.debug_str) is being placed in '.debug_str'
ld.lld: warning: app/libapp.a(p_telept.c.obj):(.comment) is being placed in '.comment'
ld.lld: warning: app/libapp.a(p_telept.c.obj):(.debug_frame) is being placed in '.debug_frame'
ld.lld: warning: app/libapp.a(p_telept.c.obj):(.debug_line) is being placed in '.debug_line'
ld.lld: warning: app/libapp.a(p_tick.c.obj):(.debug_loc) is being placed in '.debug_loc'
ld.lld: warning: app/libapp.a(p_tick.c.obj):(.debug_abbrev) is being placed in '.debug_abbrev'
ld.lld: warning: app/libapp.a(p_tick.c.obj):(.debug_info) is being placed in '.debug_info'
ld.lld: warning: app/libapp.a(p_tick.c.obj):(.debug_ranges) is being placed in '.debug_ranges'
ld.lld: warning: app/libapp.a(p_tick.c.obj):(.debug_str) is being placed in '.debug_str'
ld.lld: warning: app/libapp.a(p_tick.c.obj):(.comment) is being placed in '.comment'
ld.lld: warning: app/libapp.a(p_tick.c.obj):(.debug_frame) is being placed in '.debug_frame'
ld.lld: warning: app/libapp.a(p_tick.c.obj):(.debug_line) is being placed in '.debug_line'
ld.lld: warning: app/libapp.a(p_user.c.obj):(.debug_loc) is being placed in '.debug_loc'
ld.lld: warning: app/libapp.a(p_user.c.obj):(.debug_abbrev) is being placed in '.debug_abbrev'
ld.lld: warning: app/libapp.a(p_user.c.obj):(.debug_info) is being placed in '.debug_info'
ld.lld: warning: app/libapp.a(p_user.c.obj):(.debug_ranges) is being placed in '.debug_ranges'
ld.lld: warning: app/libapp.a(p_user.c.obj):(.debug_str) is being placed in '.debug_str'
ld.lld: warning: app/libapp.a(p_user.c.obj):(.comment) is being placed in '.comment'
ld.lld: warning: app/libapp.a(p_user.c.obj):(.debug_frame) is being placed in '.debug_frame'
ld.lld: warning: app/libapp.a(p_user.c.obj):(.debug_line) is being placed in '.debug_line'
ld.lld: warning: app/libapp.a(r_bsp.c.obj):(.debug_loc) is being placed in '.debug_loc'
ld.lld: warning: app/libapp.a(r_bsp.c.obj):(.debug_abbrev) is being placed in '.debug_abbrev'
ld.lld: warning: app/libapp.a(r_bsp.c.obj):(.debug_info) is being placed in '.debug_info'
ld.lld: warning: app/libapp.a(r_bsp.c.obj):(.debug_ranges) is being placed in '.debug_ranges'
ld.lld: warning: app/libapp.a(r_bsp.c.obj):(.debug_str) is being placed in '.debug_str'
ld.lld: warning: app/libapp.a(r_bsp.c.obj):(.comment) is being placed in '.comment'
ld.lld: warning: app/libapp.a(r_bsp.c.obj):(.debug_frame) is being placed in '.debug_frame'
ld.lld: warning: app/libapp.a(r_bsp.c.obj):(.debug_line) is being placed in '.debug_line'
ld.lld: warning: app/libapp.a(r_data.c.obj):(.debug_loc) is being placed in '.debug_loc'
ld.lld: warning: app/libapp.a(r_data.c.obj):(.debug_abbrev) is being placed in '.debug_abbrev'
ld.lld: warning: app/libapp.a(r_data.c.obj):(.debug_info) is being placed in '.debug_info'
ld.lld: warning: app/libapp.a(r_data.c.obj):(.debug_ranges) is being placed in '.debug_ranges'
ld.lld: warning: app/libapp.a(r_data.c.obj):(.debug_str) is being placed in '.debug_str'
ld.lld: warning: app/libapp.a(r_data.c.obj):(.comment) is being placed in '.comment'
ld.lld: warning: app/libapp.a(r_data.c.obj):(.debug_frame) is being placed in '.debug_frame'
ld.lld: warning: app/libapp.a(r_data.c.obj):(.debug_line) is being placed in '.debug_line'
ld.lld: warning: app/libapp.a(r_draw.c.obj):(.debug_loc) is being placed in '.debug_loc'
ld.lld: warning: app/libapp.a(r_draw.c.obj):(.debug_abbrev) is being placed in '.debug_abbrev'
ld.lld: warning: app/libapp.a(r_draw.c.obj):(.debug_info) is being placed in '.debug_info'
ld.lld: warning: app/libapp.a(r_draw.c.obj):(.debug_ranges) is being placed in '.debug_ranges'
ld.lld: warning: app/libapp.a(r_draw.c.obj):(.debug_str) is being placed in '.debug_str'
ld.lld: warning: app/libapp.a(r_draw.c.obj):(.comment) is being placed in '.comment'
ld.lld: warning: app/libapp.a(r_draw.c.obj):(.debug_frame) is being placed in '.debug_frame'
ld.lld: warning: app/libapp.a(r_draw.c.obj):(.debug_line) is being placed in '.debug_line'
ld.lld: warning: app/libapp.a(r_main.c.obj):(.debug_loc) is being placed in '.debug_loc'
ld.lld: warning: app/libapp.a(r_main.c.obj):(.debug_abbrev) is being placed in '.debug_abbrev'
ld.lld: warning: app/libapp.a(r_main.c.obj):(.debug_info) is being placed in '.debug_info'
ld.lld: warning: app/libapp.a(r_main.c.obj):(.debug_ranges) is being placed in '.debug_ranges'
ld.lld: warning: app/libapp.a(r_main.c.obj):(.debug_str) is being placed in '.debug_str'
ld.lld: warning: app/libapp.a(r_main.c.obj):(.comment) is being placed in '.comment'
ld.lld: warning: app/libapp.a(r_main.c.obj):(.debug_frame) is being placed in '.debug_frame'
ld.lld: warning: app/libapp.a(r_main.c.obj):(.debug_line) is being placed in '.debug_line'
ld.lld: warning: app/libapp.a(r_plane.c.obj):(.debug_loc) is being placed in '.debug_loc'
ld.lld: warning: app/libapp.a(r_plane.c.obj):(.debug_abbrev) is being placed in '.debug_abbrev'
ld.lld: warning: app/libapp.a(r_plane.c.obj):(.debug_info) is being placed in '.debug_info'
ld.lld: warning: app/libapp.a(r_plane.c.obj):(.debug_ranges) is being placed in '.debug_ranges'
ld.lld: warning: app/libapp.a(r_plane.c.obj):(.debug_str) is being placed in '.debug_str'
ld.lld: warning: app/libapp.a(r_plane.c.obj):(.comment) is being placed in '.comment'
ld.lld: warning: app/libapp.a(r_plane.c.obj):(.debug_frame) is being placed in '.debug_frame'
ld.lld: warning: app/libapp.a(r_plane.c.obj):(.debug_line) is being placed in '.debug_line'
ld.lld: warning: app/libapp.a(r_segs.c.obj):(.debug_loc) is being placed in '.debug_loc'
ld.lld: warning: app/libapp.a(r_segs.c.obj):(.debug_abbrev) is being placed in '.debug_abbrev'
ld.lld: warning: app/libapp.a(r_segs.c.obj):(.debug_info) is being placed in '.debug_info'
ld.lld: warning: app/libapp.a(r_segs.c.obj):(.debug_ranges) is being placed in '.debug_ranges'
ld.lld: warning: app/libapp.a(r_segs.c.obj):(.debug_str) is being placed in '.debug_str'
ld.lld: warning: app/libapp.a(r_segs.c.obj):(.comment) is being placed in '.comment'
ld.lld: warning: app/libapp.a(r_segs.c.obj):(.debug_frame) is being placed in '.debug_frame'
ld.lld: warning: app/libapp.a(r_segs.c.obj):(.debug_line) is being placed in '.debug_line'
ld.lld: warning: app/libapp.a(r_sky.c.obj):(.debug_abbrev) is being placed in '.debug_abbrev'
ld.lld: warning: app/libapp.a(r_sky.c.obj):(.debug_info) is being placed in '.debug_info'
ld.lld: warning: app/libapp.a(r_sky.c.obj):(.debug_str) is being placed in '.debug_str'
ld.lld: warning: app/libapp.a(r_sky.c.obj):(.comment) is being placed in '.comment'
ld.lld: warning: app/libapp.a(r_sky.c.obj):(.debug_frame) is being placed in '.debug_frame'
ld.lld: warning: app/libapp.a(r_sky.c.obj):(.debug_line) is being placed in '.debug_line'
ld.lld: warning: app/libapp.a(r_things.c.obj):(.debug_loc) is being placed in '.debug_loc'
ld.lld: warning: app/libapp.a(r_things.c.obj):(.debug_abbrev) is being placed in '.debug_abbrev'
ld.lld: warning: app/libapp.a(r_things.c.obj):(.debug_info) is being placed in '.debug_info'
ld.lld: warning: app/libapp.a(r_things.c.obj):(.debug_ranges) is being placed in '.debug_ranges'
ld.lld: warning: app/libapp.a(r_things.c.obj):(.debug_str) is being placed in '.debug_str'
ld.lld: warning: app/libapp.a(r_things.c.obj):(.comment) is being placed in '.comment'
ld.lld: warning: app/libapp.a(r_things.c.obj):(.debug_frame) is being placed in '.debug_frame'
ld.lld: warning: app/libapp.a(r_things.c.obj):(.debug_line) is being placed in '.debug_line'
ld.lld: warning: app/libapp.a(sha1.c.obj):(.debug_loc) is being placed in '.debug_loc'
ld.lld: warning: app/libapp.a(sha1.c.obj):(.debug_abbrev) is being placed in '.debug_abbrev'
ld.lld: warning: app/libapp.a(sha1.c.obj):(.debug_info) is being placed in '.debug_info'
ld.lld: warning: app/libapp.a(sha1.c.obj):(.debug_ranges) is being placed in '.debug_ranges'
ld.lld: warning: app/libapp.a(sha1.c.obj):(.debug_str) is being placed in '.debug_str'
ld.lld: warning: app/libapp.a(sha1.c.obj):(.comment) is being placed in '.comment'
ld.lld: warning: app/libapp.a(sha1.c.obj):(.debug_frame) is being placed in '.debug_frame'
ld.lld: warning: app/libapp.a(sha1.c.obj):(.debug_line) is being placed in '.debug_line'
ld.lld: warning: app/libapp.a(sounds.c.obj):(.debug_abbrev) is being placed in '.debug_abbrev'
ld.lld: warning: app/libapp.a(sounds.c.obj):(.debug_info) is being placed in '.debug_info'
ld.lld: warning: app/libapp.a(sounds.c.obj):(.debug_str) is being placed in '.debug_str'
ld.lld: warning: app/libapp.a(sounds.c.obj):(.comment) is being placed in '.comment'
ld.lld: warning: app/libapp.a(sounds.c.obj):(.debug_line) is being placed in '.debug_line'
ld.lld: warning: app/libapp.a(statdump.c.obj):(.debug_loc) is being placed in '.debug_loc'
ld.lld: warning: app/libapp.a(statdump.c.obj):(.debug_abbrev) is being placed in '.debug_abbrev'
ld.lld: warning: app/libapp.a(statdump.c.obj):(.debug_info) is being placed in '.debug_info'
ld.lld: warning: app/libapp.a(statdump.c.obj):(.debug_ranges) is being placed in '.debug_ranges'
ld.lld: warning: app/libapp.a(statdump.c.obj):(.debug_str) is being placed in '.debug_str'
ld.lld: warning: app/libapp.a(statdump.c.obj):(.comment) is being placed in '.comment'
ld.lld: warning: app/libapp.a(statdump.c.obj):(.debug_frame) is being placed in '.debug_frame'
ld.lld: warning: app/libapp.a(statdump.c.obj):(.debug_line) is being placed in '.debug_line'
ld.lld: warning: app/libapp.a(st_lib.c.obj):(.debug_loc) is being placed in '.debug_loc'
ld.lld: warning: app/libapp.a(st_lib.c.obj):(.debug_abbrev) is being placed in '.debug_abbrev'
ld.lld: warning: app/libapp.a(st_lib.c.obj):(.debug_info) is being placed in '.debug_info'
ld.lld: warning: app/libapp.a(st_lib.c.obj):(.debug_ranges) is being placed in '.debug_ranges'
ld.lld: warning: app/libapp.a(st_lib.c.obj):(.debug_str) is being placed in '.debug_str'
ld.lld: warning: app/libapp.a(st_lib.c.obj):(.comment) is being placed in '.comment'
ld.lld: warning: app/libapp.a(st_lib.c.obj):(.debug_frame) is being placed in '.debug_frame'
ld.lld: warning: app/libapp.a(st_lib.c.obj):(.debug_line) is being placed in '.debug_line'
ld.lld: warning: app/libapp.a(st_stuff.c.obj):(.debug_loc) is being placed in '.debug_loc'
ld.lld: warning: app/libapp.a(st_stuff.c.obj):(.debug_abbrev) is being placed in '.debug_abbrev'
ld.lld: warning: app/libapp.a(st_stuff.c.obj):(.debug_info) is being placed in '.debug_info'
ld.lld: warning: app/libapp.a(st_stuff.c.obj):(.debug_ranges) is being placed in '.debug_ranges'
ld.lld: warning: app/libapp.a(st_stuff.c.obj):(.debug_str) is being placed in '.debug_str'
ld.lld: warning: app/libapp.a(st_stuff.c.obj):(.comment) is being placed in '.comment'
ld.lld: warning: app/libapp.a(st_stuff.c.obj):(.debug_frame) is being placed in '.debug_frame'
ld.lld: warning: app/libapp.a(st_stuff.c.obj):(.debug_line) is being placed in '.debug_line'
ld.lld: warning: app/libapp.a(s_sound.c.obj):(.debug_loc) is being placed in '.debug_loc'
ld.lld: warning: app/libapp.a(s_sound.c.obj):(.debug_abbrev) is being placed in '.debug_abbrev'
ld.lld: warning: app/libapp.a(s_sound.c.obj):(.debug_info) is being placed in '.debug_info'
ld.lld: warning: app/libapp.a(s_sound.c.obj):(.debug_ranges) is being placed in '.debug_ranges'
ld.lld: warning: app/libapp.a(s_sound.c.obj):(.debug_str) is being placed in '.debug_str'
ld.lld: warning: app/libapp.a(s_sound.c.obj):(.comment) is being placed in '.comment'
ld.lld: warning: app/libapp.a(s_sound.c.obj):(.debug_frame) is being placed in '.debug_frame'
ld.lld: warning: app/libapp.a(s_sound.c.obj):(.debug_line) is being placed in '.debug_line'
ld.lld: warning: app/libapp.a(tables.c.obj):(.debug_loc) is being placed in '.debug_loc'
ld.lld: warning: app/libapp.a(tables.c.obj):(.debug_abbrev) is being placed in '.debug_abbrev'
ld.lld: warning: app/libapp.a(tables.c.obj):(.debug_info) is being placed in '.debug_info'
ld.lld: warning: app/libapp.a(tables.c.obj):(.debug_str) is being placed in '.debug_str'
ld.lld: warning: app/libapp.a(tables.c.obj):(.comment) is being placed in '.comment'
ld.lld: warning: app/libapp.a(tables.c.obj):(.debug_frame) is being placed in '.debug_frame'
ld.lld: warning: app/libapp.a(tables.c.obj):(.debug_line) is being placed in '.debug_line'
ld.lld: warning: app/libapp.a(v_video.c.obj):(.debug_loc) is being placed in '.debug_loc'
ld.lld: warning: app/libapp.a(v_video.c.obj):(.debug_abbrev) is being placed in '.debug_abbrev'
ld.lld: warning: app/libapp.a(v_video.c.obj):(.debug_info) is being placed in '.debug_info'
ld.lld: warning: app/libapp.a(v_video.c.obj):(.debug_ranges) is being placed in '.debug_ranges'
ld.lld: warning: app/libapp.a(v_video.c.obj):(.debug_str) is being placed in '.debug_str'
ld.lld: warning: app/libapp.a(v_video.c.obj):(.comment) is being placed in '.comment'
ld.lld: warning: app/libapp.a(v_video.c.obj):(.debug_frame) is being placed in '.debug_frame'
ld.lld: warning: app/libapp.a(v_video.c.obj):(.debug_line) is being placed in '.debug_line'
ld.lld: warning: app/libapp.a(wi_stuff.c.obj):(.debug_loc) is being placed in '.debug_loc'
ld.lld: warning: app/libapp.a(wi_stuff.c.obj):(.debug_abbrev) is being placed in '.debug_abbrev'
ld.lld: warning: app/libapp.a(wi_stuff.c.obj):(.debug_info) is being placed in '.debug_info'
ld.lld: warning: app/libapp.a(wi_stuff.c.obj):(.debug_ranges) is being placed in '.debug_ranges'
ld.lld: warning: app/libapp.a(wi_stuff.c.obj):(.debug_str) is being placed in '.debug_str'
ld.lld: warning: app/libapp.a(wi_stuff.c.obj):(.comment) is being placed in '.comment'
ld.lld: warning: app/libapp.a(wi_stuff.c.obj):(.debug_frame) is being placed in '.debug_frame'
ld.lld: warning: app/libapp.a(wi_stuff.c.obj):(.debug_line) is being placed in '.debug_line'
ld.lld: warning: app/libapp.a(w_checksum.c.obj):(.debug_loc) is being placed in '.debug_loc'
ld.lld: warning: app/libapp.a(w_checksum.c.obj):(.debug_abbrev) is being placed in '.debug_abbrev'
ld.lld: warning: app/libapp.a(w_checksum.c.obj):(.debug_info) is being placed in '.debug_info'
ld.lld: warning: app/libapp.a(w_checksum.c.obj):(.debug_ranges) is being placed in '.debug_ranges'
ld.lld: warning: app/libapp.a(w_checksum.c.obj):(.debug_str) is being placed in '.debug_str'
ld.lld: warning: app/libapp.a(w_checksum.c.obj):(.comment) is being placed in '.comment'
ld.lld: warning: app/libapp.a(w_checksum.c.obj):(.debug_frame) is being placed in '.debug_frame'
ld.lld: warning: app/libapp.a(w_checksum.c.obj):(.debug_line) is being placed in '.debug_line'
ld.lld: warning: app/libapp.a(w_file.c.obj):(.debug_loc) is being placed in '.debug_loc'
ld.lld: warning: app/libapp.a(w_file.c.obj):(.debug_abbrev) is being placed in '.debug_abbrev'
ld.lld: warning: app/libapp.a(w_file.c.obj):(.debug_info) is being placed in '.debug_info'
ld.lld: warning: app/libapp.a(w_file.c.obj):(.debug_ranges) is being placed in '.debug_ranges'
ld.lld: warning: app/libapp.a(w_file.c.obj):(.debug_str) is being placed in '.debug_str'
ld.lld: warning: app/libapp.a(w_file.c.obj):(.comment) is being placed in '.comment'
ld.lld: warning: app/libapp.a(w_file.c.obj):(.debug_frame) is being placed in '.debug_frame'
ld.lld: warning: app/libapp.a(w_file.c.obj):(.debug_line) is being placed in '.debug_line'
ld.lld: warning: app/libapp.a(w_main.c.obj):(.debug_loc) is being placed in '.debug_loc'
ld.lld: warning: app/libapp.a(w_main.c.obj):(.debug_abbrev) is being placed in '.debug_abbrev'
ld.lld: warning: app/libapp.a(w_main.c.obj):(.debug_info) is being placed in '.debug_info'
ld.lld: warning: app/libapp.a(w_main.c.obj):(.debug_str) is being placed in '.debug_str'
ld.lld: warning: app/libapp.a(w_main.c.obj):(.comment) is being placed in '.comment'
ld.lld: warning: app/libapp.a(w_main.c.obj):(.debug_frame) is being placed in '.debug_frame'
ld.lld: warning: app/libapp.a(w_main.c.obj):(.debug_line) is being placed in '.debug_line'
ld.lld: warning: app/libapp.a(w_wad.c.obj):(.debug_loc) is being placed in '.debug_loc'
ld.lld: warning: app/libapp.a(w_wad.c.obj):(.debug_abbrev) is being placed in '.debug_abbrev'
ld.lld: warning: app/libapp.a(w_wad.c.obj):(.debug_info) is being placed in '.debug_info'
ld.lld: warning: app/libapp.a(w_wad.c.obj):(.debug_ranges) is being placed in '.debug_ranges'
ld.lld: warning: app/libapp.a(w_wad.c.obj):(.debug_str) is being placed in '.debug_str'
ld.lld: warning: app/libapp.a(w_wad.c.obj):(.comment) is being placed in '.comment'
ld.lld: warning: app/libapp.a(w_wad.c.obj):(.debug_frame) is being placed in '.debug_frame'
ld.lld: warning: app/libapp.a(w_wad.c.obj):(.debug_line) is being placed in '.debug_line'
ld.lld: warning: app/libapp.a(z_zone.c.obj):(.debug_loc) is being placed in '.debug_loc'
ld.lld: warning: app/libapp.a(z_zone.c.obj):(.debug_abbrev) is being placed in '.debug_abbrev'
ld.lld: warning: app/libapp.a(z_zone.c.obj):(.debug_info) is being placed in '.debug_info'
ld.lld: warning: app/libapp.a(z_zone.c.obj):(.debug_ranges) is being placed in '.debug_ranges'
ld.lld: warning: app/libapp.a(z_zone.c.obj):(.debug_str) is being placed in '.debug_str'
ld.lld: warning: app/libapp.a(z_zone.c.obj):(.comment) is being placed in '.comment'
ld.lld: warning: app/libapp.a(z_zone.c.obj):(.debug_frame) is being placed in '.debug_frame'
ld.lld: warning: app/libapp.a(z_zone.c.obj):(.debug_line) is being placed in '.debug_line'
ld.lld: warning: app/libapp.a(w_file_stdc.c.obj):(.debug_loc) is being placed in '.debug_loc'
ld.lld: warning: app/libapp.a(w_file_stdc.c.obj):(.debug_abbrev) is being placed in '.debug_abbrev'
ld.lld: warning: app/libapp.a(w_file_stdc.c.obj):(.debug_info) is being placed in '.debug_info'
ld.lld: warning: app/libapp.a(w_file_stdc.c.obj):(.debug_ranges) is being placed in '.debug_ranges'
ld.lld: warning: app/libapp.a(w_file_stdc.c.obj):(.debug_str) is being placed in '.debug_str'
ld.lld: warning: app/libapp.a(w_file_stdc.c.obj):(.comment) is being placed in '.comment'
ld.lld: warning: app/libapp.a(w_file_stdc.c.obj):(.debug_frame) is being placed in '.debug_frame'
ld.lld: warning: app/libapp.a(w_file_stdc.c.obj):(.debug_line) is being placed in '.debug_line'
ld.lld: warning: app/libapp.a(i_input.c.obj):(.debug_loc) is being placed in '.debug_loc'
ld.lld: warning: app/libapp.a(i_input.c.obj):(.debug_abbrev) is being placed in '.debug_abbrev'
ld.lld: warning: app/libapp.a(i_input.c.obj):(.debug_info) is being placed in '.debug_info'
ld.lld: warning: app/libapp.a(i_input.c.obj):(.debug_ranges) is being placed in '.debug_ranges'
ld.lld: warning: app/libapp.a(i_input.c.obj):(.debug_str) is being placed in '.debug_str'
ld.lld: warning: app/libapp.a(i_input.c.obj):(.comment) is being placed in '.comment'
ld.lld: warning: app/libapp.a(i_input.c.obj):(.debug_frame) is being placed in '.debug_frame'
ld.lld: warning: app/libapp.a(i_input.c.obj):(.debug_line) is being placed in '.debug_line'
ld.lld: warning: app/libapp.a(i_video.c.obj):(.debug_loc) is being placed in '.debug_loc'
ld.lld: warning: app/libapp.a(i_video.c.obj):(.debug_abbrev) is being placed in '.debug_abbrev'
ld.lld: warning: app/libapp.a(i_video.c.obj):(.debug_info) is being placed in '.debug_info'
ld.lld: warning: app/libapp.a(i_video.c.obj):(.debug_ranges) is being placed in '.debug_ranges'
ld.lld: warning: app/libapp.a(i_video.c.obj):(.debug_str) is being placed in '.debug_str'
ld.lld: warning: app/libapp.a(i_video.c.obj):(.comment) is being placed in '.comment'
ld.lld: warning: app/libapp.a(i_video.c.obj):(.debug_frame) is being placed in '.debug_frame'
ld.lld: warning: app/libapp.a(i_video.c.obj):(.debug_line) is being placed in '.debug_line'
ld.lld: warning: app/libapp.a(doomgeneric.c.obj):(.debug_loc) is being placed in '.debug_loc'
ld.lld: warning: app/libapp.a(doomgeneric.c.obj):(.debug_abbrev) is being placed in '.debug_abbrev'
ld.lld: warning: app/libapp.a(doomgeneric.c.obj):(.debug_info) is being placed in '.debug_info'
ld.lld: warning: app/libapp.a(doomgeneric.c.obj):(.debug_str) is being placed in '.debug_str'
ld.lld: warning: app/libapp.a(doomgeneric.c.obj):(.comment) is being placed in '.comment'
ld.lld: warning: app/libapp.a(doomgeneric.c.obj):(.debug_frame) is being placed in '.debug_frame'
ld.lld: warning: app/libapp.a(doomgeneric.c.obj):(.debug_line) is being placed in '.debug_line'
ld.lld: warning: app/libapp.a(dummy.c.obj):(.debug_abbrev) is being placed in '.debug_abbrev'
ld.lld: warning: app/libapp.a(dummy.c.obj):(.debug_info) is being placed in '.debug_info'
ld.lld: warning: app/libapp.a(dummy.c.obj):(.debug_str) is being placed in '.debug_str'
ld.lld: warning: app/libapp.a(dummy.c.obj):(.comment) is being placed in '.comment'
ld.lld: warning: app/libapp.a(dummy.c.obj):(.debug_frame) is being placed in '.debug_frame'
ld.lld: warning: app/libapp.a(dummy.c.obj):(.debug_line) is being placed in '.debug_line'
ld.lld: warning: app/libapp.a(doomgeneric_zephyr.c.obj):(.debug_loc) is being placed in '.debug_loc'
ld.lld: warning: app/libapp.a(doomgeneric_zephyr.c.obj):(.debug_abbrev) is being placed in '.debug_abbrev'
ld.lld: warning: app/libapp.a(doomgeneric_zephyr.c.obj):(.debug_info) is being placed in '.debug_info'
ld.lld: warning: app/libapp.a(doomgeneric_zephyr.c.obj):(.debug_ranges) is being placed in '.debug_ranges'
ld.lld: warning: app/libapp.a(doomgeneric_zephyr.c.obj):(.debug_str) is being placed in '.debug_str'
ld.lld: warning: app/libapp.a(doomgeneric_zephyr.c.obj):(.comment) is being placed in '.comment'
ld.lld: warning: app/libapp.a(doomgeneric_zephyr.c.obj):(.debug_frame) is being placed in '.debug_frame'
ld.lld: warning: app/libapp.a(doomgeneric_zephyr.c.obj):(.debug_line) is being placed in '.debug_line'
ld.lld: warning: app/libapp.a(zephyr_stdio.c.obj):(.debug_loc) is being placed in '.debug_loc'
ld.lld: warning: app/libapp.a(zephyr_stdio.c.obj):(.debug_abbrev) is being placed in '.debug_abbrev'
ld.lld: warning: app/libapp.a(zephyr_stdio.c.obj):(.debug_info) is being placed in '.debug_info'
ld.lld: warning: app/libapp.a(zephyr_stdio.c.obj):(.debug_ranges) is being placed in '.debug_ranges'
ld.lld: warning: app/libapp.a(zephyr_stdio.c.obj):(.debug_str) is being placed in '.debug_str'
ld.lld: warning: app/libapp.a(zephyr_stdio.c.obj):(.comment) is being placed in '.comment'
ld.lld: warning: app/libapp.a(zephyr_stdio.c.obj):(.debug_frame) is being placed in '.debug_frame'
ld.lld: warning: app/libapp.a(zephyr_stdio.c.obj):(.debug_line) is being placed in '.debug_line'
ld.lld: warning: app/libapp.a(compat.c.obj):(.debug_loc) is being placed in '.debug_loc'
ld.lld: warning: app/libapp.a(compat.c.obj):(.debug_abbrev) is being placed in '.debug_abbrev'
ld.lld: warning: app/libapp.a(compat.c.obj):(.debug_info) is being placed in '.debug_info'
ld.lld: warning: app/libapp.a(compat.c.obj):(.debug_ranges) is being placed in '.debug_ranges'
ld.lld: warning: app/libapp.a(compat.c.obj):(.debug_str) is being placed in '.debug_str'
ld.lld: warning: app/libapp.a(compat.c.obj):(.comment) is being placed in '.comment'
ld.lld: warning: app/libapp.a(compat.c.obj):(.debug_frame) is being placed in '.debug_frame'
ld.lld: warning: app/libapp.a(compat.c.obj):(.debug_line) is being placed in '.debug_line'
ld.lld: warning: zephyr/libzephyr.a(heap.c.obj):(.debug_loc) is being placed in '.debug_loc'
ld.lld: warning: zephyr/libzephyr.a(heap.c.obj):(.debug_abbrev) is being placed in '.debug_abbrev'
ld.lld: warning: zephyr/libzephyr.a(heap.c.obj):(.debug_info) is being placed in '.debug_info'
ld.lld: warning: zephyr/libzephyr.a(heap.c.obj):(.debug_ranges) is being placed in '.debug_ranges'
ld.lld: warning: zephyr/libzephyr.a(heap.c.obj):(.debug_str) is being placed in '.debug_str'
ld.lld: warning: zephyr/libzephyr.a(heap.c.obj):(.comment) is being placed in '.comment'
ld.lld: warning: zephyr/libzephyr.a(heap.c.obj):(.debug_frame) is being placed in '.debug_frame'
ld.lld: warning: zephyr/libzephyr.a(heap.c.obj):(.debug_line) is being placed in '.debug_line'
ld.lld: warning: zephyr/libzephyr.a(cbprintf_packaged.c.obj):(.debug_loc) is being placed in '.debug_loc'
ld.lld: warning: zephyr/libzephyr.a(cbprintf_packaged.c.obj):(.debug_abbrev) is being placed in '.debug_abbrev'
ld.lld: warning: zephyr/libzephyr.a(cbprintf_packaged.c.obj):(.debug_info) is being placed in '.debug_info'
ld.lld: warning: zephyr/libzephyr.a(cbprintf_packaged.c.obj):(.debug_ranges) is being placed in '.debug_ranges'
ld.lld: warning: zephyr/libzephyr.a(cbprintf_packaged.c.obj):(.debug_str) is being placed in '.debug_str'
ld.lld: warning: zephyr/libzephyr.a(cbprintf_packaged.c.obj):(.comment) is being placed in '.comment'
ld.lld: warning: zephyr/libzephyr.a(cbprintf_packaged.c.obj):(.debug_frame) is being placed in '.debug_frame'
ld.lld: warning: zephyr/libzephyr.a(cbprintf_packaged.c.obj):(.debug_line) is being placed in '.debug_line'
ld.lld: warning: zephyr/libzephyr.a(printk.c.obj):(.debug_loc) is being placed in '.debug_loc'
ld.lld: warning: zephyr/libzephyr.a(printk.c.obj):(.debug_abbrev) is being placed in '.debug_abbrev'
ld.lld: warning: zephyr/libzephyr.a(printk.c.obj):(.debug_info) is being placed in '.debug_info'
ld.lld: warning: zephyr/libzephyr.a(printk.c.obj):(.debug_ranges) is being placed in '.debug_ranges'
ld.lld: warning: zephyr/libzephyr.a(printk.c.obj):(.debug_str) is being placed in '.debug_str'
ld.lld: warning: zephyr/libzephyr.a(printk.c.obj):(.comment) is being placed in '.comment'
ld.lld: warning: zephyr/libzephyr.a(printk.c.obj):(.debug_frame) is being placed in '.debug_frame'
ld.lld: warning: zephyr/libzephyr.a(printk.c.obj):(.debug_line) is being placed in '.debug_line'
ld.lld: warning: zephyr/libzephyr.a(sem.c.obj):(.debug_loc) is being placed in '.debug_loc'
ld.lld: warning: zephyr/libzephyr.a(sem.c.obj):(.debug_abbrev) is being placed in '.debug_abbrev'
ld.lld: warning: zephyr/libzephyr.a(sem.c.obj):(.debug_info) is being placed in '.debug_info'
ld.lld: warning: zephyr/libzephyr.a(sem.c.obj):(.debug_ranges) is being placed in '.debug_ranges'
ld.lld: warning: zephyr/libzephyr.a(sem.c.obj):(.debug_str) is being placed in '.debug_str'
ld.lld: warning: zephyr/libzephyr.a(sem.c.obj):(.comment) is being placed in '.comment'
ld.lld: warning: zephyr/libzephyr.a(sem.c.obj):(.debug_frame) is being placed in '.debug_frame'
ld.lld: warning: zephyr/libzephyr.a(sem.c.obj):(.debug_line) is being placed in '.debug_line'
ld.lld: warning: zephyr/libzephyr.a(thread_entry.c.obj):(.debug_loc) is being placed in '.debug_loc'
ld.lld: warning: zephyr/libzephyr.a(thread_entry.c.obj):(.debug_abbrev) is being placed in '.debug_abbrev'
ld.lld: warning: zephyr/libzephyr.a(thread_entry.c.obj):(.debug_info) is being placed in '.debug_info'
ld.lld: warning: zephyr/libzephyr.a(thread_entry.c.obj):(.debug_ranges) is being placed in '.debug_ranges'
ld.lld: warning: zephyr/libzephyr.a(thread_entry.c.obj):(.debug_str) is being placed in '.debug_str'
ld.lld: warning: zephyr/libzephyr.a(thread_entry.c.obj):(.comment) is being placed in '.comment'
ld.lld: warning: zephyr/libzephyr.a(thread_entry.c.obj):(.debug_frame) is being placed in '.debug_frame'
ld.lld: warning: zephyr/libzephyr.a(thread_entry.c.obj):(.debug_line) is being placed in '.debug_line'
ld.lld: warning: zephyr/libzephyr.a(fdtable.c.obj):(.debug_loc) is being placed in '.debug_loc'
ld.lld: warning: zephyr/libzephyr.a(fdtable.c.obj):(.debug_abbrev) is being placed in '.debug_abbrev'
ld.lld: warning: zephyr/libzephyr.a(fdtable.c.obj):(.debug_info) is being placed in '.debug_info'
ld.lld: warning: zephyr/libzephyr.a(fdtable.c.obj):(.debug_ranges) is being placed in '.debug_ranges'
ld.lld: warning: zephyr/libzephyr.a(fdtable.c.obj):(.debug_str) is being placed in '.debug_str'
ld.lld: warning: zephyr/libzephyr.a(fdtable.c.obj):(.comment) is being placed in '.comment'
ld.lld: warning: zephyr/libzephyr.a(fdtable.c.obj):(.debug_frame) is being placed in '.debug_frame'
ld.lld: warning: zephyr/libzephyr.a(fdtable.c.obj):(.debug_line) is being placed in '.debug_line'
ld.lld: warning: zephyr/libzephyr.a(cbprintf_complete.c.obj):(.debug_loc) is being placed in '.debug_loc'
ld.lld: warning: zephyr/libzephyr.a(cbprintf_complete.c.obj):(.debug_abbrev) is being placed in '.debug_abbrev'
ld.lld: warning: zephyr/libzephyr.a(cbprintf_complete.c.obj):(.debug_info) is being placed in '.debug_info'
ld.lld: warning: zephyr/libzephyr.a(cbprintf_complete.c.obj):(.debug_ranges) is being placed in '.debug_ranges'
ld.lld: warning: zephyr/libzephyr.a(cbprintf_complete.c.obj):(.debug_str) is being placed in '.debug_str'
ld.lld: warning: zephyr/libzephyr.a(cbprintf_complete.c.obj):(.comment) is being placed in '.comment'
ld.lld: warning: zephyr/libzephyr.a(cbprintf_complete.c.obj):(.debug_frame) is being placed in '.debug_frame'
ld.lld: warning: zephyr/libzephyr.a(cbprintf_complete.c.obj):(.debug_line) is being placed in '.debug_line'
ld.lld: warning: zephyr/libzephyr.a(cbprintf.c.obj):(.debug_loc) is being placed in '.debug_loc'
ld.lld: warning: zephyr/libzephyr.a(cbprintf.c.obj):(.debug_abbrev) is being placed in '.debug_abbrev'
ld.lld: warning: zephyr/libzephyr.a(cbprintf.c.obj):(.debug_info) is being placed in '.debug_info'
ld.lld: warning: zephyr/libzephyr.a(cbprintf.c.obj):(.debug_str) is being placed in '.debug_str'
ld.lld: warning: zephyr/libzephyr.a(cbprintf.c.obj):(.comment) is being placed in '.comment'
ld.lld: warning: zephyr/libzephyr.a(cbprintf.c.obj):(.debug_frame) is being placed in '.debug_frame'
ld.lld: warning: zephyr/libzephyr.a(cbprintf.c.obj):(.debug_line) is being placed in '.debug_line'
ld.lld: warning: zephyr/libzephyr.a(assert.c.obj):(.debug_loc) is being placed in '.debug_loc'
ld.lld: warning: zephyr/libzephyr.a(assert.c.obj):(.debug_abbrev) is being placed in '.debug_abbrev'
ld.lld: warning: zephyr/libzephyr.a(assert.c.obj):(.debug_info) is being placed in '.debug_info'
ld.lld: warning: zephyr/libzephyr.a(assert.c.obj):(.debug_ranges) is being placed in '.debug_ranges'
ld.lld: warning: zephyr/libzephyr.a(assert.c.obj):(.debug_str) is being placed in '.debug_str'
ld.lld: warning: zephyr/libzephyr.a(assert.c.obj):(.comment) is being placed in '.comment'
ld.lld: warning: zephyr/libzephyr.a(assert.c.obj):(.debug_frame) is being placed in '.debug_frame'
ld.lld: warning: zephyr/libzephyr.a(assert.c.obj):(.debug_line) is being placed in '.debug_line'
ld.lld: warning: zephyr/libzephyr.a(dec.c.obj):(.debug_loc) is being placed in '.debug_loc'
ld.lld: warning: zephyr/libzephyr.a(dec.c.obj):(.debug_abbrev) is being placed in '.debug_abbrev'
ld.lld: warning: zephyr/libzephyr.a(dec.c.obj):(.debug_info) is being placed in '.debug_info'
ld.lld: warning: zephyr/libzephyr.a(dec.c.obj):(.debug_str) is being placed in '.debug_str'
ld.lld: warning: zephyr/libzephyr.a(dec.c.obj):(.comment) is being placed in '.comment'
ld.lld: warning: zephyr/libzephyr.a(dec.c.obj):(.debug_frame) is being placed in '.debug_frame'
ld.lld: warning: zephyr/libzephyr.a(dec.c.obj):(.debug_line) is being placed in '.debug_line'
ld.lld: warning: zephyr/libzephyr.a(hex.c.obj):(.debug_loc) is being placed in '.debug_loc'
ld.lld: warning: zephyr/libzephyr.a(hex.c.obj):(.debug_abbrev) is being placed in '.debug_abbrev'
ld.lld: warning: zephyr/libzephyr.a(hex.c.obj):(.debug_info) is being placed in '.debug_info'
ld.lld: warning: zephyr/libzephyr.a(hex.c.obj):(.debug_ranges) is being placed in '.debug_ranges'
ld.lld: warning: zephyr/libzephyr.a(hex.c.obj):(.debug_str) is being placed in '.debug_str'
ld.lld: warning: zephyr/libzephyr.a(hex.c.obj):(.comment) is being placed in '.comment'
ld.lld: warning: zephyr/libzephyr.a(hex.c.obj):(.debug_frame) is being placed in '.debug_frame'
ld.lld: warning: zephyr/libzephyr.a(hex.c.obj):(.debug_line) is being placed in '.debug_line'
ld.lld: warning: zephyr/libzephyr.a(rb.c.obj):(.debug_loc) is being placed in '.debug_loc'
ld.lld: warning: zephyr/libzephyr.a(rb.c.obj):(.debug_abbrev) is being placed in '.debug_abbrev'
ld.lld: warning: zephyr/libzephyr.a(rb.c.obj):(.debug_info) is being placed in '.debug_info'
ld.lld: warning: zephyr/libzephyr.a(rb.c.obj):(.debug_ranges) is being placed in '.debug_ranges'
ld.lld: warning: zephyr/libzephyr.a(rb.c.obj):(.debug_str) is being placed in '.debug_str'
ld.lld: warning: zephyr/libzephyr.a(rb.c.obj):(.comment) is being placed in '.comment'
ld.lld: warning: zephyr/libzephyr.a(rb.c.obj):(.debug_frame) is being placed in '.debug_frame'
ld.lld: warning: zephyr/libzephyr.a(rb.c.obj):(.debug_line) is being placed in '.debug_line'
ld.lld: warning: zephyr/libzephyr.a(timeutil.c.obj):(.debug_loc) is being placed in '.debug_loc'
ld.lld: warning: zephyr/libzephyr.a(timeutil.c.obj):(.debug_abbrev) is being placed in '.debug_abbrev'
ld.lld: warning: zephyr/libzephyr.a(timeutil.c.obj):(.debug_info) is being placed in '.debug_info'
ld.lld: warning: zephyr/libzephyr.a(timeutil.c.obj):(.debug_ranges) is being placed in '.debug_ranges'
ld.lld: warning: zephyr/libzephyr.a(timeutil.c.obj):(.debug_str) is being placed in '.debug_str'
ld.lld: warning: zephyr/libzephyr.a(timeutil.c.obj):(.comment) is being placed in '.comment'
ld.lld: warning: zephyr/libzephyr.a(timeutil.c.obj):(.debug_frame) is being placed in '.debug_frame'
ld.lld: warning: zephyr/libzephyr.a(timeutil.c.obj):(.debug_line) is being placed in '.debug_line'
ld.lld: warning: zephyr/libzephyr.a(bitarray.c.obj):(.debug_loc) is being placed in '.debug_loc'
ld.lld: warning: zephyr/libzephyr.a(bitarray.c.obj):(.debug_abbrev) is being placed in '.debug_abbrev'
ld.lld: warning: zephyr/libzephyr.a(bitarray.c.obj):(.debug_info) is being placed in '.debug_info'
ld.lld: warning: zephyr/libzephyr.a(bitarray.c.obj):(.debug_ranges) is being placed in '.debug_ranges'
ld.lld: warning: zephyr/libzephyr.a(bitarray.c.obj):(.debug_str) is being placed in '.debug_str'
ld.lld: warning: zephyr/libzephyr.a(bitarray.c.obj):(.comment) is being placed in '.comment'
ld.lld: warning: zephyr/libzephyr.a(bitarray.c.obj):(.debug_frame) is being placed in '.debug_frame'
ld.lld: warning: zephyr/libzephyr.a(bitarray.c.obj):(.debug_line) is being placed in '.debug_line'
ld.lld: warning: zephyr/libzephyr.a(configs.c.obj):(.debug_abbrev) is being placed in '.debug_abbrev'
ld.lld: warning: zephyr/libzephyr.a(configs.c.obj):(.debug_info) is being placed in '.debug_info'
ld.lld: warning: zephyr/libzephyr.a(configs.c.obj):(.debug_str) is being placed in '.debug_str'
ld.lld: warning: zephyr/libzephyr.a(configs.c.obj):(.comment) is being placed in '.comment'
ld.lld: warning: zephyr/libzephyr.a(configs.c.obj):(.debug_frame) is being placed in '.debug_frame'
ld.lld: warning: zephyr/libzephyr.a(configs.c.obj):(.debug_line) is being placed in '.debug_line'
ld.lld: warning: zephyr/libzephyr.a(log_core.c.obj):(.debug_loc) is being placed in '.debug_loc'
ld.lld: warning: zephyr/libzephyr.a(log_core.c.obj):(.debug_abbrev) is being placed in '.debug_abbrev'
ld.lld: warning: zephyr/libzephyr.a(log_core.c.obj):(.debug_info) is being placed in '.debug_info'
ld.lld: warning: zephyr/libzephyr.a(log_core.c.obj):(.debug_ranges) is being placed in '.debug_ranges'
ld.lld: warning: zephyr/libzephyr.a(log_core.c.obj):(.debug_str) is being placed in '.debug_str'
ld.lld: warning: zephyr/libzephyr.a(log_core.c.obj):(.comment) is being placed in '.comment'
ld.lld: warning: zephyr/libzephyr.a(log_core.c.obj):(.debug_frame) is being placed in '.debug_frame'
ld.lld: warning: zephyr/libzephyr.a(log_core.c.obj):(.debug_line) is being placed in '.debug_line'
ld.lld: warning: zephyr/libzephyr.a(log_mgmt.c.obj):(.debug_loc) is being placed in '.debug_loc'
ld.lld: warning: zephyr/libzephyr.a(log_mgmt.c.obj):(.debug_abbrev) is being placed in '.debug_abbrev'
ld.lld: warning: zephyr/libzephyr.a(log_mgmt.c.obj):(.debug_info) is being placed in '.debug_info'
ld.lld: warning: zephyr/libzephyr.a(log_mgmt.c.obj):(.debug_ranges) is being placed in '.debug_ranges'
ld.lld: warning: zephyr/libzephyr.a(log_mgmt.c.obj):(.debug_str) is being placed in '.debug_str'
ld.lld: warning: zephyr/libzephyr.a(log_mgmt.c.obj):(.comment) is being placed in '.comment'
ld.lld: warning: zephyr/libzephyr.a(log_mgmt.c.obj):(.debug_frame) is being placed in '.debug_frame'
ld.lld: warning: zephyr/libzephyr.a(log_mgmt.c.obj):(.debug_line) is being placed in '.debug_line'
ld.lld: warning: zephyr/libzephyr.a(log_cache.c.obj):(.debug_loc) is being placed in '.debug_loc'
ld.lld: warning: zephyr/libzephyr.a(log_cache.c.obj):(.debug_abbrev) is being placed in '.debug_abbrev'
ld.lld: warning: zephyr/libzephyr.a(log_cache.c.obj):(.debug_info) is being placed in '.debug_info'
ld.lld: warning: zephyr/libzephyr.a(log_cache.c.obj):(.debug_ranges) is being placed in '.debug_ranges'
ld.lld: warning: zephyr/libzephyr.a(log_cache.c.obj):(.debug_str) is being placed in '.debug_str'
ld.lld: warning: zephyr/libzephyr.a(log_cache.c.obj):(.comment) is being placed in '.comment'
ld.lld: warning: zephyr/libzephyr.a(log_cache.c.obj):(.debug_frame) is being placed in '.debug_frame'
ld.lld: warning: zephyr/libzephyr.a(log_cache.c.obj):(.debug_line) is being placed in '.debug_line'
ld.lld: warning: zephyr/libzephyr.a(log_msg.c.obj):(.debug_loc) is being placed in '.debug_loc'
ld.lld: warning: zephyr/libzephyr.a(log_msg.c.obj):(.debug_abbrev) is being placed in '.debug_abbrev'
ld.lld: warning: zephyr/libzephyr.a(log_msg.c.obj):(.debug_info) is being placed in '.debug_info'
ld.lld: warning: zephyr/libzephyr.a(log_msg.c.obj):(.debug_ranges) is being placed in '.debug_ranges'
ld.lld: warning: zephyr/libzephyr.a(log_msg.c.obj):(.debug_str) is being placed in '.debug_str'
ld.lld: warning: zephyr/libzephyr.a(log_msg.c.obj):(.comment) is being placed in '.comment'
ld.lld: warning: zephyr/libzephyr.a(log_msg.c.obj):(.debug_frame) is being placed in '.debug_frame'
ld.lld: warning: zephyr/libzephyr.a(log_msg.c.obj):(.debug_line) is being placed in '.debug_line'
ld.lld: warning: zephyr/libzephyr.a(log_output.c.obj):(.debug_loc) is being placed in '.debug_loc'
ld.lld: warning: zephyr/libzephyr.a(log_output.c.obj):(.debug_abbrev) is being placed in '.debug_abbrev'
ld.lld: warning: zephyr/libzephyr.a(log_output.c.obj):(.debug_info) is being placed in '.debug_info'
ld.lld: warning: zephyr/libzephyr.a(log_output.c.obj):(.debug_ranges) is being placed in '.debug_ranges'
ld.lld: warning: zephyr/libzephyr.a(log_output.c.obj):(.debug_str) is being placed in '.debug_str'
ld.lld: warning: zephyr/libzephyr.a(log_output.c.obj):(.comment) is being placed in '.comment'
ld.lld: warning: zephyr/libzephyr.a(log_output.c.obj):(.debug_frame) is being placed in '.debug_frame'
ld.lld: warning: zephyr/libzephyr.a(log_output.c.obj):(.debug_line) is being placed in '.debug_line'
ld.lld: warning: zephyr/libzephyr.a(log_backend_uart.c.obj):(.debug_loc) is being placed in '.debug_loc'
ld.lld: warning: zephyr/libzephyr.a(log_backend_uart.c.obj):(.debug_abbrev) is being placed in '.debug_abbrev'
ld.lld: warning: zephyr/libzephyr.a(log_backend_uart.c.obj):(.debug_info) is being placed in '.debug_info'
ld.lld: warning: zephyr/libzephyr.a(log_backend_uart.c.obj):(.debug_ranges) is being placed in '.debug_ranges'
ld.lld: warning: zephyr/libzephyr.a(log_backend_uart.c.obj):(.debug_str) is being placed in '.debug_str'
ld.lld: warning: zephyr/libzephyr.a(log_backend_uart.c.obj):(.comment) is being placed in '.comment'
ld.lld: warning: zephyr/libzephyr.a(log_backend_uart.c.obj):(.debug_frame) is being placed in '.debug_frame'
ld.lld: warning: zephyr/libzephyr.a(log_backend_uart.c.obj):(.debug_line) is being placed in '.debug_line'
ld.lld: warning: zephyr/libzephyr.a(tracing_none.c.obj):(.debug_abbrev) is being placed in '.debug_abbrev'
ld.lld: warning: zephyr/libzephyr.a(tracing_none.c.obj):(.debug_info) is being placed in '.debug_info'
ld.lld: warning: zephyr/libzephyr.a(tracing_none.c.obj):(.debug_ranges) is being placed in '.debug_ranges'
ld.lld: warning: zephyr/libzephyr.a(tracing_none.c.obj):(.debug_str) is being placed in '.debug_str'
ld.lld: warning: zephyr/libzephyr.a(tracing_none.c.obj):(.comment) is being placed in '.comment'
ld.lld: warning: zephyr/libzephyr.a(tracing_none.c.obj):(.debug_frame) is being placed in '.debug_frame'
ld.lld: warning: zephyr/libzephyr.a(tracing_none.c.obj):(.debug_line) is being placed in '.debug_line'
ld.lld: warning: zephyr/libzephyr.a(disk_access.c.obj):(.debug_loc) is being placed in '.debug_loc'
ld.lld: warning: zephyr/libzephyr.a(disk_access.c.obj):(.debug_abbrev) is being placed in '.debug_abbrev'
ld.lld: warning: zephyr/libzephyr.a(disk_access.c.obj):(.debug_info) is being placed in '.debug_info'
ld.lld: warning: zephyr/libzephyr.a(disk_access.c.obj):(.debug_ranges) is being placed in '.debug_ranges'
ld.lld: warning: zephyr/libzephyr.a(disk_access.c.obj):(.debug_str) is being placed in '.debug_str'
ld.lld: warning: zephyr/libzephyr.a(disk_access.c.obj):(.comment) is being placed in '.comment'
ld.lld: warning: zephyr/libzephyr.a(disk_access.c.obj):(.debug_frame) is being placed in '.debug_frame'
ld.lld: warning: zephyr/libzephyr.a(disk_access.c.obj):(.debug_line) is being placed in '.debug_line'
ld.lld: warning: zephyr/libzephyr.a(addr_utils.c.obj):(.debug_loc) is being placed in '.debug_loc'
ld.lld: warning: zephyr/libzephyr.a(addr_utils.c.obj):(.debug_abbrev) is being placed in '.debug_abbrev'
ld.lld: warning: zephyr/libzephyr.a(addr_utils.c.obj):(.debug_info) is being placed in '.debug_info'
ld.lld: warning: zephyr/libzephyr.a(addr_utils.c.obj):(.debug_ranges) is being placed in '.debug_ranges'
ld.lld: warning: zephyr/libzephyr.a(addr_utils.c.obj):(.debug_str) is being placed in '.debug_str'
ld.lld: warning: zephyr/libzephyr.a(addr_utils.c.obj):(.comment) is being placed in '.comment'
ld.lld: warning: zephyr/libzephyr.a(addr_utils.c.obj):(.debug_frame) is being placed in '.debug_frame'
ld.lld: warning: zephyr/libzephyr.a(addr_utils.c.obj):(.debug_line) is being placed in '.debug_line'
ld.lld: warning: zephyr/arch/arch/klausscpu/core/lib..__klausscpu-zephyr__arch__klausscpu__core.a(thread.c.obj):(.debug_loc) is being placed in '.debug_loc'
ld.lld: warning: zephyr/arch/arch/klausscpu/core/lib..__klausscpu-zephyr__arch__klausscpu__core.a(thread.c.obj):(.debug_abbrev) is being placed in '.debug_abbrev'
ld.lld: warning: zephyr/arch/arch/klausscpu/core/lib..__klausscpu-zephyr__arch__klausscpu__core.a(thread.c.obj):(.debug_info) is being placed in '.debug_info'
ld.lld: warning: zephyr/arch/arch/klausscpu/core/lib..__klausscpu-zephyr__arch__klausscpu__core.a(thread.c.obj):(.debug_ranges) is being placed in '.debug_ranges'
ld.lld: warning: zephyr/arch/arch/klausscpu/core/lib..__klausscpu-zephyr__arch__klausscpu__core.a(thread.c.obj):(.debug_str) is being placed in '.debug_str'
ld.lld: warning: zephyr/arch/arch/klausscpu/core/lib..__klausscpu-zephyr__arch__klausscpu__core.a(thread.c.obj):(.comment) is being placed in '.comment'
ld.lld: warning: zephyr/arch/arch/klausscpu/core/lib..__klausscpu-zephyr__arch__klausscpu__core.a(thread.c.obj):(.debug_frame) is being placed in '.debug_frame'
ld.lld: warning: zephyr/arch/arch/klausscpu/core/lib..__klausscpu-zephyr__arch__klausscpu__core.a(thread.c.obj):(.debug_line) is being placed in '.debug_line'
ld.lld: warning: zephyr/arch/arch/klausscpu/core/lib..__klausscpu-zephyr__arch__klausscpu__core.a(irq.c.obj):(.debug_loc) is being placed in '.debug_loc'
ld.lld: warning: zephyr/arch/arch/klausscpu/core/lib..__klausscpu-zephyr__arch__klausscpu__core.a(irq.c.obj):(.debug_abbrev) is being placed in '.debug_abbrev'
ld.lld: warning: zephyr/arch/arch/klausscpu/core/lib..__klausscpu-zephyr__arch__klausscpu__core.a(irq.c.obj):(.debug_info) is being placed in '.debug_info'
ld.lld: warning: zephyr/arch/arch/klausscpu/core/lib..__klausscpu-zephyr__arch__klausscpu__core.a(irq.c.obj):(.debug_ranges) is being placed in '.debug_ranges'
ld.lld: warning: zephyr/arch/arch/klausscpu/core/lib..__klausscpu-zephyr__arch__klausscpu__core.a(irq.c.obj):(.debug_str) is being placed in '.debug_str'
ld.lld: warning: zephyr/arch/arch/klausscpu/core/lib..__klausscpu-zephyr__arch__klausscpu__core.a(irq.c.obj):(.comment) is being placed in '.comment'
ld.lld: warning: zephyr/arch/arch/klausscpu/core/lib..__klausscpu-zephyr__arch__klausscpu__core.a(irq.c.obj):(.debug_frame) is being placed in '.debug_frame'
ld.lld: warning: zephyr/arch/arch/klausscpu/core/lib..__klausscpu-zephyr__arch__klausscpu__core.a(irq.c.obj):(.debug_line) is being placed in '.debug_line'
ld.lld: warning: zephyr/arch/arch/klausscpu/core/lib..__klausscpu-zephyr__arch__klausscpu__core.a(fatal.c.obj):(.debug_loc) is being placed in '.debug_loc'
ld.lld: warning: zephyr/arch/arch/klausscpu/core/lib..__klausscpu-zephyr__arch__klausscpu__core.a(fatal.c.obj):(.debug_abbrev) is being placed in '.debug_abbrev'
ld.lld: warning: zephyr/arch/arch/klausscpu/core/lib..__klausscpu-zephyr__arch__klausscpu__core.a(fatal.c.obj):(.debug_info) is being placed in '.debug_info'
ld.lld: warning: zephyr/arch/arch/klausscpu/core/lib..__klausscpu-zephyr__arch__klausscpu__core.a(fatal.c.obj):(.debug_ranges) is being placed in '.debug_ranges'
ld.lld: warning: zephyr/arch/arch/klausscpu/core/lib..__klausscpu-zephyr__arch__klausscpu__core.a(fatal.c.obj):(.debug_str) is being placed in '.debug_str'
ld.lld: warning: zephyr/arch/arch/klausscpu/core/lib..__klausscpu-zephyr__arch__klausscpu__core.a(fatal.c.obj):(.comment) is being placed in '.comment'
ld.lld: warning: zephyr/arch/arch/klausscpu/core/lib..__klausscpu-zephyr__arch__klausscpu__core.a(fatal.c.obj):(.debug_frame) is being placed in '.debug_frame'
ld.lld: warning: zephyr/arch/arch/klausscpu/core/lib..__klausscpu-zephyr__arch__klausscpu__core.a(fatal.c.obj):(.debug_line) is being placed in '.debug_line'
ld.lld: warning: zephyr/arch/arch/klausscpu/core/lib..__klausscpu-zephyr__arch__klausscpu__core.a(swap.S.obj):(.debug_info) is being placed in '.debug_info'
ld.lld: warning: zephyr/arch/arch/klausscpu/core/lib..__klausscpu-zephyr__arch__klausscpu__core.a(swap.S.obj):(.debug_abbrev) is being placed in '.debug_abbrev'
ld.lld: warning: zephyr/arch/arch/klausscpu/core/lib..__klausscpu-zephyr__arch__klausscpu__core.a(swap.S.obj):(.debug_aranges) is being placed in '.debug_aranges'
ld.lld: warning: zephyr/arch/arch/klausscpu/core/lib..__klausscpu-zephyr__arch__klausscpu__core.a(swap.S.obj):(.debug_ranges) is being placed in '.debug_ranges'
ld.lld: warning: zephyr/arch/arch/klausscpu/core/lib..__klausscpu-zephyr__arch__klausscpu__core.a(swap.S.obj):(.debug_line) is being placed in '.debug_line'
ld.lld: warning: zephyr/lib/libc/minimal/liblib__libc__minimal.a(atoi.c.obj):(.debug_loc) is being placed in '.debug_loc'
ld.lld: warning: zephyr/lib/libc/minimal/liblib__libc__minimal.a(atoi.c.obj):(.debug_abbrev) is being placed in '.debug_abbrev'
ld.lld: warning: zephyr/lib/libc/minimal/liblib__libc__minimal.a(atoi.c.obj):(.debug_info) is being placed in '.debug_info'
ld.lld: warning: zephyr/lib/libc/minimal/liblib__libc__minimal.a(atoi.c.obj):(.debug_ranges) is being placed in '.debug_ranges'
ld.lld: warning: zephyr/lib/libc/minimal/liblib__libc__minimal.a(atoi.c.obj):(.debug_str) is being placed in '.debug_str'
ld.lld: warning: zephyr/lib/libc/minimal/liblib__libc__minimal.a(atoi.c.obj):(.comment) is being placed in '.comment'
ld.lld: warning: zephyr/lib/libc/minimal/liblib__libc__minimal.a(atoi.c.obj):(.debug_frame) is being placed in '.debug_frame'
ld.lld: warning: zephyr/lib/libc/minimal/liblib__libc__minimal.a(atoi.c.obj):(.debug_line) is being placed in '.debug_line'
ld.lld: warning: zephyr/lib/libc/minimal/liblib__libc__minimal.a(strtol.c.obj):(.debug_loc) is being placed in '.debug_loc'
ld.lld: warning: zephyr/lib/libc/minimal/liblib__libc__minimal.a(strtol.c.obj):(.debug_abbrev) is being placed in '.debug_abbrev'
ld.lld: warning: zephyr/lib/libc/minimal/liblib__libc__minimal.a(strtol.c.obj):(.debug_info) is being placed in '.debug_info'
ld.lld: warning: zephyr/lib/libc/minimal/liblib__libc__minimal.a(strtol.c.obj):(.debug_str) is being placed in '.debug_str'
ld.lld: warning: zephyr/lib/libc/minimal/liblib__libc__minimal.a(strtol.c.obj):(.comment) is being placed in '.comment'
ld.lld: warning: zephyr/lib/libc/minimal/liblib__libc__minimal.a(strtol.c.obj):(.debug_frame) is being placed in '.debug_frame'
ld.lld: warning: zephyr/lib/libc/minimal/liblib__libc__minimal.a(strtol.c.obj):(.debug_line) is being placed in '.debug_line'
ld.lld: warning: zephyr/lib/libc/minimal/liblib__libc__minimal.a(strtoul.c.obj):(.debug_loc) is being placed in '.debug_loc'
ld.lld: warning: zephyr/lib/libc/minimal/liblib__libc__minimal.a(strtoul.c.obj):(.debug_abbrev) is being placed in '.debug_abbrev'
ld.lld: warning: zephyr/lib/libc/minimal/liblib__libc__minimal.a(strtoul.c.obj):(.debug_info) is being placed in '.debug_info'
ld.lld: warning: zephyr/lib/libc/minimal/liblib__libc__minimal.a(strtoul.c.obj):(.debug_str) is being placed in '.debug_str'
ld.lld: warning: zephyr/lib/libc/minimal/liblib__libc__minimal.a(strtoul.c.obj):(.comment) is being placed in '.comment'
ld.lld: warning: zephyr/lib/libc/minimal/liblib__libc__minimal.a(strtoul.c.obj):(.debug_frame) is being placed in '.debug_frame'
ld.lld: warning: zephyr/lib/libc/minimal/liblib__libc__minimal.a(strtoul.c.obj):(.debug_line) is being placed in '.debug_line'
ld.lld: warning: zephyr/lib/libc/minimal/liblib__libc__minimal.a(strtoll.c.obj):(.debug_loc) is being placed in '.debug_loc'
ld.lld: warning: zephyr/lib/libc/minimal/liblib__libc__minimal.a(strtoll.c.obj):(.debug_abbrev) is being placed in '.debug_abbrev'
ld.lld: warning: zephyr/lib/libc/minimal/liblib__libc__minimal.a(strtoll.c.obj):(.debug_info) is being placed in '.debug_info'
ld.lld: warning: zephyr/lib/libc/minimal/liblib__libc__minimal.a(strtoll.c.obj):(.debug_str) is being placed in '.debug_str'
ld.lld: warning: zephyr/lib/libc/minimal/liblib__libc__minimal.a(strtoll.c.obj):(.comment) is being placed in '.comment'
ld.lld: warning: zephyr/lib/libc/minimal/liblib__libc__minimal.a(strtoll.c.obj):(.debug_frame) is being placed in '.debug_frame'
ld.lld: warning: zephyr/lib/libc/minimal/liblib__libc__minimal.a(strtoll.c.obj):(.debug_line) is being placed in '.debug_line'
ld.lld: warning: zephyr/lib/libc/minimal/liblib__libc__minimal.a(strtoull.c.obj):(.debug_loc) is being placed in '.debug_loc'
ld.lld: warning: zephyr/lib/libc/minimal/liblib__libc__minimal.a(strtoull.c.obj):(.debug_abbrev) is being placed in '.debug_abbrev'
ld.lld: warning: zephyr/lib/libc/minimal/liblib__libc__minimal.a(strtoull.c.obj):(.debug_info) is being placed in '.debug_info'
ld.lld: warning: zephyr/lib/libc/minimal/liblib__libc__minimal.a(strtoull.c.obj):(.debug_str) is being placed in '.debug_str'
ld.lld: warning: zephyr/lib/libc/minimal/liblib__libc__minimal.a(strtoull.c.obj):(.comment) is being placed in '.comment'
ld.lld: warning: zephyr/lib/libc/minimal/liblib__libc__minimal.a(strtoull.c.obj):(.debug_frame) is being placed in '.debug_frame'
ld.lld: warning: zephyr/lib/libc/minimal/liblib__libc__minimal.a(strtoull.c.obj):(.debug_line) is being placed in '.debug_line'
ld.lld: warning: zephyr/lib/libc/minimal/liblib__libc__minimal.a(bsearch.c.obj):(.debug_loc) is being placed in '.debug_loc'
ld.lld: warning: zephyr/lib/libc/minimal/liblib__libc__minimal.a(bsearch.c.obj):(.debug_abbrev) is being placed in '.debug_abbrev'
ld.lld: warning: zephyr/lib/libc/minimal/liblib__libc__minimal.a(bsearch.c.obj):(.debug_info) is being placed in '.debug_info'
ld.lld: warning: zephyr/lib/libc/minimal/liblib__libc__minimal.a(bsearch.c.obj):(.debug_str) is being placed in '.debug_str'
ld.lld: warning: zephyr/lib/libc/minimal/liblib__libc__minimal.a(bsearch.c.obj):(.comment) is being placed in '.comment'
ld.lld: warning: zephyr/lib/libc/minimal/liblib__libc__minimal.a(bsearch.c.obj):(.debug_frame) is being placed in '.debug_frame'
ld.lld: warning: zephyr/lib/libc/minimal/liblib__libc__minimal.a(bsearch.c.obj):(.debug_line) is being placed in '.debug_line'
ld.lld: warning: zephyr/lib/libc/minimal/liblib__libc__minimal.a(exit.c.obj):(.debug_loc) is being placed in '.debug_loc'
ld.lld: warning: zephyr/lib/libc/minimal/liblib__libc__minimal.a(exit.c.obj):(.debug_abbrev) is being placed in '.debug_abbrev'
ld.lld: warning: zephyr/lib/libc/minimal/liblib__libc__minimal.a(exit.c.obj):(.debug_info) is being placed in '.debug_info'
ld.lld: warning: zephyr/lib/libc/minimal/liblib__libc__minimal.a(exit.c.obj):(.debug_str) is being placed in '.debug_str'
ld.lld: warning: zephyr/lib/libc/minimal/liblib__libc__minimal.a(exit.c.obj):(.comment) is being placed in '.comment'
ld.lld: warning: zephyr/lib/libc/minimal/liblib__libc__minimal.a(exit.c.obj):(.debug_frame) is being placed in '.debug_frame'
ld.lld: warning: zephyr/lib/libc/minimal/liblib__libc__minimal.a(exit.c.obj):(.debug_line) is being placed in '.debug_line'
ld.lld: warning: zephyr/lib/libc/minimal/liblib__libc__minimal.a(qsort.c.obj):(.debug_loc) is being placed in '.debug_loc'
ld.lld: warning: zephyr/lib/libc/minimal/liblib__libc__minimal.a(qsort.c.obj):(.debug_abbrev) is being placed in '.debug_abbrev'
ld.lld: warning: zephyr/lib/libc/minimal/liblib__libc__minimal.a(qsort.c.obj):(.debug_info) is being placed in '.debug_info'
ld.lld: warning: zephyr/lib/libc/minimal/liblib__libc__minimal.a(qsort.c.obj):(.debug_ranges) is being placed in '.debug_ranges'
ld.lld: warning: zephyr/lib/libc/minimal/liblib__libc__minimal.a(qsort.c.obj):(.debug_str) is being placed in '.debug_str'
ld.lld: warning: zephyr/lib/libc/minimal/liblib__libc__minimal.a(qsort.c.obj):(.comment) is being placed in '.comment'
ld.lld: warning: zephyr/lib/libc/minimal/liblib__libc__minimal.a(qsort.c.obj):(.debug_frame) is being placed in '.debug_frame'
ld.lld: warning: zephyr/lib/libc/minimal/liblib__libc__minimal.a(qsort.c.obj):(.debug_line) is being placed in '.debug_line'
ld.lld: warning: zephyr/lib/libc/minimal/liblib__libc__minimal.a(strerror.c.obj):(.debug_loc) is being placed in '.debug_loc'
ld.lld: warning: zephyr/lib/libc/minimal/liblib__libc__minimal.a(strerror.c.obj):(.debug_abbrev) is being placed in '.debug_abbrev'
ld.lld: warning: zephyr/lib/libc/minimal/liblib__libc__minimal.a(strerror.c.obj):(.debug_info) is being placed in '.debug_info'
ld.lld: warning: zephyr/lib/libc/minimal/liblib__libc__minimal.a(strerror.c.obj):(.debug_ranges) is being placed in '.debug_ranges'
ld.lld: warning: zephyr/lib/libc/minimal/liblib__libc__minimal.a(strerror.c.obj):(.debug_str) is being placed in '.debug_str'
ld.lld: warning: zephyr/lib/libc/minimal/liblib__libc__minimal.a(strerror.c.obj):(.comment) is being placed in '.comment'
ld.lld: warning: zephyr/lib/libc/minimal/liblib__libc__minimal.a(strerror.c.obj):(.debug_frame) is being placed in '.debug_frame'
ld.lld: warning: zephyr/lib/libc/minimal/liblib__libc__minimal.a(strerror.c.obj):(.debug_line) is being placed in '.debug_line'
ld.lld: warning: zephyr/lib/libc/minimal/liblib__libc__minimal.a(strncasecmp.c.obj):(.debug_loc) is being placed in '.debug_loc'
ld.lld: warning: zephyr/lib/libc/minimal/liblib__libc__minimal.a(strncasecmp.c.obj):(.debug_abbrev) is being placed in '.debug_abbrev'
ld.lld: warning: zephyr/lib/libc/minimal/liblib__libc__minimal.a(strncasecmp.c.obj):(.debug_info) is being placed in '.debug_info'
ld.lld: warning: zephyr/lib/libc/minimal/liblib__libc__minimal.a(strncasecmp.c.obj):(.debug_str) is being placed in '.debug_str'
ld.lld: warning: zephyr/lib/libc/minimal/liblib__libc__minimal.a(strncasecmp.c.obj):(.comment) is being placed in '.comment'
ld.lld: warning: zephyr/lib/libc/minimal/liblib__libc__minimal.a(strncasecmp.c.obj):(.debug_frame) is being placed in '.debug_frame'
ld.lld: warning: zephyr/lib/libc/minimal/liblib__libc__minimal.a(strncasecmp.c.obj):(.debug_line) is being placed in '.debug_line'
ld.lld: warning: zephyr/lib/libc/minimal/liblib__libc__minimal.a(strstr.c.obj):(.debug_loc) is being placed in '.debug_loc'
ld.lld: warning: zephyr/lib/libc/minimal/liblib__libc__minimal.a(strstr.c.obj):(.debug_abbrev) is being placed in '.debug_abbrev'
ld.lld: warning: zephyr/lib/libc/minimal/liblib__libc__minimal.a(strstr.c.obj):(.debug_info) is being placed in '.debug_info'
ld.lld: warning: zephyr/lib/libc/minimal/liblib__libc__minimal.a(strstr.c.obj):(.debug_str) is being placed in '.debug_str'
ld.lld: warning: zephyr/lib/libc/minimal/liblib__libc__minimal.a(strstr.c.obj):(.comment) is being placed in '.comment'
ld.lld: warning: zephyr/lib/libc/minimal/liblib__libc__minimal.a(strstr.c.obj):(.debug_frame) is being placed in '.debug_frame'
ld.lld: warning: zephyr/lib/libc/minimal/liblib__libc__minimal.a(strstr.c.obj):(.debug_line) is being placed in '.debug_line'
ld.lld: warning: zephyr/lib/libc/minimal/liblib__libc__minimal.a(string.c.obj):(.debug_loc) is being placed in '.debug_loc'
ld.lld: warning: zephyr/lib/libc/minimal/liblib__libc__minimal.a(string.c.obj):(.debug_abbrev) is being placed in '.debug_abbrev'
ld.lld: warning: zephyr/lib/libc/minimal/liblib__libc__minimal.a(string.c.obj):(.debug_info) is being placed in '.debug_info'
ld.lld: warning: zephyr/lib/libc/minimal/liblib__libc__minimal.a(string.c.obj):(.debug_ranges) is being placed in '.debug_ranges'
ld.lld: warning: zephyr/lib/libc/minimal/liblib__libc__minimal.a(string.c.obj):(.debug_str) is being placed in '.debug_str'
ld.lld: warning: zephyr/lib/libc/minimal/liblib__libc__minimal.a(string.c.obj):(.comment) is being placed in '.comment'
ld.lld: warning: zephyr/lib/libc/minimal/liblib__libc__minimal.a(string.c.obj):(.debug_frame) is being placed in '.debug_frame'
ld.lld: warning: zephyr/lib/libc/minimal/liblib__libc__minimal.a(string.c.obj):(.debug_line) is being placed in '.debug_line'
ld.lld: warning: zephyr/lib/libc/minimal/liblib__libc__minimal.a(strspn.c.obj):(.debug_loc) is being placed in '.debug_loc'
ld.lld: warning: zephyr/lib/libc/minimal/liblib__libc__minimal.a(strspn.c.obj):(.debug_abbrev) is being placed in '.debug_abbrev'
ld.lld: warning: zephyr/lib/libc/minimal/liblib__libc__minimal.a(strspn.c.obj):(.debug_info) is being placed in '.debug_info'
ld.lld: warning: zephyr/lib/libc/minimal/liblib__libc__minimal.a(strspn.c.obj):(.debug_ranges) is being placed in '.debug_ranges'
ld.lld: warning: zephyr/lib/libc/minimal/liblib__libc__minimal.a(strspn.c.obj):(.debug_str) is being placed in '.debug_str'
ld.lld: warning: zephyr/lib/libc/minimal/liblib__libc__minimal.a(strspn.c.obj):(.comment) is being placed in '.comment'
ld.lld: warning: zephyr/lib/libc/minimal/liblib__libc__minimal.a(strspn.c.obj):(.debug_frame) is being placed in '.debug_frame'
ld.lld: warning: zephyr/lib/libc/minimal/liblib__libc__minimal.a(strspn.c.obj):(.debug_line) is being placed in '.debug_line'
ld.lld: warning: zephyr/lib/libc/minimal/liblib__libc__minimal.a(stdout_console.c.obj):(.debug_loc) is being placed in '.debug_loc'
ld.lld: warning: zephyr/lib/libc/minimal/liblib__libc__minimal.a(stdout_console.c.obj):(.debug_abbrev) is being placed in '.debug_abbrev'
ld.lld: warning: zephyr/lib/libc/minimal/liblib__libc__minimal.a(stdout_console.c.obj):(.debug_info) is being placed in '.debug_info'
ld.lld: warning: zephyr/lib/libc/minimal/liblib__libc__minimal.a(stdout_console.c.obj):(.debug_ranges) is being placed in '.debug_ranges'
ld.lld: warning: zephyr/lib/libc/minimal/liblib__libc__minimal.a(stdout_console.c.obj):(.debug_str) is being placed in '.debug_str'
ld.lld: warning: zephyr/lib/libc/minimal/liblib__libc__minimal.a(stdout_console.c.obj):(.comment) is being placed in '.comment'
ld.lld: warning: zephyr/lib/libc/minimal/liblib__libc__minimal.a(stdout_console.c.obj):(.debug_frame) is being placed in '.debug_frame'
ld.lld: warning: zephyr/lib/libc/minimal/liblib__libc__minimal.a(stdout_console.c.obj):(.debug_line) is being placed in '.debug_line'
ld.lld: warning: zephyr/lib/libc/minimal/liblib__libc__minimal.a(sprintf.c.obj):(.debug_loc) is being placed in '.debug_loc'
ld.lld: warning: zephyr/lib/libc/minimal/liblib__libc__minimal.a(sprintf.c.obj):(.debug_abbrev) is being placed in '.debug_abbrev'
ld.lld: warning: zephyr/lib/libc/minimal/liblib__libc__minimal.a(sprintf.c.obj):(.debug_info) is being placed in '.debug_info'
ld.lld: warning: zephyr/lib/libc/minimal/liblib__libc__minimal.a(sprintf.c.obj):(.debug_ranges) is being placed in '.debug_ranges'
ld.lld: warning: zephyr/lib/libc/minimal/liblib__libc__minimal.a(sprintf.c.obj):(.debug_str) is being placed in '.debug_str'
ld.lld: warning: zephyr/lib/libc/minimal/liblib__libc__minimal.a(sprintf.c.obj):(.comment) is being placed in '.comment'
ld.lld: warning: zephyr/lib/libc/minimal/liblib__libc__minimal.a(sprintf.c.obj):(.debug_frame) is being placed in '.debug_frame'
ld.lld: warning: zephyr/lib/libc/minimal/liblib__libc__minimal.a(sprintf.c.obj):(.debug_line) is being placed in '.debug_line'
ld.lld: warning: zephyr/lib/libc/minimal/liblib__libc__minimal.a(fprintf.c.obj):(.debug_loc) is being placed in '.debug_loc'
ld.lld: warning: zephyr/lib/libc/minimal/liblib__libc__minimal.a(fprintf.c.obj):(.debug_abbrev) is being placed in '.debug_abbrev'
ld.lld: warning: zephyr/lib/libc/minimal/liblib__libc__minimal.a(fprintf.c.obj):(.debug_info) is being placed in '.debug_info'
ld.lld: warning: zephyr/lib/libc/minimal/liblib__libc__minimal.a(fprintf.c.obj):(.debug_ranges) is being placed in '.debug_ranges'
ld.lld: warning: zephyr/lib/libc/minimal/liblib__libc__minimal.a(fprintf.c.obj):(.debug_str) is being placed in '.debug_str'
ld.lld: warning: zephyr/lib/libc/minimal/liblib__libc__minimal.a(fprintf.c.obj):(.comment) is being placed in '.comment'
ld.lld: warning: zephyr/lib/libc/minimal/liblib__libc__minimal.a(fprintf.c.obj):(.debug_frame) is being placed in '.debug_frame'
ld.lld: warning: zephyr/lib/libc/minimal/liblib__libc__minimal.a(fprintf.c.obj):(.debug_line) is being placed in '.debug_line'
ld.lld: warning: zephyr/lib/libc/minimal/liblib__libc__minimal.a(sqrtf.c.obj):(.debug_loc) is being placed in '.debug_loc'
ld.lld: warning: zephyr/lib/libc/minimal/liblib__libc__minimal.a(sqrtf.c.obj):(.debug_abbrev) is being placed in '.debug_abbrev'
ld.lld: warning: zephyr/lib/libc/minimal/liblib__libc__minimal.a(sqrtf.c.obj):(.debug_info) is being placed in '.debug_info'
ld.lld: warning: zephyr/lib/libc/minimal/liblib__libc__minimal.a(sqrtf.c.obj):(.debug_str) is being placed in '.debug_str'
ld.lld: warning: zephyr/lib/libc/minimal/liblib__libc__minimal.a(sqrtf.c.obj):(.comment) is being placed in '.comment'
ld.lld: warning: zephyr/lib/libc/minimal/liblib__libc__minimal.a(sqrtf.c.obj):(.debug_frame) is being placed in '.debug_frame'
ld.lld: warning: zephyr/lib/libc/minimal/liblib__libc__minimal.a(sqrtf.c.obj):(.debug_line) is being placed in '.debug_line'
ld.lld: warning: zephyr/lib/libc/minimal/liblib__libc__minimal.a(sqrt.c.obj):(.debug_loc) is being placed in '.debug_loc'
ld.lld: warning: zephyr/lib/libc/minimal/liblib__libc__minimal.a(sqrt.c.obj):(.debug_abbrev) is being placed in '.debug_abbrev'
ld.lld: warning: zephyr/lib/libc/minimal/liblib__libc__minimal.a(sqrt.c.obj):(.debug_info) is being placed in '.debug_info'
ld.lld: warning: zephyr/lib/libc/minimal/liblib__libc__minimal.a(sqrt.c.obj):(.debug_str) is being placed in '.debug_str'
ld.lld: warning: zephyr/lib/libc/minimal/liblib__libc__minimal.a(sqrt.c.obj):(.comment) is being placed in '.comment'
ld.lld: warning: zephyr/lib/libc/minimal/liblib__libc__minimal.a(sqrt.c.obj):(.debug_frame) is being placed in '.debug_frame'
ld.lld: warning: zephyr/lib/libc/minimal/liblib__libc__minimal.a(sqrt.c.obj):(.debug_line) is being placed in '.debug_line'
ld.lld: warning: zephyr/lib/libc/minimal/liblib__libc__minimal.a(gmtime.c.obj):(.debug_loc) is being placed in '.debug_loc'
ld.lld: warning: zephyr/lib/libc/minimal/liblib__libc__minimal.a(gmtime.c.obj):(.debug_abbrev) is being placed in '.debug_abbrev'
ld.lld: warning: zephyr/lib/libc/minimal/liblib__libc__minimal.a(gmtime.c.obj):(.debug_info) is being placed in '.debug_info'
ld.lld: warning: zephyr/lib/libc/minimal/liblib__libc__minimal.a(gmtime.c.obj):(.debug_str) is being placed in '.debug_str'
ld.lld: warning: zephyr/lib/libc/minimal/liblib__libc__minimal.a(gmtime.c.obj):(.comment) is being placed in '.comment'
ld.lld: warning: zephyr/lib/libc/minimal/liblib__libc__minimal.a(gmtime.c.obj):(.debug_frame) is being placed in '.debug_frame'
ld.lld: warning: zephyr/lib/libc/minimal/liblib__libc__minimal.a(gmtime.c.obj):(.debug_line) is being placed in '.debug_line'
ld.lld: warning: zephyr/lib/libc/common/liblib__libc__common.a(abort.c.obj):(.debug_abbrev) is being placed in '.debug_abbrev'
ld.lld: warning: zephyr/lib/libc/common/liblib__libc__common.a(abort.c.obj):(.debug_info) is being placed in '.debug_info'
ld.lld: warning: zephyr/lib/libc/common/liblib__libc__common.a(abort.c.obj):(.debug_str) is being placed in '.debug_str'
ld.lld: warning: zephyr/lib/libc/common/liblib__libc__common.a(abort.c.obj):(.comment) is being placed in '.comment'
ld.lld: warning: zephyr/lib/libc/common/liblib__libc__common.a(abort.c.obj):(.debug_frame) is being placed in '.debug_frame'
ld.lld: warning: zephyr/lib/libc/common/liblib__libc__common.a(abort.c.obj):(.debug_line) is being placed in '.debug_line'
ld.lld: warning: zephyr/lib/libc/common/liblib__libc__common.a(gmtime_r.c.obj):(.debug_loc) is being placed in '.debug_loc'
ld.lld: warning: zephyr/lib/libc/common/liblib__libc__common.a(gmtime_r.c.obj):(.debug_abbrev) is being placed in '.debug_abbrev'
ld.lld: warning: zephyr/lib/libc/common/liblib__libc__common.a(gmtime_r.c.obj):(.debug_info) is being placed in '.debug_info'
ld.lld: warning: zephyr/lib/libc/common/liblib__libc__common.a(gmtime_r.c.obj):(.debug_ranges) is being placed in '.debug_ranges'
ld.lld: warning: zephyr/lib/libc/common/liblib__libc__common.a(gmtime_r.c.obj):(.debug_str) is being placed in '.debug_str'
ld.lld: warning: zephyr/lib/libc/common/liblib__libc__common.a(gmtime_r.c.obj):(.comment) is being placed in '.comment'
ld.lld: warning: zephyr/lib/libc/common/liblib__libc__common.a(gmtime_r.c.obj):(.debug_frame) is being placed in '.debug_frame'
ld.lld: warning: zephyr/lib/libc/common/liblib__libc__common.a(gmtime_r.c.obj):(.debug_line) is being placed in '.debug_line'
ld.lld: warning: zephyr/lib/libc/common/liblib__libc__common.a(malloc.c.obj):(.debug_loc) is being placed in '.debug_loc'
ld.lld: warning: zephyr/lib/libc/common/liblib__libc__common.a(malloc.c.obj):(.debug_abbrev) is being placed in '.debug_abbrev'
ld.lld: warning: zephyr/lib/libc/common/liblib__libc__common.a(malloc.c.obj):(.debug_info) is being placed in '.debug_info'
ld.lld: warning: zephyr/lib/libc/common/liblib__libc__common.a(malloc.c.obj):(.debug_ranges) is being placed in '.debug_ranges'
ld.lld: warning: zephyr/lib/libc/common/liblib__libc__common.a(malloc.c.obj):(.debug_str) is being placed in '.debug_str'
ld.lld: warning: zephyr/lib/libc/common/liblib__libc__common.a(malloc.c.obj):(.comment) is being placed in '.comment'
ld.lld: warning: zephyr/lib/libc/common/liblib__libc__common.a(malloc.c.obj):(.debug_frame) is being placed in '.debug_frame'
ld.lld: warning: zephyr/lib/libc/common/liblib__libc__common.a(malloc.c.obj):(.debug_line) is being placed in '.debug_line'
ld.lld: warning: zephyr/lib/libc/common/liblib__libc__common.a(strnlen.c.obj):(.debug_loc) is being placed in '.debug_loc'
ld.lld: warning: zephyr/lib/libc/common/liblib__libc__common.a(strnlen.c.obj):(.debug_abbrev) is being placed in '.debug_abbrev'
ld.lld: warning: zephyr/lib/libc/common/liblib__libc__common.a(strnlen.c.obj):(.debug_info) is being placed in '.debug_info'
ld.lld: warning: zephyr/lib/libc/common/liblib__libc__common.a(strnlen.c.obj):(.debug_str) is being placed in '.debug_str'
ld.lld: warning: zephyr/lib/libc/common/liblib__libc__common.a(strnlen.c.obj):(.comment) is being placed in '.comment'
ld.lld: warning: zephyr/lib/libc/common/liblib__libc__common.a(strnlen.c.obj):(.debug_frame) is being placed in '.debug_frame'
ld.lld: warning: zephyr/lib/libc/common/liblib__libc__common.a(strnlen.c.obj):(.debug_line) is being placed in '.debug_line'
ld.lld: warning: zephyr/subsys/fs/libsubsys__fs.a(fs.c.obj):(.debug_loc) is being placed in '.debug_loc'
ld.lld: warning: zephyr/subsys/fs/libsubsys__fs.a(fs.c.obj):(.debug_abbrev) is being placed in '.debug_abbrev'
ld.lld: warning: zephyr/subsys/fs/libsubsys__fs.a(fs.c.obj):(.debug_info) is being placed in '.debug_info'
ld.lld: warning: zephyr/subsys/fs/libsubsys__fs.a(fs.c.obj):(.debug_ranges) is being placed in '.debug_ranges'
ld.lld: warning: zephyr/subsys/fs/libsubsys__fs.a(fs.c.obj):(.debug_str) is being placed in '.debug_str'
ld.lld: warning: zephyr/subsys/fs/libsubsys__fs.a(fs.c.obj):(.comment) is being placed in '.comment'
ld.lld: warning: zephyr/subsys/fs/libsubsys__fs.a(fs.c.obj):(.debug_frame) is being placed in '.debug_frame'
ld.lld: warning: zephyr/subsys/fs/libsubsys__fs.a(fs.c.obj):(.debug_line) is being placed in '.debug_line'
ld.lld: warning: zephyr/subsys/fs/libsubsys__fs.a(fs_impl.c.obj):(.debug_loc) is being placed in '.debug_loc'
ld.lld: warning: zephyr/subsys/fs/libsubsys__fs.a(fs_impl.c.obj):(.debug_abbrev) is being placed in '.debug_abbrev'
ld.lld: warning: zephyr/subsys/fs/libsubsys__fs.a(fs_impl.c.obj):(.debug_info) is being placed in '.debug_info'
ld.lld: warning: zephyr/subsys/fs/libsubsys__fs.a(fs_impl.c.obj):(.debug_str) is being placed in '.debug_str'
ld.lld: warning: zephyr/subsys/fs/libsubsys__fs.a(fs_impl.c.obj):(.comment) is being placed in '.comment'
ld.lld: warning: zephyr/subsys/fs/libsubsys__fs.a(fs_impl.c.obj):(.debug_frame) is being placed in '.debug_frame'
ld.lld: warning: zephyr/subsys/fs/libsubsys__fs.a(fs_impl.c.obj):(.debug_line) is being placed in '.debug_line'
ld.lld: warning: zephyr/subsys/fs/libsubsys__fs.a(fat_fs.c.obj):(.debug_loc) is being placed in '.debug_loc'
ld.lld: warning: zephyr/subsys/fs/libsubsys__fs.a(fat_fs.c.obj):(.debug_abbrev) is being placed in '.debug_abbrev'
ld.lld: warning: zephyr/subsys/fs/libsubsys__fs.a(fat_fs.c.obj):(.debug_info) is being placed in '.debug_info'
ld.lld: warning: zephyr/subsys/fs/libsubsys__fs.a(fat_fs.c.obj):(.debug_ranges) is being placed in '.debug_ranges'
ld.lld: warning: zephyr/subsys/fs/libsubsys__fs.a(fat_fs.c.obj):(.debug_str) is being placed in '.debug_str'
ld.lld: warning: zephyr/subsys/fs/libsubsys__fs.a(fat_fs.c.obj):(.comment) is being placed in '.comment'
ld.lld: warning: zephyr/subsys/fs/libsubsys__fs.a(fat_fs.c.obj):(.debug_frame) is being placed in '.debug_frame'
ld.lld: warning: zephyr/subsys/fs/libsubsys__fs.a(fat_fs.c.obj):(.debug_line) is being placed in '.debug_line'
ld.lld: warning: zephyr/subsys/net/libsubsys__net.a(buf.c.obj):(.debug_loc) is being placed in '.debug_loc'
ld.lld: warning: zephyr/subsys/net/libsubsys__net.a(buf.c.obj):(.debug_abbrev) is being placed in '.debug_abbrev'
ld.lld: warning: zephyr/subsys/net/libsubsys__net.a(buf.c.obj):(.debug_info) is being placed in '.debug_info'
ld.lld: warning: zephyr/subsys/net/libsubsys__net.a(buf.c.obj):(.debug_ranges) is being placed in '.debug_ranges'
ld.lld: warning: zephyr/subsys/net/libsubsys__net.a(buf.c.obj):(.debug_str) is being placed in '.debug_str'
ld.lld: warning: zephyr/subsys/net/libsubsys__net.a(buf.c.obj):(.comment) is being placed in '.comment'
ld.lld: warning: zephyr/subsys/net/libsubsys__net.a(buf.c.obj):(.debug_frame) is being placed in '.debug_frame'
ld.lld: warning: zephyr/subsys/net/libsubsys__net.a(buf.c.obj):(.debug_line) is being placed in '.debug_line'
ld.lld: warning: zephyr/subsys/net/libsubsys__net.a(buf_simple.c.obj):(.debug_loc) is being placed in '.debug_loc'
ld.lld: warning: zephyr/subsys/net/libsubsys__net.a(buf_simple.c.obj):(.debug_abbrev) is being placed in '.debug_abbrev'
ld.lld: warning: zephyr/subsys/net/libsubsys__net.a(buf_simple.c.obj):(.debug_info) is being placed in '.debug_info'
ld.lld: warning: zephyr/subsys/net/libsubsys__net.a(buf_simple.c.obj):(.debug_ranges) is being placed in '.debug_ranges'
ld.lld: warning: zephyr/subsys/net/libsubsys__net.a(buf_simple.c.obj):(.debug_str) is being placed in '.debug_str'
ld.lld: warning: zephyr/subsys/net/libsubsys__net.a(buf_simple.c.obj):(.comment) is being placed in '.comment'
ld.lld: warning: zephyr/subsys/net/libsubsys__net.a(buf_simple.c.obj):(.debug_frame) is being placed in '.debug_frame'
ld.lld: warning: zephyr/subsys/net/libsubsys__net.a(buf_simple.c.obj):(.debug_line) is being placed in '.debug_line'
ld.lld: warning: zephyr/subsys/net/libsubsys__net.a(getaddrinfo.c.obj):(.debug_loc) is being placed in '.debug_loc'
ld.lld: warning: zephyr/subsys/net/libsubsys__net.a(getaddrinfo.c.obj):(.debug_abbrev) is being placed in '.debug_abbrev'
ld.lld: warning: zephyr/subsys/net/libsubsys__net.a(getaddrinfo.c.obj):(.debug_info) is being placed in '.debug_info'
ld.lld: warning: zephyr/subsys/net/libsubsys__net.a(getaddrinfo.c.obj):(.debug_ranges) is being placed in '.debug_ranges'
ld.lld: warning: zephyr/subsys/net/libsubsys__net.a(getaddrinfo.c.obj):(.debug_str) is being placed in '.debug_str'
ld.lld: warning: zephyr/subsys/net/libsubsys__net.a(getaddrinfo.c.obj):(.comment) is being placed in '.comment'
ld.lld: warning: zephyr/subsys/net/libsubsys__net.a(getaddrinfo.c.obj):(.debug_frame) is being placed in '.debug_frame'
ld.lld: warning: zephyr/subsys/net/libsubsys__net.a(getaddrinfo.c.obj):(.debug_line) is being placed in '.debug_line'
ld.lld: warning: zephyr/subsys/net/libsubsys__net.a(sockets.c.obj):(.debug_loc) is being placed in '.debug_loc'
ld.lld: warning: zephyr/subsys/net/libsubsys__net.a(sockets.c.obj):(.debug_abbrev) is being placed in '.debug_abbrev'
ld.lld: warning: zephyr/subsys/net/libsubsys__net.a(sockets.c.obj):(.debug_info) is being placed in '.debug_info'
ld.lld: warning: zephyr/subsys/net/libsubsys__net.a(sockets.c.obj):(.debug_ranges) is being placed in '.debug_ranges'
ld.lld: warning: zephyr/subsys/net/libsubsys__net.a(sockets.c.obj):(.debug_str) is being placed in '.debug_str'
ld.lld: warning: zephyr/subsys/net/libsubsys__net.a(sockets.c.obj):(.comment) is being placed in '.comment'
ld.lld: warning: zephyr/subsys/net/libsubsys__net.a(sockets.c.obj):(.debug_frame) is being placed in '.debug_frame'
ld.lld: warning: zephyr/subsys/net/libsubsys__net.a(sockets.c.obj):(.debug_line) is being placed in '.debug_line'
ld.lld: warning: zephyr/subsys/net/libsubsys__net.a(sockets_select.c.obj):(.debug_loc) is being placed in '.debug_loc'
ld.lld: warning: zephyr/subsys/net/libsubsys__net.a(sockets_select.c.obj):(.debug_abbrev) is being placed in '.debug_abbrev'
ld.lld: warning: zephyr/subsys/net/libsubsys__net.a(sockets_select.c.obj):(.debug_info) is being placed in '.debug_info'
ld.lld: warning: zephyr/subsys/net/libsubsys__net.a(sockets_select.c.obj):(.debug_ranges) is being placed in '.debug_ranges'
ld.lld: warning: zephyr/subsys/net/libsubsys__net.a(sockets_select.c.obj):(.debug_str) is being placed in '.debug_str'
ld.lld: warning: zephyr/subsys/net/libsubsys__net.a(sockets_select.c.obj):(.comment) is being placed in '.comment'
ld.lld: warning: zephyr/subsys/net/libsubsys__net.a(sockets_select.c.obj):(.debug_frame) is being placed in '.debug_frame'
ld.lld: warning: zephyr/subsys/net/libsubsys__net.a(sockets_select.c.obj):(.debug_line) is being placed in '.debug_line'
ld.lld: warning: zephyr/subsys/net/libsubsys__net.a(getnameinfo.c.obj):(.debug_loc) is being placed in '.debug_loc'
ld.lld: warning: zephyr/subsys/net/libsubsys__net.a(getnameinfo.c.obj):(.debug_abbrev) is being placed in '.debug_abbrev'
ld.lld: warning: zephyr/subsys/net/libsubsys__net.a(getnameinfo.c.obj):(.debug_info) is being placed in '.debug_info'
ld.lld: warning: zephyr/subsys/net/libsubsys__net.a(getnameinfo.c.obj):(.debug_ranges) is being placed in '.debug_ranges'
ld.lld: warning: zephyr/subsys/net/libsubsys__net.a(getnameinfo.c.obj):(.debug_str) is being placed in '.debug_str'
ld.lld: warning: zephyr/subsys/net/libsubsys__net.a(getnameinfo.c.obj):(.comment) is being placed in '.comment'
ld.lld: warning: zephyr/subsys/net/libsubsys__net.a(getnameinfo.c.obj):(.debug_frame) is being placed in '.debug_frame'
ld.lld: warning: zephyr/subsys/net/libsubsys__net.a(getnameinfo.c.obj):(.debug_line) is being placed in '.debug_line'
ld.lld: warning: zephyr/subsys/net/libsubsys__net.a(sockets_misc.c.obj):(.debug_loc) is being placed in '.debug_loc'
ld.lld: warning: zephyr/subsys/net/libsubsys__net.a(sockets_misc.c.obj):(.debug_abbrev) is being placed in '.debug_abbrev'
ld.lld: warning: zephyr/subsys/net/libsubsys__net.a(sockets_misc.c.obj):(.debug_info) is being placed in '.debug_info'
ld.lld: warning: zephyr/subsys/net/libsubsys__net.a(sockets_misc.c.obj):(.debug_str) is being placed in '.debug_str'
ld.lld: warning: zephyr/subsys/net/libsubsys__net.a(sockets_misc.c.obj):(.comment) is being placed in '.comment'
ld.lld: warning: zephyr/subsys/net/libsubsys__net.a(sockets_misc.c.obj):(.debug_frame) is being placed in '.debug_frame'
ld.lld: warning: zephyr/subsys/net/libsubsys__net.a(sockets_misc.c.obj):(.debug_line) is being placed in '.debug_line'
ld.lld: warning: zephyr/subsys/net/l2/ethernet/libsubsys__net__l2__ethernet.a(ethernet.c.obj):(.debug_loc) is being placed in '.debug_loc'
ld.lld: warning: zephyr/subsys/net/l2/ethernet/libsubsys__net__l2__ethernet.a(ethernet.c.obj):(.debug_abbrev) is being placed in '.debug_abbrev'
ld.lld: warning: zephyr/subsys/net/l2/ethernet/libsubsys__net__l2__ethernet.a(ethernet.c.obj):(.debug_info) is being placed in '.debug_info'
ld.lld: warning: zephyr/subsys/net/l2/ethernet/libsubsys__net__l2__ethernet.a(ethernet.c.obj):(.debug_ranges) is being placed in '.debug_ranges'
ld.lld: warning: zephyr/subsys/net/l2/ethernet/libsubsys__net__l2__ethernet.a(ethernet.c.obj):(.debug_str) is being placed in '.debug_str'
ld.lld: warning: zephyr/subsys/net/l2/ethernet/libsubsys__net__l2__ethernet.a(ethernet.c.obj):(.comment) is being placed in '.comment'
ld.lld: warning: zephyr/subsys/net/l2/ethernet/libsubsys__net__l2__ethernet.a(ethernet.c.obj):(.debug_frame) is being placed in '.debug_frame'
ld.lld: warning: zephyr/subsys/net/l2/ethernet/libsubsys__net__l2__ethernet.a(ethernet.c.obj):(.debug_line) is being placed in '.debug_line'
ld.lld: warning: zephyr/subsys/net/l2/ethernet/libsubsys__net__l2__ethernet.a(arp.c.obj):(.debug_loc) is being placed in '.debug_loc'
ld.lld: warning: zephyr/subsys/net/l2/ethernet/libsubsys__net__l2__ethernet.a(arp.c.obj):(.debug_abbrev) is being placed in '.debug_abbrev'
ld.lld: warning: zephyr/subsys/net/l2/ethernet/libsubsys__net__l2__ethernet.a(arp.c.obj):(.debug_info) is being placed in '.debug_info'
ld.lld: warning: zephyr/subsys/net/l2/ethernet/libsubsys__net__l2__ethernet.a(arp.c.obj):(.debug_ranges) is being placed in '.debug_ranges'
ld.lld: warning: zephyr/subsys/net/l2/ethernet/libsubsys__net__l2__ethernet.a(arp.c.obj):(.debug_str) is being placed in '.debug_str'
ld.lld: warning: zephyr/subsys/net/l2/ethernet/libsubsys__net__l2__ethernet.a(arp.c.obj):(.comment) is being placed in '.comment'
ld.lld: warning: zephyr/subsys/net/l2/ethernet/libsubsys__net__l2__ethernet.a(arp.c.obj):(.debug_frame) is being placed in '.debug_frame'
ld.lld: warning: zephyr/subsys/net/l2/ethernet/libsubsys__net__l2__ethernet.a(arp.c.obj):(.debug_line) is being placed in '.debug_line'
ld.lld: warning: zephyr/subsys/net/ip/libsubsys__net__ip.a(net_core.c.obj):(.debug_loc) is being placed in '.debug_loc'
ld.lld: warning: zephyr/subsys/net/ip/libsubsys__net__ip.a(net_core.c.obj):(.debug_abbrev) is being placed in '.debug_abbrev'
ld.lld: warning: zephyr/subsys/net/ip/libsubsys__net__ip.a(net_core.c.obj):(.debug_info) is being placed in '.debug_info'
ld.lld: warning: zephyr/subsys/net/ip/libsubsys__net__ip.a(net_core.c.obj):(.debug_ranges) is being placed in '.debug_ranges'
ld.lld: warning: zephyr/subsys/net/ip/libsubsys__net__ip.a(net_core.c.obj):(.debug_str) is being placed in '.debug_str'
ld.lld: warning: zephyr/subsys/net/ip/libsubsys__net__ip.a(net_core.c.obj):(.comment) is being placed in '.comment'
ld.lld: warning: zephyr/subsys/net/ip/libsubsys__net__ip.a(net_core.c.obj):(.debug_frame) is being placed in '.debug_frame'
ld.lld: warning: zephyr/subsys/net/ip/libsubsys__net__ip.a(net_core.c.obj):(.debug_line) is being placed in '.debug_line'
ld.lld: warning: zephyr/subsys/net/ip/libsubsys__net__ip.a(net_if.c.obj):(.debug_loc) is being placed in '.debug_loc'
ld.lld: warning: zephyr/subsys/net/ip/libsubsys__net__ip.a(net_if.c.obj):(.debug_abbrev) is being placed in '.debug_abbrev'
ld.lld: warning: zephyr/subsys/net/ip/libsubsys__net__ip.a(net_if.c.obj):(.debug_info) is being placed in '.debug_info'
ld.lld: warning: zephyr/subsys/net/ip/libsubsys__net__ip.a(net_if.c.obj):(.debug_ranges) is being placed in '.debug_ranges'
ld.lld: warning: zephyr/subsys/net/ip/libsubsys__net__ip.a(net_if.c.obj):(.debug_str) is being placed in '.debug_str'
ld.lld: warning: zephyr/subsys/net/ip/libsubsys__net__ip.a(net_if.c.obj):(.comment) is being placed in '.comment'
ld.lld: warning: zephyr/subsys/net/ip/libsubsys__net__ip.a(net_if.c.obj):(.debug_frame) is being placed in '.debug_frame'
ld.lld: warning: zephyr/subsys/net/ip/libsubsys__net__ip.a(net_if.c.obj):(.debug_line) is being placed in '.debug_line'
ld.lld: warning: zephyr/subsys/net/ip/libsubsys__net__ip.a(net_timeout.c.obj):(.debug_loc) is being placed in '.debug_loc'
ld.lld: warning: zephyr/subsys/net/ip/libsubsys__net__ip.a(net_timeout.c.obj):(.debug_abbrev) is being placed in '.debug_abbrev'
ld.lld: warning: zephyr/subsys/net/ip/libsubsys__net__ip.a(net_timeout.c.obj):(.debug_info) is being placed in '.debug_info'
ld.lld: warning: zephyr/subsys/net/ip/libsubsys__net__ip.a(net_timeout.c.obj):(.debug_ranges) is being placed in '.debug_ranges'
ld.lld: warning: zephyr/subsys/net/ip/libsubsys__net__ip.a(net_timeout.c.obj):(.debug_str) is being placed in '.debug_str'
ld.lld: warning: zephyr/subsys/net/ip/libsubsys__net__ip.a(net_timeout.c.obj):(.comment) is being placed in '.comment'
ld.lld: warning: zephyr/subsys/net/ip/libsubsys__net__ip.a(net_timeout.c.obj):(.debug_frame) is being placed in '.debug_frame'
ld.lld: warning: zephyr/subsys/net/ip/libsubsys__net__ip.a(net_timeout.c.obj):(.debug_line) is being placed in '.debug_line'
ld.lld: warning: zephyr/subsys/net/ip/libsubsys__net__ip.a(utils.c.obj):(.debug_loc) is being placed in '.debug_loc'
ld.lld: warning: zephyr/subsys/net/ip/libsubsys__net__ip.a(utils.c.obj):(.debug_abbrev) is being placed in '.debug_abbrev'
ld.lld: warning: zephyr/subsys/net/ip/libsubsys__net__ip.a(utils.c.obj):(.debug_info) is being placed in '.debug_info'
ld.lld: warning: zephyr/subsys/net/ip/libsubsys__net__ip.a(utils.c.obj):(.debug_ranges) is being placed in '.debug_ranges'
ld.lld: warning: zephyr/subsys/net/ip/libsubsys__net__ip.a(utils.c.obj):(.debug_str) is being placed in '.debug_str'
ld.lld: warning: zephyr/subsys/net/ip/libsubsys__net__ip.a(utils.c.obj):(.comment) is being placed in '.comment'
ld.lld: warning: zephyr/subsys/net/ip/libsubsys__net__ip.a(utils.c.obj):(.debug_frame) is being placed in '.debug_frame'
ld.lld: warning: zephyr/subsys/net/ip/libsubsys__net__ip.a(utils.c.obj):(.debug_line) is being placed in '.debug_line'
ld.lld: warning: zephyr/subsys/net/ip/libsubsys__net__ip.a(net_mgmt.c.obj):(.debug_loc) is being placed in '.debug_loc'
ld.lld: warning: zephyr/subsys/net/ip/libsubsys__net__ip.a(net_mgmt.c.obj):(.debug_abbrev) is being placed in '.debug_abbrev'
ld.lld: warning: zephyr/subsys/net/ip/libsubsys__net__ip.a(net_mgmt.c.obj):(.debug_info) is being placed in '.debug_info'
ld.lld: warning: zephyr/subsys/net/ip/libsubsys__net__ip.a(net_mgmt.c.obj):(.debug_ranges) is being placed in '.debug_ranges'
ld.lld: warning: zephyr/subsys/net/ip/libsubsys__net__ip.a(net_mgmt.c.obj):(.debug_str) is being placed in '.debug_str'
ld.lld: warning: zephyr/subsys/net/ip/libsubsys__net__ip.a(net_mgmt.c.obj):(.comment) is being placed in '.comment'
ld.lld: warning: zephyr/subsys/net/ip/libsubsys__net__ip.a(net_mgmt.c.obj):(.debug_frame) is being placed in '.debug_frame'
ld.lld: warning: zephyr/subsys/net/ip/libsubsys__net__ip.a(net_mgmt.c.obj):(.debug_line) is being placed in '.debug_line'
ld.lld: warning: zephyr/subsys/net/ip/libsubsys__net__ip.a(net_context.c.obj):(.debug_loc) is being placed in '.debug_loc'
ld.lld: warning: zephyr/subsys/net/ip/libsubsys__net__ip.a(net_context.c.obj):(.debug_abbrev) is being placed in '.debug_abbrev'
ld.lld: warning: zephyr/subsys/net/ip/libsubsys__net__ip.a(net_context.c.obj):(.debug_info) is being placed in '.debug_info'
ld.lld: warning: zephyr/subsys/net/ip/libsubsys__net__ip.a(net_context.c.obj):(.debug_ranges) is being placed in '.debug_ranges'
ld.lld: warning: zephyr/subsys/net/ip/libsubsys__net__ip.a(net_context.c.obj):(.debug_str) is being placed in '.debug_str'
ld.lld: warning: zephyr/subsys/net/ip/libsubsys__net__ip.a(net_context.c.obj):(.comment) is being placed in '.comment'
ld.lld: warning: zephyr/subsys/net/ip/libsubsys__net__ip.a(net_context.c.obj):(.debug_frame) is being placed in '.debug_frame'
ld.lld: warning: zephyr/subsys/net/ip/libsubsys__net__ip.a(net_context.c.obj):(.debug_line) is being placed in '.debug_line'
ld.lld: warning: zephyr/subsys/net/ip/libsubsys__net__ip.a(net_pkt.c.obj):(.debug_loc) is being placed in '.debug_loc'
ld.lld: warning: zephyr/subsys/net/ip/libsubsys__net__ip.a(net_pkt.c.obj):(.debug_abbrev) is being placed in '.debug_abbrev'
ld.lld: warning: zephyr/subsys/net/ip/libsubsys__net__ip.a(net_pkt.c.obj):(.debug_info) is being placed in '.debug_info'
ld.lld: warning: zephyr/subsys/net/ip/libsubsys__net__ip.a(net_pkt.c.obj):(.debug_ranges) is being placed in '.debug_ranges'
ld.lld: warning: zephyr/subsys/net/ip/libsubsys__net__ip.a(net_pkt.c.obj):(.debug_str) is being placed in '.debug_str'
ld.lld: warning: zephyr/subsys/net/ip/libsubsys__net__ip.a(net_pkt.c.obj):(.comment) is being placed in '.comment'
ld.lld: warning: zephyr/subsys/net/ip/libsubsys__net__ip.a(net_pkt.c.obj):(.debug_frame) is being placed in '.debug_frame'
ld.lld: warning: zephyr/subsys/net/ip/libsubsys__net__ip.a(net_pkt.c.obj):(.debug_line) is being placed in '.debug_line'
ld.lld: warning: zephyr/subsys/net/ip/libsubsys__net__ip.a(net_tc.c.obj):(.debug_loc) is being placed in '.debug_loc'
ld.lld: warning: zephyr/subsys/net/ip/libsubsys__net__ip.a(net_tc.c.obj):(.debug_abbrev) is being placed in '.debug_abbrev'
ld.lld: warning: zephyr/subsys/net/ip/libsubsys__net__ip.a(net_tc.c.obj):(.debug_info) is being placed in '.debug_info'
ld.lld: warning: zephyr/subsys/net/ip/libsubsys__net__ip.a(net_tc.c.obj):(.debug_ranges) is being placed in '.debug_ranges'
ld.lld: warning: zephyr/subsys/net/ip/libsubsys__net__ip.a(net_tc.c.obj):(.debug_str) is being placed in '.debug_str'
ld.lld: warning: zephyr/subsys/net/ip/libsubsys__net__ip.a(net_tc.c.obj):(.comment) is being placed in '.comment'
ld.lld: warning: zephyr/subsys/net/ip/libsubsys__net__ip.a(net_tc.c.obj):(.debug_frame) is being placed in '.debug_frame'
ld.lld: warning: zephyr/subsys/net/ip/libsubsys__net__ip.a(net_tc.c.obj):(.debug_line) is being placed in '.debug_line'
ld.lld: warning: zephyr/subsys/net/ip/libsubsys__net__ip.a(icmp.c.obj):(.debug_loc) is being placed in '.debug_loc'
ld.lld: warning: zephyr/subsys/net/ip/libsubsys__net__ip.a(icmp.c.obj):(.debug_abbrev) is being placed in '.debug_abbrev'
ld.lld: warning: zephyr/subsys/net/ip/libsubsys__net__ip.a(icmp.c.obj):(.debug_info) is being placed in '.debug_info'
ld.lld: warning: zephyr/subsys/net/ip/libsubsys__net__ip.a(icmp.c.obj):(.debug_ranges) is being placed in '.debug_ranges'
ld.lld: warning: zephyr/subsys/net/ip/libsubsys__net__ip.a(icmp.c.obj):(.debug_str) is being placed in '.debug_str'
ld.lld: warning: zephyr/subsys/net/ip/libsubsys__net__ip.a(icmp.c.obj):(.comment) is being placed in '.comment'
ld.lld: warning: zephyr/subsys/net/ip/libsubsys__net__ip.a(icmp.c.obj):(.debug_frame) is being placed in '.debug_frame'
ld.lld: warning: zephyr/subsys/net/ip/libsubsys__net__ip.a(icmp.c.obj):(.debug_line) is being placed in '.debug_line'
ld.lld: warning: zephyr/subsys/net/ip/libsubsys__net__ip.a(connection.c.obj):(.debug_loc) is being placed in '.debug_loc'
ld.lld: warning: zephyr/subsys/net/ip/libsubsys__net__ip.a(connection.c.obj):(.debug_abbrev) is being placed in '.debug_abbrev'
ld.lld: warning: zephyr/subsys/net/ip/libsubsys__net__ip.a(connection.c.obj):(.debug_info) is being placed in '.debug_info'
ld.lld: warning: zephyr/subsys/net/ip/libsubsys__net__ip.a(connection.c.obj):(.debug_ranges) is being placed in '.debug_ranges'
ld.lld: warning: zephyr/subsys/net/ip/libsubsys__net__ip.a(connection.c.obj):(.debug_str) is being placed in '.debug_str'
ld.lld: warning: zephyr/subsys/net/ip/libsubsys__net__ip.a(connection.c.obj):(.comment) is being placed in '.comment'
ld.lld: warning: zephyr/subsys/net/ip/libsubsys__net__ip.a(connection.c.obj):(.debug_frame) is being placed in '.debug_frame'
ld.lld: warning: zephyr/subsys/net/ip/libsubsys__net__ip.a(connection.c.obj):(.debug_line) is being placed in '.debug_line'
ld.lld: warning: zephyr/subsys/net/ip/libsubsys__net__ip.a(icmpv4.c.obj):(.debug_loc) is being placed in '.debug_loc'
ld.lld: warning: zephyr/subsys/net/ip/libsubsys__net__ip.a(icmpv4.c.obj):(.debug_abbrev) is being placed in '.debug_abbrev'
ld.lld: warning: zephyr/subsys/net/ip/libsubsys__net__ip.a(icmpv4.c.obj):(.debug_info) is being placed in '.debug_info'
ld.lld: warning: zephyr/subsys/net/ip/libsubsys__net__ip.a(icmpv4.c.obj):(.debug_ranges) is being placed in '.debug_ranges'
ld.lld: warning: zephyr/subsys/net/ip/libsubsys__net__ip.a(icmpv4.c.obj):(.debug_str) is being placed in '.debug_str'
ld.lld: warning: zephyr/subsys/net/ip/libsubsys__net__ip.a(icmpv4.c.obj):(.comment) is being placed in '.comment'
ld.lld: warning: zephyr/subsys/net/ip/libsubsys__net__ip.a(icmpv4.c.obj):(.debug_frame) is being placed in '.debug_frame'
ld.lld: warning: zephyr/subsys/net/ip/libsubsys__net__ip.a(icmpv4.c.obj):(.debug_line) is being placed in '.debug_line'
ld.lld: warning: zephyr/subsys/net/ip/libsubsys__net__ip.a(ipv4.c.obj):(.debug_loc) is being placed in '.debug_loc'
ld.lld: warning: zephyr/subsys/net/ip/libsubsys__net__ip.a(ipv4.c.obj):(.debug_abbrev) is being placed in '.debug_abbrev'
ld.lld: warning: zephyr/subsys/net/ip/libsubsys__net__ip.a(ipv4.c.obj):(.debug_info) is being placed in '.debug_info'
ld.lld: warning: zephyr/subsys/net/ip/libsubsys__net__ip.a(ipv4.c.obj):(.debug_ranges) is being placed in '.debug_ranges'
ld.lld: warning: zephyr/subsys/net/ip/libsubsys__net__ip.a(ipv4.c.obj):(.debug_str) is being placed in '.debug_str'
ld.lld: warning: zephyr/subsys/net/ip/libsubsys__net__ip.a(ipv4.c.obj):(.comment) is being placed in '.comment'
ld.lld: warning: zephyr/subsys/net/ip/libsubsys__net__ip.a(ipv4.c.obj):(.debug_frame) is being placed in '.debug_frame'
ld.lld: warning: zephyr/subsys/net/ip/libsubsys__net__ip.a(ipv4.c.obj):(.debug_line) is being placed in '.debug_line'
ld.lld: warning: zephyr/subsys/net/ip/libsubsys__net__ip.a(tcp.c.obj):(.debug_loc) is being placed in '.debug_loc'
ld.lld: warning: zephyr/subsys/net/ip/libsubsys__net__ip.a(tcp.c.obj):(.debug_abbrev) is being placed in '.debug_abbrev'
ld.lld: warning: zephyr/subsys/net/ip/libsubsys__net__ip.a(tcp.c.obj):(.debug_info) is being placed in '.debug_info'
ld.lld: warning: zephyr/subsys/net/ip/libsubsys__net__ip.a(tcp.c.obj):(.debug_ranges) is being placed in '.debug_ranges'
ld.lld: warning: zephyr/subsys/net/ip/libsubsys__net__ip.a(tcp.c.obj):(.debug_str) is being placed in '.debug_str'
ld.lld: warning: zephyr/subsys/net/ip/libsubsys__net__ip.a(tcp.c.obj):(.comment) is being placed in '.comment'
ld.lld: warning: zephyr/subsys/net/ip/libsubsys__net__ip.a(tcp.c.obj):(.debug_frame) is being placed in '.debug_frame'
ld.lld: warning: zephyr/subsys/net/ip/libsubsys__net__ip.a(tcp.c.obj):(.debug_line) is being placed in '.debug_line'
ld.lld: warning: zephyr/subsys/net/ip/libsubsys__net__ip.a(udp.c.obj):(.debug_loc) is being placed in '.debug_loc'
ld.lld: warning: zephyr/subsys/net/ip/libsubsys__net__ip.a(udp.c.obj):(.debug_abbrev) is being placed in '.debug_abbrev'
ld.lld: warning: zephyr/subsys/net/ip/libsubsys__net__ip.a(udp.c.obj):(.debug_info) is being placed in '.debug_info'
ld.lld: warning: zephyr/subsys/net/ip/libsubsys__net__ip.a(udp.c.obj):(.debug_ranges) is being placed in '.debug_ranges'
ld.lld: warning: zephyr/subsys/net/ip/libsubsys__net__ip.a(udp.c.obj):(.debug_str) is being placed in '.debug_str'
ld.lld: warning: zephyr/subsys/net/ip/libsubsys__net__ip.a(udp.c.obj):(.comment) is being placed in '.comment'
ld.lld: warning: zephyr/subsys/net/ip/libsubsys__net__ip.a(udp.c.obj):(.debug_frame) is being placed in '.debug_frame'
ld.lld: warning: zephyr/subsys/net/ip/libsubsys__net__ip.a(udp.c.obj):(.debug_line) is being placed in '.debug_line'
ld.lld: warning: zephyr/subsys/net/lib/dhcpv4/libsubsys__net__lib__dhcpv4.a(dhcpv4.c.obj):(.debug_loc) is being placed in '.debug_loc'
ld.lld: warning: zephyr/subsys/net/lib/dhcpv4/libsubsys__net__lib__dhcpv4.a(dhcpv4.c.obj):(.debug_abbrev) is being placed in '.debug_abbrev'
ld.lld: warning: zephyr/subsys/net/lib/dhcpv4/libsubsys__net__lib__dhcpv4.a(dhcpv4.c.obj):(.debug_info) is being placed in '.debug_info'
ld.lld: warning: zephyr/subsys/net/lib/dhcpv4/libsubsys__net__lib__dhcpv4.a(dhcpv4.c.obj):(.debug_ranges) is being placed in '.debug_ranges'
ld.lld: warning: zephyr/subsys/net/lib/dhcpv4/libsubsys__net__lib__dhcpv4.a(dhcpv4.c.obj):(.debug_str) is being placed in '.debug_str'
ld.lld: warning: zephyr/subsys/net/lib/dhcpv4/libsubsys__net__lib__dhcpv4.a(dhcpv4.c.obj):(.comment) is being placed in '.comment'
ld.lld: warning: zephyr/subsys/net/lib/dhcpv4/libsubsys__net__lib__dhcpv4.a(dhcpv4.c.obj):(.debug_frame) is being placed in '.debug_frame'
ld.lld: warning: zephyr/subsys/net/lib/dhcpv4/libsubsys__net__lib__dhcpv4.a(dhcpv4.c.obj):(.debug_line) is being placed in '.debug_line'
ld.lld: warning: zephyr/drivers/console/libdrivers__console.a(uart_console.c.obj):(.debug_loc) is being placed in '.debug_loc'
ld.lld: warning: zephyr/drivers/console/libdrivers__console.a(uart_console.c.obj):(.debug_abbrev) is being placed in '.debug_abbrev'
ld.lld: warning: zephyr/drivers/console/libdrivers__console.a(uart_console.c.obj):(.debug_info) is being placed in '.debug_info'
ld.lld: warning: zephyr/drivers/console/libdrivers__console.a(uart_console.c.obj):(.debug_ranges) is being placed in '.debug_ranges'
ld.lld: warning: zephyr/drivers/console/libdrivers__console.a(uart_console.c.obj):(.debug_str) is being placed in '.debug_str'
ld.lld: warning: zephyr/drivers/console/libdrivers__console.a(uart_console.c.obj):(.comment) is being placed in '.comment'
ld.lld: warning: zephyr/drivers/console/libdrivers__console.a(uart_console.c.obj):(.debug_frame) is being placed in '.debug_frame'
ld.lld: warning: zephyr/drivers/console/libdrivers__console.a(uart_console.c.obj):(.debug_line) is being placed in '.debug_line'
ld.lld: warning: zephyr/drivers/timer/libdrivers__timer.a(sys_clock_init.c.obj):(.debug_abbrev) is being placed in '.debug_abbrev'
ld.lld: warning: zephyr/drivers/timer/libdrivers__timer.a(sys_clock_init.c.obj):(.debug_info) is being placed in '.debug_info'
ld.lld: warning: zephyr/drivers/timer/libdrivers__timer.a(sys_clock_init.c.obj):(.debug_ranges) is being placed in '.debug_ranges'
ld.lld: warning: zephyr/drivers/timer/libdrivers__timer.a(sys_clock_init.c.obj):(.debug_str) is being placed in '.debug_str'
ld.lld: warning: zephyr/drivers/timer/libdrivers__timer.a(sys_clock_init.c.obj):(.comment) is being placed in '.comment'
ld.lld: warning: zephyr/drivers/timer/libdrivers__timer.a(sys_clock_init.c.obj):(.debug_frame) is being placed in '.debug_frame'
ld.lld: warning: zephyr/drivers/timer/libdrivers__timer.a(sys_clock_init.c.obj):(.debug_line) is being placed in '.debug_line'
ld.lld: warning: modules/klausscpu-zephyr/drivers/serial/lib..__klausscpu-zephyr__drivers__serial.a(uart_klausscpu.c.obj):(.debug_loc) is being placed in '.debug_loc'
ld.lld: warning: modules/klausscpu-zephyr/drivers/serial/lib..__klausscpu-zephyr__drivers__serial.a(uart_klausscpu.c.obj):(.debug_abbrev) is being placed in '.debug_abbrev'
ld.lld: warning: modules/klausscpu-zephyr/drivers/serial/lib..__klausscpu-zephyr__drivers__serial.a(uart_klausscpu.c.obj):(.debug_info) is being placed in '.debug_info'
ld.lld: warning: modules/klausscpu-zephyr/drivers/serial/lib..__klausscpu-zephyr__drivers__serial.a(uart_klausscpu.c.obj):(.debug_ranges) is being placed in '.debug_ranges'
ld.lld: warning: modules/klausscpu-zephyr/drivers/serial/lib..__klausscpu-zephyr__drivers__serial.a(uart_klausscpu.c.obj):(.debug_str) is being placed in '.debug_str'
ld.lld: warning: modules/klausscpu-zephyr/drivers/serial/lib..__klausscpu-zephyr__drivers__serial.a(uart_klausscpu.c.obj):(.comment) is being placed in '.comment'
ld.lld: warning: modules/klausscpu-zephyr/drivers/serial/lib..__klausscpu-zephyr__drivers__serial.a(uart_klausscpu.c.obj):(.debug_frame) is being placed in '.debug_frame'
ld.lld: warning: modules/klausscpu-zephyr/drivers/serial/lib..__klausscpu-zephyr__drivers__serial.a(uart_klausscpu.c.obj):(.debug_line) is being placed in '.debug_line'
ld.lld: warning: modules/klausscpu-zephyr/drivers/timer/lib..__klausscpu-zephyr__drivers__timer.a(klausscpu_timer.c.obj):(.debug_loc) is being placed in '.debug_loc'
ld.lld: warning: modules/klausscpu-zephyr/drivers/timer/lib..__klausscpu-zephyr__drivers__timer.a(klausscpu_timer.c.obj):(.debug_abbrev) is being placed in '.debug_abbrev'
ld.lld: warning: modules/klausscpu-zephyr/drivers/timer/lib..__klausscpu-zephyr__drivers__timer.a(klausscpu_timer.c.obj):(.debug_info) is being placed in '.debug_info'
ld.lld: warning: modules/klausscpu-zephyr/drivers/timer/lib..__klausscpu-zephyr__drivers__timer.a(klausscpu_timer.c.obj):(.debug_ranges) is being placed in '.debug_ranges'
ld.lld: warning: modules/klausscpu-zephyr/drivers/timer/lib..__klausscpu-zephyr__drivers__timer.a(klausscpu_timer.c.obj):(.debug_str) is being placed in '.debug_str'
ld.lld: warning: modules/klausscpu-zephyr/drivers/timer/lib..__klausscpu-zephyr__drivers__timer.a(klausscpu_timer.c.obj):(.comment) is being placed in '.comment'
ld.lld: warning: modules/klausscpu-zephyr/drivers/timer/lib..__klausscpu-zephyr__drivers__timer.a(klausscpu_timer.c.obj):(.debug_frame) is being placed in '.debug_frame'
ld.lld: warning: modules/klausscpu-zephyr/drivers/timer/lib..__klausscpu-zephyr__drivers__timer.a(klausscpu_timer.c.obj):(.debug_line) is being placed in '.debug_line'
ld.lld: warning: modules/klausscpu-zephyr/drivers/ethernet/lib..__klausscpu-zephyr__drivers__ethernet.a(eth_klausscpu.c.obj):(.debug_loc) is being placed in '.debug_loc'
ld.lld: warning: modules/klausscpu-zephyr/drivers/ethernet/lib..__klausscpu-zephyr__drivers__ethernet.a(eth_klausscpu.c.obj):(.debug_abbrev) is being placed in '.debug_abbrev'
ld.lld: warning: modules/klausscpu-zephyr/drivers/ethernet/lib..__klausscpu-zephyr__drivers__ethernet.a(eth_klausscpu.c.obj):(.debug_info) is being placed in '.debug_info'
ld.lld: warning: modules/klausscpu-zephyr/drivers/ethernet/lib..__klausscpu-zephyr__drivers__ethernet.a(eth_klausscpu.c.obj):(.debug_ranges) is being placed in '.debug_ranges'
ld.lld: warning: modules/klausscpu-zephyr/drivers/ethernet/lib..__klausscpu-zephyr__drivers__ethernet.a(eth_klausscpu.c.obj):(.debug_str) is being placed in '.debug_str'
ld.lld: warning: modules/klausscpu-zephyr/drivers/ethernet/lib..__klausscpu-zephyr__drivers__ethernet.a(eth_klausscpu.c.obj):(.comment) is being placed in '.comment'
ld.lld: warning: modules/klausscpu-zephyr/drivers/ethernet/lib..__klausscpu-zephyr__drivers__ethernet.a(eth_klausscpu.c.obj):(.debug_frame) is being placed in '.debug_frame'
ld.lld: warning: modules/klausscpu-zephyr/drivers/ethernet/lib..__klausscpu-zephyr__drivers__ethernet.a(eth_klausscpu.c.obj):(.debug_line) is being placed in '.debug_line'
ld.lld: warning: modules/klausscpu-zephyr/drivers/disk/lib..__klausscpu-zephyr__drivers__disk.a(disk_klausscpu_sd.c.obj):(.debug_loc) is being placed in '.debug_loc'
ld.lld: warning: modules/klausscpu-zephyr/drivers/disk/lib..__klausscpu-zephyr__drivers__disk.a(disk_klausscpu_sd.c.obj):(.debug_abbrev) is being placed in '.debug_abbrev'
ld.lld: warning: modules/klausscpu-zephyr/drivers/disk/lib..__klausscpu-zephyr__drivers__disk.a(disk_klausscpu_sd.c.obj):(.debug_info) is being placed in '.debug_info'
ld.lld: warning: modules/klausscpu-zephyr/drivers/disk/lib..__klausscpu-zephyr__drivers__disk.a(disk_klausscpu_sd.c.obj):(.debug_ranges) is being placed in '.debug_ranges'
ld.lld: warning: modules/klausscpu-zephyr/drivers/disk/lib..__klausscpu-zephyr__drivers__disk.a(disk_klausscpu_sd.c.obj):(.debug_str) is being placed in '.debug_str'
ld.lld: warning: modules/klausscpu-zephyr/drivers/disk/lib..__klausscpu-zephyr__drivers__disk.a(disk_klausscpu_sd.c.obj):(.comment) is being placed in '.comment'
ld.lld: warning: modules/klausscpu-zephyr/drivers/disk/lib..__klausscpu-zephyr__drivers__disk.a(disk_klausscpu_sd.c.obj):(.debug_frame) is being placed in '.debug_frame'
ld.lld: warning: modules/klausscpu-zephyr/drivers/disk/lib..__klausscpu-zephyr__drivers__disk.a(disk_klausscpu_sd.c.obj):(.debug_line) is being placed in '.debug_line'
ld.lld: warning: modules/klausscpu-zephyr/ssh/lib..__klausscpu-zephyr__ssh.a(wallclock.c.obj):(.debug_loc) is being placed in '.debug_loc'
ld.lld: warning: modules/klausscpu-zephyr/ssh/lib..__klausscpu-zephyr__ssh.a(wallclock.c.obj):(.debug_abbrev) is being placed in '.debug_abbrev'
ld.lld: warning: modules/klausscpu-zephyr/ssh/lib..__klausscpu-zephyr__ssh.a(wallclock.c.obj):(.debug_info) is being placed in '.debug_info'
ld.lld: warning: modules/klausscpu-zephyr/ssh/lib..__klausscpu-zephyr__ssh.a(wallclock.c.obj):(.debug_ranges) is being placed in '.debug_ranges'
ld.lld: warning: modules/klausscpu-zephyr/ssh/lib..__klausscpu-zephyr__ssh.a(wallclock.c.obj):(.debug_str) is being placed in '.debug_str'
ld.lld: warning: modules/klausscpu-zephyr/ssh/lib..__klausscpu-zephyr__ssh.a(wallclock.c.obj):(.comment) is being placed in '.comment'
ld.lld: warning: modules/klausscpu-zephyr/ssh/lib..__klausscpu-zephyr__ssh.a(wallclock.c.obj):(.debug_frame) is being placed in '.debug_frame'
ld.lld: warning: modules/klausscpu-zephyr/ssh/lib..__klausscpu-zephyr__ssh.a(wallclock.c.obj):(.debug_line) is being placed in '.debug_line'
ld.lld: warning: modules/klausscpu-zephyr/vnc/lib..__klausscpu-zephyr__vnc.a(vnc_server.c.obj):(.debug_loc) is being placed in '.debug_loc'
ld.lld: warning: modules/klausscpu-zephyr/vnc/lib..__klausscpu-zephyr__vnc.a(vnc_server.c.obj):(.debug_abbrev) is being placed in '.debug_abbrev'
ld.lld: warning: modules/klausscpu-zephyr/vnc/lib..__klausscpu-zephyr__vnc.a(vnc_server.c.obj):(.debug_info) is being placed in '.debug_info'
ld.lld: warning: modules/klausscpu-zephyr/vnc/lib..__klausscpu-zephyr__vnc.a(vnc_server.c.obj):(.debug_ranges) is being placed in '.debug_ranges'
ld.lld: warning: modules/klausscpu-zephyr/vnc/lib..__klausscpu-zephyr__vnc.a(vnc_server.c.obj):(.debug_str) is being placed in '.debug_str'
ld.lld: warning: modules/klausscpu-zephyr/vnc/lib..__klausscpu-zephyr__vnc.a(vnc_server.c.obj):(.comment) is being placed in '.comment'
ld.lld: warning: modules/klausscpu-zephyr/vnc/lib..__klausscpu-zephyr__vnc.a(vnc_server.c.obj):(.debug_frame) is being placed in '.debug_frame'
ld.lld: warning: modules/klausscpu-zephyr/vnc/lib..__klausscpu-zephyr__vnc.a(vnc_server.c.obj):(.debug_line) is being placed in '.debug_line'
ld.lld: warning: modules/klausscpu-zephyr/vnc/lib..__klausscpu-zephyr__vnc.a(framebuffer.c.obj):(.debug_loc) is being placed in '.debug_loc'
ld.lld: warning: modules/klausscpu-zephyr/vnc/lib..__klausscpu-zephyr__vnc.a(framebuffer.c.obj):(.debug_abbrev) is being placed in '.debug_abbrev'
ld.lld: warning: modules/klausscpu-zephyr/vnc/lib..__klausscpu-zephyr__vnc.a(framebuffer.c.obj):(.debug_info) is being placed in '.debug_info'
ld.lld: warning: modules/klausscpu-zephyr/vnc/lib..__klausscpu-zephyr__vnc.a(framebuffer.c.obj):(.debug_ranges) is being placed in '.debug_ranges'
ld.lld: warning: modules/klausscpu-zephyr/vnc/lib..__klausscpu-zephyr__vnc.a(framebuffer.c.obj):(.debug_str) is being placed in '.debug_str'
ld.lld: warning: modules/klausscpu-zephyr/vnc/lib..__klausscpu-zephyr__vnc.a(framebuffer.c.obj):(.comment) is being placed in '.comment'
ld.lld: warning: modules/klausscpu-zephyr/vnc/lib..__klausscpu-zephyr__vnc.a(framebuffer.c.obj):(.debug_frame) is being placed in '.debug_frame'
ld.lld: warning: modules/klausscpu-zephyr/vnc/lib..__klausscpu-zephyr__vnc.a(framebuffer.c.obj):(.debug_line) is being placed in '.debug_line'
ld.lld: warning: modules/fatfs/libmodules__fatfs.a(ff.c.obj):(.debug_loc) is being placed in '.debug_loc'
ld.lld: warning: modules/fatfs/libmodules__fatfs.a(ff.c.obj):(.debug_abbrev) is being placed in '.debug_abbrev'
ld.lld: warning: modules/fatfs/libmodules__fatfs.a(ff.c.obj):(.debug_info) is being placed in '.debug_info'
ld.lld: warning: modules/fatfs/libmodules__fatfs.a(ff.c.obj):(.debug_ranges) is being placed in '.debug_ranges'
ld.lld: warning: modules/fatfs/libmodules__fatfs.a(ff.c.obj):(.debug_str) is being placed in '.debug_str'
ld.lld: warning: modules/fatfs/libmodules__fatfs.a(ff.c.obj):(.comment) is being placed in '.comment'
ld.lld: warning: modules/fatfs/libmodules__fatfs.a(ff.c.obj):(.debug_frame) is being placed in '.debug_frame'
ld.lld: warning: modules/fatfs/libmodules__fatfs.a(ff.c.obj):(.debug_line) is being placed in '.debug_line'
ld.lld: warning: modules/fatfs/libmodules__fatfs.a(zfs_diskio.c.obj):(.debug_loc) is being placed in '.debug_loc'
ld.lld: warning: modules/fatfs/libmodules__fatfs.a(zfs_diskio.c.obj):(.debug_abbrev) is being placed in '.debug_abbrev'
ld.lld: warning: modules/fatfs/libmodules__fatfs.a(zfs_diskio.c.obj):(.debug_info) is being placed in '.debug_info'
ld.lld: warning: modules/fatfs/libmodules__fatfs.a(zfs_diskio.c.obj):(.debug_ranges) is being placed in '.debug_ranges'
ld.lld: warning: modules/fatfs/libmodules__fatfs.a(zfs_diskio.c.obj):(.debug_str) is being placed in '.debug_str'
ld.lld: warning: modules/fatfs/libmodules__fatfs.a(zfs_diskio.c.obj):(.comment) is being placed in '.comment'
ld.lld: warning: modules/fatfs/libmodules__fatfs.a(zfs_diskio.c.obj):(.debug_frame) is being placed in '.debug_frame'
ld.lld: warning: modules/fatfs/libmodules__fatfs.a(zfs_diskio.c.obj):(.debug_line) is being placed in '.debug_line'
ld.lld: warning: modules/fatfs/libmodules__fatfs.a(ffunicode.c.obj):(.debug_loc) is being placed in '.debug_loc'
ld.lld: warning: modules/fatfs/libmodules__fatfs.a(ffunicode.c.obj):(.debug_abbrev) is being placed in '.debug_abbrev'
ld.lld: warning: modules/fatfs/libmodules__fatfs.a(ffunicode.c.obj):(.debug_info) is being placed in '.debug_info'
ld.lld: warning: modules/fatfs/libmodules__fatfs.a(ffunicode.c.obj):(.debug_ranges) is being placed in '.debug_ranges'
ld.lld: warning: modules/fatfs/libmodules__fatfs.a(ffunicode.c.obj):(.debug_str) is being placed in '.debug_str'
ld.lld: warning: modules/fatfs/libmodules__fatfs.a(ffunicode.c.obj):(.comment) is being placed in '.comment'
ld.lld: warning: modules/fatfs/libmodules__fatfs.a(ffunicode.c.obj):(.debug_frame) is being placed in '.debug_frame'
ld.lld: warning: modules/fatfs/libmodules__fatfs.a(ffunicode.c.obj):(.debug_line) is being placed in '.debug_line'
ld.lld: warning: modules/fatfs/libmodules__fatfs.a(zfs_ffsystem.c.obj):(.debug_abbrev) is being placed in '.debug_abbrev'
ld.lld: warning: modules/fatfs/libmodules__fatfs.a(zfs_ffsystem.c.obj):(.debug_info) is being placed in '.debug_info'
ld.lld: warning: modules/fatfs/libmodules__fatfs.a(zfs_ffsystem.c.obj):(.debug_str) is being placed in '.debug_str'
ld.lld: warning: modules/fatfs/libmodules__fatfs.a(zfs_ffsystem.c.obj):(.comment) is being placed in '.comment'
ld.lld: warning: modules/fatfs/libmodules__fatfs.a(zfs_ffsystem.c.obj):(.debug_line) is being placed in '.debug_line'
ld.lld: warning: zephyr/kernel/libkernel.a(busy_wait.c.obj):(.debug_loc) is being placed in '.debug_loc'
ld.lld: warning: zephyr/kernel/libkernel.a(busy_wait.c.obj):(.debug_abbrev) is being placed in '.debug_abbrev'
ld.lld: warning: zephyr/kernel/libkernel.a(busy_wait.c.obj):(.debug_info) is being placed in '.debug_info'
ld.lld: warning: zephyr/kernel/libkernel.a(busy_wait.c.obj):(.debug_str) is being placed in '.debug_str'
ld.lld: warning: zephyr/kernel/libkernel.a(busy_wait.c.obj):(.comment) is being placed in '.comment'
ld.lld: warning: zephyr/kernel/libkernel.a(busy_wait.c.obj):(.debug_frame) is being placed in '.debug_frame'
ld.lld: warning: zephyr/kernel/libkernel.a(busy_wait.c.obj):(.debug_line) is being placed in '.debug_line'
ld.lld: warning: zephyr/kernel/libkernel.a(device.c.obj):(.debug_loc) is being placed in '.debug_loc'
ld.lld: warning: zephyr/kernel/libkernel.a(device.c.obj):(.debug_abbrev) is being placed in '.debug_abbrev'
ld.lld: warning: zephyr/kernel/libkernel.a(device.c.obj):(.debug_info) is being placed in '.debug_info'
ld.lld: warning: zephyr/kernel/libkernel.a(device.c.obj):(.debug_ranges) is being placed in '.debug_ranges'
ld.lld: warning: zephyr/kernel/libkernel.a(device.c.obj):(.debug_str) is being placed in '.debug_str'
ld.lld: warning: zephyr/kernel/libkernel.a(device.c.obj):(.comment) is being placed in '.comment'
ld.lld: warning: zephyr/kernel/libkernel.a(device.c.obj):(.debug_frame) is being placed in '.debug_frame'
ld.lld: warning: zephyr/kernel/libkernel.a(device.c.obj):(.debug_line) is being placed in '.debug_line'
ld.lld: warning: zephyr/kernel/libkernel.a(errno.c.obj):(.debug_abbrev) is being placed in '.debug_abbrev'
ld.lld: warning: zephyr/kernel/libkernel.a(errno.c.obj):(.debug_info) is being placed in '.debug_info'
ld.lld: warning: zephyr/kernel/libkernel.a(errno.c.obj):(.debug_str) is being placed in '.debug_str'
ld.lld: warning: zephyr/kernel/libkernel.a(errno.c.obj):(.comment) is being placed in '.comment'
ld.lld: warning: zephyr/kernel/libkernel.a(errno.c.obj):(.debug_frame) is being placed in '.debug_frame'
ld.lld: warning: zephyr/kernel/libkernel.a(errno.c.obj):(.debug_line) is being placed in '.debug_line'
ld.lld: warning: zephyr/kernel/libkernel.a(fatal.c.obj):(.debug_loc) is being placed in '.debug_loc'
ld.lld: warning: zephyr/kernel/libkernel.a(fatal.c.obj):(.debug_abbrev) is being placed in '.debug_abbrev'
ld.lld: warning: zephyr/kernel/libkernel.a(fatal.c.obj):(.debug_info) is being placed in '.debug_info'
ld.lld: warning: zephyr/kernel/libkernel.a(fatal.c.obj):(.debug_ranges) is being placed in '.debug_ranges'
ld.lld: warning: zephyr/kernel/libkernel.a(fatal.c.obj):(.debug_str) is being placed in '.debug_str'
ld.lld: warning: zephyr/kernel/libkernel.a(fatal.c.obj):(.comment) is being placed in '.comment'
ld.lld: warning: zephyr/kernel/libkernel.a(fatal.c.obj):(.debug_frame) is being placed in '.debug_frame'
ld.lld: warning: zephyr/kernel/libkernel.a(fatal.c.obj):(.debug_line) is being placed in '.debug_line'
ld.lld: warning: zephyr/kernel/libkernel.a(init.c.obj):(.debug_loc) is being placed in '.debug_loc'
ld.lld: warning: zephyr/kernel/libkernel.a(init.c.obj):(.debug_abbrev) is being placed in '.debug_abbrev'
ld.lld: warning: zephyr/kernel/libkernel.a(init.c.obj):(.debug_info) is being placed in '.debug_info'
ld.lld: warning: zephyr/kernel/libkernel.a(init.c.obj):(.debug_ranges) is being placed in '.debug_ranges'
ld.lld: warning: zephyr/kernel/libkernel.a(init.c.obj):(.debug_str) is being placed in '.debug_str'
ld.lld: warning: zephyr/kernel/libkernel.a(init.c.obj):(.comment) is being placed in '.comment'
ld.lld: warning: zephyr/kernel/libkernel.a(init.c.obj):(.debug_frame) is being placed in '.debug_frame'
ld.lld: warning: zephyr/kernel/libkernel.a(init.c.obj):(.debug_line) is being placed in '.debug_line'
ld.lld: warning: zephyr/kernel/libkernel.a(banner.c.obj):(.debug_abbrev) is being placed in '.debug_abbrev'
ld.lld: warning: zephyr/kernel/libkernel.a(banner.c.obj):(.debug_info) is being placed in '.debug_info'
ld.lld: warning: zephyr/kernel/libkernel.a(banner.c.obj):(.debug_str) is being placed in '.debug_str'
ld.lld: warning: zephyr/kernel/libkernel.a(banner.c.obj):(.comment) is being placed in '.comment'
ld.lld: warning: zephyr/kernel/libkernel.a(banner.c.obj):(.debug_frame) is being placed in '.debug_frame'
ld.lld: warning: zephyr/kernel/libkernel.a(banner.c.obj):(.debug_line) is being placed in '.debug_line'
ld.lld: warning: zephyr/kernel/libkernel.a(init_static.c.obj):(.debug_abbrev) is being placed in '.debug_abbrev'
ld.lld: warning: zephyr/kernel/libkernel.a(init_static.c.obj):(.debug_info) is being placed in '.debug_info'
ld.lld: warning: zephyr/kernel/libkernel.a(init_static.c.obj):(.debug_str) is being placed in '.debug_str'
ld.lld: warning: zephyr/kernel/libkernel.a(init_static.c.obj):(.comment) is being placed in '.comment'
ld.lld: warning: zephyr/kernel/libkernel.a(init_static.c.obj):(.debug_frame) is being placed in '.debug_frame'
ld.lld: warning: zephyr/kernel/libkernel.a(init_static.c.obj):(.debug_line) is being placed in '.debug_line'
ld.lld: warning: zephyr/kernel/libkernel.a(kheap.c.obj):(.debug_loc) is being placed in '.debug_loc'
ld.lld: warning: zephyr/kernel/libkernel.a(kheap.c.obj):(.debug_abbrev) is being placed in '.debug_abbrev'
ld.lld: warning: zephyr/kernel/libkernel.a(kheap.c.obj):(.debug_info) is being placed in '.debug_info'
ld.lld: warning: zephyr/kernel/libkernel.a(kheap.c.obj):(.debug_ranges) is being placed in '.debug_ranges'
ld.lld: warning: zephyr/kernel/libkernel.a(kheap.c.obj):(.debug_str) is being placed in '.debug_str'
ld.lld: warning: zephyr/kernel/libkernel.a(kheap.c.obj):(.comment) is being placed in '.comment'
ld.lld: warning: zephyr/kernel/libkernel.a(kheap.c.obj):(.debug_frame) is being placed in '.debug_frame'
ld.lld: warning: zephyr/kernel/libkernel.a(kheap.c.obj):(.debug_line) is being placed in '.debug_line'
ld.lld: warning: zephyr/kernel/libkernel.a(mem_slab.c.obj):(.debug_loc) is being placed in '.debug_loc'
ld.lld: warning: zephyr/kernel/libkernel.a(mem_slab.c.obj):(.debug_abbrev) is being placed in '.debug_abbrev'
ld.lld: warning: zephyr/kernel/libkernel.a(mem_slab.c.obj):(.debug_info) is being placed in '.debug_info'
ld.lld: warning: zephyr/kernel/libkernel.a(mem_slab.c.obj):(.debug_ranges) is being placed in '.debug_ranges'
ld.lld: warning: zephyr/kernel/libkernel.a(mem_slab.c.obj):(.debug_str) is being placed in '.debug_str'
ld.lld: warning: zephyr/kernel/libkernel.a(mem_slab.c.obj):(.comment) is being placed in '.comment'
ld.lld: warning: zephyr/kernel/libkernel.a(mem_slab.c.obj):(.debug_frame) is being placed in '.debug_frame'
ld.lld: warning: zephyr/kernel/libkernel.a(mem_slab.c.obj):(.debug_line) is being placed in '.debug_line'
ld.lld: warning: zephyr/kernel/libkernel.a(idle.c.obj):(.debug_loc) is being placed in '.debug_loc'
ld.lld: warning: zephyr/kernel/libkernel.a(idle.c.obj):(.debug_abbrev) is being placed in '.debug_abbrev'
ld.lld: warning: zephyr/kernel/libkernel.a(idle.c.obj):(.debug_info) is being placed in '.debug_info'
ld.lld: warning: zephyr/kernel/libkernel.a(idle.c.obj):(.debug_ranges) is being placed in '.debug_ranges'
ld.lld: warning: zephyr/kernel/libkernel.a(idle.c.obj):(.debug_str) is being placed in '.debug_str'
ld.lld: warning: zephyr/kernel/libkernel.a(idle.c.obj):(.comment) is being placed in '.comment'
ld.lld: warning: zephyr/kernel/libkernel.a(idle.c.obj):(.debug_frame) is being placed in '.debug_frame'
ld.lld: warning: zephyr/kernel/libkernel.a(idle.c.obj):(.debug_line) is being placed in '.debug_line'
ld.lld: warning: zephyr/kernel/libkernel.a(msg_q.c.obj):(.debug_loc) is being placed in '.debug_loc'
ld.lld: warning: zephyr/kernel/libkernel.a(msg_q.c.obj):(.debug_abbrev) is being placed in '.debug_abbrev'
ld.lld: warning: zephyr/kernel/libkernel.a(msg_q.c.obj):(.debug_info) is being placed in '.debug_info'
ld.lld: warning: zephyr/kernel/libkernel.a(msg_q.c.obj):(.debug_ranges) is being placed in '.debug_ranges'
ld.lld: warning: zephyr/kernel/libkernel.a(msg_q.c.obj):(.debug_str) is being placed in '.debug_str'
ld.lld: warning: zephyr/kernel/libkernel.a(msg_q.c.obj):(.comment) is being placed in '.comment'
ld.lld: warning: zephyr/kernel/libkernel.a(msg_q.c.obj):(.debug_frame) is being placed in '.debug_frame'
ld.lld: warning: zephyr/kernel/libkernel.a(msg_q.c.obj):(.debug_line) is being placed in '.debug_line'
ld.lld: warning: zephyr/kernel/libkernel.a(mutex.c.obj):(.debug_loc) is being placed in '.debug_loc'
ld.lld: warning: zephyr/kernel/libkernel.a(mutex.c.obj):(.debug_abbrev) is being placed in '.debug_abbrev'
ld.lld: warning: zephyr/kernel/libkernel.a(mutex.c.obj):(.debug_info) is being placed in '.debug_info'
ld.lld: warning: zephyr/kernel/libkernel.a(mutex.c.obj):(.debug_ranges) is being placed in '.debug_ranges'
ld.lld: warning: zephyr/kernel/libkernel.a(mutex.c.obj):(.debug_str) is being placed in '.debug_str'
ld.lld: warning: zephyr/kernel/libkernel.a(mutex.c.obj):(.comment) is being placed in '.comment'
ld.lld: warning: zephyr/kernel/libkernel.a(mutex.c.obj):(.debug_frame) is being placed in '.debug_frame'
ld.lld: warning: zephyr/kernel/libkernel.a(mutex.c.obj):(.debug_line) is being placed in '.debug_line'
ld.lld: warning: zephyr/kernel/libkernel.a(queue.c.obj):(.debug_loc) is being placed in '.debug_loc'
ld.lld: warning: zephyr/kernel/libkernel.a(queue.c.obj):(.debug_abbrev) is being placed in '.debug_abbrev'
ld.lld: warning: zephyr/kernel/libkernel.a(queue.c.obj):(.debug_info) is being placed in '.debug_info'
ld.lld: warning: zephyr/kernel/libkernel.a(queue.c.obj):(.debug_ranges) is being placed in '.debug_ranges'
ld.lld: warning: zephyr/kernel/libkernel.a(queue.c.obj):(.debug_str) is being placed in '.debug_str'
ld.lld: warning: zephyr/kernel/libkernel.a(queue.c.obj):(.comment) is being placed in '.comment'
ld.lld: warning: zephyr/kernel/libkernel.a(queue.c.obj):(.debug_frame) is being placed in '.debug_frame'
ld.lld: warning: zephyr/kernel/libkernel.a(queue.c.obj):(.debug_line) is being placed in '.debug_line'
ld.lld: warning: zephyr/kernel/libkernel.a(sem.c.obj):(.debug_loc) is being placed in '.debug_loc'
ld.lld: warning: zephyr/kernel/libkernel.a(sem.c.obj):(.debug_abbrev) is being placed in '.debug_abbrev'
ld.lld: warning: zephyr/kernel/libkernel.a(sem.c.obj):(.debug_info) is being placed in '.debug_info'
ld.lld: warning: zephyr/kernel/libkernel.a(sem.c.obj):(.debug_ranges) is being placed in '.debug_ranges'
ld.lld: warning: zephyr/kernel/libkernel.a(sem.c.obj):(.debug_str) is being placed in '.debug_str'
ld.lld: warning: zephyr/kernel/libkernel.a(sem.c.obj):(.comment) is being placed in '.comment'
ld.lld: warning: zephyr/kernel/libkernel.a(sem.c.obj):(.debug_frame) is being placed in '.debug_frame'
ld.lld: warning: zephyr/kernel/libkernel.a(sem.c.obj):(.debug_line) is being placed in '.debug_line'
ld.lld: warning: zephyr/kernel/libkernel.a(system_work_q.c.obj):(.debug_abbrev) is being placed in '.debug_abbrev'
ld.lld: warning: zephyr/kernel/libkernel.a(system_work_q.c.obj):(.debug_info) is being placed in '.debug_info'
ld.lld: warning: zephyr/kernel/libkernel.a(system_work_q.c.obj):(.debug_str) is being placed in '.debug_str'
ld.lld: warning: zephyr/kernel/libkernel.a(system_work_q.c.obj):(.comment) is being placed in '.comment'
ld.lld: warning: zephyr/kernel/libkernel.a(system_work_q.c.obj):(.debug_frame) is being placed in '.debug_frame'
ld.lld: warning: zephyr/kernel/libkernel.a(system_work_q.c.obj):(.debug_line) is being placed in '.debug_line'
ld.lld: warning: zephyr/kernel/libkernel.a(work.c.obj):(.debug_loc) is being placed in '.debug_loc'
ld.lld: warning: zephyr/kernel/libkernel.a(work.c.obj):(.debug_abbrev) is being placed in '.debug_abbrev'
ld.lld: warning: zephyr/kernel/libkernel.a(work.c.obj):(.debug_info) is being placed in '.debug_info'
ld.lld: warning: zephyr/kernel/libkernel.a(work.c.obj):(.debug_ranges) is being placed in '.debug_ranges'
ld.lld: warning: zephyr/kernel/libkernel.a(work.c.obj):(.debug_str) is being placed in '.debug_str'
ld.lld: warning: zephyr/kernel/libkernel.a(work.c.obj):(.comment) is being placed in '.comment'
ld.lld: warning: zephyr/kernel/libkernel.a(work.c.obj):(.debug_frame) is being placed in '.debug_frame'
ld.lld: warning: zephyr/kernel/libkernel.a(work.c.obj):(.debug_line) is being placed in '.debug_line'
ld.lld: warning: zephyr/kernel/libkernel.a(condvar.c.obj):(.debug_loc) is being placed in '.debug_loc'
ld.lld: warning: zephyr/kernel/libkernel.a(condvar.c.obj):(.debug_abbrev) is being placed in '.debug_abbrev'
ld.lld: warning: zephyr/kernel/libkernel.a(condvar.c.obj):(.debug_info) is being placed in '.debug_info'
ld.lld: warning: zephyr/kernel/libkernel.a(condvar.c.obj):(.debug_ranges) is being placed in '.debug_ranges'
ld.lld: warning: zephyr/kernel/libkernel.a(condvar.c.obj):(.debug_str) is being placed in '.debug_str'
ld.lld: warning: zephyr/kernel/libkernel.a(condvar.c.obj):(.comment) is being placed in '.comment'
ld.lld: warning: zephyr/kernel/libkernel.a(condvar.c.obj):(.debug_frame) is being placed in '.debug_frame'
ld.lld: warning: zephyr/kernel/libkernel.a(condvar.c.obj):(.debug_line) is being placed in '.debug_line'
ld.lld: warning: zephyr/kernel/libkernel.a(thread.c.obj):(.debug_loc) is being placed in '.debug_loc'
ld.lld: warning: zephyr/kernel/libkernel.a(thread.c.obj):(.debug_abbrev) is being placed in '.debug_abbrev'
ld.lld: warning: zephyr/kernel/libkernel.a(thread.c.obj):(.debug_info) is being placed in '.debug_info'
ld.lld: warning: zephyr/kernel/libkernel.a(thread.c.obj):(.debug_ranges) is being placed in '.debug_ranges'
ld.lld: warning: zephyr/kernel/libkernel.a(thread.c.obj):(.debug_str) is being placed in '.debug_str'
ld.lld: warning: zephyr/kernel/libkernel.a(thread.c.obj):(.comment) is being placed in '.comment'
ld.lld: warning: zephyr/kernel/libkernel.a(thread.c.obj):(.debug_frame) is being placed in '.debug_frame'
ld.lld: warning: zephyr/kernel/libkernel.a(thread.c.obj):(.debug_line) is being placed in '.debug_line'
ld.lld: warning: zephyr/kernel/libkernel.a(sched.c.obj):(.debug_loc) is being placed in '.debug_loc'
ld.lld: warning: zephyr/kernel/libkernel.a(sched.c.obj):(.debug_abbrev) is being placed in '.debug_abbrev'
ld.lld: warning: zephyr/kernel/libkernel.a(sched.c.obj):(.debug_info) is being placed in '.debug_info'
ld.lld: warning: zephyr/kernel/libkernel.a(sched.c.obj):(.debug_ranges) is being placed in '.debug_ranges'
ld.lld: warning: zephyr/kernel/libkernel.a(sched.c.obj):(.debug_str) is being placed in '.debug_str'
ld.lld: warning: zephyr/kernel/libkernel.a(sched.c.obj):(.comment) is being placed in '.comment'
ld.lld: warning: zephyr/kernel/libkernel.a(sched.c.obj):(.debug_frame) is being placed in '.debug_frame'
ld.lld: warning: zephyr/kernel/libkernel.a(sched.c.obj):(.debug_line) is being placed in '.debug_line'
ld.lld: warning: zephyr/kernel/libkernel.a(timeslicing.c.obj):(.debug_loc) is being placed in '.debug_loc'
ld.lld: warning: zephyr/kernel/libkernel.a(timeslicing.c.obj):(.debug_abbrev) is being placed in '.debug_abbrev'
ld.lld: warning: zephyr/kernel/libkernel.a(timeslicing.c.obj):(.debug_info) is being placed in '.debug_info'
ld.lld: warning: zephyr/kernel/libkernel.a(timeslicing.c.obj):(.debug_ranges) is being placed in '.debug_ranges'
ld.lld: warning: zephyr/kernel/libkernel.a(timeslicing.c.obj):(.debug_str) is being placed in '.debug_str'
ld.lld: warning: zephyr/kernel/libkernel.a(timeslicing.c.obj):(.comment) is being placed in '.comment'
ld.lld: warning: zephyr/kernel/libkernel.a(timeslicing.c.obj):(.debug_frame) is being placed in '.debug_frame'
ld.lld: warning: zephyr/kernel/libkernel.a(timeslicing.c.obj):(.debug_line) is being placed in '.debug_line'
ld.lld: warning: zephyr/kernel/libkernel.a(timeout.c.obj):(.debug_loc) is being placed in '.debug_loc'
ld.lld: warning: zephyr/kernel/libkernel.a(timeout.c.obj):(.debug_abbrev) is being placed in '.debug_abbrev'
ld.lld: warning: zephyr/kernel/libkernel.a(timeout.c.obj):(.debug_info) is being placed in '.debug_info'
ld.lld: warning: zephyr/kernel/libkernel.a(timeout.c.obj):(.debug_ranges) is being placed in '.debug_ranges'
ld.lld: warning: zephyr/kernel/libkernel.a(timeout.c.obj):(.debug_str) is being placed in '.debug_str'
ld.lld: warning: zephyr/kernel/libkernel.a(timeout.c.obj):(.comment) is being placed in '.comment'
ld.lld: warning: zephyr/kernel/libkernel.a(timeout.c.obj):(.debug_frame) is being placed in '.debug_frame'
ld.lld: warning: zephyr/kernel/libkernel.a(timeout.c.obj):(.debug_line) is being placed in '.debug_line'
ld.lld: warning: zephyr/kernel/libkernel.a(atomic_c.c.obj):(.debug_loc) is being placed in '.debug_loc'
ld.lld: warning: zephyr/kernel/libkernel.a(atomic_c.c.obj):(.debug_abbrev) is being placed in '.debug_abbrev'
ld.lld: warning: zephyr/kernel/libkernel.a(atomic_c.c.obj):(.debug_info) is being placed in '.debug_info'
ld.lld: warning: zephyr/kernel/libkernel.a(atomic_c.c.obj):(.debug_ranges) is being placed in '.debug_ranges'
ld.lld: warning: zephyr/kernel/libkernel.a(atomic_c.c.obj):(.debug_str) is being placed in '.debug_str'
ld.lld: warning: zephyr/kernel/libkernel.a(atomic_c.c.obj):(.comment) is being placed in '.comment'
ld.lld: warning: zephyr/kernel/libkernel.a(atomic_c.c.obj):(.debug_frame) is being placed in '.debug_frame'
ld.lld: warning: zephyr/kernel/libkernel.a(atomic_c.c.obj):(.debug_line) is being placed in '.debug_line'
ld.lld: warning: zephyr/kernel/libkernel.a(poll.c.obj):(.debug_loc) is being placed in '.debug_loc'
ld.lld: warning: zephyr/kernel/libkernel.a(poll.c.obj):(.debug_abbrev) is being placed in '.debug_abbrev'
ld.lld: warning: zephyr/kernel/libkernel.a(poll.c.obj):(.debug_info) is being placed in '.debug_info'
ld.lld: warning: zephyr/kernel/libkernel.a(poll.c.obj):(.debug_ranges) is being placed in '.debug_ranges'
ld.lld: warning: zephyr/kernel/libkernel.a(poll.c.obj):(.debug_str) is being placed in '.debug_str'
ld.lld: warning: zephyr/kernel/libkernel.a(poll.c.obj):(.comment) is being placed in '.comment'
ld.lld: warning: zephyr/kernel/libkernel.a(poll.c.obj):(.debug_frame) is being placed in '.debug_frame'
ld.lld: warning: zephyr/kernel/libkernel.a(poll.c.obj):(.debug_line) is being placed in '.debug_line'
ld.lld: warning: zephyr/kernel/libkernel.a(mempool.c.obj):(.debug_loc) is being placed in '.debug_loc'
ld.lld: warning: zephyr/kernel/libkernel.a(mempool.c.obj):(.debug_abbrev) is being placed in '.debug_abbrev'
ld.lld: warning: zephyr/kernel/libkernel.a(mempool.c.obj):(.debug_info) is being placed in '.debug_info'
ld.lld: warning: zephyr/kernel/libkernel.a(mempool.c.obj):(.debug_ranges) is being placed in '.debug_ranges'
ld.lld: warning: zephyr/kernel/libkernel.a(mempool.c.obj):(.debug_str) is being placed in '.debug_str'
ld.lld: warning: zephyr/kernel/libkernel.a(mempool.c.obj):(.comment) is being placed in '.comment'
ld.lld: warning: zephyr/kernel/libkernel.a(mempool.c.obj):(.debug_frame) is being placed in '.debug_frame'
ld.lld: warning: zephyr/kernel/libkernel.a(mempool.c.obj):(.debug_line) is being placed in '.debug_line'
ld.lld: warning: /Users/gjonesblackcyton/Documents/src/klausscpu-llvm/build/lib/clang/23/lib/klausscpu-unknown-unknown-elf/libclang_rt.builtins.a(adddf3.o):(.comment) is being placed in '.comment'
ld.lld: warning: /Users/gjonesblackcyton/Documents/src/klausscpu-llvm/build/lib/clang/23/lib/klausscpu-unknown-unknown-elf/libclang_rt.builtins.a(addsf3.o):(.comment) is being placed in '.comment'
ld.lld: warning: /Users/gjonesblackcyton/Documents/src/klausscpu-llvm/build/lib/clang/23/lib/klausscpu-unknown-unknown-elf/libclang_rt.builtins.a(comparedf2.o):(.comment) is being placed in '.comment'
ld.lld: warning: /Users/gjonesblackcyton/Documents/src/klausscpu-llvm/build/lib/clang/23/lib/klausscpu-unknown-unknown-elf/libclang_rt.builtins.a(comparesf2.o):(.comment) is being placed in '.comment'
ld.lld: warning: /Users/gjonesblackcyton/Documents/src/klausscpu-llvm/build/lib/clang/23/lib/klausscpu-unknown-unknown-elf/libclang_rt.builtins.a(divdf3.o):(.comment) is being placed in '.comment'
ld.lld: warning: /Users/gjonesblackcyton/Documents/src/klausscpu-llvm/build/lib/clang/23/lib/klausscpu-unknown-unknown-elf/libclang_rt.builtins.a(divsf3.o):(.comment) is being placed in '.comment'
ld.lld: warning: /Users/gjonesblackcyton/Documents/src/klausscpu-llvm/build/lib/clang/23/lib/klausscpu-unknown-unknown-elf/libclang_rt.builtins.a(extendsfdf2.o):(.comment) is being placed in '.comment'
ld.lld: warning: /Users/gjonesblackcyton/Documents/src/klausscpu-llvm/build/lib/clang/23/lib/klausscpu-unknown-unknown-elf/libclang_rt.builtins.a(fixdfdi.o):(.comment) is being placed in '.comment'
ld.lld: warning: /Users/gjonesblackcyton/Documents/src/klausscpu-llvm/build/lib/clang/23/lib/klausscpu-unknown-unknown-elf/libclang_rt.builtins.a(fixsfdi.o):(.comment) is being placed in '.comment'
ld.lld: warning: /Users/gjonesblackcyton/Documents/src/klausscpu-llvm/build/lib/clang/23/lib/klausscpu-unknown-unknown-elf/libclang_rt.builtins.a(floatdidf.o):(.comment) is being placed in '.comment'
ld.lld: warning: /Users/gjonesblackcyton/Documents/src/klausscpu-llvm/build/lib/clang/23/lib/klausscpu-unknown-unknown-elf/libclang_rt.builtins.a(floatsisf.o):(.comment) is being placed in '.comment'
ld.lld: warning: /Users/gjonesblackcyton/Documents/src/klausscpu-llvm/build/lib/clang/23/lib/klausscpu-unknown-unknown-elf/libclang_rt.builtins.a(floatundidf.o):(.comment) is being placed in '.comment'
ld.lld: warning: /Users/gjonesblackcyton/Documents/src/klausscpu-llvm/build/lib/clang/23/lib/klausscpu-unknown-unknown-elf/libclang_rt.builtins.a(floatunsidf.o):(.comment) is being placed in '.comment'
ld.lld: warning: /Users/gjonesblackcyton/Documents/src/klausscpu-llvm/build/lib/clang/23/lib/klausscpu-unknown-unknown-elf/libclang_rt.builtins.a(fp_mode.o):(.comment) is being placed in '.comment'
ld.lld: warning: /Users/gjonesblackcyton/Documents/src/klausscpu-llvm/build/lib/clang/23/lib/klausscpu-unknown-unknown-elf/libclang_rt.builtins.a(muldf3.o):(.comment) is being placed in '.comment'
ld.lld: warning: /Users/gjonesblackcyton/Documents/src/klausscpu-llvm/build/lib/clang/23/lib/klausscpu-unknown-unknown-elf/libclang_rt.builtins.a(mulsf3.o):(.comment) is being placed in '.comment'
ld.lld: warning: /Users/gjonesblackcyton/Documents/src/klausscpu-llvm/build/lib/clang/23/lib/klausscpu-unknown-unknown-elf/libclang_rt.builtins.a(subdf3.o):(.comment) is being placed in '.comment'
ld.lld: warning: /Users/gjonesblackcyton/Documents/src/klausscpu-llvm/build/lib/clang/23/lib/klausscpu-unknown-unknown-elf/libclang_rt.builtins.a(subsf3.o):(.comment) is being placed in '.comment'
ld.lld: warning: /Users/gjonesblackcyton/Documents/src/klausscpu-llvm/build/lib/clang/23/lib/klausscpu-unknown-unknown-elf/libclang_rt.builtins.a(truncdfsf2.o):(.comment) is being placed in '.comment'
ld.lld: warning: <internal>:(.comment) is being placed in '.comment'
ld.lld: warning: <internal>:(.symtab) is being placed in '.symtab'
ld.lld: warning: <internal>:(.shstrtab) is being placed in '.shstrtab'
ld.lld: warning: <internal>:(.strtab) is being placed in '.strtab'
Memory region         Used Size  Region Size  %age Used
             RAM:     3049576 B  133169120 B      2.29%
           STACK:          0 GB         1 MB      0.00%
Generating files from /Users/gjonesblackcyton/Documents/src/klausscpu-runtime/zephyr-ws/build_doom/zephyr/zephyr.elf for board: nexys_a7
