-- west build: making build dir /Users/gjonesblackcyton/Documents/src/klausscpu-runtime/zephyr-ws/build_lvgl pristine
-- west build: generating a build system
Loading Zephyr default modules (Zephyr base).
-- Application: /Users/gjonesblackcyton/Documents/src/klausscpu-runtime/zephyr-ws/klausscpu-zephyr/apps/gui_lvgl
-- CMake version: 4.3.2
-- Found Python3: /usr/local/opt/python@3.14/bin/python3.14 (found suitable version "3.14.5", minimum required is "3.8") found components: Interpreter
-- Cache files will be written to: /Users/gjonesblackcyton/Library/Caches/zephyr
-- Zephyr version: 3.7.0 (/Users/gjonesblackcyton/Documents/src/klausscpu-runtime/zephyr-ws/zephyr)
-- Found west (found suitable version "1.5.0", minimum required is "0.14.0")
-- Board: nexys_a7
-- KlaussCPU LLVM bin: /Users/gjonesblackcyton/Documents/src/klausscpu-llvm/build/bin
-- Could NOT find Dtc (missing: DTC) (Required is at least version "1.4.6")
Hint: The project() command has not yet been called.  It sets up system-specific search paths.
-- Found BOARD.dts: /Users/gjonesblackcyton/Documents/src/klausscpu-runtime/zephyr-ws/klausscpu-zephyr/boards/klausscpu/nexys_a7/nexys_a7.dts
-- Found devicetree overlay: /Users/gjonesblackcyton/Documents/src/klausscpu-runtime/zephyr-ws/klausscpu-zephyr/apps/gui_lvgl/app.overlay
node '/cpus/cpu@0' compatible 'klausscpu,klausscpu' has unknown vendor prefix 'klausscpu'
node '/uart@f0010000' compatible 'klausscpu,uart' has unknown vendor prefix 'klausscpu'
node '/timer@f00f0000' compatible 'klausscpu,timer' has unknown vendor prefix 'klausscpu'
node '/ethernet@f0060000' compatible 'klausscpu,ethernet' has unknown vendor prefix 'klausscpu'
node '/sd@f0000000' compatible 'klausscpu,sd' has unknown vendor prefix 'klausscpu'
node '/vnc_display' compatible 'klausscpu,vnc-display' has unknown vendor prefix 'klausscpu'
-- Generated zephyr.dts: /Users/gjonesblackcyton/Documents/src/klausscpu-runtime/zephyr-ws/build_lvgl/zephyr/zephyr.dts
-- Generated devicetree_generated.h: /Users/gjonesblackcyton/Documents/src/klausscpu-runtime/zephyr-ws/build_lvgl/zephyr/include/generated/zephyr/devicetree_generated.h
-- Including generated dts.cmake file: /Users/gjonesblackcyton/Documents/src/klausscpu-runtime/zephyr-ws/build_lvgl/zephyr/dts.cmake

warning: NET_SOCKETS_SERVICE_STACK_SIZE (defined at subsys/net/lib/sockets/Kconfig:136) was assigned
the value '8192' but got the value ''. Check these unsatisfied dependencies: NET_SOCKETS_SERVICE
(=n). See http://docs.zephyrproject.org/latest/kconfig.html#CONFIG_NET_SOCKETS_SERVICE_STACK_SIZE
and/or look up NET_SOCKETS_SERVICE_STACK_SIZE in the menuconfig/guiconfig interface. The Application
Development Primer, Setting Configuration Values, and Kconfig - Tips and Best Practices sections of
the manual might be helpful too.

Parsing /Users/gjonesblackcyton/Documents/src/klausscpu-runtime/zephyr-ws/zephyr/Kconfig
Loaded configuration '/Users/gjonesblackcyton/Documents/src/klausscpu-runtime/zephyr-ws/klausscpu-zephyr/boards/klausscpu/nexys_a7/nexys_a7_defconfig'
Merged configuration '/Users/gjonesblackcyton/Documents/src/klausscpu-runtime/zephyr-ws/klausscpu-zephyr/apps/gui_lvgl/prj.conf'
Configuration saved to '/Users/gjonesblackcyton/Documents/src/klausscpu-runtime/zephyr-ws/build_lvgl/zephyr/.config'
Kconfig header saved to '/Users/gjonesblackcyton/Documents/src/klausscpu-runtime/zephyr-ws/build_lvgl/zephyr/include/generated/zephyr/autoconf.h'
-- Found LlvmLld: /Users/gjonesblackcyton/Documents/src/klausscpu-llvm/build/bin/ld.lld (found suitable version "23.0.0", minimum required is "14.0.0")
-- The C compiler identification is Clang 23.0.0
-- The CXX compiler identification is Clang 23.0.0
-- The ASM compiler identification is Clang with GNU-like command-line
-- Found assembler: /Users/gjonesblackcyton/Documents/src/klausscpu-llvm/build/bin/clang
CMake Deprecation Warning at /Users/gjonesblackcyton/Documents/src/klausscpu-runtime/zephyr-ws/zephyr/soc/CMakeLists.txt:15 (message):


            ---------------------------------------------------------------------
            --- WARNING: Functionality to describe SoCs in HWMv1 is           ---
            --- deprecated and should be replaced with HWMv2, including       ---
            --- boards. HWMv1 SoCs support remains only to ease the migration ---
            --- of out-of-tree SoCs and associated boards. It will not be     ---
            --- possible to build using HWMv1 SoCs at all in future releases. ---
            ---------------------------------------------------------------------


CMake Warning at /Users/gjonesblackcyton/Documents/src/klausscpu-runtime/zephyr-ws/zephyr/CMakeLists.txt:915 (message):
  No SOURCES given to Zephyr library:
  ..__klausscpu-zephyr__soc__klausscpu__nexys_a7

  Excluding target from build.


CMake Warning at /Users/gjonesblackcyton/Documents/src/klausscpu-runtime/zephyr-ws/zephyr/CMakeLists.txt:915 (message):
  No SOURCES given to Zephyr library: drivers__display

  Excluding target from build.


CMake Warning at /Users/gjonesblackcyton/Documents/src/klausscpu-runtime/zephyr-ws/zephyr/CMakeLists.txt:915 (message):
  No SOURCES given to Zephyr library: drivers__entropy

  Excluding target from build.


CMake Warning at /Users/gjonesblackcyton/Documents/src/klausscpu-runtime/zephyr-ws/zephyr/CMakeLists.txt:915 (message):
  No SOURCES given to Zephyr library: ..__klausscpu-zephyr__ssh

  Excluding target from build.


-- Configuring done (22.2s)
-- Generating done (1.0s)
-- Build files have been written to: /Users/gjonesblackcyton/Documents/src/klausscpu-runtime/zephyr-ws/build_lvgl
-- west build: building application
[1/346] Preparing syscall dependency handling

[2/346] Generating misc/generated/syscalls_subdirs.trigger
[3/346] Generating include/generated/zephyr/version.h
-- Zephyr version: 3.7.0 (/Users/gjonesblackcyton/Documents/src/klausscpu-runtime/zephyr-ws/zephyr), build: v3.7.0
[4/346] Generating misc/generated/syscalls.json, misc/generated/struct_tags.json
[5/346] Generating include/generated/zephyr/syscall_dispatch.c, include/generated/zephyr/syscall_list.h
[6/346] Generating include/generated/zephyr/driver-validation.h
[7/346] Generating include/generated/zephyr/kobj-types-enum.h, include/generated/zephyr/otype-to-str.h, include/generated/zephyr/otype-to-size.h
[8/346] Building C object zephyr/CMakeFiles/offsets.dir/Users/gjonesblackcyton/Documents/src/klausscpu-runtime/zephyr-ws/klausscpu-zephyr/arch/klausscpu/core/offsets/offsets.c.obj
In file included from /Users/gjonesblackcyton/Documents/src/klausscpu-runtime/zephyr-ws/klausscpu-zephyr/arch/klausscpu/core/offsets/offsets.c:5:
In file included from /Users/gjonesblackcyton/Documents/src/klausscpu-runtime/zephyr-ws/zephyr/include/zephyr/kernel.h:17:
In file included from /Users/gjonesblackcyton/Documents/src/klausscpu-runtime/zephyr-ws/zephyr/include/zephyr/kernel_includes.h:23:
In file included from /Users/gjonesblackcyton/Documents/src/klausscpu-runtime/zephyr-ws/zephyr/include/zephyr/toolchain.h:48:
/Users/gjonesblackcyton/Documents/src/klausscpu-runtime/zephyr-ws/zephyr/include/zephyr/toolchain/llvm.h:102:9: warning: '__INT16_C' macro redefined [-Wmacro-redefined]
  102 | #define __INT16_C(x)    int_c(x, __int_least16_c_suffix__)
      |         ^
<built-in>:184:9: note: previous definition is here
  184 | #define __INT16_C(c) c
      |         ^
In file included from /Users/gjonesblackcyton/Documents/src/klausscpu-runtime/zephyr-ws/klausscpu-zephyr/arch/klausscpu/core/offsets/offsets.c:5:
In file included from /Users/gjonesblackcyton/Documents/src/klausscpu-runtime/zephyr-ws/zephyr/include/zephyr/kernel.h:17:
In file included from /Users/gjonesblackcyton/Documents/src/klausscpu-runtime/zephyr-ws/zephyr/include/zephyr/kernel_includes.h:23:
In file included from /Users/gjonesblackcyton/Documents/src/klausscpu-runtime/zephyr-ws/zephyr/include/zephyr/toolchain.h:48:
/Users/gjonesblackcyton/Documents/src/klausscpu-runtime/zephyr-ws/zephyr/include/zephyr/toolchain/llvm.h:103:9: warning: '__UINT16_C' macro redefined [-Wmacro-redefined]
  103 | #define __UINT16_C(x)   uint_c(x, __int_least16_c_suffix__)
      |         ^
<built-in>:210:9: note: previous definition is here
  210 | #define __UINT16_C(c) c
      |         ^
In file included from /Users/gjonesblackcyton/Documents/src/klausscpu-runtime/zephyr-ws/klausscpu-zephyr/arch/klausscpu/core/offsets/offsets.c:5:
In file included from /Users/gjonesblackcyton/Documents/src/klausscpu-runtime/zephyr-ws/zephyr/include/zephyr/kernel.h:17:
In file included from /Users/gjonesblackcyton/Documents/src/klausscpu-runtime/zephyr-ws/zephyr/include/zephyr/kernel_includes.h:23:
In file included from /Users/gjonesblackcyton/Documents/src/klausscpu-runtime/zephyr-ws/zephyr/include/zephyr/toolchain.h:48:
/Users/gjonesblackcyton/Documents/src/klausscpu-runtime/zephyr-ws/zephyr/include/zephyr/toolchain/llvm.h:119:9: warning: '__INT8_C' macro redefined [-Wmacro-redefined]
  119 | #define __INT8_C(x)     int_c(x, __int_least8_c_suffix__)
      |         ^
<built-in>:179:9: note: previous definition is here
  179 | #define __INT8_C(c) c
      |         ^
In file included from /Users/gjonesblackcyton/Documents/src/klausscpu-runtime/zephyr-ws/klausscpu-zephyr/arch/klausscpu/core/offsets/offsets.c:5:
In file included from /Users/gjonesblackcyton/Documents/src/klausscpu-runtime/zephyr-ws/zephyr/include/zephyr/kernel.h:17:
In file included from /Users/gjonesblackcyton/Documents/src/klausscpu-runtime/zephyr-ws/zephyr/include/zephyr/kernel_includes.h:23:
In file included from /Users/gjonesblackcyton/Documents/src/klausscpu-runtime/zephyr-ws/zephyr/include/zephyr/toolchain.h:48:
/Users/gjonesblackcyton/Documents/src/klausscpu-runtime/zephyr-ws/zephyr/include/zephyr/toolchain/llvm.h:120:9: warning: '__UINT8_C' macro redefined [-Wmacro-redefined]
  120 | #define __UINT8_C(x)    uint_c(x, __int_least8_c_suffix__)
      |         ^
<built-in>:201:9: note: previous definition is here
  201 | #define __UINT8_C(c) c
      |         ^
In file included from /Users/gjonesblackcyton/Documents/src/klausscpu-runtime/zephyr-ws/klausscpu-zephyr/arch/klausscpu/core/offsets/offsets.c:5:
In file included from /Users/gjonesblackcyton/Documents/src/klausscpu-runtime/zephyr-ws/zephyr/include/zephyr/kernel.h:17:
In file included from /Users/gjonesblackcyton/Documents/src/klausscpu-runtime/zephyr-ws/zephyr/include/zephyr/kernel_includes.h:23:
In file included from /Users/gjonesblackcyton/Documents/src/klausscpu-runtime/zephyr-ws/zephyr/include/zephyr/toolchain.h:48:
/Users/gjonesblackcyton/Documents/src/klausscpu-runtime/zephyr-ws/zephyr/include/zephyr/toolchain/llvm.h:127:9: warning: '__INTMAX_C' macro redefined [-Wmacro-redefined]
  127 | #define __INTMAX_C(x)   int_c(x, __INTMAX_C_SUFFIX__)
      |         ^
<built-in>:98:9: note: previous definition is here
   98 | #define __INTMAX_C(c) c##L
      |         ^
In file included from /Users/gjonesblackcyton/Documents/src/klausscpu-runtime/zephyr-ws/klausscpu-zephyr/arch/klausscpu/core/offsets/offsets.c:5:
In file included from /Users/gjonesblackcyton/Documents/src/klausscpu-runtime/zephyr-ws/zephyr/include/zephyr/kernel.h:17:
In file included from /Users/gjonesblackcyton/Documents/src/klausscpu-runtime/zephyr-ws/zephyr/include/zephyr/kernel_includes.h:23:
In file included from /Users/gjonesblackcyton/Documents/src/klausscpu-runtime/zephyr-ws/zephyr/include/zephyr/toolchain.h:48:
/Users/gjonesblackcyton/Documents/src/klausscpu-runtime/zephyr-ws/zephyr/include/zephyr/toolchain/llvm.h:128:9: warning: '__UINTMAX_C' macro redefined [-Wmacro-redefined]
  128 | #define __UINTMAX_C(x)  int_c(x, __UINTMAX_C_SUFFIX__)
      |         ^
<built-in>:105:9: note: previous definition is here
  105 | #define __UINTMAX_C(c) c##UL
      |         ^
6 warnings generated.
[9/346] Generating include/generated/zephyr/offsets.h
[10/346] Generating ../../../include/generated/libc/minimal/strerror_table.h
[11/346] Building C object zephyr/CMakeFiles/zephyr.dir/lib/os/thread_entry.c.obj
In file included from /Users/gjonesblackcyton/Documents/src/klausscpu-runtime/zephyr-ws/zephyr/lib/os/thread_entry.c:14:
In file included from /Users/gjonesblackcyton/Documents/src/klausscpu-runtime/zephyr-ws/zephyr/include/zephyr/kernel.h:17:
In file included from /Users/gjonesblackcyton/Documents/src/klausscpu-runtime/zephyr-ws/zephyr/include/zephyr/kernel_includes.h:23:
In file included from /Users/gjonesblackcyton/Documents/src/klausscpu-runtime/zephyr-ws/zephyr/include/zephyr/toolchain.h:48:
/Users/gjonesblackcyton/Documents/src/klausscpu-runtime/zephyr-ws/zephyr/include/zephyr/toolchain/llvm.h:102:9: warning: '__INT16_C' macro redefined [-Wmacro-redefined]
  102 | #define __INT16_C(x)    int_c(x, __int_least16_c_suffix__)
      |         ^
<built-in>:184:9: note: previous definition is here
  184 | #define __INT16_C(c) c
      |         ^
In file included from /Users/gjonesblackcyton/Documents/src/klausscpu-runtime/zephyr-ws/zephyr/lib/os/thread_entry.c:14:
In file included from /Users/gjonesblackcyton/Documents/src/klausscpu-runtime/zephyr-ws/zephyr/include/zephyr/kernel.h:17:
In file included from /Users/gjonesblackcyton/Documents/src/klausscpu-runtime/zephyr-ws/zephyr/include/zephyr/kernel_includes.h:23:
In file included from /Users/gjonesblackcyton/Documents/src/klausscpu-runtime/zephyr-ws/zephyr/include/zephyr/toolchain.h:48:
/Users/gjonesblackcyton/Documents/src/klausscpu-runtime/zephyr-ws/zephyr/include/zephyr/toolchain/llvm.h:103:9: warning: '__UINT16_C' macro redefined [-Wmacro-redefined]
  103 | #define __UINT16_C(x)   uint_c(x, __int_least16_c_suffix__)
      |         ^
<built-in>:210:9: note: previous definition is here
  210 | #define __UINT16_C(c) c
      |         ^
In file included from /Users/gjonesblackcyton/Documents/src/klausscpu-runtime/zephyr-ws/zephyr/lib/os/thread_entry.c:14:
In file included from /Users/gjonesblackcyton/Documents/src/klausscpu-runtime/zephyr-ws/zephyr/include/zephyr/kernel.h:17:
In file included from /Users/gjonesblackcyton/Documents/src/klausscpu-runtime/zephyr-ws/zephyr/include/zephyr/kernel_includes.h:23:
In file included from /Users/gjonesblackcyton/Documents/src/klausscpu-runtime/zephyr-ws/zephyr/include/zephyr/toolchain.h:48:
/Users/gjonesblackcyton/Documents/src/klausscpu-runtime/zephyr-ws/zephyr/include/zephyr/toolchain/llvm.h:119:9: warning: '__INT8_C' macro redefined [-Wmacro-redefined]
  119 | #define __INT8_C(x)     int_c(x, __int_least8_c_suffix__)
      |         ^
<built-in>:179:9: note: previous definition is here
  179 | #define __INT8_C(c) c
      |         ^
In file included from /Users/gjonesblackcyton/Documents/src/klausscpu-runtime/zephyr-ws/zephyr/lib/os/thread_entry.c:14:
In file included from /Users/gjonesblackcyton/Documents/src/klausscpu-runtime/zephyr-ws/zephyr/include/zephyr/kernel.h:17:
In file included from /Users/gjonesblackcyton/Documents/src/klausscpu-runtime/zephyr-ws/zephyr/include/zephyr/kernel_includes.h:23:
In file included from /Users/gjonesblackcyton/Documents/src/klausscpu-runtime/zephyr-ws/zephyr/include/zephyr/toolchain.h:48:
/Users/gjonesblackcyton/Documents/src/klausscpu-runtime/zephyr-ws/zephyr/include/zephyr/toolchain/llvm.h:120:9: warning: '__UINT8_C' macro redefined [-Wmacro-redefined]
  120 | #define __UINT8_C(x)    uint_c(x, __int_least8_c_suffix__)
      |         ^
<built-in>:201:9: note: previous definition is here
  201 | #define __UINT8_C(c) c
      |         ^
In file included from /Users/gjonesblackcyton/Documents/src/klausscpu-runtime/zephyr-ws/zephyr/lib/os/thread_entry.c:14:
In file included from /Users/gjonesblackcyton/Documents/src/klausscpu-runtime/zephyr-ws/zephyr/include/zephyr/kernel.h:17:
In file included from /Users/gjonesblackcyton/Documents/src/klausscpu-runtime/zephyr-ws/zephyr/include/zephyr/kernel_includes.h:23:
In file included from /Users/gjonesblackcyton/Documents/src/klausscpu-runtime/zephyr-ws/zephyr/include/zephyr/toolchain.h:48:
/Users/gjonesblackcyton/Documents/src/klausscpu-runtime/zephyr-ws/zephyr/include/zephyr/toolchain/llvm.h:127:9: warning: '__INTMAX_C' macro redefined [-Wmacro-redefined]
  127 | #define __INTMAX_C(x)   int_c(x, __INTMAX_C_SUFFIX__)
      |         ^
<built-in>:98:9: note: previous definition is here
   98 | #define __INTMAX_C(c) c##L
      |         ^
In file included from /Users/gjonesblackcyton/Documents/src/klausscpu-runtime/zephyr-ws/zephyr/lib/os/thread_entry.c:14:
In file included from /Users/gjonesblackcyton/Documents/src/klausscpu-runtime/zephyr-ws/zephyr/include/zephyr/kernel.h:17:
In file included from /Users/gjonesblackcyton/Documents/src/klausscpu-runtime/zephyr-ws/zephyr/include/zephyr/kernel_includes.h:23:
In file included from /Users/gjonesblackcyton/Documents/src/klausscpu-runtime/zephyr-ws/zephyr/include/zephyr/toolchain.h:48:
/Users/gjonesblackcyton/Documents/src/klausscpu-runtime/zephyr-ws/zephyr/include/zephyr/toolchain/llvm.h:128:9: warning: '__UINTMAX_C' macro redefined [-Wmacro-redefined]
  128 | #define __UINTMAX_C(x)  int_c(x, __UINTMAX_C_SUFFIX__)
      |         ^
<built-in>:105:9: note: previous definition is here
  105 | #define __UINTMAX_C(c) c##UL
      |         ^
6 warnings generated.
[12/346] Building C object zephyr/CMakeFiles/zephyr.dir/lib/os/cbprintf.c.obj
In file included from /Users/gjonesblackcyton/Documents/src/klausscpu-runtime/zephyr-ws/zephyr/lib/os/cbprintf.c:9:
In file included from /Users/gjonesblackcyton/Documents/src/klausscpu-runtime/zephyr-ws/zephyr/include/zephyr/sys/cbprintf.h:13:
In file included from /Users/gjonesblackcyton/Documents/src/klausscpu-runtime/zephyr-ws/zephyr/include/zephyr/toolchain.h:48:
/Users/gjonesblackcyton/Documents/src/klausscpu-runtime/zephyr-ws/zephyr/include/zephyr/toolchain/llvm.h:102:9: warning: '__INT16_C' macro redefined [-Wmacro-redefined]
  102 | #define __INT16_C(x)    int_c(x, __int_least16_c_suffix__)
      |         ^
<built-in>:184:9: note: previous definition is here
  184 | #define __INT16_C(c) c
      |         ^
In file included from /Users/gjonesblackcyton/Documents/src/klausscpu-runtime/zephyr-ws/zephyr/lib/os/cbprintf.c:9:
In file included from /Users/gjonesblackcyton/Documents/src/klausscpu-runtime/zephyr-ws/zephyr/include/zephyr/sys/cbprintf.h:13:
In file included from /Users/gjonesblackcyton/Documents/src/klausscpu-runtime/zephyr-ws/zephyr/include/zephyr/toolchain.h:48:
/Users/gjonesblackcyton/Documents/src/klausscpu-runtime/zephyr-ws/zephyr/include/zephyr/toolchain/llvm.h:103:9: warning: '__UINT16_C' macro redefined [-Wmacro-redefined]
  103 | #define __UINT16_C(x)   uint_c(x, __int_least16_c_suffix__)
      |         ^
<built-in>:210:9: note: previous definition is here
  210 | #define __UINT16_C(c) c
      |         ^
In file included from /Users/gjonesblackcyton/Documents/src/klausscpu-runtime/zephyr-ws/zephyr/lib/os/cbprintf.c:9:
In file included from /Users/gjonesblackcyton/Documents/src/klausscpu-runtime/zephyr-ws/zephyr/include/zephyr/sys/cbprintf.h:13:
In file included from /Users/gjonesblackcyton/Documents/src/klausscpu-runtime/zephyr-ws/zephyr/include/zephyr/toolchain.h:48:
/Users/gjonesblackcyton/Documents/src/klausscpu-runtime/zephyr-ws/zephyr/include/zephyr/toolchain/llvm.h:119:9: warning: '__INT8_C' macro redefined [-Wmacro-redefined]
  119 | #define __INT8_C(x)     int_c(x, __int_least8_c_suffix__)
      |         ^
<built-in>:179:9: note: previous definition is here
  179 | #define __INT8_C(c) c
      |         ^
In file included from /Users/gjonesblackcyton/Documents/src/klausscpu-runtime/zephyr-ws/zephyr/lib/os/cbprintf.c:9:
In file included from /Users/gjonesblackcyton/Documents/src/klausscpu-runtime/zephyr-ws/zephyr/include/zephyr/sys/cbprintf.h:13:
In file included from /Users/gjonesblackcyton/Documents/src/klausscpu-runtime/zephyr-ws/zephyr/include/zephyr/toolchain.h:48:
/Users/gjonesblackcyton/Documents/src/klausscpu-runtime/zephyr-ws/zephyr/include/zephyr/toolchain/llvm.h:120:9: warning: '__UINT8_C' macro redefined [-Wmacro-redefined]
  120 | #define __UINT8_C(x)    uint_c(x, __int_least8_c_suffix__)
      |         ^
<built-in>:201:9: note: previous definition is here
  201 | #define __UINT8_C(c) c
      |         ^
In file included from /Users/gjonesblackcyton/Documents/src/klausscpu-runtime/zephyr-ws/zephyr/lib/os/cbprintf.c:9:
In file included from /Users/gjonesblackcyton/Documents/src/klausscpu-runtime/zephyr-ws/zephyr/include/zephyr/sys/cbprintf.h:13:
In file included from /Users/gjonesblackcyton/Documents/src/klausscpu-runtime/zephyr-ws/zephyr/include/zephyr/toolchain.h:48:
/Users/gjonesblackcyton/Documents/src/klausscpu-runtime/zephyr-ws/zephyr/include/zephyr/toolchain/llvm.h:127:9: warning: '__INTMAX_C' macro redefined [-Wmacro-redefined]
  127 | #define __INTMAX_C(x)   int_c(x, __INTMAX_C_SUFFIX__)
      |         ^
<built-in>:98:9: note: previous definition is here
   98 | #define __INTMAX_C(c) c##L
      |         ^
In file included from /Users/gjonesblackcyton/Documents/src/klausscpu-runtime/zephyr-ws/zephyr/lib/os/cbprintf.c:9:
In file included from /Users/gjonesblackcyton/Documents/src/klausscpu-runtime/zephyr-ws/zephyr/include/zephyr/sys/cbprintf.h:13:
In file included from /Users/gjonesblackcyton/Documents/src/klausscpu-runtime/zephyr-ws/zephyr/include/zephyr/toolchain.h:48:
/Users/gjonesblackcyton/Documents/src/klausscpu-runtime/zephyr-ws/zephyr/include/zephyr/toolchain/llvm.h:128:9: warning: '__UINTMAX_C' macro redefined [-Wmacro-redefined]
  128 | #define __UINTMAX_C(x)  int_c(x, __UINTMAX_C_SUFFIX__)
      |         ^
<built-in>:105:9: note: previous definition is here
  105 | #define __UINTMAX_C(c) c##UL
      |         ^
6 warnings generated.
[13/346] Building C object zephyr/CMakeFiles/zephyr.dir/lib/os/sem.c.obj
In file included from /Users/gjonesblackcyton/Documents/src/klausscpu-runtime/zephyr-ws/zephyr/lib/os/sem.c:7:
In file included from /Users/gjonesblackcyton/Documents/src/klausscpu-runtime/zephyr-ws/zephyr/include/zephyr/sys/sem.h:22:
In file included from /Users/gjonesblackcyton/Documents/src/klausscpu-runtime/zephyr-ws/zephyr/include/zephyr/kernel.h:17:
In file included from /Users/gjonesblackcyton/Documents/src/klausscpu-runtime/zephyr-ws/zephyr/include/zephyr/kernel_includes.h:23:
In file included from /Users/gjonesblackcyton/Documents/src/klausscpu-runtime/zephyr-ws/zephyr/include/zephyr/toolchain.h:48:
/Users/gjonesblackcyton/Documents/src/klausscpu-runtime/zephyr-ws/zephyr/include/zephyr/toolchain/llvm.h:102:9: warning: '__INT16_C' macro redefined [-Wmacro-redefined]
  102 | #define __INT16_C(x)    int_c(x, __int_least16_c_suffix__)
      |         ^
<built-in>:184:9: note: previous definition is here
  184 | #define __INT16_C(c) c
      |         ^
In file included from /Users/gjonesblackcyton/Documents/src/klausscpu-runtime/zephyr-ws/zephyr/lib/os/sem.c:7:
In file included from /Users/gjonesblackcyton/Documents/src/klausscpu-runtime/zephyr-ws/zephyr/include/zephyr/sys/sem.h:22:
In file included from /Users/gjonesblackcyton/Documents/src/klausscpu-runtime/zephyr-ws/zephyr/include/zephyr/kernel.h:17:
In file included from /Users/gjonesblackcyton/Documents/src/klausscpu-runtime/zephyr-ws/zephyr/include/zephyr/kernel_includes.h:23:
In file included from /Users/gjonesblackcyton/Documents/src/klausscpu-runtime/zephyr-ws/zephyr/include/zephyr/toolchain.h:48:
/Users/gjonesblackcyton/Documents/src/klausscpu-runtime/zephyr-ws/zephyr/include/zephyr/toolchain/llvm.h:103:9: warning: '__UINT16_C' macro redefined [-Wmacro-redefined]
  103 | #define __UINT16_C(x)   uint_c(x, __int_least16_c_suffix__)
      |         ^
<built-in>:210:9: note: previous definition is here
  210 | #define __UINT16_C(c) c
      |         ^
In file included from /Users/gjonesblackcyton/Documents/src/klausscpu-runtime/zephyr-ws/zephyr/lib/os/sem.c:7:
In file included from /Users/gjonesblackcyton/Documents/src/klausscpu-runtime/zephyr-ws/zephyr/include/zephyr/sys/sem.h:22:
In file included from /Users/gjonesblackcyton/Documents/src/klausscpu-runtime/zephyr-ws/zephyr/include/zephyr/kernel.h:17:
In file included from /Users/gjonesblackcyton/Documents/src/klausscpu-runtime/zephyr-ws/zephyr/include/zephyr/kernel_includes.h:23:
In file included from /Users/gjonesblackcyton/Documents/src/klausscpu-runtime/zephyr-ws/zephyr/include/zephyr/toolchain.h:48:
/Users/gjonesblackcyton/Documents/src/klausscpu-runtime/zephyr-ws/zephyr/include/zephyr/toolchain/llvm.h:119:9: warning: '__INT8_C' macro redefined [-Wmacro-redefined]
  119 | #define __INT8_C(x)     int_c(x, __int_least8_c_suffix__)
      |         ^
<built-in>:179:9: note: previous definition is here
  179 | #define __INT8_C(c) c
      |         ^
In file included from /Users/gjonesblackcyton/Documents/src/klausscpu-runtime/zephyr-ws/zephyr/lib/os/sem.c:7:
In file included from /Users/gjonesblackcyton/Documents/src/klausscpu-runtime/zephyr-ws/zephyr/include/zephyr/sys/sem.h:22:
In file included from /Users/gjonesblackcyton/Documents/src/klausscpu-runtime/zephyr-ws/zephyr/include/zephyr/kernel.h:17:
In file included from /Users/gjonesblackcyton/Documents/src/klausscpu-runtime/zephyr-ws/zephyr/include/zephyr/kernel_includes.h:23:
In file included from /Users/gjonesblackcyton/Documents/src/klausscpu-runtime/zephyr-ws/zephyr/include/zephyr/toolchain.h:48:
/Users/gjonesblackcyton/Documents/src/klausscpu-runtime/zephyr-ws/zephyr/include/zephyr/toolchain/llvm.h:120:9: warning: '__UINT8_C' macro redefined [-Wmacro-redefined]
  120 | #define __UINT8_C(x)    uint_c(x, __int_least8_c_suffix__)
      |         ^
<built-in>:201:9: note: previous definition is here
  201 | #define __UINT8_C(c) c
      |         ^
In file included from /Users/gjonesblackcyton/Documents/src/klausscpu-runtime/zephyr-ws/zephyr/lib/os/sem.c:7:
In file included from /Users/gjonesblackcyton/Documents/src/klausscpu-runtime/zephyr-ws/zephyr/include/zephyr/sys/sem.h:22:
In file included from /Users/gjonesblackcyton/Documents/src/klausscpu-runtime/zephyr-ws/zephyr/include/zephyr/kernel.h:17:
In file included from /Users/gjonesblackcyton/Documents/src/klausscpu-runtime/zephyr-ws/zephyr/include/zephyr/kernel_includes.h:23:
In file included from /Users/gjonesblackcyton/Documents/src/klausscpu-runtime/zephyr-ws/zephyr/include/zephyr/toolchain.h:48:
/Users/gjonesblackcyton/Documents/src/klausscpu-runtime/zephyr-ws/zephyr/include/zephyr/toolchain/llvm.h:127:9: warning: '__INTMAX_C' macro redefined [-Wmacro-redefined]
  127 | #define __INTMAX_C(x)   int_c(x, __INTMAX_C_SUFFIX__)
      |         ^
<built-in>:98:9: note: previous definition is here
   98 | #define __INTMAX_C(c) c##L
      |         ^
In file included from /Users/gjonesblackcyton/Documents/src/klausscpu-runtime/zephyr-ws/zephyr/lib/os/sem.c:7:
In file included from /Users/gjonesblackcyton/Documents/src/klausscpu-runtime/zephyr-ws/zephyr/include/zephyr/sys/sem.h:22:
In file included from /Users/gjonesblackcyton/Documents/src/klausscpu-runtime/zephyr-ws/zephyr/include/zephyr/kernel.h:17:
In file included from /Users/gjonesblackcyton/Documents/src/klausscpu-runtime/zephyr-ws/zephyr/include/zephyr/kernel_includes.h:23:
In file included from /Users/gjonesblackcyton/Documents/src/klausscpu-runtime/zephyr-ws/zephyr/include/zephyr/toolchain.h:48:
/Users/gjonesblackcyton/Documents/src/klausscpu-runtime/zephyr-ws/zephyr/include/zephyr/toolchain/llvm.h:128:9: warning: '__UINTMAX_C' macro redefined [-Wmacro-redefined]
  128 | #define __UINTMAX_C(x)  int_c(x, __UINTMAX_C_SUFFIX__)
      |         ^
<built-in>:105:9: note: previous definition is here
  105 | #define __UINTMAX_C(c) c##UL
      |         ^
6 warnings generated.
[14/346] Building C object zephyr/CMakeFiles/zephyr.dir/lib/os/printk.c.obj
In file included from /Users/gjonesblackcyton/Documents/src/klausscpu-runtime/zephyr-ws/zephyr/lib/os/printk.c:15:
In file included from /Users/gjonesblackcyton/Documents/src/klausscpu-runtime/zephyr-ws/zephyr/include/zephyr/kernel.h:17:
In file included from /Users/gjonesblackcyton/Documents/src/klausscpu-runtime/zephyr-ws/zephyr/include/zephyr/kernel_includes.h:23:
In file included from /Users/gjonesblackcyton/Documents/src/klausscpu-runtime/zephyr-ws/zephyr/include/zephyr/toolchain.h:48:
/Users/gjonesblackcyton/Documents/src/klausscpu-runtime/zephyr-ws/zephyr/include/zephyr/toolchain/llvm.h:102:9: warning: '__INT16_C' macro redefined [-Wmacro-redefined]
  102 | #define __INT16_C(x)    int_c(x, __int_least16_c_suffix__)
      |         ^
<built-in>:184:9: note: previous definition is here
  184 | #define __INT16_C(c) c
      |         ^
In file included from /Users/gjonesblackcyton/Documents/src/klausscpu-runtime/zephyr-ws/zephyr/lib/os/printk.c:15:
In file included from /Users/gjonesblackcyton/Documents/src/klausscpu-runtime/zephyr-ws/zephyr/include/zephyr/kernel.h:17:
In file included from /Users/gjonesblackcyton/Documents/src/klausscpu-runtime/zephyr-ws/zephyr/include/zephyr/kernel_includes.h:23:
In file included from /Users/gjonesblackcyton/Documents/src/klausscpu-runtime/zephyr-ws/zephyr/include/zephyr/toolchain.h:48:
/Users/gjonesblackcyton/Documents/src/klausscpu-runtime/zephyr-ws/zephyr/include/zephyr/toolchain/llvm.h:103:9: warning: '__UINT16_C' macro redefined [-Wmacro-redefined]
  103 | #define __UINT16_C(x)   uint_c(x, __int_least16_c_suffix__)
      |         ^
<built-in>:210:9: note: previous definition is here
  210 | #define __UINT16_C(c) c
      |         ^
In file included from /Users/gjonesblackcyton/Documents/src/klausscpu-runtime/zephyr-ws/zephyr/lib/os/printk.c:15:
In file included from /Users/gjonesblackcyton/Documents/src/klausscpu-runtime/zephyr-ws/zephyr/include/zephyr/kernel.h:17:
In file included from /Users/gjonesblackcyton/Documents/src/klausscpu-runtime/zephyr-ws/zephyr/include/zephyr/kernel_includes.h:23:
In file included from /Users/gjonesblackcyton/Documents/src/klausscpu-runtime/zephyr-ws/zephyr/include/zephyr/toolchain.h:48:
/Users/gjonesblackcyton/Documents/src/klausscpu-runtime/zephyr-ws/zephyr/include/zephyr/toolchain/llvm.h:119:9: warning: '__INT8_C' macro redefined [-Wmacro-redefined]
  119 | #define __INT8_C(x)     int_c(x, __int_least8_c_suffix__)
      |         ^
<built-in>:179:9: note: previous definition is here
  179 | #define __INT8_C(c) c
      |         ^
In file included from /Users/gjonesblackcyton/Documents/src/klausscpu-runtime/zephyr-ws/zephyr/lib/os/printk.c:15:
In file included from /Users/gjonesblackcyton/Documents/src/klausscpu-runtime/zephyr-ws/zephyr/include/zephyr/kernel.h:17:
In file included from /Users/gjonesblackcyton/Documents/src/klausscpu-runtime/zephyr-ws/zephyr/include/zephyr/kernel_includes.h:23:
In file included from /Users/gjonesblackcyton/Documents/src/klausscpu-runtime/zephyr-ws/zephyr/include/zephyr/toolchain.h:48:
/Users/gjonesblackcyton/Documents/src/klausscpu-runtime/zephyr-ws/zephyr/include/zephyr/toolchain/llvm.h:120:9: warning: '__UINT8_C' macro redefined [-Wmacro-redefined]
  120 | #define __UINT8_C(x)    uint_c(x, __int_least8_c_suffix__)
      |         ^
<built-in>:201:9: note: previous definition is here
  201 | #define __UINT8_C(c) c
      |         ^
In file included from /Users/gjonesblackcyton/Documents/src/klausscpu-runtime/zephyr-ws/zephyr/lib/os/printk.c:15:
In file included from /Users/gjonesblackcyton/Documents/src/klausscpu-runtime/zephyr-ws/zephyr/include/zephyr/kernel.h:17:
In file included from /Users/gjonesblackcyton/Documents/src/klausscpu-runtime/zephyr-ws/zephyr/include/zephyr/kernel_includes.h:23:
In file included from /Users/gjonesblackcyton/Documents/src/klausscpu-runtime/zephyr-ws/zephyr/include/zephyr/toolchain.h:48:
/Users/gjonesblackcyton/Documents/src/klausscpu-runtime/zephyr-ws/zephyr/include/zephyr/toolchain/llvm.h:127:9: warning: '__INTMAX_C' macro redefined [-Wmacro-redefined]
  127 | #define __INTMAX_C(x)   int_c(x, __INTMAX_C_SUFFIX__)
      |         ^
<built-in>:98:9: note: previous definition is here
   98 | #define __INTMAX_C(c) c##L
      |         ^
In file included from /Users/gjonesblackcyton/Documents/src/klausscpu-runtime/zephyr-ws/zephyr/lib/os/printk.c:15:
In file included from /Users/gjonesblackcyton/Documents/src/klausscpu-runtime/zephyr-ws/zephyr/include/zephyr/kernel.h:17:
In file included from /Users/gjonesblackcyton/Documents/src/klausscpu-runtime/zephyr-ws/zephyr/include/zephyr/kernel_includes.h:23:
In file included from /Users/gjonesblackcyton/Documents/src/klausscpu-runtime/zephyr-ws/zephyr/include/zephyr/toolchain.h:48:
/Users/gjonesblackcyton/Documents/src/klausscpu-runtime/zephyr-ws/zephyr/include/zephyr/toolchain/llvm.h:128:9: warning: '__UINTMAX_C' macro redefined [-Wmacro-redefined]
  128 | #define __UINTMAX_C(x)  int_c(x, __UINTMAX_C_SUFFIX__)
      |         ^
<built-in>:105:9: note: previous definition is here
  105 | #define __UINTMAX_C(c) c##UL
      |         ^
6 warnings generated.
[15/346] Building C object zephyr/CMakeFiles/zephyr.dir/lib/heap/heap_info.c.obj
In file included from /Users/gjonesblackcyton/Documents/src/klausscpu-runtime/zephyr-ws/zephyr/lib/heap/heap_info.c:7:
In file included from /Users/gjonesblackcyton/Documents/src/klausscpu-runtime/zephyr-ws/zephyr/include/zephyr/sys/util.h:18:
In file included from /Users/gjonesblackcyton/Documents/src/klausscpu-runtime/zephyr-ws/zephyr/include/zephyr/toolchain.h:48:
/Users/gjonesblackcyton/Documents/src/klausscpu-runtime/zephyr-ws/zephyr/include/zephyr/toolchain/llvm.h:102:9: warning: '__INT16_C' macro redefined [-Wmacro-redefined]
  102 | #define __INT16_C(x)    int_c(x, __int_least16_c_suffix__)
      |         ^
<built-in>:184:9: note: previous definition is here
  184 | #define __INT16_C(c) c
      |         ^
In file included from /Users/gjonesblackcyton/Documents/src/klausscpu-runtime/zephyr-ws/zephyr/lib/heap/heap_info.c:7:
In file included from /Users/gjonesblackcyton/Documents/src/klausscpu-runtime/zephyr-ws/zephyr/include/zephyr/sys/util.h:18:
In file included from /Users/gjonesblackcyton/Documents/src/klausscpu-runtime/zephyr-ws/zephyr/include/zephyr/toolchain.h:48:
/Users/gjonesblackcyton/Documents/src/klausscpu-runtime/zephyr-ws/zephyr/include/zephyr/toolchain/llvm.h:103:9: warning: '__UINT16_C' macro redefined [-Wmacro-redefined]
  103 | #define __UINT16_C(x)   uint_c(x, __int_least16_c_suffix__)
      |         ^
<built-in>:210:9: note: previous definition is here
  210 | #define __UINT16_C(c) c
      |         ^
In file included from /Users/gjonesblackcyton/Documents/src/klausscpu-runtime/zephyr-ws/zephyr/lib/heap/heap_info.c:7:
In file included from /Users/gjonesblackcyton/Documents/src/klausscpu-runtime/zephyr-ws/zephyr/include/zephyr/sys/util.h:18:
In file included from /Users/gjonesblackcyton/Documents/src/klausscpu-runtime/zephyr-ws/zephyr/include/zephyr/toolchain.h:48:
/Users/gjonesblackcyton/Documents/src/klausscpu-runtime/zephyr-ws/zephyr/include/zephyr/toolchain/llvm.h:119:9: warning: '__INT8_C' macro redefined [-Wmacro-redefined]
  119 | #define __INT8_C(x)     int_c(x, __int_least8_c_suffix__)
      |         ^
<built-in>:179:9: note: previous definition is here
  179 | #define __INT8_C(c) c
      |         ^
In file included from /Users/gjonesblackcyton/Documents/src/klausscpu-runtime/zephyr-ws/zephyr/lib/heap/heap_info.c:7:
In file included from /Users/gjonesblackcyton/Documents/src/klausscpu-runtime/zephyr-ws/zephyr/include/zephyr/sys/util.h:18:
In file included from /Users/gjonesblackcyton/Documents/src/klausscpu-runtime/zephyr-ws/zephyr/include/zephyr/toolchain.h:48:
/Users/gjonesblackcyton/Documents/src/klausscpu-runtime/zephyr-ws/zephyr/include/zephyr/toolchain/llvm.h:120:9: warning: '__UINT8_C' macro redefined [-Wmacro-redefined]
  120 | #define __UINT8_C(x)    uint_c(x, __int_least8_c_suffix__)
      |         ^
<built-in>:201:9: note: previous definition is here
  201 | #define __UINT8_C(c) c
      |         ^
In file included from /Users/gjonesblackcyton/Documents/src/klausscpu-runtime/zephyr-ws/zephyr/lib/heap/heap_info.c:7:
In file included from /Users/gjonesblackcyton/Documents/src/klausscpu-runtime/zephyr-ws/zephyr/include/zephyr/sys/util.h:18:
In file included from /Users/gjonesblackcyton/Documents/src/klausscpu-runtime/zephyr-ws/zephyr/include/zephyr/toolchain.h:48:
/Users/gjonesblackcyton/Documents/src/klausscpu-runtime/zephyr-ws/zephyr/include/zephyr/toolchain/llvm.h:127:9: warning: '__INTMAX_C' macro redefined [-Wmacro-redefined]
  127 | #define __INTMAX_C(x)   int_c(x, __INTMAX_C_SUFFIX__)
      |         ^
<built-in>:98:9: note: previous definition is here
   98 | #define __INTMAX_C(c) c##L
      |         ^
In file included from /Users/gjonesblackcyton/Documents/src/klausscpu-runtime/zephyr-ws/zephyr/lib/heap/heap_info.c:7:
In file included from /Users/gjonesblackcyton/Documents/src/klausscpu-runtime/zephyr-ws/zephyr/include/zephyr/sys/util.h:18:
In file included from /Users/gjonesblackcyton/Documents/src/klausscpu-runtime/zephyr-ws/zephyr/include/zephyr/toolchain.h:48:
/Users/gjonesblackcyton/Documents/src/klausscpu-runtime/zephyr-ws/zephyr/include/zephyr/toolchain/llvm.h:128:9: warning: '__UINTMAX_C' macro redefined [-Wmacro-redefined]
  128 | #define __UINTMAX_C(x)  int_c(x, __UINTMAX_C_SUFFIX__)
      |         ^
<built-in>:105:9: note: previous definition is here
  105 | #define __UINTMAX_C(c) c##UL
      |         ^
6 warnings generated.
[16/346] Building C object zephyr/CMakeFiles/zephyr.dir/lib/os/fdtable.c.obj
[17/346] Building C object zephyr/CMakeFiles/zephyr.dir/lib/os/cbprintf_packaged.c.obj
[18/346] Building C object zephyr/CMakeFiles/zephyr.dir/lib/os/cbprintf_complete.c.obj
[19/346] Building C object zephyr/CMakeFiles/zephyr.dir/lib/heap/heap.c.obj
In file included from /Users/gjonesblackcyton/Documents/src/klausscpu-runtime/zephyr-ws/zephyr/lib/heap/heap.c:7:
In file included from /Users/gjonesblackcyton/Documents/src/klausscpu-runtime/zephyr-ws/zephyr/include/zephyr/sys/util.h:18:
In file included from /Users/gjonesblackcyton/Documents/src/klausscpu-runtime/zephyr-ws/zephyr/include/zephyr/toolchain.h:48:
/Users/gjonesblackcyton/Documents/src/klausscpu-runtime/zephyr-ws/zephyr/include/zephyr/toolchain/llvm.h:102:9: warning: '__INT16_C' macro redefined [-Wmacro-redefined]
  102 | #define __INT16_C(x)    int_c(x, __int_least16_c_suffix__)
      |         ^
<built-in>:184:9: note: previous definition is here
  184 | #define __INT16_C(c) c
      |         ^
In file included from /Users/gjonesblackcyton/Documents/src/klausscpu-runtime/zephyr-ws/zephyr/lib/heap/heap.c:7:
In file included from /Users/gjonesblackcyton/Documents/src/klausscpu-runtime/zephyr-ws/zephyr/include/zephyr/sys/util.h:18:
In file included from /Users/gjonesblackcyton/Documents/src/klausscpu-runtime/zephyr-ws/zephyr/include/zephyr/toolchain.h:48:
/Users/gjonesblackcyton/Documents/src/klausscpu-runtime/zephyr-ws/zephyr/include/zephyr/toolchain/llvm.h:103:9: warning: '__UINT16_C' macro redefined [-Wmacro-redefined]
  103 | #define __UINT16_C(x)   uint_c(x, __int_least16_c_suffix__)
      |         ^
<built-in>:210:9: note: previous definition is here
  210 | #define __UINT16_C(c) c
      |         ^
In file included from /Users/gjonesblackcyton/Documents/src/klausscpu-runtime/zephyr-ws/zephyr/lib/heap/heap.c:7:
In file included from /Users/gjonesblackcyton/Documents/src/klausscpu-runtime/zephyr-ws/zephyr/include/zephyr/sys/util.h:18:
In file included from /Users/gjonesblackcyton/Documents/src/klausscpu-runtime/zephyr-ws/zephyr/include/zephyr/toolchain.h:48:
/Users/gjonesblackcyton/Documents/src/klausscpu-runtime/zephyr-ws/zephyr/include/zephyr/toolchain/llvm.h:119:9: warning: '__INT8_C' macro redefined [-Wmacro-redefined]
  119 | #define __INT8_C(x)     int_c(x, __int_least8_c_suffix__)
      |         ^
<built-in>:179:9: note: previous definition is here
  179 | #define __INT8_C(c) c
      |         ^
In file included from /Users/gjonesblackcyton/Documents/src/klausscpu-runtime/zephyr-ws/zephyr/lib/heap/heap.c:7:
In file included from /Users/gjonesblackcyton/Documents/src/klausscpu-runtime/zephyr-ws/zephyr/include/zephyr/sys/util.h:18:
In file included from /Users/gjonesblackcyton/Documents/src/klausscpu-runtime/zephyr-ws/zephyr/include/zephyr/toolchain.h:48:
/Users/gjonesblackcyton/Documents/src/klausscpu-runtime/zephyr-ws/zephyr/include/zephyr/toolchain/llvm.h:120:9: warning: '__UINT8_C' macro redefined [-Wmacro-redefined]
  120 | #define __UINT8_C(x)    uint_c(x, __int_least8_c_suffix__)
      |         ^
<built-in>:201:9: note: previous definition is here
  201 | #define __UINT8_C(c) c
      |         ^
In file included from /Users/gjonesblackcyton/Documents/src/klausscpu-runtime/zephyr-ws/zephyr/lib/heap/heap.c:7:
In file included from /Users/gjonesblackcyton/Documents/src/klausscpu-runtime/zephyr-ws/zephyr/include/zephyr/sys/util.h:18:
In file included from /Users/gjonesblackcyton/Documents/src/klausscpu-runtime/zephyr-ws/zephyr/include/zephyr/toolchain.h:48:
/Users/gjonesblackcyton/Documents/src/klausscpu-runtime/zephyr-ws/zephyr/include/zephyr/toolchain/llvm.h:127:9: warning: '__INTMAX_C' macro redefined [-Wmacro-redefined]
  127 | #define __INTMAX_C(x)   int_c(x, __INTMAX_C_SUFFIX__)
      |         ^
<built-in>:98:9: note: previous definition is here
   98 | #define __INTMAX_C(c) c##L
      |         ^
In file included from /Users/gjonesblackcyton/Documents/src/klausscpu-runtime/zephyr-ws/zephyr/lib/heap/heap.c:7:
In file included from /Users/gjonesblackcyton/Documents/src/klausscpu-runtime/zephyr-ws/zephyr/include/zephyr/sys/util.h:18:
In file included from /Users/gjonesblackcyton/Documents/src/klausscpu-runtime/zephyr-ws/zephyr/include/zephyr/toolchain.h:48:
/Users/gjonesblackcyton/Documents/src/klausscpu-runtime/zephyr-ws/zephyr/include/zephyr/toolchain/llvm.h:128:9: warning: '__UINTMAX_C' macro redefined [-Wmacro-redefined]
  128 | #define __UINTMAX_C(x)  int_c(x, __UINTMAX_C_SUFFIX__)
      |         ^
<built-in>:105:9: note: previous definition is here
  105 | #define __UINTMAX_C(c) c##UL
      |         ^
6 warnings generated.
[20/346] Building C object zephyr/CMakeFiles/zephyr.dir/lib/utils/dec.c.obj
In file included from /Users/gjonesblackcyton/Documents/src/klausscpu-runtime/zephyr-ws/zephyr/lib/utils/dec.c:7:
In file included from /Users/gjonesblackcyton/Documents/src/klausscpu-runtime/zephyr-ws/zephyr/include/zephyr/sys/util.h:18:
In file included from /Users/gjonesblackcyton/Documents/src/klausscpu-runtime/zephyr-ws/zephyr/include/zephyr/toolchain.h:48:
/Users/gjonesblackcyton/Documents/src/klausscpu-runtime/zephyr-ws/zephyr/include/zephyr/toolchain/llvm.h:102:9: warning: '__INT16_C' macro redefined [-Wmacro-redefined]
  102 | #define __INT16_C(x)    int_c(x, __int_least16_c_suffix__)
      |         ^
<built-in>:184:9: note: previous definition is here
  184 | #define __INT16_C(c) c
      |         ^
In file included from /Users/gjonesblackcyton/Documents/src/klausscpu-runtime/zephyr-ws/zephyr/lib/utils/dec.c:7:
In file included from /Users/gjonesblackcyton/Documents/src/klausscpu-runtime/zephyr-ws/zephyr/include/zephyr/sys/util.h:18:
In file included from /Users/gjonesblackcyton/Documents/src/klausscpu-runtime/zephyr-ws/zephyr/include/zephyr/toolchain.h:48:
/Users/gjonesblackcyton/Documents/src/klausscpu-runtime/zephyr-ws/zephyr/include/zephyr/toolchain/llvm.h:103:9: warning: '__UINT16_C' macro redefined [-Wmacro-redefined]
  103 | #define __UINT16_C(x)   uint_c(x, __int_least16_c_suffix__)
      |         ^
<built-in>:210:9: note: previous definition is here
  210 | #define __UINT16_C(c) c
      |         ^
In file included from /Users/gjonesblackcyton/Documents/src/klausscpu-runtime/zephyr-ws/zephyr/lib/utils/dec.c:7:
In file included from /Users/gjonesblackcyton/Documents/src/klausscpu-runtime/zephyr-ws/zephyr/include/zephyr/sys/util.h:18:
In file included from /Users/gjonesblackcyton/Documents/src/klausscpu-runtime/zephyr-ws/zephyr/include/zephyr/toolchain.h:48:
/Users/gjonesblackcyton/Documents/src/klausscpu-runtime/zephyr-ws/zephyr/include/zephyr/toolchain/llvm.h:119:9: warning: '__INT8_C' macro redefined [-Wmacro-redefined]
  119 | #define __INT8_C(x)     int_c(x, __int_least8_c_suffix__)
      |         ^
<built-in>:179:9: note: previous definition is here
  179 | #define __INT8_C(c) c
      |         ^
In file included from /Users/gjonesblackcyton/Documents/src/klausscpu-runtime/zephyr-ws/zephyr/lib/utils/dec.c:7:
In file included from /Users/gjonesblackcyton/Documents/src/klausscpu-runtime/zephyr-ws/zephyr/include/zephyr/sys/util.h:18:
In file included from /Users/gjonesblackcyton/Documents/src/klausscpu-runtime/zephyr-ws/zephyr/include/zephyr/toolchain.h:48:
/Users/gjonesblackcyton/Documents/src/klausscpu-runtime/zephyr-ws/zephyr/include/zephyr/toolchain/llvm.h:120:9: warning: '__UINT8_C' macro redefined [-Wmacro-redefined]
  120 | #define __UINT8_C(x)    uint_c(x, __int_least8_c_suffix__)
      |         ^
<built-in>:201:9: note: previous definition is here
  201 | #define __UINT8_C(c) c
      |         ^
In file included from /Users/gjonesblackcyton/Documents/src/klausscpu-runtime/zephyr-ws/zephyr/lib/utils/dec.c:7:
In file included from /Users/gjonesblackcyton/Documents/src/klausscpu-runtime/zephyr-ws/zephyr/include/zephyr/sys/util.h:18:
In file included from /Users/gjonesblackcyton/Documents/src/klausscpu-runtime/zephyr-ws/zephyr/include/zephyr/toolchain.h:48:
/Users/gjonesblackcyton/Documents/src/klausscpu-runtime/zephyr-ws/zephyr/include/zephyr/toolchain/llvm.h:127:9: warning: '__INTMAX_C' macro redefined [-Wmacro-redefined]
  127 | #define __INTMAX_C(x)   int_c(x, __INTMAX_C_SUFFIX__)
      |         ^
<built-in>:98:9: note: previous definition is here
   98 | #define __INTMAX_C(c) c##L
      |         ^
In file included from /Users/gjonesblackcyton/Documents/src/klausscpu-runtime/zephyr-ws/zephyr/lib/utils/dec.c:7:
In file included from /Users/gjonesblackcyton/Documents/src/klausscpu-runtime/zephyr-ws/zephyr/include/zephyr/sys/util.h:18:
In file included from /Users/gjonesblackcyton/Documents/src/klausscpu-runtime/zephyr-ws/zephyr/include/zephyr/toolchain.h:48:
/Users/gjonesblackcyton/Documents/src/klausscpu-runtime/zephyr-ws/zephyr/include/zephyr/toolchain/llvm.h:128:9: warning: '__UINTMAX_C' macro redefined [-Wmacro-redefined]
  128 | #define __UINTMAX_C(x)  int_c(x, __UINTMAX_C_SUFFIX__)
      |         ^
<built-in>:105:9: note: previous definition is here
  105 | #define __UINTMAX_C(c) c##UL
      |         ^
6 warnings generated.
[21/346] Building C object zephyr/CMakeFiles/zephyr.dir/lib/utils/timeutil.c.obj
[22/346] Building C object zephyr/CMakeFiles/zephyr.dir/lib/utils/hex.c.obj
[23/346] Building C object zephyr/CMakeFiles/zephyr.dir/misc/generated/configs.c.obj
In file included from /Users/gjonesblackcyton/Documents/src/klausscpu-runtime/zephyr-ws/build_lvgl/zephyr/misc/generated/configs.c:7:
In file included from /Users/gjonesblackcyton/Documents/src/klausscpu-runtime/zephyr-ws/zephyr/include/zephyr/toolchain.h:48:
/Users/gjonesblackcyton/Documents/src/klausscpu-runtime/zephyr-ws/zephyr/include/zephyr/toolchain/llvm.h:102:9: warning: '__INT16_C' macro redefined [-Wmacro-redefined]
  102 | #define __INT16_C(x)    int_c(x, __int_least16_c_suffix__)
      |         ^
<built-in>:184:9: note: previous definition is here
  184 | #define __INT16_C(c) c
      |         ^
In file included from /Users/gjonesblackcyton/Documents/src/klausscpu-runtime/zephyr-ws/build_lvgl/zephyr/misc/generated/configs.c:7:
In file included from /Users/gjonesblackcyton/Documents/src/klausscpu-runtime/zephyr-ws/zephyr/include/zephyr/toolchain.h:48:
/Users/gjonesblackcyton/Documents/src/klausscpu-runtime/zephyr-ws/zephyr/include/zephyr/toolchain/llvm.h:103:9: warning: '__UINT16_C' macro redefined [-Wmacro-redefined]
  103 | #define __UINT16_C(x)   uint_c(x, __int_least16_c_suffix__)
      |         ^
<built-in>:210:9: note: previous definition is here
  210 | #define __UINT16_C(c) c
      |         ^
In file included from /Users/gjonesblackcyton/Documents/src/klausscpu-runtime/zephyr-ws/build_lvgl/zephyr/misc/generated/configs.c:7:
In file included from /Users/gjonesblackcyton/Documents/src/klausscpu-runtime/zephyr-ws/zephyr/include/zephyr/toolchain.h:48:
/Users/gjonesblackcyton/Documents/src/klausscpu-runtime/zephyr-ws/zephyr/include/zephyr/toolchain/llvm.h:119:9: warning: '__INT8_C' macro redefined [-Wmacro-redefined]
  119 | #define __INT8_C(x)     int_c(x, __int_least8_c_suffix__)
      |         ^
<built-in>:179:9: note: previous definition is here
  179 | #define __INT8_C(c) c
      |         ^
In file included from /Users/gjonesblackcyton/Documents/src/klausscpu-runtime/zephyr-ws/build_lvgl/zephyr/misc/generated/configs.c:7:
In file included from /Users/gjonesblackcyton/Documents/src/klausscpu-runtime/zephyr-ws/zephyr/include/zephyr/toolchain.h:48:
/Users/gjonesblackcyton/Documents/src/klausscpu-runtime/zephyr-ws/zephyr/include/zephyr/toolchain/llvm.h:120:9: warning: '__UINT8_C' macro redefined [-Wmacro-redefined]
  120 | #define __UINT8_C(x)    uint_c(x, __int_least8_c_suffix__)
      |         ^
<built-in>:201:9: note: previous definition is here
  201 | #define __UINT8_C(c) c
      |         ^
In file included from /Users/gjonesblackcyton/Documents/src/klausscpu-runtime/zephyr-ws/build_lvgl/zephyr/misc/generated/configs.c:7:
In file included from /Users/gjonesblackcyton/Documents/src/klausscpu-runtime/zephyr-ws/zephyr/include/zephyr/toolchain.h:48:
/Users/gjonesblackcyton/Documents/src/klausscpu-runtime/zephyr-ws/zephyr/include/zephyr/toolchain/llvm.h:127:9: warning: '__INTMAX_C' macro redefined [-Wmacro-redefined]
  127 | #define __INTMAX_C(x)   int_c(x, __INTMAX_C_SUFFIX__)
      |         ^
<built-in>:98:9: note: previous definition is here
   98 | #define __INTMAX_C(c) c##L
      |         ^
In file included from /Users/gjonesblackcyton/Documents/src/klausscpu-runtime/zephyr-ws/build_lvgl/zephyr/misc/generated/configs.c:7:
In file included from /Users/gjonesblackcyton/Documents/src/klausscpu-runtime/zephyr-ws/zephyr/include/zephyr/toolchain.h:48:
/Users/gjonesblackcyton/Documents/src/klausscpu-runtime/zephyr-ws/zephyr/include/zephyr/toolchain/llvm.h:128:9: warning: '__UINTMAX_C' macro redefined [-Wmacro-redefined]
  128 | #define __UINTMAX_C(x)  int_c(x, __UINTMAX_C_SUFFIX__)
      |         ^
<built-in>:105:9: note: previous definition is here
  105 | #define __UINTMAX_C(c) c##UL
      |         ^
6 warnings generated.
[24/346] Building C object zephyr/CMakeFiles/zephyr.dir/lib/os/assert.c.obj
In file included from /Users/gjonesblackcyton/Documents/src/klausscpu-runtime/zephyr-ws/zephyr/lib/os/assert.c:7:
In file included from /Users/gjonesblackcyton/Documents/src/klausscpu-runtime/zephyr-ws/zephyr/include/zephyr/sys/__assert.h:11:
In file included from /Users/gjonesblackcyton/Documents/src/klausscpu-runtime/zephyr-ws/zephyr/include/zephyr/toolchain.h:48:
/Users/gjonesblackcyton/Documents/src/klausscpu-runtime/zephyr-ws/zephyr/include/zephyr/toolchain/llvm.h:102:9: warning: '__INT16_C' macro redefined [-Wmacro-redefined]
  102 | #define __INT16_C(x)    int_c(x, __int_least16_c_suffix__)
      |         ^
<built-in>:184:9: note: previous definition is here
  184 | #define __INT16_C(c) c
      |         ^
In file included from /Users/gjonesblackcyton/Documents/src/klausscpu-runtime/zephyr-ws/zephyr/lib/os/assert.c:7:
In file included from /Users/gjonesblackcyton/Documents/src/klausscpu-runtime/zephyr-ws/zephyr/include/zephyr/sys/__assert.h:11:
In file included from /Users/gjonesblackcyton/Documents/src/klausscpu-runtime/zephyr-ws/zephyr/include/zephyr/toolchain.h:48:
/Users/gjonesblackcyton/Documents/src/klausscpu-runtime/zephyr-ws/zephyr/include/zephyr/toolchain/llvm.h:103:9: warning: '__UINT16_C' macro redefined [-Wmacro-redefined]
  103 | #define __UINT16_C(x)   uint_c(x, __int_least16_c_suffix__)
      |         ^
<built-in>:210:9: note: previous definition is here
  210 | #define __UINT16_C(c) c
      |         ^
In file included from /Users/gjonesblackcyton/Documents/src/klausscpu-runtime/zephyr-ws/zephyr/lib/os/assert.c:7:
In file included from /Users/gjonesblackcyton/Documents/src/klausscpu-runtime/zephyr-ws/zephyr/include/zephyr/sys/__assert.h:11:
In file included from /Users/gjonesblackcyton/Documents/src/klausscpu-runtime/zephyr-ws/zephyr/include/zephyr/toolchain.h:48:
/Users/gjonesblackcyton/Documents/src/klausscpu-runtime/zephyr-ws/zephyr/include/zephyr/toolchain/llvm.h:119:9: warning: '__INT8_C' macro redefined [-Wmacro-redefined]
  119 | #define __INT8_C(x)     int_c(x, __int_least8_c_suffix__)
      |         ^
<built-in>:179:9: note: previous definition is here
  179 | #define __INT8_C(c) c
      |         ^
In file included from /Users/gjonesblackcyton/Documents/src/klausscpu-runtime/zephyr-ws/zephyr/lib/os/assert.c:7:
In file included from /Users/gjonesblackcyton/Documents/src/klausscpu-runtime/zephyr-ws/zephyr/include/zephyr/sys/__assert.h:11:
In file included from /Users/gjonesblackcyton/Documents/src/klausscpu-runtime/zephyr-ws/zephyr/include/zephyr/toolchain.h:48:
/Users/gjonesblackcyton/Documents/src/klausscpu-runtime/zephyr-ws/zephyr/include/zephyr/toolchain/llvm.h:120:9: warning: '__UINT8_C' macro redefined [-Wmacro-redefined]
  120 | #define __UINT8_C(x)    uint_c(x, __int_least8_c_suffix__)
      |         ^
<built-in>:201:9: note: previous definition is here
  201 | #define __UINT8_C(c) c
      |         ^
In file included from /Users/gjonesblackcyton/Documents/src/klausscpu-runtime/zephyr-ws/zephyr/lib/os/assert.c:7:
In file included from /Users/gjonesblackcyton/Documents/src/klausscpu-runtime/zephyr-ws/zephyr/include/zephyr/sys/__assert.h:11:
In file included from /Users/gjonesblackcyton/Documents/src/klausscpu-runtime/zephyr-ws/zephyr/include/zephyr/toolchain.h:48:
/Users/gjonesblackcyton/Documents/src/klausscpu-runtime/zephyr-ws/zephyr/include/zephyr/toolchain/llvm.h:127:9: warning: '__INTMAX_C' macro redefined [-Wmacro-redefined]
  127 | #define __INTMAX_C(x)   int_c(x, __INTMAX_C_SUFFIX__)
      |         ^
<built-in>:98:9: note: previous definition is here
   98 | #define __INTMAX_C(c) c##L
      |         ^
In file included from /Users/gjonesblackcyton/Documents/src/klausscpu-runtime/zephyr-ws/zephyr/lib/os/assert.c:7:
In file included from /Users/gjonesblackcyton/Documents/src/klausscpu-runtime/zephyr-ws/zephyr/include/zephyr/sys/__assert.h:11:
In file included from /Users/gjonesblackcyton/Documents/src/klausscpu-runtime/zephyr-ws/zephyr/include/zephyr/toolchain.h:48:
/Users/gjonesblackcyton/Documents/src/klausscpu-runtime/zephyr-ws/zephyr/include/zephyr/toolchain/llvm.h:128:9: warning: '__UINTMAX_C' macro redefined [-Wmacro-redefined]
  128 | #define __UINTMAX_C(x)  int_c(x, __UINTMAX_C_SUFFIX__)
      |         ^
<built-in>:105:9: note: previous definition is here
  105 | #define __UINTMAX_C(c) c##UL
      |         ^
6 warnings generated.
[25/346] Building C object CMakeFiles/app.dir/src/main.c.obj
In file included from /Users/gjonesblackcyton/Documents/src/klausscpu-runtime/zephyr-ws/klausscpu-zephyr/apps/gui_lvgl/src/main.c:10:
In file included from /Users/gjonesblackcyton/Documents/src/klausscpu-runtime/zephyr-ws/zephyr/include/zephyr/kernel.h:17:
In file included from /Users/gjonesblackcyton/Documents/src/klausscpu-runtime/zephyr-ws/zephyr/include/zephyr/kernel_includes.h:23:
In file included from /Users/gjonesblackcyton/Documents/src/klausscpu-runtime/zephyr-ws/zephyr/include/zephyr/toolchain.h:48:
/Users/gjonesblackcyton/Documents/src/klausscpu-runtime/zephyr-ws/zephyr/include/zephyr/toolchain/llvm.h:102:9: warning: '__INT16_C' macro redefined [-Wmacro-redefined]
  102 | #define __INT16_C(x)    int_c(x, __int_least16_c_suffix__)
      |         ^
<built-in>:184:9: note: previous definition is here
  184 | #define __INT16_C(c) c
      |         ^
In file included from /Users/gjonesblackcyton/Documents/src/klausscpu-runtime/zephyr-ws/klausscpu-zephyr/apps/gui_lvgl/src/main.c:10:
In file included from /Users/gjonesblackcyton/Documents/src/klausscpu-runtime/zephyr-ws/zephyr/include/zephyr/kernel.h:17:
In file included from /Users/gjonesblackcyton/Documents/src/klausscpu-runtime/zephyr-ws/zephyr/include/zephyr/kernel_includes.h:23:
In file included from /Users/gjonesblackcyton/Documents/src/klausscpu-runtime/zephyr-ws/zephyr/include/zephyr/toolchain.h:48:
/Users/gjonesblackcyton/Documents/src/klausscpu-runtime/zephyr-ws/zephyr/include/zephyr/toolchain/llvm.h:103:9: warning: '__UINT16_C' macro redefined [-Wmacro-redefined]
  103 | #define __UINT16_C(x)   uint_c(x, __int_least16_c_suffix__)
      |         ^
<built-in>:210:9: note: previous definition is here
  210 | #define __UINT16_C(c) c
      |         ^
In file included from /Users/gjonesblackcyton/Documents/src/klausscpu-runtime/zephyr-ws/klausscpu-zephyr/apps/gui_lvgl/src/main.c:10:
In file included from /Users/gjonesblackcyton/Documents/src/klausscpu-runtime/zephyr-ws/zephyr/include/zephyr/kernel.h:17:
In file included from /Users/gjonesblackcyton/Documents/src/klausscpu-runtime/zephyr-ws/zephyr/include/zephyr/kernel_includes.h:23:
In file included from /Users/gjonesblackcyton/Documents/src/klausscpu-runtime/zephyr-ws/zephyr/include/zephyr/toolchain.h:48:
/Users/gjonesblackcyton/Documents/src/klausscpu-runtime/zephyr-ws/zephyr/include/zephyr/toolchain/llvm.h:119:9: warning: '__INT8_C' macro redefined [-Wmacro-redefined]
  119 | #define __INT8_C(x)     int_c(x, __int_least8_c_suffix__)
      |         ^
<built-in>:179:9: note: previous definition is here
  179 | #define __INT8_C(c) c
      |         ^
In file included from /Users/gjonesblackcyton/Documents/src/klausscpu-runtime/zephyr-ws/klausscpu-zephyr/apps/gui_lvgl/src/main.c:10:
In file included from /Users/gjonesblackcyton/Documents/src/klausscpu-runtime/zephyr-ws/zephyr/include/zephyr/kernel.h:17:
In file included from /Users/gjonesblackcyton/Documents/src/klausscpu-runtime/zephyr-ws/zephyr/include/zephyr/kernel_includes.h:23:
In file included from /Users/gjonesblackcyton/Documents/src/klausscpu-runtime/zephyr-ws/zephyr/include/zephyr/toolchain.h:48:
/Users/gjonesblackcyton/Documents/src/klausscpu-runtime/zephyr-ws/zephyr/include/zephyr/toolchain/llvm.h:120:9: warning: '__UINT8_C' macro redefined [-Wmacro-redefined]
  120 | #define __UINT8_C(x)    uint_c(x, __int_least8_c_suffix__)
      |         ^
<built-in>:201:9: note: previous definition is here
  201 | #define __UINT8_C(c) c
      |         ^
In file included from /Users/gjonesblackcyton/Documents/src/klausscpu-runtime/zephyr-ws/klausscpu-zephyr/apps/gui_lvgl/src/main.c:10:
In file included from /Users/gjonesblackcyton/Documents/src/klausscpu-runtime/zephyr-ws/zephyr/include/zephyr/kernel.h:17:
In file included from /Users/gjonesblackcyton/Documents/src/klausscpu-runtime/zephyr-ws/zephyr/include/zephyr/kernel_includes.h:23:
In file included from /Users/gjonesblackcyton/Documents/src/klausscpu-runtime/zephyr-ws/zephyr/include/zephyr/toolchain.h:48:
/Users/gjonesblackcyton/Documents/src/klausscpu-runtime/zephyr-ws/zephyr/include/zephyr/toolchain/llvm.h:127:9: warning: '__INTMAX_C' macro redefined [-Wmacro-redefined]
  127 | #define __INTMAX_C(x)   int_c(x, __INTMAX_C_SUFFIX__)
      |         ^
<built-in>:98:9: note: previous definition is here
   98 | #define __INTMAX_C(c) c##L
      |         ^
In file included from /Users/gjonesblackcyton/Documents/src/klausscpu-runtime/zephyr-ws/klausscpu-zephyr/apps/gui_lvgl/src/main.c:10:
In file included from /Users/gjonesblackcyton/Documents/src/klausscpu-runtime/zephyr-ws/zephyr/include/zephyr/kernel.h:17:
In file included from /Users/gjonesblackcyton/Documents/src/klausscpu-runtime/zephyr-ws/zephyr/include/zephyr/kernel_includes.h:23:
In file included from /Users/gjonesblackcyton/Documents/src/klausscpu-runtime/zephyr-ws/zephyr/include/zephyr/toolchain.h:48:
/Users/gjonesblackcyton/Documents/src/klausscpu-runtime/zephyr-ws/zephyr/include/zephyr/toolchain/llvm.h:128:9: warning: '__UINTMAX_C' macro redefined [-Wmacro-redefined]
  128 | #define __UINTMAX_C(x)  int_c(x, __UINTMAX_C_SUFFIX__)
      |         ^
<built-in>:105:9: note: previous definition is here
  105 | #define __UINTMAX_C(c) c##UL
      |         ^
6 warnings generated.
[26/346] Building C object zephyr/CMakeFiles/zephyr.dir/subsys/tracing/tracing_none.c.obj
[27/346] Building C object zephyr/CMakeFiles/zephyr.dir/subsys/logging/log_cache.c.obj
[28/346] Generating linker_zephyr_pre0.cmd
[29/346] Building C object zephyr/CMakeFiles/zephyr.dir/lib/utils/rb.c.obj
In file included from /Users/gjonesblackcyton/Documents/src/klausscpu-runtime/zephyr-ws/zephyr/lib/utils/rb.c:15:
In file included from /Users/gjonesblackcyton/Documents/src/klausscpu-runtime/zephyr-ws/zephyr/include/zephyr/kernel.h:17:
In file included from /Users/gjonesblackcyton/Documents/src/klausscpu-runtime/zephyr-ws/zephyr/include/zephyr/kernel_includes.h:23:
In file included from /Users/gjonesblackcyton/Documents/src/klausscpu-runtime/zephyr-ws/zephyr/include/zephyr/toolchain.h:48:
/Users/gjonesblackcyton/Documents/src/klausscpu-runtime/zephyr-ws/zephyr/include/zephyr/toolchain/llvm.h:102:9: warning: '__INT16_C' macro redefined [-Wmacro-redefined]
  102 | #define __INT16_C(x)    int_c(x, __int_least16_c_suffix__)
      |         ^
<built-in>:184:9: note: previous definition is here
  184 | #define __INT16_C(c) c
      |         ^
In file included from /Users/gjonesblackcyton/Documents/src/klausscpu-runtime/zephyr-ws/zephyr/lib/utils/rb.c:15:
In file included from /Users/gjonesblackcyton/Documents/src/klausscpu-runtime/zephyr-ws/zephyr/include/zephyr/kernel.h:17:
In file included from /Users/gjonesblackcyton/Documents/src/klausscpu-runtime/zephyr-ws/zephyr/include/zephyr/kernel_includes.h:23:
In file included from /Users/gjonesblackcyton/Documents/src/klausscpu-runtime/zephyr-ws/zephyr/include/zephyr/toolchain.h:48:
/Users/gjonesblackcyton/Documents/src/klausscpu-runtime/zephyr-ws/zephyr/include/zephyr/toolchain/llvm.h:103:9: warning: '__UINT16_C' macro redefined [-Wmacro-redefined]
  103 | #define __UINT16_C(x)   uint_c(x, __int_least16_c_suffix__)
      |         ^
<built-in>:210:9: note: previous definition is here
  210 | #define __UINT16_C(c) c
      |         ^
In file included from /Users/gjonesblackcyton/Documents/src/klausscpu-runtime/zephyr-ws/zephyr/lib/utils/rb.c:15:
In file included from /Users/gjonesblackcyton/Documents/src/klausscpu-runtime/zephyr-ws/zephyr/include/zephyr/kernel.h:17:
In file included from /Users/gjonesblackcyton/Documents/src/klausscpu-runtime/zephyr-ws/zephyr/include/zephyr/kernel_includes.h:23:
In file included from /Users/gjonesblackcyton/Documents/src/klausscpu-runtime/zephyr-ws/zephyr/include/zephyr/toolchain.h:48:
/Users/gjonesblackcyton/Documents/src/klausscpu-runtime/zephyr-ws/zephyr/include/zephyr/toolchain/llvm.h:119:9: warning: '__INT8_C' macro redefined [-Wmacro-redefined]
  119 | #define __INT8_C(x)     int_c(x, __int_least8_c_suffix__)
      |         ^
<built-in>:179:9: note: previous definition is here
  179 | #define __INT8_C(c) c
      |         ^
In file included from /Users/gjonesblackcyton/Documents/src/klausscpu-runtime/zephyr-ws/zephyr/lib/utils/rb.c:15:
In file included from /Users/gjonesblackcyton/Documents/src/klausscpu-runtime/zephyr-ws/zephyr/include/zephyr/kernel.h:17:
In file included from /Users/gjonesblackcyton/Documents/src/klausscpu-runtime/zephyr-ws/zephyr/include/zephyr/kernel_includes.h:23:
In file included from /Users/gjonesblackcyton/Documents/src/klausscpu-runtime/zephyr-ws/zephyr/include/zephyr/toolchain.h:48:
/Users/gjonesblackcyton/Documents/src/klausscpu-runtime/zephyr-ws/zephyr/include/zephyr/toolchain/llvm.h:120:9: warning: '__UINT8_C' macro redefined [-Wmacro-redefined]
  120 | #define __UINT8_C(x)    uint_c(x, __int_least8_c_suffix__)
      |         ^
<built-in>:201:9: note: previous definition is here
  201 | #define __UINT8_C(c) c
      |         ^
In file included from /Users/gjonesblackcyton/Documents/src/klausscpu-runtime/zephyr-ws/zephyr/lib/utils/rb.c:15:
In file included from /Users/gjonesblackcyton/Documents/src/klausscpu-runtime/zephyr-ws/zephyr/include/zephyr/kernel.h:17:
In file included from /Users/gjonesblackcyton/Documents/src/klausscpu-runtime/zephyr-ws/zephyr/include/zephyr/kernel_includes.h:23:
In file included from /Users/gjonesblackcyton/Documents/src/klausscpu-runtime/zephyr-ws/zephyr/include/zephyr/toolchain.h:48:
/Users/gjonesblackcyton/Documents/src/klausscpu-runtime/zephyr-ws/zephyr/include/zephyr/toolchain/llvm.h:127:9: warning: '__INTMAX_C' macro redefined [-Wmacro-redefined]
  127 | #define __INTMAX_C(x)   int_c(x, __INTMAX_C_SUFFIX__)
      |         ^
<built-in>:98:9: note: previous definition is here
   98 | #define __INTMAX_C(c) c##L
      |         ^
In file included from /Users/gjonesblackcyton/Documents/src/klausscpu-runtime/zephyr-ws/zephyr/lib/utils/rb.c:15:
In file included from /Users/gjonesblackcyton/Documents/src/klausscpu-runtime/zephyr-ws/zephyr/include/zephyr/kernel.h:17:
In file included from /Users/gjonesblackcyton/Documents/src/klausscpu-runtime/zephyr-ws/zephyr/include/zephyr/kernel_includes.h:23:
In file included from /Users/gjonesblackcyton/Documents/src/klausscpu-runtime/zephyr-ws/zephyr/include/zephyr/toolchain.h:48:
/Users/gjonesblackcyton/Documents/src/klausscpu-runtime/zephyr-ws/zephyr/include/zephyr/toolchain/llvm.h:128:9: warning: '__UINTMAX_C' macro redefined [-Wmacro-redefined]
  128 | #define __UINTMAX_C(x)  int_c(x, __UINTMAX_C_SUFFIX__)
      |         ^
<built-in>:105:9: note: previous definition is here
  105 | #define __UINTMAX_C(c) c##UL
      |         ^
6 warnings generated.
[30/346] Building C object zephyr/CMakeFiles/zephyr.dir/subsys/logging/log_mgmt.c.obj
In file included from /Users/gjonesblackcyton/Documents/src/klausscpu-runtime/zephyr-ws/zephyr/subsys/logging/log_mgmt.c:6:
In file included from /Users/gjonesblackcyton/Documents/src/klausscpu-runtime/zephyr-ws/zephyr/include/zephyr/logging/log_internal.h:10:
In file included from /Users/gjonesblackcyton/Documents/src/klausscpu-runtime/zephyr-ws/zephyr/include/zephyr/sys/__assert.h:11:
In file included from /Users/gjonesblackcyton/Documents/src/klausscpu-runtime/zephyr-ws/zephyr/include/zephyr/toolchain.h:48:
/Users/gjonesblackcyton/Documents/src/klausscpu-runtime/zephyr-ws/zephyr/include/zephyr/toolchain/llvm.h:102:9: warning: '__INT16_C' macro redefined [-Wmacro-redefined]
  102 | #define __INT16_C(x)    int_c(x, __int_least16_c_suffix__)
      |         ^
<built-in>:184:9: note: previous definition is here
  184 | #define __INT16_C(c) c
      |         ^
In file included from /Users/gjonesblackcyton/Documents/src/klausscpu-runtime/zephyr-ws/zephyr/subsys/logging/log_mgmt.c:6:
In file included from /Users/gjonesblackcyton/Documents/src/klausscpu-runtime/zephyr-ws/zephyr/include/zephyr/logging/log_internal.h:10:
In file included from /Users/gjonesblackcyton/Documents/src/klausscpu-runtime/zephyr-ws/zephyr/include/zephyr/sys/__assert.h:11:
In file included from /Users/gjonesblackcyton/Documents/src/klausscpu-runtime/zephyr-ws/zephyr/include/zephyr/toolchain.h:48:
/Users/gjonesblackcyton/Documents/src/klausscpu-runtime/zephyr-ws/zephyr/include/zephyr/toolchain/llvm.h:103:9: warning: '__UINT16_C' macro redefined [-Wmacro-redefined]
  103 | #define __UINT16_C(x)   uint_c(x, __int_least16_c_suffix__)
      |         ^
<built-in>:210:9: note: previous definition is here
  210 | #define __UINT16_C(c) c
      |         ^
In file included from /Users/gjonesblackcyton/Documents/src/klausscpu-runtime/zephyr-ws/zephyr/subsys/logging/log_mgmt.c:6:
In file included from /Users/gjonesblackcyton/Documents/src/klausscpu-runtime/zephyr-ws/zephyr/include/zephyr/logging/log_internal.h:10:
In file included from /Users/gjonesblackcyton/Documents/src/klausscpu-runtime/zephyr-ws/zephyr/include/zephyr/sys/__assert.h:11:
In file included from /Users/gjonesblackcyton/Documents/src/klausscpu-runtime/zephyr-ws/zephyr/include/zephyr/toolchain.h:48:
/Users/gjonesblackcyton/Documents/src/klausscpu-runtime/zephyr-ws/zephyr/include/zephyr/toolchain/llvm.h:119:9: warning: '__INT8_C' macro redefined [-Wmacro-redefined]
  119 | #define __INT8_C(x)     int_c(x, __int_least8_c_suffix__)
      |         ^
<built-in>:179:9: note: previous definition is here
  179 | #define __INT8_C(c) c
      |         ^
In file included from /Users/gjonesblackcyton/Documents/src/klausscpu-runtime/zephyr-ws/zephyr/subsys/logging/log_mgmt.c:6:
In file included from /Users/gjonesblackcyton/Documents/src/klausscpu-runtime/zephyr-ws/zephyr/include/zephyr/logging/log_internal.h:10:
In file included from /Users/gjonesblackcyton/Documents/src/klausscpu-runtime/zephyr-ws/zephyr/include/zephyr/sys/__assert.h:11:
In file included from /Users/gjonesblackcyton/Documents/src/klausscpu-runtime/zephyr-ws/zephyr/include/zephyr/toolchain.h:48:
/Users/gjonesblackcyton/Documents/src/klausscpu-runtime/zephyr-ws/zephyr/include/zephyr/toolchain/llvm.h:120:9: warning: '__UINT8_C' macro redefined [-Wmacro-redefined]
  120 | #define __UINT8_C(x)    uint_c(x, __int_least8_c_suffix__)
      |         ^
<built-in>:201:9: note: previous definition is here
  201 | #define __UINT8_C(c) c
      |         ^
In file included from /Users/gjonesblackcyton/Documents/src/klausscpu-runtime/zephyr-ws/zephyr/subsys/logging/log_mgmt.c:6:
In file included from /Users/gjonesblackcyton/Documents/src/klausscpu-runtime/zephyr-ws/zephyr/include/zephyr/logging/log_internal.h:10:
In file included from /Users/gjonesblackcyton/Documents/src/klausscpu-runtime/zephyr-ws/zephyr/include/zephyr/sys/__assert.h:11:
In file included from /Users/gjonesblackcyton/Documents/src/klausscpu-runtime/zephyr-ws/zephyr/include/zephyr/toolchain.h:48:
/Users/gjonesblackcyton/Documents/src/klausscpu-runtime/zephyr-ws/zephyr/include/zephyr/toolchain/llvm.h:127:9: warning: '__INTMAX_C' macro redefined [-Wmacro-redefined]
  127 | #define __INTMAX_C(x)   int_c(x, __INTMAX_C_SUFFIX__)
      |         ^
<built-in>:98:9: note: previous definition is here
   98 | #define __INTMAX_C(c) c##L
      |         ^
In file included from /Users/gjonesblackcyton/Documents/src/klausscpu-runtime/zephyr-ws/zephyr/subsys/logging/log_mgmt.c:6:
In file included from /Users/gjonesblackcyton/Documents/src/klausscpu-runtime/zephyr-ws/zephyr/include/zephyr/logging/log_internal.h:10:
In file included from /Users/gjonesblackcyton/Documents/src/klausscpu-runtime/zephyr-ws/zephyr/include/zephyr/sys/__assert.h:11:
In file included from /Users/gjonesblackcyton/Documents/src/klausscpu-runtime/zephyr-ws/zephyr/include/zephyr/toolchain.h:48:
/Users/gjonesblackcyton/Documents/src/klausscpu-runtime/zephyr-ws/zephyr/include/zephyr/toolchain/llvm.h:128:9: warning: '__UINTMAX_C' macro redefined [-Wmacro-redefined]
  128 | #define __UINTMAX_C(x)  int_c(x, __UINTMAX_C_SUFFIX__)
      |         ^
<built-in>:105:9: note: previous definition is here
  105 | #define __UINTMAX_C(c) c##UL
      |         ^
6 warnings generated.
[31/346] Building C object zephyr/CMakeFiles/zephyr.dir/subsys/logging/log_core.c.obj
In file included from /Users/gjonesblackcyton/Documents/src/klausscpu-runtime/zephyr-ws/zephyr/subsys/logging/log_core.c:6:
In file included from /Users/gjonesblackcyton/Documents/src/klausscpu-runtime/zephyr-ws/zephyr/include/zephyr/logging/log.h:10:
In file included from /Users/gjonesblackcyton/Documents/src/klausscpu-runtime/zephyr-ws/zephyr/include/zephyr/logging/log_instance.h:10:
In file included from /Users/gjonesblackcyton/Documents/src/klausscpu-runtime/zephyr-ws/zephyr/include/zephyr/sys/iterable_sections.h:10:
In file included from /Users/gjonesblackcyton/Documents/src/klausscpu-runtime/zephyr-ws/zephyr/include/zephyr/sys/__assert.h:11:
In file included from /Users/gjonesblackcyton/Documents/src/klausscpu-runtime/zephyr-ws/zephyr/include/zephyr/toolchain.h:48:
/Users/gjonesblackcyton/Documents/src/klausscpu-runtime/zephyr-ws/zephyr/include/zephyr/toolchain/llvm.h:102:9: warning: '__INT16_C' macro redefined [-Wmacro-redefined]
  102 | #define __INT16_C(x)    int_c(x, __int_least16_c_suffix__)
      |         ^
<built-in>:184:9: note: previous definition is here
  184 | #define __INT16_C(c) c
      |         ^
In file included from /Users/gjonesblackcyton/Documents/src/klausscpu-runtime/zephyr-ws/zephyr/subsys/logging/log_core.c:6:
In file included from /Users/gjonesblackcyton/Documents/src/klausscpu-runtime/zephyr-ws/zephyr/include/zephyr/logging/log.h:10:
In file included from /Users/gjonesblackcyton/Documents/src/klausscpu-runtime/zephyr-ws/zephyr/include/zephyr/logging/log_instance.h:10:
In file included from /Users/gjonesblackcyton/Documents/src/klausscpu-runtime/zephyr-ws/zephyr/include/zephyr/sys/iterable_sections.h:10:
In file included from /Users/gjonesblackcyton/Documents/src/klausscpu-runtime/zephyr-ws/zephyr/include/zephyr/sys/__assert.h:11:
In file included from /Users/gjonesblackcyton/Documents/src/klausscpu-runtime/zephyr-ws/zephyr/include/zephyr/toolchain.h:48:
/Users/gjonesblackcyton/Documents/src/klausscpu-runtime/zephyr-ws/zephyr/include/zephyr/toolchain/llvm.h:103:9: warning: '__UINT16_C' macro redefined [-Wmacro-redefined]
  103 | #define __UINT16_C(x)   uint_c(x, __int_least16_c_suffix__)
      |         ^
<built-in>:210:9: note: previous definition is here
  210 | #define __UINT16_C(c) c
      |         ^
In file included from /Users/gjonesblackcyton/Documents/src/klausscpu-runtime/zephyr-ws/zephyr/subsys/logging/log_core.c:6:
In file included from /Users/gjonesblackcyton/Documents/src/klausscpu-runtime/zephyr-ws/zephyr/include/zephyr/logging/log.h:10:
In file included from /Users/gjonesblackcyton/Documents/src/klausscpu-runtime/zephyr-ws/zephyr/include/zephyr/logging/log_instance.h:10:
In file included from /Users/gjonesblackcyton/Documents/src/klausscpu-runtime/zephyr-ws/zephyr/include/zephyr/sys/iterable_sections.h:10:
In file included from /Users/gjonesblackcyton/Documents/src/klausscpu-runtime/zephyr-ws/zephyr/include/zephyr/sys/__assert.h:11:
In file included from /Users/gjonesblackcyton/Documents/src/klausscpu-runtime/zephyr-ws/zephyr/include/zephyr/toolchain.h:48:
/Users/gjonesblackcyton/Documents/src/klausscpu-runtime/zephyr-ws/zephyr/include/zephyr/toolchain/llvm.h:119:9: warning: '__INT8_C' macro redefined [-Wmacro-redefined]
  119 | #define __INT8_C(x)     int_c(x, __int_least8_c_suffix__)
      |         ^
<built-in>:179:9: note: previous definition is here
  179 | #define __INT8_C(c) c
      |         ^
In file included from /Users/gjonesblackcyton/Documents/src/klausscpu-runtime/zephyr-ws/zephyr/subsys/logging/log_core.c:6:
In file included from /Users/gjonesblackcyton/Documents/src/klausscpu-runtime/zephyr-ws/zephyr/include/zephyr/logging/log.h:10:
In file included from /Users/gjonesblackcyton/Documents/src/klausscpu-runtime/zephyr-ws/zephyr/include/zephyr/logging/log_instance.h:10:
In file included from /Users/gjonesblackcyton/Documents/src/klausscpu-runtime/zephyr-ws/zephyr/include/zephyr/sys/iterable_sections.h:10:
In file included from /Users/gjonesblackcyton/Documents/src/klausscpu-runtime/zephyr-ws/zephyr/include/zephyr/sys/__assert.h:11:
In file included from /Users/gjonesblackcyton/Documents/src/klausscpu-runtime/zephyr-ws/zephyr/include/zephyr/toolchain.h:48:
/Users/gjonesblackcyton/Documents/src/klausscpu-runtime/zephyr-ws/zephyr/include/zephyr/toolchain/llvm.h:120:9: warning: '__UINT8_C' macro redefined [-Wmacro-redefined]
  120 | #define __UINT8_C(x)    uint_c(x, __int_least8_c_suffix__)
      |         ^
<built-in>:201:9: note: previous definition is here
  201 | #define __UINT8_C(c) c
      |         ^
In file included from /Users/gjonesblackcyton/Documents/src/klausscpu-runtime/zephyr-ws/zephyr/subsys/logging/log_core.c:6:
In file included from /Users/gjonesblackcyton/Documents/src/klausscpu-runtime/zephyr-ws/zephyr/include/zephyr/logging/log.h:10:
In file included from /Users/gjonesblackcyton/Documents/src/klausscpu-runtime/zephyr-ws/zephyr/include/zephyr/logging/log_instance.h:10:
In file included from /Users/gjonesblackcyton/Documents/src/klausscpu-runtime/zephyr-ws/zephyr/include/zephyr/sys/iterable_sections.h:10:
In file included from /Users/gjonesblackcyton/Documents/src/klausscpu-runtime/zephyr-ws/zephyr/include/zephyr/sys/__assert.h:11:
In file included from /Users/gjonesblackcyton/Documents/src/klausscpu-runtime/zephyr-ws/zephyr/include/zephyr/toolchain.h:48:
/Users/gjonesblackcyton/Documents/src/klausscpu-runtime/zephyr-ws/zephyr/include/zephyr/toolchain/llvm.h:127:9: warning: '__INTMAX_C' macro redefined [-Wmacro-redefined]
  127 | #define __INTMAX_C(x)   int_c(x, __INTMAX_C_SUFFIX__)
      |         ^
<built-in>:98:9: note: previous definition is here
   98 | #define __INTMAX_C(c) c##L
      |         ^
In file included from /Users/gjonesblackcyton/Documents/src/klausscpu-runtime/zephyr-ws/zephyr/subsys/logging/log_core.c:6:
In file included from /Users/gjonesblackcyton/Documents/src/klausscpu-runtime/zephyr-ws/zephyr/include/zephyr/logging/log.h:10:
In file included from /Users/gjonesblackcyton/Documents/src/klausscpu-runtime/zephyr-ws/zephyr/include/zephyr/logging/log_instance.h:10:
In file included from /Users/gjonesblackcyton/Documents/src/klausscpu-runtime/zephyr-ws/zephyr/include/zephyr/sys/iterable_sections.h:10:
In file included from /Users/gjonesblackcyton/Documents/src/klausscpu-runtime/zephyr-ws/zephyr/include/zephyr/sys/__assert.h:11:
In file included from /Users/gjonesblackcyton/Documents/src/klausscpu-runtime/zephyr-ws/zephyr/include/zephyr/toolchain.h:48:
/Users/gjonesblackcyton/Documents/src/klausscpu-runtime/zephyr-ws/zephyr/include/zephyr/toolchain/llvm.h:128:9: warning: '__UINTMAX_C' macro redefined [-Wmacro-redefined]
  128 | #define __UINTMAX_C(x)  int_c(x, __UINTMAX_C_SUFFIX__)
      |         ^
<built-in>:105:9: note: previous definition is here
  105 | #define __UINTMAX_C(c) c##UL
      |         ^
6 warnings generated.
[32/346] Building C object zephyr/CMakeFiles/zephyr.dir/subsys/logging/log_msg.c.obj
In file included from /Users/gjonesblackcyton/Documents/src/klausscpu-runtime/zephyr-ws/zephyr/subsys/logging/log_msg.c:6:
In file included from /Users/gjonesblackcyton/Documents/src/klausscpu-runtime/zephyr-ws/zephyr/include/zephyr/kernel.h:17:
In file included from /Users/gjonesblackcyton/Documents/src/klausscpu-runtime/zephyr-ws/zephyr/include/zephyr/kernel_includes.h:23:
In file included from /Users/gjonesblackcyton/Documents/src/klausscpu-runtime/zephyr-ws/zephyr/include/zephyr/toolchain.h:48:
/Users/gjonesblackcyton/Documents/src/klausscpu-runtime/zephyr-ws/zephyr/include/zephyr/toolchain/llvm.h:102:9: warning: '__INT16_C' macro redefined [-Wmacro-redefined]
  102 | #define __INT16_C(x)    int_c(x, __int_least16_c_suffix__)
      |         ^
<built-in>:184:9: note: previous definition is here
  184 | #define __INT16_C(c) c
      |         ^
In file included from /Users/gjonesblackcyton/Documents/src/klausscpu-runtime/zephyr-ws/zephyr/subsys/logging/log_msg.c:6:
In file included from /Users/gjonesblackcyton/Documents/src/klausscpu-runtime/zephyr-ws/zephyr/include/zephyr/kernel.h:17:
In file included from /Users/gjonesblackcyton/Documents/src/klausscpu-runtime/zephyr-ws/zephyr/include/zephyr/kernel_includes.h:23:
In file included from /Users/gjonesblackcyton/Documents/src/klausscpu-runtime/zephyr-ws/zephyr/include/zephyr/toolchain.h:48:
/Users/gjonesblackcyton/Documents/src/klausscpu-runtime/zephyr-ws/zephyr/include/zephyr/toolchain/llvm.h:103:9: warning: '__UINT16_C' macro redefined [-Wmacro-redefined]
  103 | #define __UINT16_C(x)   uint_c(x, __int_least16_c_suffix__)
      |         ^
<built-in>:210:9: note: previous definition is here
  210 | #define __UINT16_C(c) c
      |         ^
In file included from /Users/gjonesblackcyton/Documents/src/klausscpu-runtime/zephyr-ws/zephyr/subsys/logging/log_msg.c:6:
In file included from /Users/gjonesblackcyton/Documents/src/klausscpu-runtime/zephyr-ws/zephyr/include/zephyr/kernel.h:17:
In file included from /Users/gjonesblackcyton/Documents/src/klausscpu-runtime/zephyr-ws/zephyr/include/zephyr/kernel_includes.h:23:
In file included from /Users/gjonesblackcyton/Documents/src/klausscpu-runtime/zephyr-ws/zephyr/include/zephyr/toolchain.h:48:
/Users/gjonesblackcyton/Documents/src/klausscpu-runtime/zephyr-ws/zephyr/include/zephyr/toolchain/llvm.h:119:9: warning: '__INT8_C' macro redefined [-Wmacro-redefined]
  119 | #define __INT8_C(x)     int_c(x, __int_least8_c_suffix__)
      |         ^
<built-in>:179:9: note: previous definition is here
  179 | #define __INT8_C(c) c
      |         ^
In file included from /Users/gjonesblackcyton/Documents/src/klausscpu-runtime/zephyr-ws/zephyr/subsys/logging/log_msg.c:6:
In file included from /Users/gjonesblackcyton/Documents/src/klausscpu-runtime/zephyr-ws/zephyr/include/zephyr/kernel.h:17:
In file included from /Users/gjonesblackcyton/Documents/src/klausscpu-runtime/zephyr-ws/zephyr/include/zephyr/kernel_includes.h:23:
In file included from /Users/gjonesblackcyton/Documents/src/klausscpu-runtime/zephyr-ws/zephyr/include/zephyr/toolchain.h:48:
/Users/gjonesblackcyton/Documents/src/klausscpu-runtime/zephyr-ws/zephyr/include/zephyr/toolchain/llvm.h:120:9: warning: '__UINT8_C' macro redefined [-Wmacro-redefined]
  120 | #define __UINT8_C(x)    uint_c(x, __int_least8_c_suffix__)
      |         ^
<built-in>:201:9: note: previous definition is here
  201 | #define __UINT8_C(c) c
      |         ^
In file included from /Users/gjonesblackcyton/Documents/src/klausscpu-runtime/zephyr-ws/zephyr/subsys/logging/log_msg.c:6:
In file included from /Users/gjonesblackcyton/Documents/src/klausscpu-runtime/zephyr-ws/zephyr/include/zephyr/kernel.h:17:
In file included from /Users/gjonesblackcyton/Documents/src/klausscpu-runtime/zephyr-ws/zephyr/include/zephyr/kernel_includes.h:23:
In file included from /Users/gjonesblackcyton/Documents/src/klausscpu-runtime/zephyr-ws/zephyr/include/zephyr/toolchain.h:48:
/Users/gjonesblackcyton/Documents/src/klausscpu-runtime/zephyr-ws/zephyr/include/zephyr/toolchain/llvm.h:127:9: warning: '__INTMAX_C' macro redefined [-Wmacro-redefined]
  127 | #define __INTMAX_C(x)   int_c(x, __INTMAX_C_SUFFIX__)
      |         ^
<built-in>:98:9: note: previous definition is here
   98 | #define __INTMAX_C(c) c##L
      |         ^
In file included from /Users/gjonesblackcyton/Documents/src/klausscpu-runtime/zephyr-ws/zephyr/subsys/logging/log_msg.c:6:
In file included from /Users/gjonesblackcyton/Documents/src/klausscpu-runtime/zephyr-ws/zephyr/include/zephyr/kernel.h:17:
In file included from /Users/gjonesblackcyton/Documents/src/klausscpu-runtime/zephyr-ws/zephyr/include/zephyr/kernel_includes.h:23:
In file included from /Users/gjonesblackcyton/Documents/src/klausscpu-runtime/zephyr-ws/zephyr/include/zephyr/toolchain.h:48:
/Users/gjonesblackcyton/Documents/src/klausscpu-runtime/zephyr-ws/zephyr/include/zephyr/toolchain/llvm.h:128:9: warning: '__UINTMAX_C' macro redefined [-Wmacro-redefined]
  128 | #define __UINTMAX_C(x)  int_c(x, __UINTMAX_C_SUFFIX__)
      |         ^
<built-in>:105:9: note: previous definition is here
  105 | #define __UINTMAX_C(c) c##UL
      |         ^
6 warnings generated.
[33/346] Building C object zephyr/CMakeFiles/zephyr.dir/lib/utils/bitarray.c.obj
[34/346] Building C object zephyr/CMakeFiles/zephyr.dir/subsys/logging/backends/log_backend_uart.c.obj
In file included from /Users/gjonesblackcyton/Documents/src/klausscpu-runtime/zephyr-ws/zephyr/subsys/logging/backends/log_backend_uart.c:8:
In file included from /Users/gjonesblackcyton/Documents/src/klausscpu-runtime/zephyr-ws/zephyr/include/zephyr/logging/log_backend.h:9:
In file included from /Users/gjonesblackcyton/Documents/src/klausscpu-runtime/zephyr-ws/zephyr/include/zephyr/logging/log_msg.h:9:
In file included from /Users/gjonesblackcyton/Documents/src/klausscpu-runtime/zephyr-ws/zephyr/include/zephyr/logging/log_instance.h:10:
In file included from /Users/gjonesblackcyton/Documents/src/klausscpu-runtime/zephyr-ws/zephyr/include/zephyr/sys/iterable_sections.h:10:
In file included from /Users/gjonesblackcyton/Documents/src/klausscpu-runtime/zephyr-ws/zephyr/include/zephyr/sys/__assert.h:11:
In file included from /Users/gjonesblackcyton/Documents/src/klausscpu-runtime/zephyr-ws/zephyr/include/zephyr/toolchain.h:48:
/Users/gjonesblackcyton/Documents/src/klausscpu-runtime/zephyr-ws/zephyr/include/zephyr/toolchain/llvm.h:102:9: warning: '__INT16_C' macro redefined [-Wmacro-redefined]
  102 | #define __INT16_C(x)    int_c(x, __int_least16_c_suffix__)
      |         ^
<built-in>:184:9: note: previous definition is here
  184 | #define __INT16_C(c) c
      |         ^
In file included from /Users/gjonesblackcyton/Documents/src/klausscpu-runtime/zephyr-ws/zephyr/subsys/logging/backends/log_backend_uart.c:8:
In file included from /Users/gjonesblackcyton/Documents/src/klausscpu-runtime/zephyr-ws/zephyr/include/zephyr/logging/log_backend.h:9:
In file included from /Users/gjonesblackcyton/Documents/src/klausscpu-runtime/zephyr-ws/zephyr/include/zephyr/logging/log_msg.h:9:
In file included from /Users/gjonesblackcyton/Documents/src/klausscpu-runtime/zephyr-ws/zephyr/include/zephyr/logging/log_instance.h:10:
In file included from /Users/gjonesblackcyton/Documents/src/klausscpu-runtime/zephyr-ws/zephyr/include/zephyr/sys/iterable_sections.h:10:
In file included from /Users/gjonesblackcyton/Documents/src/klausscpu-runtime/zephyr-ws/zephyr/include/zephyr/sys/__assert.h:11:
In file included from /Users/gjonesblackcyton/Documents/src/klausscpu-runtime/zephyr-ws/zephyr/include/zephyr/toolchain.h:48:
/Users/gjonesblackcyton/Documents/src/klausscpu-runtime/zephyr-ws/zephyr/include/zephyr/toolchain/llvm.h:103:9: warning: '__UINT16_C' macro redefined [-Wmacro-redefined]
  103 | #define __UINT16_C(x)   uint_c(x, __int_least16_c_suffix__)
      |         ^
<built-in>:210:9: note: previous definition is here
  210 | #define __UINT16_C(c) c
      |         ^
In file included from /Users/gjonesblackcyton/Documents/src/klausscpu-runtime/zephyr-ws/zephyr/subsys/logging/backends/log_backend_uart.c:8:
In file included from /Users/gjonesblackcyton/Documents/src/klausscpu-runtime/zephyr-ws/zephyr/include/zephyr/logging/log_backend.h:9:
In file included from /Users/gjonesblackcyton/Documents/src/klausscpu-runtime/zephyr-ws/zephyr/include/zephyr/logging/log_msg.h:9:
In file included from /Users/gjonesblackcyton/Documents/src/klausscpu-runtime/zephyr-ws/zephyr/include/zephyr/logging/log_instance.h:10:
In file included from /Users/gjonesblackcyton/Documents/src/klausscpu-runtime/zephyr-ws/zephyr/include/zephyr/sys/iterable_sections.h:10:
In file included from /Users/gjonesblackcyton/Documents/src/klausscpu-runtime/zephyr-ws/zephyr/include/zephyr/sys/__assert.h:11:
In file included from /Users/gjonesblackcyton/Documents/src/klausscpu-runtime/zephyr-ws/zephyr/include/zephyr/toolchain.h:48:
/Users/gjonesblackcyton/Documents/src/klausscpu-runtime/zephyr-ws/zephyr/include/zephyr/toolchain/llvm.h:119:9: warning: '__INT8_C' macro redefined [-Wmacro-redefined]
  119 | #define __INT8_C(x)     int_c(x, __int_least8_c_suffix__)
      |         ^
<built-in>:179:9: note: previous definition is here
  179 | #define __INT8_C(c) c
      |         ^
In file included from /Users/gjonesblackcyton/Documents/src/klausscpu-runtime/zephyr-ws/zephyr/subsys/logging/backends/log_backend_uart.c:8:
In file included from /Users/gjonesblackcyton/Documents/src/klausscpu-runtime/zephyr-ws/zephyr/include/zephyr/logging/log_backend.h:9:
In file included from /Users/gjonesblackcyton/Documents/src/klausscpu-runtime/zephyr-ws/zephyr/include/zephyr/logging/log_msg.h:9:
In file included from /Users/gjonesblackcyton/Documents/src/klausscpu-runtime/zephyr-ws/zephyr/include/zephyr/logging/log_instance.h:10:
In file included from /Users/gjonesblackcyton/Documents/src/klausscpu-runtime/zephyr-ws/zephyr/include/zephyr/sys/iterable_sections.h:10:
In file included from /Users/gjonesblackcyton/Documents/src/klausscpu-runtime/zephyr-ws/zephyr/include/zephyr/sys/__assert.h:11:
In file included from /Users/gjonesblackcyton/Documents/src/klausscpu-runtime/zephyr-ws/zephyr/include/zephyr/toolchain.h:48:
/Users/gjonesblackcyton/Documents/src/klausscpu-runtime/zephyr-ws/zephyr/include/zephyr/toolchain/llvm.h:120:9: warning: '__UINT8_C' macro redefined [-Wmacro-redefined]
  120 | #define __UINT8_C(x)    uint_c(x, __int_least8_c_suffix__)
      |         ^
<built-in>:201:9: note: previous definition is here
  201 | #define __UINT8_C(c) c
      |         ^
In file included from /Users/gjonesblackcyton/Documents/src/klausscpu-runtime/zephyr-ws/zephyr/subsys/logging/backends/log_backend_uart.c:8:
In file included from /Users/gjonesblackcyton/Documents/src/klausscpu-runtime/zephyr-ws/zephyr/include/zephyr/logging/log_backend.h:9:
In file included from /Users/gjonesblackcyton/Documents/src/klausscpu-runtime/zephyr-ws/zephyr/include/zephyr/logging/log_msg.h:9:
In file included from /Users/gjonesblackcyton/Documents/src/klausscpu-runtime/zephyr-ws/zephyr/include/zephyr/logging/log_instance.h:10:
In file included from /Users/gjonesblackcyton/Documents/src/klausscpu-runtime/zephyr-ws/zephyr/include/zephyr/sys/iterable_sections.h:10:
In file included from /Users/gjonesblackcyton/Documents/src/klausscpu-runtime/zephyr-ws/zephyr/include/zephyr/sys/__assert.h:11:
In file included from /Users/gjonesblackcyton/Documents/src/klausscpu-runtime/zephyr-ws/zephyr/include/zephyr/toolchain.h:48:
/Users/gjonesblackcyton/Documents/src/klausscpu-runtime/zephyr-ws/zephyr/include/zephyr/toolchain/llvm.h:127:9: warning: '__INTMAX_C' macro redefined [-Wmacro-redefined]
  127 | #define __INTMAX_C(x)   int_c(x, __INTMAX_C_SUFFIX__)
      |         ^
<built-in>:98:9: note: previous definition is here
   98 | #define __INTMAX_C(c) c##L
      |         ^
In file included from /Users/gjonesblackcyton/Documents/src/klausscpu-runtime/zephyr-ws/zephyr/subsys/logging/backends/log_backend_uart.c:8:
In file included from /Users/gjonesblackcyton/Documents/src/klausscpu-runtime/zephyr-ws/zephyr/include/zephyr/logging/log_backend.h:9:
In file included from /Users/gjonesblackcyton/Documents/src/klausscpu-runtime/zephyr-ws/zephyr/include/zephyr/logging/log_msg.h:9:
In file included from /Users/gjonesblackcyton/Documents/src/klausscpu-runtime/zephyr-ws/zephyr/include/zephyr/logging/log_instance.h:10:
In file included from /Users/gjonesblackcyton/Documents/src/klausscpu-runtime/zephyr-ws/zephyr/include/zephyr/sys/iterable_sections.h:10:
In file included from /Users/gjonesblackcyton/Documents/src/klausscpu-runtime/zephyr-ws/zephyr/include/zephyr/sys/__assert.h:11:
In file included from /Users/gjonesblackcyton/Documents/src/klausscpu-runtime/zephyr-ws/zephyr/include/zephyr/toolchain.h:48:
/Users/gjonesblackcyton/Documents/src/klausscpu-runtime/zephyr-ws/zephyr/include/zephyr/toolchain/llvm.h:128:9: warning: '__UINTMAX_C' macro redefined [-Wmacro-redefined]
  128 | #define __UINTMAX_C(x)  int_c(x, __UINTMAX_C_SUFFIX__)
      |         ^
<built-in>:105:9: note: previous definition is here
  105 | #define __UINTMAX_C(c) c##UL
      |         ^
6 warnings generated.
[35/346] Building C object zephyr/CMakeFiles/zephyr.dir/subsys/net/lib/utils/addr_utils.c.obj
In file included from /Users/gjonesblackcyton/Documents/src/klausscpu-runtime/zephyr-ws/zephyr/subsys/net/lib/utils/addr_utils.c:9:
In file included from /Users/gjonesblackcyton/Documents/src/klausscpu-runtime/zephyr-ws/zephyr/include/zephyr/net/socketutils.h:15:
In file included from /Users/gjonesblackcyton/Documents/src/klausscpu-runtime/zephyr-ws/zephyr/include/zephyr/net/socket.h:25:
In file included from /Users/gjonesblackcyton/Documents/src/klausscpu-runtime/zephyr-ws/zephyr/include/zephyr/kernel.h:17:
In file included from /Users/gjonesblackcyton/Documents/src/klausscpu-runtime/zephyr-ws/zephyr/include/zephyr/kernel_includes.h:23:
In file included from /Users/gjonesblackcyton/Documents/src/klausscpu-runtime/zephyr-ws/zephyr/include/zephyr/toolchain.h:48:
/Users/gjonesblackcyton/Documents/src/klausscpu-runtime/zephyr-ws/zephyr/include/zephyr/toolchain/llvm.h:102:9: warning: '__INT16_C' macro redefined [-Wmacro-redefined]
  102 | #define __INT16_C(x)    int_c(x, __int_least16_c_suffix__)
      |         ^
<built-in>:184:9: note: previous definition is here
  184 | #define __INT16_C(c) c
      |         ^
In file included from /Users/gjonesblackcyton/Documents/src/klausscpu-runtime/zephyr-ws/zephyr/subsys/net/lib/utils/addr_utils.c:9:
In file included from /Users/gjonesblackcyton/Documents/src/klausscpu-runtime/zephyr-ws/zephyr/include/zephyr/net/socketutils.h:15:
In file included from /Users/gjonesblackcyton/Documents/src/klausscpu-runtime/zephyr-ws/zephyr/include/zephyr/net/socket.h:25:
In file included from /Users/gjonesblackcyton/Documents/src/klausscpu-runtime/zephyr-ws/zephyr/include/zephyr/kernel.h:17:
In file included from /Users/gjonesblackcyton/Documents/src/klausscpu-runtime/zephyr-ws/zephyr/include/zephyr/kernel_includes.h:23:
In file included from /Users/gjonesblackcyton/Documents/src/klausscpu-runtime/zephyr-ws/zephyr/include/zephyr/toolchain.h:48:
/Users/gjonesblackcyton/Documents/src/klausscpu-runtime/zephyr-ws/zephyr/include/zephyr/toolchain/llvm.h:103:9: warning: '__UINT16_C' macro redefined [-Wmacro-redefined]
  103 | #define __UINT16_C(x)   uint_c(x, __int_least16_c_suffix__)
      |         ^
<built-in>:210:9: note: previous definition is here
  210 | #define __UINT16_C(c) c
      |         ^
In file included from /Users/gjonesblackcyton/Documents/src/klausscpu-runtime/zephyr-ws/zephyr/subsys/net/lib/utils/addr_utils.c:9:
In file included from /Users/gjonesblackcyton/Documents/src/klausscpu-runtime/zephyr-ws/zephyr/include/zephyr/net/socketutils.h:15:
In file included from /Users/gjonesblackcyton/Documents/src/klausscpu-runtime/zephyr-ws/zephyr/include/zephyr/net/socket.h:25:
In file included from /Users/gjonesblackcyton/Documents/src/klausscpu-runtime/zephyr-ws/zephyr/include/zephyr/kernel.h:17:
In file included from /Users/gjonesblackcyton/Documents/src/klausscpu-runtime/zephyr-ws/zephyr/include/zephyr/kernel_includes.h:23:
In file included from /Users/gjonesblackcyton/Documents/src/klausscpu-runtime/zephyr-ws/zephyr/include/zephyr/toolchain.h:48:
/Users/gjonesblackcyton/Documents/src/klausscpu-runtime/zephyr-ws/zephyr/include/zephyr/toolchain/llvm.h:119:9: warning: '__INT8_C' macro redefined [-Wmacro-redefined]
  119 | #define __INT8_C(x)     int_c(x, __int_least8_c_suffix__)
      |         ^
<built-in>:179:9: note: previous definition is here
  179 | #define __INT8_C(c) c
      |         ^
In file included from /Users/gjonesblackcyton/Documents/src/klausscpu-runtime/zephyr-ws/zephyr/subsys/net/lib/utils/addr_utils.c:9:
In file included from /Users/gjonesblackcyton/Documents/src/klausscpu-runtime/zephyr-ws/zephyr/include/zephyr/net/socketutils.h:15:
In file included from /Users/gjonesblackcyton/Documents/src/klausscpu-runtime/zephyr-ws/zephyr/include/zephyr/net/socket.h:25:
In file included from /Users/gjonesblackcyton/Documents/src/klausscpu-runtime/zephyr-ws/zephyr/include/zephyr/kernel.h:17:
In file included from /Users/gjonesblackcyton/Documents/src/klausscpu-runtime/zephyr-ws/zephyr/include/zephyr/kernel_includes.h:23:
In file included from /Users/gjonesblackcyton/Documents/src/klausscpu-runtime/zephyr-ws/zephyr/include/zephyr/toolchain.h:48:
/Users/gjonesblackcyton/Documents/src/klausscpu-runtime/zephyr-ws/zephyr/include/zephyr/toolchain/llvm.h:120:9: warning: '__UINT8_C' macro redefined [-Wmacro-redefined]
  120 | #define __UINT8_C(x)    uint_c(x, __int_least8_c_suffix__)
      |         ^
<built-in>:201:9: note: previous definition is here
  201 | #define __UINT8_C(c) c
      |         ^
In file included from /Users/gjonesblackcyton/Documents/src/klausscpu-runtime/zephyr-ws/zephyr/subsys/net/lib/utils/addr_utils.c:9:
In file included from /Users/gjonesblackcyton/Documents/src/klausscpu-runtime/zephyr-ws/zephyr/include/zephyr/net/socketutils.h:15:
In file included from /Users/gjonesblackcyton/Documents/src/klausscpu-runtime/zephyr-ws/zephyr/include/zephyr/net/socket.h:25:
In file included from /Users/gjonesblackcyton/Documents/src/klausscpu-runtime/zephyr-ws/zephyr/include/zephyr/kernel.h:17:
In file included from /Users/gjonesblackcyton/Documents/src/klausscpu-runtime/zephyr-ws/zephyr/include/zephyr/kernel_includes.h:23:
In file included from /Users/gjonesblackcyton/Documents/src/klausscpu-runtime/zephyr-ws/zephyr/include/zephyr/toolchain.h:48:
/Users/gjonesblackcyton/Documents/src/klausscpu-runtime/zephyr-ws/zephyr/include/zephyr/toolchain/llvm.h:127:9: warning: '__INTMAX_C' macro redefined [-Wmacro-redefined]
  127 | #define __INTMAX_C(x)   int_c(x, __INTMAX_C_SUFFIX__)
      |         ^
<built-in>:98:9: note: previous definition is here
   98 | #define __INTMAX_C(c) c##L
      |         ^
In file included from /Users/gjonesblackcyton/Documents/src/klausscpu-runtime/zephyr-ws/zephyr/subsys/net/lib/utils/addr_utils.c:9:
In file included from /Users/gjonesblackcyton/Documents/src/klausscpu-runtime/zephyr-ws/zephyr/include/zephyr/net/socketutils.h:15:
In file included from /Users/gjonesblackcyton/Documents/src/klausscpu-runtime/zephyr-ws/zephyr/include/zephyr/net/socket.h:25:
In file included from /Users/gjonesblackcyton/Documents/src/klausscpu-runtime/zephyr-ws/zephyr/include/zephyr/kernel.h:17:
In file included from /Users/gjonesblackcyton/Documents/src/klausscpu-runtime/zephyr-ws/zephyr/include/zephyr/kernel_includes.h:23:
In file included from /Users/gjonesblackcyton/Documents/src/klausscpu-runtime/zephyr-ws/zephyr/include/zephyr/toolchain.h:48:
/Users/gjonesblackcyton/Documents/src/klausscpu-runtime/zephyr-ws/zephyr/include/zephyr/toolchain/llvm.h:128:9: warning: '__UINTMAX_C' macro redefined [-Wmacro-redefined]
  128 | #define __UINTMAX_C(x)  int_c(x, __UINTMAX_C_SUFFIX__)
      |         ^
<built-in>:105:9: note: previous definition is here
  105 | #define __UINTMAX_C(c) c##UL
      |         ^
6 warnings generated.
[36/346] Building C object zephyr/CMakeFiles/zephyr.dir/subsys/logging/log_output.c.obj
In file included from /Users/gjonesblackcyton/Documents/src/klausscpu-runtime/zephyr-ws/zephyr/subsys/logging/log_output.c:7:
In file included from /Users/gjonesblackcyton/Documents/src/klausscpu-runtime/zephyr-ws/zephyr/include/zephyr/logging/log_output.h:9:
In file included from /Users/gjonesblackcyton/Documents/src/klausscpu-runtime/zephyr-ws/zephyr/include/zephyr/logging/log_msg.h:9:
In file included from /Users/gjonesblackcyton/Documents/src/klausscpu-runtime/zephyr-ws/zephyr/include/zephyr/logging/log_instance.h:10:
In file included from /Users/gjonesblackcyton/Documents/src/klausscpu-runtime/zephyr-ws/zephyr/include/zephyr/sys/iterable_sections.h:10:
In file included from /Users/gjonesblackcyton/Documents/src/klausscpu-runtime/zephyr-ws/zephyr/include/zephyr/sys/__assert.h:11:
In file included from /Users/gjonesblackcyton/Documents/src/klausscpu-runtime/zephyr-ws/zephyr/include/zephyr/toolchain.h:48:
/Users/gjonesblackcyton/Documents/src/klausscpu-runtime/zephyr-ws/zephyr/include/zephyr/toolchain/llvm.h:102:9: warning: '__INT16_C' macro redefined [-Wmacro-redefined]
  102 | #define __INT16_C(x)    int_c(x, __int_least16_c_suffix__)
      |         ^
<built-in>:184:9: note: previous definition is here
  184 | #define __INT16_C(c) c
      |         ^
In file included from /Users/gjonesblackcyton/Documents/src/klausscpu-runtime/zephyr-ws/zephyr/subsys/logging/log_output.c:7:
In file included from /Users/gjonesblackcyton/Documents/src/klausscpu-runtime/zephyr-ws/zephyr/include/zephyr/logging/log_output.h:9:
In file included from /Users/gjonesblackcyton/Documents/src/klausscpu-runtime/zephyr-ws/zephyr/include/zephyr/logging/log_msg.h:9:
In file included from /Users/gjonesblackcyton/Documents/src/klausscpu-runtime/zephyr-ws/zephyr/include/zephyr/logging/log_instance.h:10:
In file included from /Users/gjonesblackcyton/Documents/src/klausscpu-runtime/zephyr-ws/zephyr/include/zephyr/sys/iterable_sections.h:10:
In file included from /Users/gjonesblackcyton/Documents/src/klausscpu-runtime/zephyr-ws/zephyr/include/zephyr/sys/__assert.h:11:
In file included from /Users/gjonesblackcyton/Documents/src/klausscpu-runtime/zephyr-ws/zephyr/include/zephyr/toolchain.h:48:
/Users/gjonesblackcyton/Documents/src/klausscpu-runtime/zephyr-ws/zephyr/include/zephyr/toolchain/llvm.h:103:9: warning: '__UINT16_C' macro redefined [-Wmacro-redefined]
  103 | #define __UINT16_C(x)   uint_c(x, __int_least16_c_suffix__)
      |         ^
<built-in>:210:9: note: previous definition is here
  210 | #define __UINT16_C(c) c
      |         ^
In file included from /Users/gjonesblackcyton/Documents/src/klausscpu-runtime/zephyr-ws/zephyr/subsys/logging/log_output.c:7:
In file included from /Users/gjonesblackcyton/Documents/src/klausscpu-runtime/zephyr-ws/zephyr/include/zephyr/logging/log_output.h:9:
In file included from /Users/gjonesblackcyton/Documents/src/klausscpu-runtime/zephyr-ws/zephyr/include/zephyr/logging/log_msg.h:9:
In file included from /Users/gjonesblackcyton/Documents/src/klausscpu-runtime/zephyr-ws/zephyr/include/zephyr/logging/log_instance.h:10:
In file included from /Users/gjonesblackcyton/Documents/src/klausscpu-runtime/zephyr-ws/zephyr/include/zephyr/sys/iterable_sections.h:10:
In file included from /Users/gjonesblackcyton/Documents/src/klausscpu-runtime/zephyr-ws/zephyr/include/zephyr/sys/__assert.h:11:
In file included from /Users/gjonesblackcyton/Documents/src/klausscpu-runtime/zephyr-ws/zephyr/include/zephyr/toolchain.h:48:
/Users/gjonesblackcyton/Documents/src/klausscpu-runtime/zephyr-ws/zephyr/include/zephyr/toolchain/llvm.h:119:9: warning: '__INT8_C' macro redefined [-Wmacro-redefined]
  119 | #define __INT8_C(x)     int_c(x, __int_least8_c_suffix__)
      |         ^
<built-in>:179:9: note: previous definition is here
  179 | #define __INT8_C(c) c
      |         ^
In file included from /Users/gjonesblackcyton/Documents/src/klausscpu-runtime/zephyr-ws/zephyr/subsys/logging/log_output.c:7:
In file included from /Users/gjonesblackcyton/Documents/src/klausscpu-runtime/zephyr-ws/zephyr/include/zephyr/logging/log_output.h:9:
In file included from /Users/gjonesblackcyton/Documents/src/klausscpu-runtime/zephyr-ws/zephyr/include/zephyr/logging/log_msg.h:9:
In file included from /Users/gjonesblackcyton/Documents/src/klausscpu-runtime/zephyr-ws/zephyr/include/zephyr/logging/log_instance.h:10:
In file included from /Users/gjonesblackcyton/Documents/src/klausscpu-runtime/zephyr-ws/zephyr/include/zephyr/sys/iterable_sections.h:10:
In file included from /Users/gjonesblackcyton/Documents/src/klausscpu-runtime/zephyr-ws/zephyr/include/zephyr/sys/__assert.h:11:
In file included from /Users/gjonesblackcyton/Documents/src/klausscpu-runtime/zephyr-ws/zephyr/include/zephyr/toolchain.h:48:
/Users/gjonesblackcyton/Documents/src/klausscpu-runtime/zephyr-ws/zephyr/include/zephyr/toolchain/llvm.h:120:9: warning: '__UINT8_C' macro redefined [-Wmacro-redefined]
  120 | #define __UINT8_C(x)    uint_c(x, __int_least8_c_suffix__)
      |         ^
<built-in>:201:9: note: previous definition is here
  201 | #define __UINT8_C(c) c
      |         ^
In file included from /Users/gjonesblackcyton/Documents/src/klausscpu-runtime/zephyr-ws/zephyr/subsys/logging/log_output.c:7:
In file included from /Users/gjonesblackcyton/Documents/src/klausscpu-runtime/zephyr-ws/zephyr/include/zephyr/logging/log_output.h:9:
In file included from /Users/gjonesblackcyton/Documents/src/klausscpu-runtime/zephyr-ws/zephyr/include/zephyr/logging/log_msg.h:9:
In file included from /Users/gjonesblackcyton/Documents/src/klausscpu-runtime/zephyr-ws/zephyr/include/zephyr/logging/log_instance.h:10:
In file included from /Users/gjonesblackcyton/Documents/src/klausscpu-runtime/zephyr-ws/zephyr/include/zephyr/sys/iterable_sections.h:10:
In file included from /Users/gjonesblackcyton/Documents/src/klausscpu-runtime/zephyr-ws/zephyr/include/zephyr/sys/__assert.h:11:
In file included from /Users/gjonesblackcyton/Documents/src/klausscpu-runtime/zephyr-ws/zephyr/include/zephyr/toolchain.h:48:
/Users/gjonesblackcyton/Documents/src/klausscpu-runtime/zephyr-ws/zephyr/include/zephyr/toolchain/llvm.h:127:9: warning: '__INTMAX_C' macro redefined [-Wmacro-redefined]
  127 | #define __INTMAX_C(x)   int_c(x, __INTMAX_C_SUFFIX__)
      |         ^
<built-in>:98:9: note: previous definition is here
   98 | #define __INTMAX_C(c) c##L
      |         ^
In file included from /Users/gjonesblackcyton/Documents/src/klausscpu-runtime/zephyr-ws/zephyr/subsys/logging/log_output.c:7:
In file included from /Users/gjonesblackcyton/Documents/src/klausscpu-runtime/zephyr-ws/zephyr/include/zephyr/logging/log_output.h:9:
In file included from /Users/gjonesblackcyton/Documents/src/klausscpu-runtime/zephyr-ws/zephyr/include/zephyr/logging/log_msg.h:9:
In file included from /Users/gjonesblackcyton/Documents/src/klausscpu-runtime/zephyr-ws/zephyr/include/zephyr/logging/log_instance.h:10:
In file included from /Users/gjonesblackcyton/Documents/src/klausscpu-runtime/zephyr-ws/zephyr/include/zephyr/sys/iterable_sections.h:10:
In file included from /Users/gjonesblackcyton/Documents/src/klausscpu-runtime/zephyr-ws/zephyr/include/zephyr/sys/__assert.h:11:
In file included from /Users/gjonesblackcyton/Documents/src/klausscpu-runtime/zephyr-ws/zephyr/include/zephyr/toolchain.h:48:
/Users/gjonesblackcyton/Documents/src/klausscpu-runtime/zephyr-ws/zephyr/include/zephyr/toolchain/llvm.h:128:9: warning: '__UINTMAX_C' macro redefined [-Wmacro-redefined]
  128 | #define __UINTMAX_C(x)  int_c(x, __UINTMAX_C_SUFFIX__)
      |         ^
<built-in>:105:9: note: previous definition is here
  105 | #define __UINTMAX_C(c) c##UL
      |         ^
6 warnings generated.
[37/346] Building C object zephyr/arch/arch/klausscpu/core/CMakeFiles/..__klausscpu-zephyr__arch__klausscpu__core.dir/thread.c.obj
In file included from /Users/gjonesblackcyton/Documents/src/klausscpu-runtime/zephyr-ws/klausscpu-zephyr/arch/klausscpu/core/thread.c:26:
In file included from /Users/gjonesblackcyton/Documents/src/klausscpu-runtime/zephyr-ws/zephyr/include/zephyr/kernel.h:17:
In file included from /Users/gjonesblackcyton/Documents/src/klausscpu-runtime/zephyr-ws/zephyr/include/zephyr/kernel_includes.h:23:
In file included from /Users/gjonesblackcyton/Documents/src/klausscpu-runtime/zephyr-ws/zephyr/include/zephyr/toolchain.h:48:
/Users/gjonesblackcyton/Documents/src/klausscpu-runtime/zephyr-ws/zephyr/include/zephyr/toolchain/llvm.h:102:9: warning: '__INT16_C' macro redefined [-Wmacro-redefined]
  102 | #define __INT16_C(x)    int_c(x, __int_least16_c_suffix__)
      |         ^
<built-in>:184:9: note: previous definition is here
  184 | #define __INT16_C(c) c
      |         ^
In file included from /Users/gjonesblackcyton/Documents/src/klausscpu-runtime/zephyr-ws/klausscpu-zephyr/arch/klausscpu/core/thread.c:26:
In file included from /Users/gjonesblackcyton/Documents/src/klausscpu-runtime/zephyr-ws/zephyr/include/zephyr/kernel.h:17:
In file included from /Users/gjonesblackcyton/Documents/src/klausscpu-runtime/zephyr-ws/zephyr/include/zephyr/kernel_includes.h:23:
In file included from /Users/gjonesblackcyton/Documents/src/klausscpu-runtime/zephyr-ws/zephyr/include/zephyr/toolchain.h:48:
/Users/gjonesblackcyton/Documents/src/klausscpu-runtime/zephyr-ws/zephyr/include/zephyr/toolchain/llvm.h:103:9: warning: '__UINT16_C' macro redefined [-Wmacro-redefined]
  103 | #define __UINT16_C(x)   uint_c(x, __int_least16_c_suffix__)
      |         ^
<built-in>:210:9: note: previous definition is here
  210 | #define __UINT16_C(c) c
      |         ^
In file included from /Users/gjonesblackcyton/Documents/src/klausscpu-runtime/zephyr-ws/klausscpu-zephyr/arch/klausscpu/core/thread.c:26:
In file included from /Users/gjonesblackcyton/Documents/src/klausscpu-runtime/zephyr-ws/zephyr/include/zephyr/kernel.h:17:
In file included from /Users/gjonesblackcyton/Documents/src/klausscpu-runtime/zephyr-ws/zephyr/include/zephyr/kernel_includes.h:23:
In file included from /Users/gjonesblackcyton/Documents/src/klausscpu-runtime/zephyr-ws/zephyr/include/zephyr/toolchain.h:48:
/Users/gjonesblackcyton/Documents/src/klausscpu-runtime/zephyr-ws/zephyr/include/zephyr/toolchain/llvm.h:119:9: warning: '__INT8_C' macro redefined [-Wmacro-redefined]
  119 | #define __INT8_C(x)     int_c(x, __int_least8_c_suffix__)
      |         ^
<built-in>:179:9: note: previous definition is here
  179 | #define __INT8_C(c) c
      |         ^
In file included from /Users/gjonesblackcyton/Documents/src/klausscpu-runtime/zephyr-ws/klausscpu-zephyr/arch/klausscpu/core/thread.c:26:
In file included from /Users/gjonesblackcyton/Documents/src/klausscpu-runtime/zephyr-ws/zephyr/include/zephyr/kernel.h:17:
In file included from /Users/gjonesblackcyton/Documents/src/klausscpu-runtime/zephyr-ws/zephyr/include/zephyr/kernel_includes.h:23:
In file included from /Users/gjonesblackcyton/Documents/src/klausscpu-runtime/zephyr-ws/zephyr/include/zephyr/toolchain.h:48:
/Users/gjonesblackcyton/Documents/src/klausscpu-runtime/zephyr-ws/zephyr/include/zephyr/toolchain/llvm.h:120:9: warning: '__UINT8_C' macro redefined [-Wmacro-redefined]
  120 | #define __UINT8_C(x)    uint_c(x, __int_least8_c_suffix__)
      |         ^
<built-in>:201:9: note: previous definition is here
  201 | #define __UINT8_C(c) c
      |         ^
In file included from /Users/gjonesblackcyton/Documents/src/klausscpu-runtime/zephyr-ws/klausscpu-zephyr/arch/klausscpu/core/thread.c:26:
In file included from /Users/gjonesblackcyton/Documents/src/klausscpu-runtime/zephyr-ws/zephyr/include/zephyr/kernel.h:17:
In file included from /Users/gjonesblackcyton/Documents/src/klausscpu-runtime/zephyr-ws/zephyr/include/zephyr/kernel_includes.h:23:
In file included from /Users/gjonesblackcyton/Documents/src/klausscpu-runtime/zephyr-ws/zephyr/include/zephyr/toolchain.h:48:
/Users/gjonesblackcyton/Documents/src/klausscpu-runtime/zephyr-ws/zephyr/include/zephyr/toolchain/llvm.h:127:9: warning: '__INTMAX_C' macro redefined [-Wmacro-redefined]
  127 | #define __INTMAX_C(x)   int_c(x, __INTMAX_C_SUFFIX__)
      |         ^
<built-in>:98:9: note: previous definition is here
   98 | #define __INTMAX_C(c) c##L
      |         ^
In file included from /Users/gjonesblackcyton/Documents/src/klausscpu-runtime/zephyr-ws/klausscpu-zephyr/arch/klausscpu/core/thread.c:26:
In file included from /Users/gjonesblackcyton/Documents/src/klausscpu-runtime/zephyr-ws/zephyr/include/zephyr/kernel.h:17:
In file included from /Users/gjonesblackcyton/Documents/src/klausscpu-runtime/zephyr-ws/zephyr/include/zephyr/kernel_includes.h:23:
In file included from /Users/gjonesblackcyton/Documents/src/klausscpu-runtime/zephyr-ws/zephyr/include/zephyr/toolchain.h:48:
/Users/gjonesblackcyton/Documents/src/klausscpu-runtime/zephyr-ws/zephyr/include/zephyr/toolchain/llvm.h:128:9: warning: '__UINTMAX_C' macro redefined [-Wmacro-redefined]
  128 | #define __UINTMAX_C(x)  int_c(x, __UINTMAX_C_SUFFIX__)
      |         ^
<built-in>:105:9: note: previous definition is here
  105 | #define __UINTMAX_C(c) c##UL
      |         ^
6 warnings generated.
[38/346] Building C object zephyr/lib/libc/minimal/CMakeFiles/lib__libc__minimal.dir/source/stdlib/atoi.c.obj
[39/346] Building C object zephyr/arch/arch/klausscpu/core/CMakeFiles/..__klausscpu-zephyr__arch__klausscpu__core.dir/irq.c.obj
In file included from /Users/gjonesblackcyton/Documents/src/klausscpu-runtime/zephyr-ws/klausscpu-zephyr/arch/klausscpu/core/irq.c:13:
In file included from /Users/gjonesblackcyton/Documents/src/klausscpu-runtime/zephyr-ws/zephyr/include/zephyr/kernel.h:17:
In file included from /Users/gjonesblackcyton/Documents/src/klausscpu-runtime/zephyr-ws/zephyr/include/zephyr/kernel_includes.h:23:
In file included from /Users/gjonesblackcyton/Documents/src/klausscpu-runtime/zephyr-ws/zephyr/include/zephyr/toolchain.h:48:
/Users/gjonesblackcyton/Documents/src/klausscpu-runtime/zephyr-ws/zephyr/include/zephyr/toolchain/llvm.h:102:9: warning: '__INT16_C' macro redefined [-Wmacro-redefined]
  102 | #define __INT16_C(x)    int_c(x, __int_least16_c_suffix__)
      |         ^
<built-in>:184:9: note: previous definition is here
  184 | #define __INT16_C(c) c
      |         ^
In file included from /Users/gjonesblackcyton/Documents/src/klausscpu-runtime/zephyr-ws/klausscpu-zephyr/arch/klausscpu/core/irq.c:13:
In file included from /Users/gjonesblackcyton/Documents/src/klausscpu-runtime/zephyr-ws/zephyr/include/zephyr/kernel.h:17:
In file included from /Users/gjonesblackcyton/Documents/src/klausscpu-runtime/zephyr-ws/zephyr/include/zephyr/kernel_includes.h:23:
In file included from /Users/gjonesblackcyton/Documents/src/klausscpu-runtime/zephyr-ws/zephyr/include/zephyr/toolchain.h:48:
/Users/gjonesblackcyton/Documents/src/klausscpu-runtime/zephyr-ws/zephyr/include/zephyr/toolchain/llvm.h:103:9: warning: '__UINT16_C' macro redefined [-Wmacro-redefined]
  103 | #define __UINT16_C(x)   uint_c(x, __int_least16_c_suffix__)
      |         ^
<built-in>:210:9: note: previous definition is here
  210 | #define __UINT16_C(c) c
      |         ^
In file included from /Users/gjonesblackcyton/Documents/src/klausscpu-runtime/zephyr-ws/klausscpu-zephyr/arch/klausscpu/core/irq.c:13:
In file included from /Users/gjonesblackcyton/Documents/src/klausscpu-runtime/zephyr-ws/zephyr/include/zephyr/kernel.h:17:
In file included from /Users/gjonesblackcyton/Documents/src/klausscpu-runtime/zephyr-ws/zephyr/include/zephyr/kernel_includes.h:23:
In file included from /Users/gjonesblackcyton/Documents/src/klausscpu-runtime/zephyr-ws/zephyr/include/zephyr/toolchain.h:48:
/Users/gjonesblackcyton/Documents/src/klausscpu-runtime/zephyr-ws/zephyr/include/zephyr/toolchain/llvm.h:119:9: warning: '__INT8_C' macro redefined [-Wmacro-redefined]
  119 | #define __INT8_C(x)     int_c(x, __int_least8_c_suffix__)
      |         ^
<built-in>:179:9: note: previous definition is here
  179 | #define __INT8_C(c) c
      |         ^
In file included from /Users/gjonesblackcyton/Documents/src/klausscpu-runtime/zephyr-ws/klausscpu-zephyr/arch/klausscpu/core/irq.c:13:
In file included from /Users/gjonesblackcyton/Documents/src/klausscpu-runtime/zephyr-ws/zephyr/include/zephyr/kernel.h:17:
In file included from /Users/gjonesblackcyton/Documents/src/klausscpu-runtime/zephyr-ws/zephyr/include/zephyr/kernel_includes.h:23:
In file included from /Users/gjonesblackcyton/Documents/src/klausscpu-runtime/zephyr-ws/zephyr/include/zephyr/toolchain.h:48:
/Users/gjonesblackcyton/Documents/src/klausscpu-runtime/zephyr-ws/zephyr/include/zephyr/toolchain/llvm.h:120:9: warning: '__UINT8_C' macro redefined [-Wmacro-redefined]
  120 | #define __UINT8_C(x)    uint_c(x, __int_least8_c_suffix__)
      |         ^
<built-in>:201:9: note: previous definition is here
  201 | #define __UINT8_C(c) c
      |         ^
In file included from /Users/gjonesblackcyton/Documents/src/klausscpu-runtime/zephyr-ws/klausscpu-zephyr/arch/klausscpu/core/irq.c:13:
In file included from /Users/gjonesblackcyton/Documents/src/klausscpu-runtime/zephyr-ws/zephyr/include/zephyr/kernel.h:17:
In file included from /Users/gjonesblackcyton/Documents/src/klausscpu-runtime/zephyr-ws/zephyr/include/zephyr/kernel_includes.h:23:
In file included from /Users/gjonesblackcyton/Documents/src/klausscpu-runtime/zephyr-ws/zephyr/include/zephyr/toolchain.h:48:
/Users/gjonesblackcyton/Documents/src/klausscpu-runtime/zephyr-ws/zephyr/include/zephyr/toolchain/llvm.h:127:9: warning: '__INTMAX_C' macro redefined [-Wmacro-redefined]
  127 | #define __INTMAX_C(x)   int_c(x, __INTMAX_C_SUFFIX__)
      |         ^
<built-in>:98:9: note: previous definition is here
   98 | #define __INTMAX_C(c) c##L
      |         ^
In file included from /Users/gjonesblackcyton/Documents/src/klausscpu-runtime/zephyr-ws/klausscpu-zephyr/arch/klausscpu/core/irq.c:13:
In file included from /Users/gjonesblackcyton/Documents/src/klausscpu-runtime/zephyr-ws/zephyr/include/zephyr/kernel.h:17:
In file included from /Users/gjonesblackcyton/Documents/src/klausscpu-runtime/zephyr-ws/zephyr/include/zephyr/kernel_includes.h:23:
In file included from /Users/gjonesblackcyton/Documents/src/klausscpu-runtime/zephyr-ws/zephyr/include/zephyr/toolchain.h:48:
/Users/gjonesblackcyton/Documents/src/klausscpu-runtime/zephyr-ws/zephyr/include/zephyr/toolchain/llvm.h:128:9: warning: '__UINTMAX_C' macro redefined [-Wmacro-redefined]
  128 | #define __UINTMAX_C(x)  int_c(x, __UINTMAX_C_SUFFIX__)
      |         ^
<built-in>:105:9: note: previous definition is here
  105 | #define __UINTMAX_C(c) c##UL
      |         ^
/Users/gjonesblackcyton/Documents/src/klausscpu-runtime/zephyr-ws/klausscpu-zephyr/arch/klausscpu/core/irq.c:77:5: warning: cast to 'volatile uint32_t *' (aka 'volatile unsigned int *') from smaller integer type 'unsigned int' [-Wint-to-pointer-cast]
   77 |     _INT_VEC(irq) = (uint32_t)(uintptr_t)routine;
      |     ^~~~~~~~~~~~~
/Users/gjonesblackcyton/Documents/src/klausscpu-runtime/zephyr-ws/klausscpu-zephyr/arch/klausscpu/core/irq.c:26:23: note: expanded from macro '_INT_VEC'
   26 | #define _INT_VEC(n) (*(volatile uint32_t *)(0xF00F0010u + 8u * (n)))
      |                       ^~~~~~~~~~~~~~~~~~~~~~~~~~~~~~~~~~~~~~~~~~~~~
7 warnings generated.
[40/346] Building ASM object zephyr/arch/arch/klausscpu/core/CMakeFiles/..__klausscpu-zephyr__arch__klausscpu__core.dir/swap.S.obj
[41/346] Building C object zephyr/lib/libc/minimal/CMakeFiles/lib__libc__minimal.dir/source/stdlib/bsearch.c.obj
[42/346] Building C object zephyr/arch/arch/klausscpu/core/CMakeFiles/..__klausscpu-zephyr__arch__klausscpu__core.dir/fatal.c.obj
In file included from /Users/gjonesblackcyton/Documents/src/klausscpu-runtime/zephyr-ws/klausscpu-zephyr/arch/klausscpu/core/fatal.c:5:
In file included from /Users/gjonesblackcyton/Documents/src/klausscpu-runtime/zephyr-ws/zephyr/include/zephyr/kernel.h:17:
In file included from /Users/gjonesblackcyton/Documents/src/klausscpu-runtime/zephyr-ws/zephyr/include/zephyr/kernel_includes.h:23:
In file included from /Users/gjonesblackcyton/Documents/src/klausscpu-runtime/zephyr-ws/zephyr/include/zephyr/toolchain.h:48:
/Users/gjonesblackcyton/Documents/src/klausscpu-runtime/zephyr-ws/zephyr/include/zephyr/toolchain/llvm.h:102:9: warning: '__INT16_C' macro redefined [-Wmacro-redefined]
  102 | #define __INT16_C(x)    int_c(x, __int_least16_c_suffix__)
      |         ^
<built-in>:184:9: note: previous definition is here
  184 | #define __INT16_C(c) c
      |         ^
In file included from /Users/gjonesblackcyton/Documents/src/klausscpu-runtime/zephyr-ws/klausscpu-zephyr/arch/klausscpu/core/fatal.c:5:
In file included from /Users/gjonesblackcyton/Documents/src/klausscpu-runtime/zephyr-ws/zephyr/include/zephyr/kernel.h:17:
In file included from /Users/gjonesblackcyton/Documents/src/klausscpu-runtime/zephyr-ws/zephyr/include/zephyr/kernel_includes.h:23:
In file included from /Users/gjonesblackcyton/Documents/src/klausscpu-runtime/zephyr-ws/zephyr/include/zephyr/toolchain.h:48:
/Users/gjonesblackcyton/Documents/src/klausscpu-runtime/zephyr-ws/zephyr/include/zephyr/toolchain/llvm.h:103:9: warning: '__UINT16_C' macro redefined [-Wmacro-redefined]
  103 | #define __UINT16_C(x)   uint_c(x, __int_least16_c_suffix__)
      |         ^
<built-in>:210:9: note: previous definition is here
  210 | #define __UINT16_C(c) c
      |         ^
In file included from /Users/gjonesblackcyton/Documents/src/klausscpu-runtime/zephyr-ws/klausscpu-zephyr/arch/klausscpu/core/fatal.c:5:
In file included from /Users/gjonesblackcyton/Documents/src/klausscpu-runtime/zephyr-ws/zephyr/include/zephyr/kernel.h:17:
In file included from /Users/gjonesblackcyton/Documents/src/klausscpu-runtime/zephyr-ws/zephyr/include/zephyr/kernel_includes.h:23:
In file included from /Users/gjonesblackcyton/Documents/src/klausscpu-runtime/zephyr-ws/zephyr/include/zephyr/toolchain.h:48:
/Users/gjonesblackcyton/Documents/src/klausscpu-runtime/zephyr-ws/zephyr/include/zephyr/toolchain/llvm.h:119:9: warning: '__INT8_C' macro redefined [-Wmacro-redefined]
  119 | #define __INT8_C(x)     int_c(x, __int_least8_c_suffix__)
      |         ^
<built-in>:179:9: note: previous definition is here
  179 | #define __INT8_C(c) c
      |         ^
In file included from /Users/gjonesblackcyton/Documents/src/klausscpu-runtime/zephyr-ws/klausscpu-zephyr/arch/klausscpu/core/fatal.c:5:
In file included from /Users/gjonesblackcyton/Documents/src/klausscpu-runtime/zephyr-ws/zephyr/include/zephyr/kernel.h:17:
In file included from /Users/gjonesblackcyton/Documents/src/klausscpu-runtime/zephyr-ws/zephyr/include/zephyr/kernel_includes.h:23:
In file included from /Users/gjonesblackcyton/Documents/src/klausscpu-runtime/zephyr-ws/zephyr/include/zephyr/toolchain.h:48:
/Users/gjonesblackcyton/Documents/src/klausscpu-runtime/zephyr-ws/zephyr/include/zephyr/toolchain/llvm.h:120:9: warning: '__UINT8_C' macro redefined [-Wmacro-redefined]
  120 | #define __UINT8_C(x)    uint_c(x, __int_least8_c_suffix__)
      |         ^
<built-in>:201:9: note: previous definition is here
  201 | #define __UINT8_C(c) c
      |         ^
In file included from /Users/gjonesblackcyton/Documents/src/klausscpu-runtime/zephyr-ws/klausscpu-zephyr/arch/klausscpu/core/fatal.c:5:
In file included from /Users/gjonesblackcyton/Documents/src/klausscpu-runtime/zephyr-ws/zephyr/include/zephyr/kernel.h:17:
In file included from /Users/gjonesblackcyton/Documents/src/klausscpu-runtime/zephyr-ws/zephyr/include/zephyr/kernel_includes.h:23:
In file included from /Users/gjonesblackcyton/Documents/src/klausscpu-runtime/zephyr-ws/zephyr/include/zephyr/toolchain.h:48:
/Users/gjonesblackcyton/Documents/src/klausscpu-runtime/zephyr-ws/zephyr/include/zephyr/toolchain/llvm.h:127:9: warning: '__INTMAX_C' macro redefined [-Wmacro-redefined]
  127 | #define __INTMAX_C(x)   int_c(x, __INTMAX_C_SUFFIX__)
      |         ^
<built-in>:98:9: note: previous definition is here
   98 | #define __INTMAX_C(c) c##L
      |         ^
In file included from /Users/gjonesblackcyton/Documents/src/klausscpu-runtime/zephyr-ws/klausscpu-zephyr/arch/klausscpu/core/fatal.c:5:
In file included from /Users/gjonesblackcyton/Documents/src/klausscpu-runtime/zephyr-ws/zephyr/include/zephyr/kernel.h:17:
In file included from /Users/gjonesblackcyton/Documents/src/klausscpu-runtime/zephyr-ws/zephyr/include/zephyr/kernel_includes.h:23:
In file included from /Users/gjonesblackcyton/Documents/src/klausscpu-runtime/zephyr-ws/zephyr/include/zephyr/toolchain.h:48:
/Users/gjonesblackcyton/Documents/src/klausscpu-runtime/zephyr-ws/zephyr/include/zephyr/toolchain/llvm.h:128:9: warning: '__UINTMAX_C' macro redefined [-Wmacro-redefined]
  128 | #define __UINTMAX_C(x)  int_c(x, __UINTMAX_C_SUFFIX__)
      |         ^
<built-in>:105:9: note: previous definition is here
  105 | #define __UINTMAX_C(c) c##UL
      |         ^
/Users/gjonesblackcyton/Documents/src/klausscpu-runtime/zephyr-ws/klausscpu-zephyr/arch/klausscpu/core/fatal.c:9:57: warning: 'z_arch_esf_t' is deprecated [-Wdeprecated-declarations]
    9 | void z_klausscpu_fatal_error(unsigned int reason, const z_arch_esf_t *esf)
      |                                                         ^
/Users/gjonesblackcyton/Documents/src/klausscpu-runtime/zephyr-ws/zephyr/include/zephyr/arch/arch_interface.h:50:1: note: 'z_arch_esf_t' has been explicitly marked deprecated here
   50 | __deprecated typedef struct arch_esf z_arch_esf_t;
      | ^
/Users/gjonesblackcyton/Documents/src/klausscpu-runtime/zephyr-ws/zephyr/include/zephyr/toolchain/gcc.h:252:37: note: expanded from macro '__deprecated'
  252 | #define __deprecated    __attribute__((deprecated))
      |                                        ^
7 warnings generated.
[43/346] Building C object zephyr/lib/libc/minimal/CMakeFiles/lib__libc__minimal.dir/source/stdlib/strtoll.c.obj
[44/346] Building C object zephyr/lib/libc/minimal/CMakeFiles/lib__libc__minimal.dir/source/stdlib/strtol.c.obj
[45/346] Building C object zephyr/lib/libc/minimal/CMakeFiles/lib__libc__minimal.dir/source/stdlib/strtoull.c.obj
[46/346] Building C object zephyr/lib/libc/minimal/CMakeFiles/lib__libc__minimal.dir/source/stdlib/strtoul.c.obj
[47/346] Building C object zephyr/lib/libc/minimal/CMakeFiles/lib__libc__minimal.dir/source/string/strncasecmp.c.obj
[48/346] Building C object zephyr/lib/libc/minimal/CMakeFiles/lib__libc__minimal.dir/source/string/strstr.c.obj
[49/346] Building C object zephyr/lib/libc/minimal/CMakeFiles/lib__libc__minimal.dir/source/string/strspn.c.obj
[50/346] Building C object zephyr/lib/libc/minimal/CMakeFiles/lib__libc__minimal.dir/source/string/strerror.c.obj
[51/346] Building C object zephyr/lib/libc/minimal/CMakeFiles/lib__libc__minimal.dir/source/stdlib/exit.c.obj
[52/346] Building C object zephyr/lib/libc/minimal/CMakeFiles/lib__libc__minimal.dir/source/stdout/fprintf.c.obj
[53/346] Building C object zephyr/lib/libc/minimal/CMakeFiles/lib__libc__minimal.dir/source/string/string.c.obj
[54/346] Building C object zephyr/lib/libc/minimal/CMakeFiles/lib__libc__minimal.dir/source/stdlib/qsort.c.obj
[55/346] Building C object zephyr/lib/libc/minimal/CMakeFiles/lib__libc__minimal.dir/source/stdout/sprintf.c.obj
[56/346] Building C object zephyr/lib/libc/minimal/CMakeFiles/lib__libc__minimal.dir/source/math/sqrtf.c.obj
[57/346] Building C object zephyr/lib/libc/minimal/CMakeFiles/lib__libc__minimal.dir/source/math/sqrt.c.obj
[58/346] Building C object zephyr/lib/libc/common/CMakeFiles/lib__libc__common.dir/source/string/strnlen.c.obj
[59/346] Building C object zephyr/lib/libc/minimal/CMakeFiles/lib__libc__minimal.dir/source/stdout/stdout_console.c.obj
[60/346] Building C object zephyr/lib/libc/common/CMakeFiles/lib__libc__common.dir/source/time/gmtime_r.c.obj
[61/346] Building C object zephyr/lib/libc/minimal/CMakeFiles/lib__libc__minimal.dir/source/time/gmtime.c.obj
[62/346] Building C object zephyr/lib/libc/common/CMakeFiles/lib__libc__common.dir/source/stdlib/abort.c.obj
[63/346] Building C object zephyr/lib/libc/common/CMakeFiles/lib__libc__common.dir/source/stdlib/malloc.c.obj
[64/346] Building C object zephyr/subsys/net/CMakeFiles/subsys__net.dir/lib/sockets/getaddrinfo.c.obj
[65/346] Building C object zephyr/subsys/net/CMakeFiles/subsys__net.dir/lib/sockets/getnameinfo.c.obj
[66/346] Building C object zephyr/subsys/net/CMakeFiles/subsys__net.dir/lib/sockets/sockets_misc.c.obj
[67/346] Building C object zephyr/subsys/net/CMakeFiles/subsys__net.dir/buf.c.obj
In file included from /Users/gjonesblackcyton/Documents/src/klausscpu-runtime/zephyr-ws/zephyr/subsys/net/buf.c:12:
In file included from /Users/gjonesblackcyton/Documents/src/klausscpu-runtime/zephyr-ws/zephyr/include/zephyr/logging/log.h:10:
In file included from /Users/gjonesblackcyton/Documents/src/klausscpu-runtime/zephyr-ws/zephyr/include/zephyr/logging/log_instance.h:10:
In file included from /Users/gjonesblackcyton/Documents/src/klausscpu-runtime/zephyr-ws/zephyr/include/zephyr/sys/iterable_sections.h:10:
In file included from /Users/gjonesblackcyton/Documents/src/klausscpu-runtime/zephyr-ws/zephyr/include/zephyr/sys/__assert.h:11:
In file included from /Users/gjonesblackcyton/Documents/src/klausscpu-runtime/zephyr-ws/zephyr/include/zephyr/toolchain.h:48:
/Users/gjonesblackcyton/Documents/src/klausscpu-runtime/zephyr-ws/zephyr/include/zephyr/toolchain/llvm.h:102:9: warning: '__INT16_C' macro redefined [-Wmacro-redefined]
  102 | #define __INT16_C(x)    int_c(x, __int_least16_c_suffix__)
      |         ^
<built-in>:184:9: note: previous definition is here
  184 | #define __INT16_C(c) c
      |         ^
In file included from /Users/gjonesblackcyton/Documents/src/klausscpu-runtime/zephyr-ws/zephyr/subsys/net/buf.c:12:
In file included from /Users/gjonesblackcyton/Documents/src/klausscpu-runtime/zephyr-ws/zephyr/include/zephyr/logging/log.h:10:
In file included from /Users/gjonesblackcyton/Documents/src/klausscpu-runtime/zephyr-ws/zephyr/include/zephyr/logging/log_instance.h:10:
In file included from /Users/gjonesblackcyton/Documents/src/klausscpu-runtime/zephyr-ws/zephyr/include/zephyr/sys/iterable_sections.h:10:
In file included from /Users/gjonesblackcyton/Documents/src/klausscpu-runtime/zephyr-ws/zephyr/include/zephyr/sys/__assert.h:11:
In file included from /Users/gjonesblackcyton/Documents/src/klausscpu-runtime/zephyr-ws/zephyr/include/zephyr/toolchain.h:48:
/Users/gjonesblackcyton/Documents/src/klausscpu-runtime/zephyr-ws/zephyr/include/zephyr/toolchain/llvm.h:103:9: warning: '__UINT16_C' macro redefined [-Wmacro-redefined]
  103 | #define __UINT16_C(x)   uint_c(x, __int_least16_c_suffix__)
      |         ^
<built-in>:210:9: note: previous definition is here
  210 | #define __UINT16_C(c) c
      |         ^
In file included from /Users/gjonesblackcyton/Documents/src/klausscpu-runtime/zephyr-ws/zephyr/subsys/net/buf.c:12:
In file included from /Users/gjonesblackcyton/Documents/src/klausscpu-runtime/zephyr-ws/zephyr/include/zephyr/logging/log.h:10:
In file included from /Users/gjonesblackcyton/Documents/src/klausscpu-runtime/zephyr-ws/zephyr/include/zephyr/logging/log_instance.h:10:
In file included from /Users/gjonesblackcyton/Documents/src/klausscpu-runtime/zephyr-ws/zephyr/include/zephyr/sys/iterable_sections.h:10:
In file included from /Users/gjonesblackcyton/Documents/src/klausscpu-runtime/zephyr-ws/zephyr/include/zephyr/sys/__assert.h:11:
In file included from /Users/gjonesblackcyton/Documents/src/klausscpu-runtime/zephyr-ws/zephyr/include/zephyr/toolchain.h:48:
/Users/gjonesblackcyton/Documents/src/klausscpu-runtime/zephyr-ws/zephyr/include/zephyr/toolchain/llvm.h:119:9: warning: '__INT8_C' macro redefined [-Wmacro-redefined]
  119 | #define __INT8_C(x)     int_c(x, __int_least8_c_suffix__)
      |         ^
<built-in>:179:9: note: previous definition is here
  179 | #define __INT8_C(c) c
      |         ^
In file included from /Users/gjonesblackcyton/Documents/src/klausscpu-runtime/zephyr-ws/zephyr/subsys/net/buf.c:12:
In file included from /Users/gjonesblackcyton/Documents/src/klausscpu-runtime/zephyr-ws/zephyr/include/zephyr/logging/log.h:10:
In file included from /Users/gjonesblackcyton/Documents/src/klausscpu-runtime/zephyr-ws/zephyr/include/zephyr/logging/log_instance.h:10:
In file included from /Users/gjonesblackcyton/Documents/src/klausscpu-runtime/zephyr-ws/zephyr/include/zephyr/sys/iterable_sections.h:10:
In file included from /Users/gjonesblackcyton/Documents/src/klausscpu-runtime/zephyr-ws/zephyr/include/zephyr/sys/__assert.h:11:
In file included from /Users/gjonesblackcyton/Documents/src/klausscpu-runtime/zephyr-ws/zephyr/include/zephyr/toolchain.h:48:
/Users/gjonesblackcyton/Documents/src/klausscpu-runtime/zephyr-ws/zephyr/include/zephyr/toolchain/llvm.h:120:9: warning: '__UINT8_C' macro redefined [-Wmacro-redefined]
  120 | #define __UINT8_C(x)    uint_c(x, __int_least8_c_suffix__)
      |         ^
<built-in>:201:9: note: previous definition is here
  201 | #define __UINT8_C(c) c
      |         ^
In file included from /Users/gjonesblackcyton/Documents/src/klausscpu-runtime/zephyr-ws/zephyr/subsys/net/buf.c:12:
In file included from /Users/gjonesblackcyton/Documents/src/klausscpu-runtime/zephyr-ws/zephyr/include/zephyr/logging/log.h:10:
In file included from /Users/gjonesblackcyton/Documents/src/klausscpu-runtime/zephyr-ws/zephyr/include/zephyr/logging/log_instance.h:10:
In file included from /Users/gjonesblackcyton/Documents/src/klausscpu-runtime/zephyr-ws/zephyr/include/zephyr/sys/iterable_sections.h:10:
In file included from /Users/gjonesblackcyton/Documents/src/klausscpu-runtime/zephyr-ws/zephyr/include/zephyr/sys/__assert.h:11:
In file included from /Users/gjonesblackcyton/Documents/src/klausscpu-runtime/zephyr-ws/zephyr/include/zephyr/toolchain.h:48:
/Users/gjonesblackcyton/Documents/src/klausscpu-runtime/zephyr-ws/zephyr/include/zephyr/toolchain/llvm.h:127:9: warning: '__INTMAX_C' macro redefined [-Wmacro-redefined]
  127 | #define __INTMAX_C(x)   int_c(x, __INTMAX_C_SUFFIX__)
      |         ^
<built-in>:98:9: note: previous definition is here
   98 | #define __INTMAX_C(c) c##L
      |         ^
In file included from /Users/gjonesblackcyton/Documents/src/klausscpu-runtime/zephyr-ws/zephyr/subsys/net/buf.c:12:
In file included from /Users/gjonesblackcyton/Documents/src/klausscpu-runtime/zephyr-ws/zephyr/include/zephyr/logging/log.h:10:
In file included from /Users/gjonesblackcyton/Documents/src/klausscpu-runtime/zephyr-ws/zephyr/include/zephyr/logging/log_instance.h:10:
In file included from /Users/gjonesblackcyton/Documents/src/klausscpu-runtime/zephyr-ws/zephyr/include/zephyr/sys/iterable_sections.h:10:
In file included from /Users/gjonesblackcyton/Documents/src/klausscpu-runtime/zephyr-ws/zephyr/include/zephyr/sys/__assert.h:11:
In file included from /Users/gjonesblackcyton/Documents/src/klausscpu-runtime/zephyr-ws/zephyr/include/zephyr/toolchain.h:48:
/Users/gjonesblackcyton/Documents/src/klausscpu-runtime/zephyr-ws/zephyr/include/zephyr/toolchain/llvm.h:128:9: warning: '__UINTMAX_C' macro redefined [-Wmacro-redefined]
  128 | #define __UINTMAX_C(x)  int_c(x, __UINTMAX_C_SUFFIX__)
      |         ^
<built-in>:105:9: note: previous definition is here
  105 | #define __UINTMAX_C(c) c##UL
      |         ^
6 warnings generated.
[68/346] Building C object zephyr/subsys/net/CMakeFiles/subsys__net.dir/lib/sockets/sockets_select.c.obj
In file included from /Users/gjonesblackcyton/Documents/src/klausscpu-runtime/zephyr-ws/zephyr/subsys/net/lib/sockets/sockets_select.c:7:
In file included from /Users/gjonesblackcyton/Documents/src/klausscpu-runtime/zephyr-ws/zephyr/include/zephyr/kernel.h:17:
In file included from /Users/gjonesblackcyton/Documents/src/klausscpu-runtime/zephyr-ws/zephyr/include/zephyr/kernel_includes.h:23:
In file included from /Users/gjonesblackcyton/Documents/src/klausscpu-runtime/zephyr-ws/zephyr/include/zephyr/toolchain.h:48:
/Users/gjonesblackcyton/Documents/src/klausscpu-runtime/zephyr-ws/zephyr/include/zephyr/toolchain/llvm.h:102:9: warning: '__INT16_C' macro redefined [-Wmacro-redefined]
  102 | #define __INT16_C(x)    int_c(x, __int_least16_c_suffix__)
      |         ^
<built-in>:184:9: note: previous definition is here
  184 | #define __INT16_C(c) c
      |         ^
In file included from /Users/gjonesblackcyton/Documents/src/klausscpu-runtime/zephyr-ws/zephyr/subsys/net/lib/sockets/sockets_select.c:7:
In file included from /Users/gjonesblackcyton/Documents/src/klausscpu-runtime/zephyr-ws/zephyr/include/zephyr/kernel.h:17:
In file included from /Users/gjonesblackcyton/Documents/src/klausscpu-runtime/zephyr-ws/zephyr/include/zephyr/kernel_includes.h:23:
In file included from /Users/gjonesblackcyton/Documents/src/klausscpu-runtime/zephyr-ws/zephyr/include/zephyr/toolchain.h:48:
/Users/gjonesblackcyton/Documents/src/klausscpu-runtime/zephyr-ws/zephyr/include/zephyr/toolchain/llvm.h:103:9: warning: '__UINT16_C' macro redefined [-Wmacro-redefined]
  103 | #define __UINT16_C(x)   uint_c(x, __int_least16_c_suffix__)
      |         ^
<built-in>:210:9: note: previous definition is here
  210 | #define __UINT16_C(c) c
      |         ^
In file included from /Users/gjonesblackcyton/Documents/src/klausscpu-runtime/zephyr-ws/zephyr/subsys/net/lib/sockets/sockets_select.c:7:
In file included from /Users/gjonesblackcyton/Documents/src/klausscpu-runtime/zephyr-ws/zephyr/include/zephyr/kernel.h:17:
In file included from /Users/gjonesblackcyton/Documents/src/klausscpu-runtime/zephyr-ws/zephyr/include/zephyr/kernel_includes.h:23:
In file included from /Users/gjonesblackcyton/Documents/src/klausscpu-runtime/zephyr-ws/zephyr/include/zephyr/toolchain.h:48:
/Users/gjonesblackcyton/Documents/src/klausscpu-runtime/zephyr-ws/zephyr/include/zephyr/toolchain/llvm.h:119:9: warning: '__INT8_C' macro redefined [-Wmacro-redefined]
  119 | #define __INT8_C(x)     int_c(x, __int_least8_c_suffix__)
      |         ^
<built-in>:179:9: note: previous definition is here
  179 | #define __INT8_C(c) c
      |         ^
In file included from /Users/gjonesblackcyton/Documents/src/klausscpu-runtime/zephyr-ws/zephyr/subsys/net/lib/sockets/sockets_select.c:7:
In file included from /Users/gjonesblackcyton/Documents/src/klausscpu-runtime/zephyr-ws/zephyr/include/zephyr/kernel.h:17:
In file included from /Users/gjonesblackcyton/Documents/src/klausscpu-runtime/zephyr-ws/zephyr/include/zephyr/kernel_includes.h:23:
In file included from /Users/gjonesblackcyton/Documents/src/klausscpu-runtime/zephyr-ws/zephyr/include/zephyr/toolchain.h:48:
/Users/gjonesblackcyton/Documents/src/klausscpu-runtime/zephyr-ws/zephyr/include/zephyr/toolchain/llvm.h:120:9: warning: '__UINT8_C' macro redefined [-Wmacro-redefined]
  120 | #define __UINT8_C(x)    uint_c(x, __int_least8_c_suffix__)
      |         ^
<built-in>:201:9: note: previous definition is here
  201 | #define __UINT8_C(c) c
      |         ^
In file included from /Users/gjonesblackcyton/Documents/src/klausscpu-runtime/zephyr-ws/zephyr/subsys/net/lib/sockets/sockets_select.c:7:
In file included from /Users/gjonesblackcyton/Documents/src/klausscpu-runtime/zephyr-ws/zephyr/include/zephyr/kernel.h:17:
In file included from /Users/gjonesblackcyton/Documents/src/klausscpu-runtime/zephyr-ws/zephyr/include/zephyr/kernel_includes.h:23:
In file included from /Users/gjonesblackcyton/Documents/src/klausscpu-runtime/zephyr-ws/zephyr/include/zephyr/toolchain.h:48:
/Users/gjonesblackcyton/Documents/src/klausscpu-runtime/zephyr-ws/zephyr/include/zephyr/toolchain/llvm.h:127:9: warning: '__INTMAX_C' macro redefined [-Wmacro-redefined]
  127 | #define __INTMAX_C(x)   int_c(x, __INTMAX_C_SUFFIX__)
      |         ^
<built-in>:98:9: note: previous definition is here
   98 | #define __INTMAX_C(c) c##L
      |         ^
In file included from /Users/gjonesblackcyton/Documents/src/klausscpu-runtime/zephyr-ws/zephyr/subsys/net/lib/sockets/sockets_select.c:7:
In file included from /Users/gjonesblackcyton/Documents/src/klausscpu-runtime/zephyr-ws/zephyr/include/zephyr/kernel.h:17:
In file included from /Users/gjonesblackcyton/Documents/src/klausscpu-runtime/zephyr-ws/zephyr/include/zephyr/kernel_includes.h:23:
In file included from /Users/gjonesblackcyton/Documents/src/klausscpu-runtime/zephyr-ws/zephyr/include/zephyr/toolchain.h:48:
/Users/gjonesblackcyton/Documents/src/klausscpu-runtime/zephyr-ws/zephyr/include/zephyr/toolchain/llvm.h:128:9: warning: '__UINTMAX_C' macro redefined [-Wmacro-redefined]
  128 | #define __UINTMAX_C(x)  int_c(x, __UINTMAX_C_SUFFIX__)
      |         ^
<built-in>:105:9: note: previous definition is here
  105 | #define __UINTMAX_C(c) c##UL
      |         ^
6 warnings generated.
[69/346] Building C object zephyr/subsys/net/CMakeFiles/subsys__net.dir/buf_simple.c.obj
In file included from /Users/gjonesblackcyton/Documents/src/klausscpu-runtime/zephyr-ws/zephyr/subsys/net/buf_simple.c:9:
In file included from /Users/gjonesblackcyton/Documents/src/klausscpu-runtime/zephyr-ws/zephyr/include/zephyr/logging/log.h:10:
In file included from /Users/gjonesblackcyton/Documents/src/klausscpu-runtime/zephyr-ws/zephyr/include/zephyr/logging/log_instance.h:10:
In file included from /Users/gjonesblackcyton/Documents/src/klausscpu-runtime/zephyr-ws/zephyr/include/zephyr/sys/iterable_sections.h:10:
In file included from /Users/gjonesblackcyton/Documents/src/klausscpu-runtime/zephyr-ws/zephyr/include/zephyr/sys/__assert.h:11:
In file included from /Users/gjonesblackcyton/Documents/src/klausscpu-runtime/zephyr-ws/zephyr/include/zephyr/toolchain.h:48:
/Users/gjonesblackcyton/Documents/src/klausscpu-runtime/zephyr-ws/zephyr/include/zephyr/toolchain/llvm.h:102:9: warning: '__INT16_C' macro redefined [-Wmacro-redefined]
  102 | #define __INT16_C(x)    int_c(x, __int_least16_c_suffix__)
      |         ^
<built-in>:184:9: note: previous definition is here
  184 | #define __INT16_C(c) c
      |         ^
In file included from /Users/gjonesblackcyton/Documents/src/klausscpu-runtime/zephyr-ws/zephyr/subsys/net/buf_simple.c:9:
In file included from /Users/gjonesblackcyton/Documents/src/klausscpu-runtime/zephyr-ws/zephyr/include/zephyr/logging/log.h:10:
In file included from /Users/gjonesblackcyton/Documents/src/klausscpu-runtime/zephyr-ws/zephyr/include/zephyr/logging/log_instance.h:10:
In file included from /Users/gjonesblackcyton/Documents/src/klausscpu-runtime/zephyr-ws/zephyr/include/zephyr/sys/iterable_sections.h:10:
In file included from /Users/gjonesblackcyton/Documents/src/klausscpu-runtime/zephyr-ws/zephyr/include/zephyr/sys/__assert.h:11:
In file included from /Users/gjonesblackcyton/Documents/src/klausscpu-runtime/zephyr-ws/zephyr/include/zephyr/toolchain.h:48:
/Users/gjonesblackcyton/Documents/src/klausscpu-runtime/zephyr-ws/zephyr/include/zephyr/toolchain/llvm.h:103:9: warning: '__UINT16_C' macro redefined [-Wmacro-redefined]
  103 | #define __UINT16_C(x)   uint_c(x, __int_least16_c_suffix__)
      |         ^
<built-in>:210:9: note: previous definition is here
  210 | #define __UINT16_C(c) c
      |         ^
In file included from /Users/gjonesblackcyton/Documents/src/klausscpu-runtime/zephyr-ws/zephyr/subsys/net/buf_simple.c:9:
In file included from /Users/gjonesblackcyton/Documents/src/klausscpu-runtime/zephyr-ws/zephyr/include/zephyr/logging/log.h:10:
In file included from /Users/gjonesblackcyton/Documents/src/klausscpu-runtime/zephyr-ws/zephyr/include/zephyr/logging/log_instance.h:10:
In file included from /Users/gjonesblackcyton/Documents/src/klausscpu-runtime/zephyr-ws/zephyr/include/zephyr/sys/iterable_sections.h:10:
In file included from /Users/gjonesblackcyton/Documents/src/klausscpu-runtime/zephyr-ws/zephyr/include/zephyr/sys/__assert.h:11:
In file included from /Users/gjonesblackcyton/Documents/src/klausscpu-runtime/zephyr-ws/zephyr/include/zephyr/toolchain.h:48:
/Users/gjonesblackcyton/Documents/src/klausscpu-runtime/zephyr-ws/zephyr/include/zephyr/toolchain/llvm.h:119:9: warning: '__INT8_C' macro redefined [-Wmacro-redefined]
  119 | #define __INT8_C(x)     int_c(x, __int_least8_c_suffix__)
      |         ^
<built-in>:179:9: note: previous definition is here
  179 | #define __INT8_C(c) c
      |         ^
In file included from /Users/gjonesblackcyton/Documents/src/klausscpu-runtime/zephyr-ws/zephyr/subsys/net/buf_simple.c:9:
In file included from /Users/gjonesblackcyton/Documents/src/klausscpu-runtime/zephyr-ws/zephyr/include/zephyr/logging/log.h:10:
In file included from /Users/gjonesblackcyton/Documents/src/klausscpu-runtime/zephyr-ws/zephyr/include/zephyr/logging/log_instance.h:10:
In file included from /Users/gjonesblackcyton/Documents/src/klausscpu-runtime/zephyr-ws/zephyr/include/zephyr/sys/iterable_sections.h:10:
In file included from /Users/gjonesblackcyton/Documents/src/klausscpu-runtime/zephyr-ws/zephyr/include/zephyr/sys/__assert.h:11:
In file included from /Users/gjonesblackcyton/Documents/src/klausscpu-runtime/zephyr-ws/zephyr/include/zephyr/toolchain.h:48:
/Users/gjonesblackcyton/Documents/src/klausscpu-runtime/zephyr-ws/zephyr/include/zephyr/toolchain/llvm.h:120:9: warning: '__UINT8_C' macro redefined [-Wmacro-redefined]
  120 | #define __UINT8_C(x)    uint_c(x, __int_least8_c_suffix__)
      |         ^
<built-in>:201:9: note: previous definition is here
  201 | #define __UINT8_C(c) c
      |         ^
In file included from /Users/gjonesblackcyton/Documents/src/klausscpu-runtime/zephyr-ws/zephyr/subsys/net/buf_simple.c:9:
In file included from /Users/gjonesblackcyton/Documents/src/klausscpu-runtime/zephyr-ws/zephyr/include/zephyr/logging/log.h:10:
In file included from /Users/gjonesblackcyton/Documents/src/klausscpu-runtime/zephyr-ws/zephyr/include/zephyr/logging/log_instance.h:10:
In file included from /Users/gjonesblackcyton/Documents/src/klausscpu-runtime/zephyr-ws/zephyr/include/zephyr/sys/iterable_sections.h:10:
In file included from /Users/gjonesblackcyton/Documents/src/klausscpu-runtime/zephyr-ws/zephyr/include/zephyr/sys/__assert.h:11:
In file included from /Users/gjonesblackcyton/Documents/src/klausscpu-runtime/zephyr-ws/zephyr/include/zephyr/toolchain.h:48:
/Users/gjonesblackcyton/Documents/src/klausscpu-runtime/zephyr-ws/zephyr/include/zephyr/toolchain/llvm.h:127:9: warning: '__INTMAX_C' macro redefined [-Wmacro-redefined]
  127 | #define __INTMAX_C(x)   int_c(x, __INTMAX_C_SUFFIX__)
      |         ^
<built-in>:98:9: note: previous definition is here
   98 | #define __INTMAX_C(c) c##L
      |         ^
In file included from /Users/gjonesblackcyton/Documents/src/klausscpu-runtime/zephyr-ws/zephyr/subsys/net/buf_simple.c:9:
In file included from /Users/gjonesblackcyton/Documents/src/klausscpu-runtime/zephyr-ws/zephyr/include/zephyr/logging/log.h:10:
In file included from /Users/gjonesblackcyton/Documents/src/klausscpu-runtime/zephyr-ws/zephyr/include/zephyr/logging/log_instance.h:10:
In file included from /Users/gjonesblackcyton/Documents/src/klausscpu-runtime/zephyr-ws/zephyr/include/zephyr/sys/iterable_sections.h:10:
In file included from /Users/gjonesblackcyton/Documents/src/klausscpu-runtime/zephyr-ws/zephyr/include/zephyr/sys/__assert.h:11:
In file included from /Users/gjonesblackcyton/Documents/src/klausscpu-runtime/zephyr-ws/zephyr/include/zephyr/toolchain.h:48:
/Users/gjonesblackcyton/Documents/src/klausscpu-runtime/zephyr-ws/zephyr/include/zephyr/toolchain/llvm.h:128:9: warning: '__UINTMAX_C' macro redefined [-Wmacro-redefined]
  128 | #define __UINTMAX_C(x)  int_c(x, __UINTMAX_C_SUFFIX__)
      |         ^
<built-in>:105:9: note: previous definition is here
  105 | #define __UINTMAX_C(c) c##UL
      |         ^
6 warnings generated.
[70/346] Building C object zephyr/subsys/net/ip/CMakeFiles/subsys__net__ip.dir/net_timeout.c.obj
[71/346] Building C object zephyr/subsys/net/l2/ethernet/CMakeFiles/subsys__net__l2__ethernet.dir/ethernet.c.obj
In file included from /Users/gjonesblackcyton/Documents/src/klausscpu-runtime/zephyr-ws/zephyr/subsys/net/l2/ethernet/ethernet.c:7:
In file included from /Users/gjonesblackcyton/Documents/src/klausscpu-runtime/zephyr-ws/zephyr/include/zephyr/logging/log.h:10:
In file included from /Users/gjonesblackcyton/Documents/src/klausscpu-runtime/zephyr-ws/zephyr/include/zephyr/logging/log_instance.h:10:
In file included from /Users/gjonesblackcyton/Documents/src/klausscpu-runtime/zephyr-ws/zephyr/include/zephyr/sys/iterable_sections.h:10:
In file included from /Users/gjonesblackcyton/Documents/src/klausscpu-runtime/zephyr-ws/zephyr/include/zephyr/sys/__assert.h:11:
In file included from /Users/gjonesblackcyton/Documents/src/klausscpu-runtime/zephyr-ws/zephyr/include/zephyr/toolchain.h:48:
/Users/gjonesblackcyton/Documents/src/klausscpu-runtime/zephyr-ws/zephyr/include/zephyr/toolchain/llvm.h:102:9: warning: '__INT16_C' macro redefined [-Wmacro-redefined]
  102 | #define __INT16_C(x)    int_c(x, __int_least16_c_suffix__)
      |         ^
<built-in>:184:9: note: previous definition is here
  184 | #define __INT16_C(c) c
      |         ^
In file included from /Users/gjonesblackcyton/Documents/src/klausscpu-runtime/zephyr-ws/zephyr/subsys/net/l2/ethernet/ethernet.c:7:
In file included from /Users/gjonesblackcyton/Documents/src/klausscpu-runtime/zephyr-ws/zephyr/include/zephyr/logging/log.h:10:
In file included from /Users/gjonesblackcyton/Documents/src/klausscpu-runtime/zephyr-ws/zephyr/include/zephyr/logging/log_instance.h:10:
In file included from /Users/gjonesblackcyton/Documents/src/klausscpu-runtime/zephyr-ws/zephyr/include/zephyr/sys/iterable_sections.h:10:
In file included from /Users/gjonesblackcyton/Documents/src/klausscpu-runtime/zephyr-ws/zephyr/include/zephyr/sys/__assert.h:11:
In file included from /Users/gjonesblackcyton/Documents/src/klausscpu-runtime/zephyr-ws/zephyr/include/zephyr/toolchain.h:48:
/Users/gjonesblackcyton/Documents/src/klausscpu-runtime/zephyr-ws/zephyr/include/zephyr/toolchain/llvm.h:103:9: warning: '__UINT16_C' macro redefined [-Wmacro-redefined]
  103 | #define __UINT16_C(x)   uint_c(x, __int_least16_c_suffix__)
      |         ^
<built-in>:210:9: note: previous definition is here
  210 | #define __UINT16_C(c) c
      |         ^
In file included from /Users/gjonesblackcyton/Documents/src/klausscpu-runtime/zephyr-ws/zephyr/subsys/net/l2/ethernet/ethernet.c:7:
In file included from /Users/gjonesblackcyton/Documents/src/klausscpu-runtime/zephyr-ws/zephyr/include/zephyr/logging/log.h:10:
In file included from /Users/gjonesblackcyton/Documents/src/klausscpu-runtime/zephyr-ws/zephyr/include/zephyr/logging/log_instance.h:10:
In file included from /Users/gjonesblackcyton/Documents/src/klausscpu-runtime/zephyr-ws/zephyr/include/zephyr/sys/iterable_sections.h:10:
In file included from /Users/gjonesblackcyton/Documents/src/klausscpu-runtime/zephyr-ws/zephyr/include/zephyr/sys/__assert.h:11:
In file included from /Users/gjonesblackcyton/Documents/src/klausscpu-runtime/zephyr-ws/zephyr/include/zephyr/toolchain.h:48:
/Users/gjonesblackcyton/Documents/src/klausscpu-runtime/zephyr-ws/zephyr/include/zephyr/toolchain/llvm.h:119:9: warning: '__INT8_C' macro redefined [-Wmacro-redefined]
  119 | #define __INT8_C(x)     int_c(x, __int_least8_c_suffix__)
      |         ^
<built-in>:179:9: note: previous definition is here
  179 | #define __INT8_C(c) c
      |         ^
In file included from /Users/gjonesblackcyton/Documents/src/klausscpu-runtime/zephyr-ws/zephyr/subsys/net/l2/ethernet/ethernet.c:7:
In file included from /Users/gjonesblackcyton/Documents/src/klausscpu-runtime/zephyr-ws/zephyr/include/zephyr/logging/log.h:10:
In file included from /Users/gjonesblackcyton/Documents/src/klausscpu-runtime/zephyr-ws/zephyr/include/zephyr/logging/log_instance.h:10:
In file included from /Users/gjonesblackcyton/Documents/src/klausscpu-runtime/zephyr-ws/zephyr/include/zephyr/sys/iterable_sections.h:10:
In file included from /Users/gjonesblackcyton/Documents/src/klausscpu-runtime/zephyr-ws/zephyr/include/zephyr/sys/__assert.h:11:
In file included from /Users/gjonesblackcyton/Documents/src/klausscpu-runtime/zephyr-ws/zephyr/include/zephyr/toolchain.h:48:
/Users/gjonesblackcyton/Documents/src/klausscpu-runtime/zephyr-ws/zephyr/include/zephyr/toolchain/llvm.h:120:9: warning: '__UINT8_C' macro redefined [-Wmacro-redefined]
  120 | #define __UINT8_C(x)    uint_c(x, __int_least8_c_suffix__)
      |         ^
<built-in>:201:9: note: previous definition is here
  201 | #define __UINT8_C(c) c
      |         ^
In file included from /Users/gjonesblackcyton/Documents/src/klausscpu-runtime/zephyr-ws/zephyr/subsys/net/l2/ethernet/ethernet.c:7:
In file included from /Users/gjonesblackcyton/Documents/src/klausscpu-runtime/zephyr-ws/zephyr/include/zephyr/logging/log.h:10:
In file included from /Users/gjonesblackcyton/Documents/src/klausscpu-runtime/zephyr-ws/zephyr/include/zephyr/logging/log_instance.h:10:
In file included from /Users/gjonesblackcyton/Documents/src/klausscpu-runtime/zephyr-ws/zephyr/include/zephyr/sys/iterable_sections.h:10:
In file included from /Users/gjonesblackcyton/Documents/src/klausscpu-runtime/zephyr-ws/zephyr/include/zephyr/sys/__assert.h:11:
In file included from /Users/gjonesblackcyton/Documents/src/klausscpu-runtime/zephyr-ws/zephyr/include/zephyr/toolchain.h:48:
/Users/gjonesblackcyton/Documents/src/klausscpu-runtime/zephyr-ws/zephyr/include/zephyr/toolchain/llvm.h:127:9: warning: '__INTMAX_C' macro redefined [-Wmacro-redefined]
  127 | #define __INTMAX_C(x)   int_c(x, __INTMAX_C_SUFFIX__)
      |         ^
<built-in>:98:9: note: previous definition is here
   98 | #define __INTMAX_C(c) c##L
      |         ^
In file included from /Users/gjonesblackcyton/Documents/src/klausscpu-runtime/zephyr-ws/zephyr/subsys/net/l2/ethernet/ethernet.c:7:
In file included from /Users/gjonesblackcyton/Documents/src/klausscpu-runtime/zephyr-ws/zephyr/include/zephyr/logging/log.h:10:
In file included from /Users/gjonesblackcyton/Documents/src/klausscpu-runtime/zephyr-ws/zephyr/include/zephyr/logging/log_instance.h:10:
In file included from /Users/gjonesblackcyton/Documents/src/klausscpu-runtime/zephyr-ws/zephyr/include/zephyr/sys/iterable_sections.h:10:
In file included from /Users/gjonesblackcyton/Documents/src/klausscpu-runtime/zephyr-ws/zephyr/include/zephyr/sys/__assert.h:11:
In file included from /Users/gjonesblackcyton/Documents/src/klausscpu-runtime/zephyr-ws/zephyr/include/zephyr/toolchain.h:48:
/Users/gjonesblackcyton/Documents/src/klausscpu-runtime/zephyr-ws/zephyr/include/zephyr/toolchain/llvm.h:128:9: warning: '__UINTMAX_C' macro redefined [-Wmacro-redefined]
  128 | #define __UINTMAX_C(x)  int_c(x, __UINTMAX_C_SUFFIX__)
      |         ^
<built-in>:105:9: note: previous definition is here
  105 | #define __UINTMAX_C(c) c##UL
      |         ^
6 warnings generated.
[72/346] Building C object zephyr/subsys/net/ip/CMakeFiles/subsys__net__ip.dir/net_core.c.obj
In file included from /Users/gjonesblackcyton/Documents/src/klausscpu-runtime/zephyr-ws/zephyr/subsys/net/ip/net_core.c:14:
In file included from /Users/gjonesblackcyton/Documents/src/klausscpu-runtime/zephyr-ws/zephyr/include/zephyr/logging/log.h:10:
In file included from /Users/gjonesblackcyton/Documents/src/klausscpu-runtime/zephyr-ws/zephyr/include/zephyr/logging/log_instance.h:10:
In file included from /Users/gjonesblackcyton/Documents/src/klausscpu-runtime/zephyr-ws/zephyr/include/zephyr/sys/iterable_sections.h:10:
In file included from /Users/gjonesblackcyton/Documents/src/klausscpu-runtime/zephyr-ws/zephyr/include/zephyr/sys/__assert.h:11:
In file included from /Users/gjonesblackcyton/Documents/src/klausscpu-runtime/zephyr-ws/zephyr/include/zephyr/toolchain.h:48:
/Users/gjonesblackcyton/Documents/src/klausscpu-runtime/zephyr-ws/zephyr/include/zephyr/toolchain/llvm.h:102:9: warning: '__INT16_C' macro redefined [-Wmacro-redefined]
  102 | #define __INT16_C(x)    int_c(x, __int_least16_c_suffix__)
      |         ^
<built-in>:184:9: note: previous definition is here
  184 | #define __INT16_C(c) c
      |         ^
In file included from /Users/gjonesblackcyton/Documents/src/klausscpu-runtime/zephyr-ws/zephyr/subsys/net/ip/net_core.c:14:
In file included from /Users/gjonesblackcyton/Documents/src/klausscpu-runtime/zephyr-ws/zephyr/include/zephyr/logging/log.h:10:
In file included from /Users/gjonesblackcyton/Documents/src/klausscpu-runtime/zephyr-ws/zephyr/include/zephyr/logging/log_instance.h:10:
In file included from /Users/gjonesblackcyton/Documents/src/klausscpu-runtime/zephyr-ws/zephyr/include/zephyr/sys/iterable_sections.h:10:
In file included from /Users/gjonesblackcyton/Documents/src/klausscpu-runtime/zephyr-ws/zephyr/include/zephyr/sys/__assert.h:11:
In file included from /Users/gjonesblackcyton/Documents/src/klausscpu-runtime/zephyr-ws/zephyr/include/zephyr/toolchain.h:48:
/Users/gjonesblackcyton/Documents/src/klausscpu-runtime/zephyr-ws/zephyr/include/zephyr/toolchain/llvm.h:103:9: warning: '__UINT16_C' macro redefined [-Wmacro-redefined]
  103 | #define __UINT16_C(x)   uint_c(x, __int_least16_c_suffix__)
      |         ^
<built-in>:210:9: note: previous definition is here
  210 | #define __UINT16_C(c) c
      |         ^
In file included from /Users/gjonesblackcyton/Documents/src/klausscpu-runtime/zephyr-ws/zephyr/subsys/net/ip/net_core.c:14:
In file included from /Users/gjonesblackcyton/Documents/src/klausscpu-runtime/zephyr-ws/zephyr/include/zephyr/logging/log.h:10:
In file included from /Users/gjonesblackcyton/Documents/src/klausscpu-runtime/zephyr-ws/zephyr/include/zephyr/logging/log_instance.h:10:
In file included from /Users/gjonesblackcyton/Documents/src/klausscpu-runtime/zephyr-ws/zephyr/include/zephyr/sys/iterable_sections.h:10:
In file included from /Users/gjonesblackcyton/Documents/src/klausscpu-runtime/zephyr-ws/zephyr/include/zephyr/sys/__assert.h:11:
In file included from /Users/gjonesblackcyton/Documents/src/klausscpu-runtime/zephyr-ws/zephyr/include/zephyr/toolchain.h:48:
/Users/gjonesblackcyton/Documents/src/klausscpu-runtime/zephyr-ws/zephyr/include/zephyr/toolchain/llvm.h:119:9: warning: '__INT8_C' macro redefined [-Wmacro-redefined]
  119 | #define __INT8_C(x)     int_c(x, __int_least8_c_suffix__)
      |         ^
<built-in>:179:9: note: previous definition is here
  179 | #define __INT8_C(c) c
      |         ^
In file included from /Users/gjonesblackcyton/Documents/src/klausscpu-runtime/zephyr-ws/zephyr/subsys/net/ip/net_core.c:14:
In file included from /Users/gjonesblackcyton/Documents/src/klausscpu-runtime/zephyr-ws/zephyr/include/zephyr/logging/log.h:10:
In file included from /Users/gjonesblackcyton/Documents/src/klausscpu-runtime/zephyr-ws/zephyr/include/zephyr/logging/log_instance.h:10:
In file included from /Users/gjonesblackcyton/Documents/src/klausscpu-runtime/zephyr-ws/zephyr/include/zephyr/sys/iterable_sections.h:10:
In file included from /Users/gjonesblackcyton/Documents/src/klausscpu-runtime/zephyr-ws/zephyr/include/zephyr/sys/__assert.h:11:
In file included from /Users/gjonesblackcyton/Documents/src/klausscpu-runtime/zephyr-ws/zephyr/include/zephyr/toolchain.h:48:
/Users/gjonesblackcyton/Documents/src/klausscpu-runtime/zephyr-ws/zephyr/include/zephyr/toolchain/llvm.h:120:9: warning: '__UINT8_C' macro redefined [-Wmacro-redefined]
  120 | #define __UINT8_C(x)    uint_c(x, __int_least8_c_suffix__)
      |         ^
<built-in>:201:9: note: previous definition is here
  201 | #define __UINT8_C(c) c
      |         ^
In file included from /Users/gjonesblackcyton/Documents/src/klausscpu-runtime/zephyr-ws/zephyr/subsys/net/ip/net_core.c:14:
In file included from /Users/gjonesblackcyton/Documents/src/klausscpu-runtime/zephyr-ws/zephyr/include/zephyr/logging/log.h:10:
In file included from /Users/gjonesblackcyton/Documents/src/klausscpu-runtime/zephyr-ws/zephyr/include/zephyr/logging/log_instance.h:10:
In file included from /Users/gjonesblackcyton/Documents/src/klausscpu-runtime/zephyr-ws/zephyr/include/zephyr/sys/iterable_sections.h:10:
In file included from /Users/gjonesblackcyton/Documents/src/klausscpu-runtime/zephyr-ws/zephyr/include/zephyr/sys/__assert.h:11:
In file included from /Users/gjonesblackcyton/Documents/src/klausscpu-runtime/zephyr-ws/zephyr/include/zephyr/toolchain.h:48:
/Users/gjonesblackcyton/Documents/src/klausscpu-runtime/zephyr-ws/zephyr/include/zephyr/toolchain/llvm.h:127:9: warning: '__INTMAX_C' macro redefined [-Wmacro-redefined]
  127 | #define __INTMAX_C(x)   int_c(x, __INTMAX_C_SUFFIX__)
      |         ^
<built-in>:98:9: note: previous definition is here
   98 | #define __INTMAX_C(c) c##L
      |         ^
In file included from /Users/gjonesblackcyton/Documents/src/klausscpu-runtime/zephyr-ws/zephyr/subsys/net/ip/net_core.c:14:
In file included from /Users/gjonesblackcyton/Documents/src/klausscpu-runtime/zephyr-ws/zephyr/include/zephyr/logging/log.h:10:
In file included from /Users/gjonesblackcyton/Documents/src/klausscpu-runtime/zephyr-ws/zephyr/include/zephyr/logging/log_instance.h:10:
In file included from /Users/gjonesblackcyton/Documents/src/klausscpu-runtime/zephyr-ws/zephyr/include/zephyr/sys/iterable_sections.h:10:
In file included from /Users/gjonesblackcyton/Documents/src/klausscpu-runtime/zephyr-ws/zephyr/include/zephyr/sys/__assert.h:11:
In file included from /Users/gjonesblackcyton/Documents/src/klausscpu-runtime/zephyr-ws/zephyr/include/zephyr/toolchain.h:48:
/Users/gjonesblackcyton/Documents/src/klausscpu-runtime/zephyr-ws/zephyr/include/zephyr/toolchain/llvm.h:128:9: warning: '__UINTMAX_C' macro redefined [-Wmacro-redefined]
  128 | #define __UINTMAX_C(x)  int_c(x, __UINTMAX_C_SUFFIX__)
      |         ^
<built-in>:105:9: note: previous definition is here
  105 | #define __UINTMAX_C(c) c##UL
      |         ^
6 warnings generated.
[73/346] Building C object zephyr/subsys/net/l2/ethernet/CMakeFiles/subsys__net__l2__ethernet.dir/arp.c.obj
In file included from /Users/gjonesblackcyton/Documents/src/klausscpu-runtime/zephyr-ws/zephyr/subsys/net/l2/ethernet/arp.c:11:
In file included from /Users/gjonesblackcyton/Documents/src/klausscpu-runtime/zephyr-ws/zephyr/include/zephyr/logging/log.h:10:
In file included from /Users/gjonesblackcyton/Documents/src/klausscpu-runtime/zephyr-ws/zephyr/include/zephyr/logging/log_instance.h:10:
In file included from /Users/gjonesblackcyton/Documents/src/klausscpu-runtime/zephyr-ws/zephyr/include/zephyr/sys/iterable_sections.h:10:
In file included from /Users/gjonesblackcyton/Documents/src/klausscpu-runtime/zephyr-ws/zephyr/include/zephyr/sys/__assert.h:11:
In file included from /Users/gjonesblackcyton/Documents/src/klausscpu-runtime/zephyr-ws/zephyr/include/zephyr/toolchain.h:48:
/Users/gjonesblackcyton/Documents/src/klausscpu-runtime/zephyr-ws/zephyr/include/zephyr/toolchain/llvm.h:102:9: warning: '__INT16_C' macro redefined [-Wmacro-redefined]
  102 | #define __INT16_C(x)    int_c(x, __int_least16_c_suffix__)
      |         ^
<built-in>:184:9: note: previous definition is here
  184 | #define __INT16_C(c) c
      |         ^
In file included from /Users/gjonesblackcyton/Documents/src/klausscpu-runtime/zephyr-ws/zephyr/subsys/net/l2/ethernet/arp.c:11:
In file included from /Users/gjonesblackcyton/Documents/src/klausscpu-runtime/zephyr-ws/zephyr/include/zephyr/logging/log.h:10:
In file included from /Users/gjonesblackcyton/Documents/src/klausscpu-runtime/zephyr-ws/zephyr/include/zephyr/logging/log_instance.h:10:
In file included from /Users/gjonesblackcyton/Documents/src/klausscpu-runtime/zephyr-ws/zephyr/include/zephyr/sys/iterable_sections.h:10:
In file included from /Users/gjonesblackcyton/Documents/src/klausscpu-runtime/zephyr-ws/zephyr/include/zephyr/sys/__assert.h:11:
In file included from /Users/gjonesblackcyton/Documents/src/klausscpu-runtime/zephyr-ws/zephyr/include/zephyr/toolchain.h:48:
/Users/gjonesblackcyton/Documents/src/klausscpu-runtime/zephyr-ws/zephyr/include/zephyr/toolchain/llvm.h:103:9: warning: '__UINT16_C' macro redefined [-Wmacro-redefined]
  103 | #define __UINT16_C(x)   uint_c(x, __int_least16_c_suffix__)
      |         ^
<built-in>:210:9: note: previous definition is here
  210 | #define __UINT16_C(c) c
      |         ^
In file included from /Users/gjonesblackcyton/Documents/src/klausscpu-runtime/zephyr-ws/zephyr/subsys/net/l2/ethernet/arp.c:11:
In file included from /Users/gjonesblackcyton/Documents/src/klausscpu-runtime/zephyr-ws/zephyr/include/zephyr/logging/log.h:10:
In file included from /Users/gjonesblackcyton/Documents/src/klausscpu-runtime/zephyr-ws/zephyr/include/zephyr/logging/log_instance.h:10:
In file included from /Users/gjonesblackcyton/Documents/src/klausscpu-runtime/zephyr-ws/zephyr/include/zephyr/sys/iterable_sections.h:10:
In file included from /Users/gjonesblackcyton/Documents/src/klausscpu-runtime/zephyr-ws/zephyr/include/zephyr/sys/__assert.h:11:
In file included from /Users/gjonesblackcyton/Documents/src/klausscpu-runtime/zephyr-ws/zephyr/include/zephyr/toolchain.h:48:
/Users/gjonesblackcyton/Documents/src/klausscpu-runtime/zephyr-ws/zephyr/include/zephyr/toolchain/llvm.h:119:9: warning: '__INT8_C' macro redefined [-Wmacro-redefined]
  119 | #define __INT8_C(x)     int_c(x, __int_least8_c_suffix__)
      |         ^
<built-in>:179:9: note: previous definition is here
  179 | #define __INT8_C(c) c
      |         ^
In file included from /Users/gjonesblackcyton/Documents/src/klausscpu-runtime/zephyr-ws/zephyr/subsys/net/l2/ethernet/arp.c:11:
In file included from /Users/gjonesblackcyton/Documents/src/klausscpu-runtime/zephyr-ws/zephyr/include/zephyr/logging/log.h:10:
In file included from /Users/gjonesblackcyton/Documents/src/klausscpu-runtime/zephyr-ws/zephyr/include/zephyr/logging/log_instance.h:10:
In file included from /Users/gjonesblackcyton/Documents/src/klausscpu-runtime/zephyr-ws/zephyr/include/zephyr/sys/iterable_sections.h:10:
In file included from /Users/gjonesblackcyton/Documents/src/klausscpu-runtime/zephyr-ws/zephyr/include/zephyr/sys/__assert.h:11:
In file included from /Users/gjonesblackcyton/Documents/src/klausscpu-runtime/zephyr-ws/zephyr/include/zephyr/toolchain.h:48:
/Users/gjonesblackcyton/Documents/src/klausscpu-runtime/zephyr-ws/zephyr/include/zephyr/toolchain/llvm.h:120:9: warning: '__UINT8_C' macro redefined [-Wmacro-redefined]
  120 | #define __UINT8_C(x)    uint_c(x, __int_least8_c_suffix__)
      |         ^
<built-in>:201:9: note: previous definition is here
  201 | #define __UINT8_C(c) c
      |         ^
In file included from /Users/gjonesblackcyton/Documents/src/klausscpu-runtime/zephyr-ws/zephyr/subsys/net/l2/ethernet/arp.c:11:
In file included from /Users/gjonesblackcyton/Documents/src/klausscpu-runtime/zephyr-ws/zephyr/include/zephyr/logging/log.h:10:
In file included from /Users/gjonesblackcyton/Documents/src/klausscpu-runtime/zephyr-ws/zephyr/include/zephyr/logging/log_instance.h:10:
In file included from /Users/gjonesblackcyton/Documents/src/klausscpu-runtime/zephyr-ws/zephyr/include/zephyr/sys/iterable_sections.h:10:
In file included from /Users/gjonesblackcyton/Documents/src/klausscpu-runtime/zephyr-ws/zephyr/include/zephyr/sys/__assert.h:11:
In file included from /Users/gjonesblackcyton/Documents/src/klausscpu-runtime/zephyr-ws/zephyr/include/zephyr/toolchain.h:48:
/Users/gjonesblackcyton/Documents/src/klausscpu-runtime/zephyr-ws/zephyr/include/zephyr/toolchain/llvm.h:127:9: warning: '__INTMAX_C' macro redefined [-Wmacro-redefined]
  127 | #define __INTMAX_C(x)   int_c(x, __INTMAX_C_SUFFIX__)
      |         ^
<built-in>:98:9: note: previous definition is here
   98 | #define __INTMAX_C(c) c##L
      |         ^
In file included from /Users/gjonesblackcyton/Documents/src/klausscpu-runtime/zephyr-ws/zephyr/subsys/net/l2/ethernet/arp.c:11:
In file included from /Users/gjonesblackcyton/Documents/src/klausscpu-runtime/zephyr-ws/zephyr/include/zephyr/logging/log.h:10:
In file included from /Users/gjonesblackcyton/Documents/src/klausscpu-runtime/zephyr-ws/zephyr/include/zephyr/logging/log_instance.h:10:
In file included from /Users/gjonesblackcyton/Documents/src/klausscpu-runtime/zephyr-ws/zephyr/include/zephyr/sys/iterable_sections.h:10:
In file included from /Users/gjonesblackcyton/Documents/src/klausscpu-runtime/zephyr-ws/zephyr/include/zephyr/sys/__assert.h:11:
In file included from /Users/gjonesblackcyton/Documents/src/klausscpu-runtime/zephyr-ws/zephyr/include/zephyr/toolchain.h:48:
/Users/gjonesblackcyton/Documents/src/klausscpu-runtime/zephyr-ws/zephyr/include/zephyr/toolchain/llvm.h:128:9: warning: '__UINTMAX_C' macro redefined [-Wmacro-redefined]
  128 | #define __UINTMAX_C(x)  int_c(x, __UINTMAX_C_SUFFIX__)
      |         ^
<built-in>:105:9: note: previous definition is here
  105 | #define __UINTMAX_C(c) c##UL
      |         ^
6 warnings generated.
[74/346] Building C object zephyr/subsys/net/ip/CMakeFiles/subsys__net__ip.dir/net_mgmt.c.obj
In file included from /Users/gjonesblackcyton/Documents/src/klausscpu-runtime/zephyr-ws/zephyr/subsys/net/ip/net_mgmt.c:7:
In file included from /Users/gjonesblackcyton/Documents/src/klausscpu-runtime/zephyr-ws/zephyr/include/zephyr/logging/log.h:10:
In file included from /Users/gjonesblackcyton/Documents/src/klausscpu-runtime/zephyr-ws/zephyr/include/zephyr/logging/log_instance.h:10:
In file included from /Users/gjonesblackcyton/Documents/src/klausscpu-runtime/zephyr-ws/zephyr/include/zephyr/sys/iterable_sections.h:10:
In file included from /Users/gjonesblackcyton/Documents/src/klausscpu-runtime/zephyr-ws/zephyr/include/zephyr/sys/__assert.h:11:
In file included from /Users/gjonesblackcyton/Documents/src/klausscpu-runtime/zephyr-ws/zephyr/include/zephyr/toolchain.h:48:
/Users/gjonesblackcyton/Documents/src/klausscpu-runtime/zephyr-ws/zephyr/include/zephyr/toolchain/llvm.h:102:9: warning: '__INT16_C' macro redefined [-Wmacro-redefined]
  102 | #define __INT16_C(x)    int_c(x, __int_least16_c_suffix__)
      |         ^
<built-in>:184:9: note: previous definition is here
  184 | #define __INT16_C(c) c
      |         ^
In file included from /Users/gjonesblackcyton/Documents/src/klausscpu-runtime/zephyr-ws/zephyr/subsys/net/ip/net_mgmt.c:7:
In file included from /Users/gjonesblackcyton/Documents/src/klausscpu-runtime/zephyr-ws/zephyr/include/zephyr/logging/log.h:10:
In file included from /Users/gjonesblackcyton/Documents/src/klausscpu-runtime/zephyr-ws/zephyr/include/zephyr/logging/log_instance.h:10:
In file included from /Users/gjonesblackcyton/Documents/src/klausscpu-runtime/zephyr-ws/zephyr/include/zephyr/sys/iterable_sections.h:10:
In file included from /Users/gjonesblackcyton/Documents/src/klausscpu-runtime/zephyr-ws/zephyr/include/zephyr/sys/__assert.h:11:
In file included from /Users/gjonesblackcyton/Documents/src/klausscpu-runtime/zephyr-ws/zephyr/include/zephyr/toolchain.h:48:
/Users/gjonesblackcyton/Documents/src/klausscpu-runtime/zephyr-ws/zephyr/include/zephyr/toolchain/llvm.h:103:9: warning: '__UINT16_C' macro redefined [-Wmacro-redefined]
  103 | #define __UINT16_C(x)   uint_c(x, __int_least16_c_suffix__)
      |         ^
<built-in>:210:9: note: previous definition is here
  210 | #define __UINT16_C(c) c
      |         ^
In file included from /Users/gjonesblackcyton/Documents/src/klausscpu-runtime/zephyr-ws/zephyr/subsys/net/ip/net_mgmt.c:7:
In file included from /Users/gjonesblackcyton/Documents/src/klausscpu-runtime/zephyr-ws/zephyr/include/zephyr/logging/log.h:10:
In file included from /Users/gjonesblackcyton/Documents/src/klausscpu-runtime/zephyr-ws/zephyr/include/zephyr/logging/log_instance.h:10:
In file included from /Users/gjonesblackcyton/Documents/src/klausscpu-runtime/zephyr-ws/zephyr/include/zephyr/sys/iterable_sections.h:10:
In file included from /Users/gjonesblackcyton/Documents/src/klausscpu-runtime/zephyr-ws/zephyr/include/zephyr/sys/__assert.h:11:
In file included from /Users/gjonesblackcyton/Documents/src/klausscpu-runtime/zephyr-ws/zephyr/include/zephyr/toolchain.h:48:
/Users/gjonesblackcyton/Documents/src/klausscpu-runtime/zephyr-ws/zephyr/include/zephyr/toolchain/llvm.h:119:9: warning: '__INT8_C' macro redefined [-Wmacro-redefined]
  119 | #define __INT8_C(x)     int_c(x, __int_least8_c_suffix__)
      |         ^
<built-in>:179:9: note: previous definition is here
  179 | #define __INT8_C(c) c
      |         ^
In file included from /Users/gjonesblackcyton/Documents/src/klausscpu-runtime/zephyr-ws/zephyr/subsys/net/ip/net_mgmt.c:7:
In file included from /Users/gjonesblackcyton/Documents/src/klausscpu-runtime/zephyr-ws/zephyr/include/zephyr/logging/log.h:10:
In file included from /Users/gjonesblackcyton/Documents/src/klausscpu-runtime/zephyr-ws/zephyr/include/zephyr/logging/log_instance.h:10:
In file included from /Users/gjonesblackcyton/Documents/src/klausscpu-runtime/zephyr-ws/zephyr/include/zephyr/sys/iterable_sections.h:10:
In file included from /Users/gjonesblackcyton/Documents/src/klausscpu-runtime/zephyr-ws/zephyr/include/zephyr/sys/__assert.h:11:
In file included from /Users/gjonesblackcyton/Documents/src/klausscpu-runtime/zephyr-ws/zephyr/include/zephyr/toolchain.h:48:
/Users/gjonesblackcyton/Documents/src/klausscpu-runtime/zephyr-ws/zephyr/include/zephyr/toolchain/llvm.h:120:9: warning: '__UINT8_C' macro redefined [-Wmacro-redefined]
  120 | #define __UINT8_C(x)    uint_c(x, __int_least8_c_suffix__)
      |         ^
<built-in>:201:9: note: previous definition is here
  201 | #define __UINT8_C(c) c
      |         ^
In file included from /Users/gjonesblackcyton/Documents/src/klausscpu-runtime/zephyr-ws/zephyr/subsys/net/ip/net_mgmt.c:7:
In file included from /Users/gjonesblackcyton/Documents/src/klausscpu-runtime/zephyr-ws/zephyr/include/zephyr/logging/log.h:10:
In file included from /Users/gjonesblackcyton/Documents/src/klausscpu-runtime/zephyr-ws/zephyr/include/zephyr/logging/log_instance.h:10:
In file included from /Users/gjonesblackcyton/Documents/src/klausscpu-runtime/zephyr-ws/zephyr/include/zephyr/sys/iterable_sections.h:10:
In file included from /Users/gjonesblackcyton/Documents/src/klausscpu-runtime/zephyr-ws/zephyr/include/zephyr/sys/__assert.h:11:
In file included from /Users/gjonesblackcyton/Documents/src/klausscpu-runtime/zephyr-ws/zephyr/include/zephyr/toolchain.h:48:
/Users/gjonesblackcyton/Documents/src/klausscpu-runtime/zephyr-ws/zephyr/include/zephyr/toolchain/llvm.h:127:9: warning: '__INTMAX_C' macro redefined [-Wmacro-redefined]
  127 | #define __INTMAX_C(x)   int_c(x, __INTMAX_C_SUFFIX__)
      |         ^
<built-in>:98:9: note: previous definition is here
   98 | #define __INTMAX_C(c) c##L
      |         ^
In file included from /Users/gjonesblackcyton/Documents/src/klausscpu-runtime/zephyr-ws/zephyr/subsys/net/ip/net_mgmt.c:7:
In file included from /Users/gjonesblackcyton/Documents/src/klausscpu-runtime/zephyr-ws/zephyr/include/zephyr/logging/log.h:10:
In file included from /Users/gjonesblackcyton/Documents/src/klausscpu-runtime/zephyr-ws/zephyr/include/zephyr/logging/log_instance.h:10:
In file included from /Users/gjonesblackcyton/Documents/src/klausscpu-runtime/zephyr-ws/zephyr/include/zephyr/sys/iterable_sections.h:10:
In file included from /Users/gjonesblackcyton/Documents/src/klausscpu-runtime/zephyr-ws/zephyr/include/zephyr/sys/__assert.h:11:
In file included from /Users/gjonesblackcyton/Documents/src/klausscpu-runtime/zephyr-ws/zephyr/include/zephyr/toolchain.h:48:
/Users/gjonesblackcyton/Documents/src/klausscpu-runtime/zephyr-ws/zephyr/include/zephyr/toolchain/llvm.h:128:9: warning: '__UINTMAX_C' macro redefined [-Wmacro-redefined]
  128 | #define __UINTMAX_C(x)  int_c(x, __UINTMAX_C_SUFFIX__)
      |         ^
<built-in>:105:9: note: previous definition is here
  105 | #define __UINTMAX_C(c) c##UL
      |         ^
6 warnings generated.
[75/346] Building C object zephyr/subsys/net/ip/CMakeFiles/subsys__net__ip.dir/net_tc.c.obj
In file included from /Users/gjonesblackcyton/Documents/src/klausscpu-runtime/zephyr-ws/zephyr/subsys/net/ip/net_tc.c:7:
In file included from /Users/gjonesblackcyton/Documents/src/klausscpu-runtime/zephyr-ws/zephyr/include/zephyr/logging/log.h:10:
In file included from /Users/gjonesblackcyton/Documents/src/klausscpu-runtime/zephyr-ws/zephyr/include/zephyr/logging/log_instance.h:10:
In file included from /Users/gjonesblackcyton/Documents/src/klausscpu-runtime/zephyr-ws/zephyr/include/zephyr/sys/iterable_sections.h:10:
In file included from /Users/gjonesblackcyton/Documents/src/klausscpu-runtime/zephyr-ws/zephyr/include/zephyr/sys/__assert.h:11:
In file included from /Users/gjonesblackcyton/Documents/src/klausscpu-runtime/zephyr-ws/zephyr/include/zephyr/toolchain.h:48:
/Users/gjonesblackcyton/Documents/src/klausscpu-runtime/zephyr-ws/zephyr/include/zephyr/toolchain/llvm.h:102:9: warning: '__INT16_C' macro redefined [-Wmacro-redefined]
  102 | #define __INT16_C(x)    int_c(x, __int_least16_c_suffix__)
      |         ^
<built-in>:184:9: note: previous definition is here
  184 | #define __INT16_C(c) c
      |         ^
In file included from /Users/gjonesblackcyton/Documents/src/klausscpu-runtime/zephyr-ws/zephyr/subsys/net/ip/net_tc.c:7:
In file included from /Users/gjonesblackcyton/Documents/src/klausscpu-runtime/zephyr-ws/zephyr/include/zephyr/logging/log.h:10:
In file included from /Users/gjonesblackcyton/Documents/src/klausscpu-runtime/zephyr-ws/zephyr/include/zephyr/logging/log_instance.h:10:
In file included from /Users/gjonesblackcyton/Documents/src/klausscpu-runtime/zephyr-ws/zephyr/include/zephyr/sys/iterable_sections.h:10:
In file included from /Users/gjonesblackcyton/Documents/src/klausscpu-runtime/zephyr-ws/zephyr/include/zephyr/sys/__assert.h:11:
In file included from /Users/gjonesblackcyton/Documents/src/klausscpu-runtime/zephyr-ws/zephyr/include/zephyr/toolchain.h:48:
/Users/gjonesblackcyton/Documents/src/klausscpu-runtime/zephyr-ws/zephyr/include/zephyr/toolchain/llvm.h:103:9: warning: '__UINT16_C' macro redefined [-Wmacro-redefined]
  103 | #define __UINT16_C(x)   uint_c(x, __int_least16_c_suffix__)
      |         ^
<built-in>:210:9: note: previous definition is here
  210 | #define __UINT16_C(c) c
      |         ^
In file included from /Users/gjonesblackcyton/Documents/src/klausscpu-runtime/zephyr-ws/zephyr/subsys/net/ip/net_tc.c:7:
In file included from /Users/gjonesblackcyton/Documents/src/klausscpu-runtime/zephyr-ws/zephyr/include/zephyr/logging/log.h:10:
In file included from /Users/gjonesblackcyton/Documents/src/klausscpu-runtime/zephyr-ws/zephyr/include/zephyr/logging/log_instance.h:10:
In file included from /Users/gjonesblackcyton/Documents/src/klausscpu-runtime/zephyr-ws/zephyr/include/zephyr/sys/iterable_sections.h:10:
In file included from /Users/gjonesblackcyton/Documents/src/klausscpu-runtime/zephyr-ws/zephyr/include/zephyr/sys/__assert.h:11:
In file included from /Users/gjonesblackcyton/Documents/src/klausscpu-runtime/zephyr-ws/zephyr/include/zephyr/toolchain.h:48:
/Users/gjonesblackcyton/Documents/src/klausscpu-runtime/zephyr-ws/zephyr/include/zephyr/toolchain/llvm.h:119:9: warning: '__INT8_C' macro redefined [-Wmacro-redefined]
  119 | #define __INT8_C(x)     int_c(x, __int_least8_c_suffix__)
      |         ^
<built-in>:179:9: note: previous definition is here
  179 | #define __INT8_C(c) c
      |         ^
In file included from /Users/gjonesblackcyton/Documents/src/klausscpu-runtime/zephyr-ws/zephyr/subsys/net/ip/net_tc.c:7:
In file included from /Users/gjonesblackcyton/Documents/src/klausscpu-runtime/zephyr-ws/zephyr/include/zephyr/logging/log.h:10:
In file included from /Users/gjonesblackcyton/Documents/src/klausscpu-runtime/zephyr-ws/zephyr/include/zephyr/logging/log_instance.h:10:
In file included from /Users/gjonesblackcyton/Documents/src/klausscpu-runtime/zephyr-ws/zephyr/include/zephyr/sys/iterable_sections.h:10:
In file included from /Users/gjonesblackcyton/Documents/src/klausscpu-runtime/zephyr-ws/zephyr/include/zephyr/sys/__assert.h:11:
In file included from /Users/gjonesblackcyton/Documents/src/klausscpu-runtime/zephyr-ws/zephyr/include/zephyr/toolchain.h:48:
/Users/gjonesblackcyton/Documents/src/klausscpu-runtime/zephyr-ws/zephyr/include/zephyr/toolchain/llvm.h:120:9: warning: '__UINT8_C' macro redefined [-Wmacro-redefined]
  120 | #define __UINT8_C(x)    uint_c(x, __int_least8_c_suffix__)
      |         ^
<built-in>:201:9: note: previous definition is here
  201 | #define __UINT8_C(c) c
      |         ^
In file included from /Users/gjonesblackcyton/Documents/src/klausscpu-runtime/zephyr-ws/zephyr/subsys/net/ip/net_tc.c:7:
In file included from /Users/gjonesblackcyton/Documents/src/klausscpu-runtime/zephyr-ws/zephyr/include/zephyr/logging/log.h:10:
In file included from /Users/gjonesblackcyton/Documents/src/klausscpu-runtime/zephyr-ws/zephyr/include/zephyr/logging/log_instance.h:10:
In file included from /Users/gjonesblackcyton/Documents/src/klausscpu-runtime/zephyr-ws/zephyr/include/zephyr/sys/iterable_sections.h:10:
In file included from /Users/gjonesblackcyton/Documents/src/klausscpu-runtime/zephyr-ws/zephyr/include/zephyr/sys/__assert.h:11:
In file included from /Users/gjonesblackcyton/Documents/src/klausscpu-runtime/zephyr-ws/zephyr/include/zephyr/toolchain.h:48:
/Users/gjonesblackcyton/Documents/src/klausscpu-runtime/zephyr-ws/zephyr/include/zephyr/toolchain/llvm.h:127:9: warning: '__INTMAX_C' macro redefined [-Wmacro-redefined]
  127 | #define __INTMAX_C(x)   int_c(x, __INTMAX_C_SUFFIX__)
      |         ^
<built-in>:98:9: note: previous definition is here
   98 | #define __INTMAX_C(c) c##L
      |         ^
In file included from /Users/gjonesblackcyton/Documents/src/klausscpu-runtime/zephyr-ws/zephyr/subsys/net/ip/net_tc.c:7:
In file included from /Users/gjonesblackcyton/Documents/src/klausscpu-runtime/zephyr-ws/zephyr/include/zephyr/logging/log.h:10:
In file included from /Users/gjonesblackcyton/Documents/src/klausscpu-runtime/zephyr-ws/zephyr/include/zephyr/logging/log_instance.h:10:
In file included from /Users/gjonesblackcyton/Documents/src/klausscpu-runtime/zephyr-ws/zephyr/include/zephyr/sys/iterable_sections.h:10:
In file included from /Users/gjonesblackcyton/Documents/src/klausscpu-runtime/zephyr-ws/zephyr/include/zephyr/sys/__assert.h:11:
In file included from /Users/gjonesblackcyton/Documents/src/klausscpu-runtime/zephyr-ws/zephyr/include/zephyr/toolchain.h:48:
/Users/gjonesblackcyton/Documents/src/klausscpu-runtime/zephyr-ws/zephyr/include/zephyr/toolchain/llvm.h:128:9: warning: '__UINTMAX_C' macro redefined [-Wmacro-redefined]
  128 | #define __UINTMAX_C(x)  int_c(x, __UINTMAX_C_SUFFIX__)
      |         ^
<built-in>:105:9: note: previous definition is here
  105 | #define __UINTMAX_C(c) c##UL
      |         ^
6 warnings generated.
[76/346] Building C object zephyr/subsys/net/ip/CMakeFiles/subsys__net__ip.dir/utils.c.obj
In file included from /Users/gjonesblackcyton/Documents/src/klausscpu-runtime/zephyr-ws/zephyr/subsys/net/ip/utils.c:12:
In file included from /Users/gjonesblackcyton/Documents/src/klausscpu-runtime/zephyr-ws/zephyr/include/zephyr/logging/log.h:10:
In file included from /Users/gjonesblackcyton/Documents/src/klausscpu-runtime/zephyr-ws/zephyr/include/zephyr/logging/log_instance.h:10:
In file included from /Users/gjonesblackcyton/Documents/src/klausscpu-runtime/zephyr-ws/zephyr/include/zephyr/sys/iterable_sections.h:10:
In file included from /Users/gjonesblackcyton/Documents/src/klausscpu-runtime/zephyr-ws/zephyr/include/zephyr/sys/__assert.h:11:
In file included from /Users/gjonesblackcyton/Documents/src/klausscpu-runtime/zephyr-ws/zephyr/include/zephyr/toolchain.h:48:
/Users/gjonesblackcyton/Documents/src/klausscpu-runtime/zephyr-ws/zephyr/include/zephyr/toolchain/llvm.h:102:9: warning: '__INT16_C' macro redefined [-Wmacro-redefined]
  102 | #define __INT16_C(x)    int_c(x, __int_least16_c_suffix__)
      |         ^
<built-in>:184:9: note: previous definition is here
  184 | #define __INT16_C(c) c
      |         ^
In file included from /Users/gjonesblackcyton/Documents/src/klausscpu-runtime/zephyr-ws/zephyr/subsys/net/ip/utils.c:12:
In file included from /Users/gjonesblackcyton/Documents/src/klausscpu-runtime/zephyr-ws/zephyr/include/zephyr/logging/log.h:10:
In file included from /Users/gjonesblackcyton/Documents/src/klausscpu-runtime/zephyr-ws/zephyr/include/zephyr/logging/log_instance.h:10:
In file included from /Users/gjonesblackcyton/Documents/src/klausscpu-runtime/zephyr-ws/zephyr/include/zephyr/sys/iterable_sections.h:10:
In file included from /Users/gjonesblackcyton/Documents/src/klausscpu-runtime/zephyr-ws/zephyr/include/zephyr/sys/__assert.h:11:
In file included from /Users/gjonesblackcyton/Documents/src/klausscpu-runtime/zephyr-ws/zephyr/include/zephyr/toolchain.h:48:
/Users/gjonesblackcyton/Documents/src/klausscpu-runtime/zephyr-ws/zephyr/include/zephyr/toolchain/llvm.h:103:9: warning: '__UINT16_C' macro redefined [-Wmacro-redefined]
  103 | #define __UINT16_C(x)   uint_c(x, __int_least16_c_suffix__)
      |         ^
<built-in>:210:9: note: previous definition is here
  210 | #define __UINT16_C(c) c
      |         ^
In file included from /Users/gjonesblackcyton/Documents/src/klausscpu-runtime/zephyr-ws/zephyr/subsys/net/ip/utils.c:12:
In file included from /Users/gjonesblackcyton/Documents/src/klausscpu-runtime/zephyr-ws/zephyr/include/zephyr/logging/log.h:10:
In file included from /Users/gjonesblackcyton/Documents/src/klausscpu-runtime/zephyr-ws/zephyr/include/zephyr/logging/log_instance.h:10:
In file included from /Users/gjonesblackcyton/Documents/src/klausscpu-runtime/zephyr-ws/zephyr/include/zephyr/sys/iterable_sections.h:10:
In file included from /Users/gjonesblackcyton/Documents/src/klausscpu-runtime/zephyr-ws/zephyr/include/zephyr/sys/__assert.h:11:
In file included from /Users/gjonesblackcyton/Documents/src/klausscpu-runtime/zephyr-ws/zephyr/include/zephyr/toolchain.h:48:
/Users/gjonesblackcyton/Documents/src/klausscpu-runtime/zephyr-ws/zephyr/include/zephyr/toolchain/llvm.h:119:9: warning: '__INT8_C' macro redefined [-Wmacro-redefined]
  119 | #define __INT8_C(x)     int_c(x, __int_least8_c_suffix__)
      |         ^
<built-in>:179:9: note: previous definition is here
  179 | #define __INT8_C(c) c
      |         ^
In file included from /Users/gjonesblackcyton/Documents/src/klausscpu-runtime/zephyr-ws/zephyr/subsys/net/ip/utils.c:12:
In file included from /Users/gjonesblackcyton/Documents/src/klausscpu-runtime/zephyr-ws/zephyr/include/zephyr/logging/log.h:10:
In file included from /Users/gjonesblackcyton/Documents/src/klausscpu-runtime/zephyr-ws/zephyr/include/zephyr/logging/log_instance.h:10:
In file included from /Users/gjonesblackcyton/Documents/src/klausscpu-runtime/zephyr-ws/zephyr/include/zephyr/sys/iterable_sections.h:10:
In file included from /Users/gjonesblackcyton/Documents/src/klausscpu-runtime/zephyr-ws/zephyr/include/zephyr/sys/__assert.h:11:
In file included from /Users/gjonesblackcyton/Documents/src/klausscpu-runtime/zephyr-ws/zephyr/include/zephyr/toolchain.h:48:
/Users/gjonesblackcyton/Documents/src/klausscpu-runtime/zephyr-ws/zephyr/include/zephyr/toolchain/llvm.h:120:9: warning: '__UINT8_C' macro redefined [-Wmacro-redefined]
  120 | #define __UINT8_C(x)    uint_c(x, __int_least8_c_suffix__)
      |         ^
<built-in>:201:9: note: previous definition is here
  201 | #define __UINT8_C(c) c
      |         ^
In file included from /Users/gjonesblackcyton/Documents/src/klausscpu-runtime/zephyr-ws/zephyr/subsys/net/ip/utils.c:12:
In file included from /Users/gjonesblackcyton/Documents/src/klausscpu-runtime/zephyr-ws/zephyr/include/zephyr/logging/log.h:10:
In file included from /Users/gjonesblackcyton/Documents/src/klausscpu-runtime/zephyr-ws/zephyr/include/zephyr/logging/log_instance.h:10:
In file included from /Users/gjonesblackcyton/Documents/src/klausscpu-runtime/zephyr-ws/zephyr/include/zephyr/sys/iterable_sections.h:10:
In file included from /Users/gjonesblackcyton/Documents/src/klausscpu-runtime/zephyr-ws/zephyr/include/zephyr/sys/__assert.h:11:
In file included from /Users/gjonesblackcyton/Documents/src/klausscpu-runtime/zephyr-ws/zephyr/include/zephyr/toolchain.h:48:
/Users/gjonesblackcyton/Documents/src/klausscpu-runtime/zephyr-ws/zephyr/include/zephyr/toolchain/llvm.h:127:9: warning: '__INTMAX_C' macro redefined [-Wmacro-redefined]
  127 | #define __INTMAX_C(x)   int_c(x, __INTMAX_C_SUFFIX__)
      |         ^
<built-in>:98:9: note: previous definition is here
   98 | #define __INTMAX_C(c) c##L
      |         ^
In file included from /Users/gjonesblackcyton/Documents/src/klausscpu-runtime/zephyr-ws/zephyr/subsys/net/ip/utils.c:12:
In file included from /Users/gjonesblackcyton/Documents/src/klausscpu-runtime/zephyr-ws/zephyr/include/zephyr/logging/log.h:10:
In file included from /Users/gjonesblackcyton/Documents/src/klausscpu-runtime/zephyr-ws/zephyr/include/zephyr/logging/log_instance.h:10:
In file included from /Users/gjonesblackcyton/Documents/src/klausscpu-runtime/zephyr-ws/zephyr/include/zephyr/sys/iterable_sections.h:10:
In file included from /Users/gjonesblackcyton/Documents/src/klausscpu-runtime/zephyr-ws/zephyr/include/zephyr/sys/__assert.h:11:
In file included from /Users/gjonesblackcyton/Documents/src/klausscpu-runtime/zephyr-ws/zephyr/include/zephyr/toolchain.h:48:
/Users/gjonesblackcyton/Documents/src/klausscpu-runtime/zephyr-ws/zephyr/include/zephyr/toolchain/llvm.h:128:9: warning: '__UINTMAX_C' macro redefined [-Wmacro-redefined]
  128 | #define __UINTMAX_C(x)  int_c(x, __UINTMAX_C_SUFFIX__)
      |         ^
<built-in>:105:9: note: previous definition is here
  105 | #define __UINTMAX_C(c) c##UL
      |         ^
6 warnings generated.
[77/346] Building C object zephyr/subsys/net/CMakeFiles/subsys__net.dir/lib/sockets/sockets.c.obj
In file included from /Users/gjonesblackcyton/Documents/src/klausscpu-runtime/zephyr-ws/zephyr/subsys/net/lib/sockets/sockets.c:10:
In file included from /Users/gjonesblackcyton/Documents/src/klausscpu-runtime/zephyr-ws/zephyr/include/zephyr/logging/log.h:10:
In file included from /Users/gjonesblackcyton/Documents/src/klausscpu-runtime/zephyr-ws/zephyr/include/zephyr/logging/log_instance.h:10:
In file included from /Users/gjonesblackcyton/Documents/src/klausscpu-runtime/zephyr-ws/zephyr/include/zephyr/sys/iterable_sections.h:10:
In file included from /Users/gjonesblackcyton/Documents/src/klausscpu-runtime/zephyr-ws/zephyr/include/zephyr/sys/__assert.h:11:
In file included from /Users/gjonesblackcyton/Documents/src/klausscpu-runtime/zephyr-ws/zephyr/include/zephyr/toolchain.h:48:
/Users/gjonesblackcyton/Documents/src/klausscpu-runtime/zephyr-ws/zephyr/include/zephyr/toolchain/llvm.h:102:9: warning: '__INT16_C' macro redefined [-Wmacro-redefined]
  102 | #define __INT16_C(x)    int_c(x, __int_least16_c_suffix__)
      |         ^
<built-in>:184:9: note: previous definition is here
  184 | #define __INT16_C(c) c
      |         ^
In file included from /Users/gjonesblackcyton/Documents/src/klausscpu-runtime/zephyr-ws/zephyr/subsys/net/lib/sockets/sockets.c:10:
In file included from /Users/gjonesblackcyton/Documents/src/klausscpu-runtime/zephyr-ws/zephyr/include/zephyr/logging/log.h:10:
In file included from /Users/gjonesblackcyton/Documents/src/klausscpu-runtime/zephyr-ws/zephyr/include/zephyr/logging/log_instance.h:10:
In file included from /Users/gjonesblackcyton/Documents/src/klausscpu-runtime/zephyr-ws/zephyr/include/zephyr/sys/iterable_sections.h:10:
In file included from /Users/gjonesblackcyton/Documents/src/klausscpu-runtime/zephyr-ws/zephyr/include/zephyr/sys/__assert.h:11:
In file included from /Users/gjonesblackcyton/Documents/src/klausscpu-runtime/zephyr-ws/zephyr/include/zephyr/toolchain.h:48:
/Users/gjonesblackcyton/Documents/src/klausscpu-runtime/zephyr-ws/zephyr/include/zephyr/toolchain/llvm.h:103:9: warning: '__UINT16_C' macro redefined [-Wmacro-redefined]
  103 | #define __UINT16_C(x)   uint_c(x, __int_least16_c_suffix__)
      |         ^
<built-in>:210:9: note: previous definition is here
  210 | #define __UINT16_C(c) c
      |         ^
In file included from /Users/gjonesblackcyton/Documents/src/klausscpu-runtime/zephyr-ws/zephyr/subsys/net/lib/sockets/sockets.c:10:
In file included from /Users/gjonesblackcyton/Documents/src/klausscpu-runtime/zephyr-ws/zephyr/include/zephyr/logging/log.h:10:
In file included from /Users/gjonesblackcyton/Documents/src/klausscpu-runtime/zephyr-ws/zephyr/include/zephyr/logging/log_instance.h:10:
In file included from /Users/gjonesblackcyton/Documents/src/klausscpu-runtime/zephyr-ws/zephyr/include/zephyr/sys/iterable_sections.h:10:
In file included from /Users/gjonesblackcyton/Documents/src/klausscpu-runtime/zephyr-ws/zephyr/include/zephyr/sys/__assert.h:11:
In file included from /Users/gjonesblackcyton/Documents/src/klausscpu-runtime/zephyr-ws/zephyr/include/zephyr/toolchain.h:48:
/Users/gjonesblackcyton/Documents/src/klausscpu-runtime/zephyr-ws/zephyr/include/zephyr/toolchain/llvm.h:119:9: warning: '__INT8_C' macro redefined [-Wmacro-redefined]
  119 | #define __INT8_C(x)     int_c(x, __int_least8_c_suffix__)
      |         ^
<built-in>:179:9: note: previous definition is here
  179 | #define __INT8_C(c) c
      |         ^
In file included from /Users/gjonesblackcyton/Documents/src/klausscpu-runtime/zephyr-ws/zephyr/subsys/net/lib/sockets/sockets.c:10:
In file included from /Users/gjonesblackcyton/Documents/src/klausscpu-runtime/zephyr-ws/zephyr/include/zephyr/logging/log.h:10:
In file included from /Users/gjonesblackcyton/Documents/src/klausscpu-runtime/zephyr-ws/zephyr/include/zephyr/logging/log_instance.h:10:
In file included from /Users/gjonesblackcyton/Documents/src/klausscpu-runtime/zephyr-ws/zephyr/include/zephyr/sys/iterable_sections.h:10:
In file included from /Users/gjonesblackcyton/Documents/src/klausscpu-runtime/zephyr-ws/zephyr/include/zephyr/sys/__assert.h:11:
In file included from /Users/gjonesblackcyton/Documents/src/klausscpu-runtime/zephyr-ws/zephyr/include/zephyr/toolchain.h:48:
/Users/gjonesblackcyton/Documents/src/klausscpu-runtime/zephyr-ws/zephyr/include/zephyr/toolchain/llvm.h:120:9: warning: '__UINT8_C' macro redefined [-Wmacro-redefined]
  120 | #define __UINT8_C(x)    uint_c(x, __int_least8_c_suffix__)
      |         ^
<built-in>:201:9: note: previous definition is here
  201 | #define __UINT8_C(c) c
      |         ^
In file included from /Users/gjonesblackcyton/Documents/src/klausscpu-runtime/zephyr-ws/zephyr/subsys/net/lib/sockets/sockets.c:10:
In file included from /Users/gjonesblackcyton/Documents/src/klausscpu-runtime/zephyr-ws/zephyr/include/zephyr/logging/log.h:10:
In file included from /Users/gjonesblackcyton/Documents/src/klausscpu-runtime/zephyr-ws/zephyr/include/zephyr/logging/log_instance.h:10:
In file included from /Users/gjonesblackcyton/Documents/src/klausscpu-runtime/zephyr-ws/zephyr/include/zephyr/sys/iterable_sections.h:10:
In file included from /Users/gjonesblackcyton/Documents/src/klausscpu-runtime/zephyr-ws/zephyr/include/zephyr/sys/__assert.h:11:
In file included from /Users/gjonesblackcyton/Documents/src/klausscpu-runtime/zephyr-ws/zephyr/include/zephyr/toolchain.h:48:
/Users/gjonesblackcyton/Documents/src/klausscpu-runtime/zephyr-ws/zephyr/include/zephyr/toolchain/llvm.h:127:9: warning: '__INTMAX_C' macro redefined [-Wmacro-redefined]
  127 | #define __INTMAX_C(x)   int_c(x, __INTMAX_C_SUFFIX__)
      |         ^
<built-in>:98:9: note: previous definition is here
   98 | #define __INTMAX_C(c) c##L
      |         ^
In file included from /Users/gjonesblackcyton/Documents/src/klausscpu-runtime/zephyr-ws/zephyr/subsys/net/lib/sockets/sockets.c:10:
In file included from /Users/gjonesblackcyton/Documents/src/klausscpu-runtime/zephyr-ws/zephyr/include/zephyr/logging/log.h:10:
In file included from /Users/gjonesblackcyton/Documents/src/klausscpu-runtime/zephyr-ws/zephyr/include/zephyr/logging/log_instance.h:10:
In file included from /Users/gjonesblackcyton/Documents/src/klausscpu-runtime/zephyr-ws/zephyr/include/zephyr/sys/iterable_sections.h:10:
In file included from /Users/gjonesblackcyton/Documents/src/klausscpu-runtime/zephyr-ws/zephyr/include/zephyr/sys/__assert.h:11:
In file included from /Users/gjonesblackcyton/Documents/src/klausscpu-runtime/zephyr-ws/zephyr/include/zephyr/toolchain.h:48:
/Users/gjonesblackcyton/Documents/src/klausscpu-runtime/zephyr-ws/zephyr/include/zephyr/toolchain/llvm.h:128:9: warning: '__UINTMAX_C' macro redefined [-Wmacro-redefined]
  128 | #define __UINTMAX_C(x)  int_c(x, __UINTMAX_C_SUFFIX__)
      |         ^
<built-in>:105:9: note: previous definition is here
  105 | #define __UINTMAX_C(c) c##UL
      |         ^
6 warnings generated.
[78/346] Building C object zephyr/subsys/net/ip/CMakeFiles/subsys__net__ip.dir/icmp.c.obj
In file included from /Users/gjonesblackcyton/Documents/src/klausscpu-runtime/zephyr-ws/zephyr/subsys/net/ip/icmp.c:28:
In file included from /Users/gjonesblackcyton/Documents/src/klausscpu-runtime/zephyr-ws/zephyr/include/zephyr/logging/log.h:10:
In file included from /Users/gjonesblackcyton/Documents/src/klausscpu-runtime/zephyr-ws/zephyr/include/zephyr/logging/log_instance.h:10:
In file included from /Users/gjonesblackcyton/Documents/src/klausscpu-runtime/zephyr-ws/zephyr/include/zephyr/sys/iterable_sections.h:10:
In file included from /Users/gjonesblackcyton/Documents/src/klausscpu-runtime/zephyr-ws/zephyr/include/zephyr/sys/__assert.h:11:
In file included from /Users/gjonesblackcyton/Documents/src/klausscpu-runtime/zephyr-ws/zephyr/include/zephyr/toolchain.h:48:
/Users/gjonesblackcyton/Documents/src/klausscpu-runtime/zephyr-ws/zephyr/include/zephyr/toolchain/llvm.h:102:9: warning: '__INT16_C' macro redefined [-Wmacro-redefined]
  102 | #define __INT16_C(x)    int_c(x, __int_least16_c_suffix__)
      |         ^
<built-in>:184:9: note: previous definition is here
  184 | #define __INT16_C(c) c
      |         ^
In file included from /Users/gjonesblackcyton/Documents/src/klausscpu-runtime/zephyr-ws/zephyr/subsys/net/ip/icmp.c:28:
In file included from /Users/gjonesblackcyton/Documents/src/klausscpu-runtime/zephyr-ws/zephyr/include/zephyr/logging/log.h:10:
In file included from /Users/gjonesblackcyton/Documents/src/klausscpu-runtime/zephyr-ws/zephyr/include/zephyr/logging/log_instance.h:10:
In file included from /Users/gjonesblackcyton/Documents/src/klausscpu-runtime/zephyr-ws/zephyr/include/zephyr/sys/iterable_sections.h:10:
In file included from /Users/gjonesblackcyton/Documents/src/klausscpu-runtime/zephyr-ws/zephyr/include/zephyr/sys/__assert.h:11:
In file included from /Users/gjonesblackcyton/Documents/src/klausscpu-runtime/zephyr-ws/zephyr/include/zephyr/toolchain.h:48:
/Users/gjonesblackcyton/Documents/src/klausscpu-runtime/zephyr-ws/zephyr/include/zephyr/toolchain/llvm.h:103:9: warning: '__UINT16_C' macro redefined [-Wmacro-redefined]
  103 | #define __UINT16_C(x)   uint_c(x, __int_least16_c_suffix__)
      |         ^
<built-in>:210:9: note: previous definition is here
  210 | #define __UINT16_C(c) c
      |         ^
In file included from /Users/gjonesblackcyton/Documents/src/klausscpu-runtime/zephyr-ws/zephyr/subsys/net/ip/icmp.c:28:
In file included from /Users/gjonesblackcyton/Documents/src/klausscpu-runtime/zephyr-ws/zephyr/include/zephyr/logging/log.h:10:
In file included from /Users/gjonesblackcyton/Documents/src/klausscpu-runtime/zephyr-ws/zephyr/include/zephyr/logging/log_instance.h:10:
In file included from /Users/gjonesblackcyton/Documents/src/klausscpu-runtime/zephyr-ws/zephyr/include/zephyr/sys/iterable_sections.h:10:
In file included from /Users/gjonesblackcyton/Documents/src/klausscpu-runtime/zephyr-ws/zephyr/include/zephyr/sys/__assert.h:11:
In file included from /Users/gjonesblackcyton/Documents/src/klausscpu-runtime/zephyr-ws/zephyr/include/zephyr/toolchain.h:48:
/Users/gjonesblackcyton/Documents/src/klausscpu-runtime/zephyr-ws/zephyr/include/zephyr/toolchain/llvm.h:119:9: warning: '__INT8_C' macro redefined [-Wmacro-redefined]
  119 | #define __INT8_C(x)     int_c(x, __int_least8_c_suffix__)
      |         ^
<built-in>:179:9: note: previous definition is here
  179 | #define __INT8_C(c) c
      |         ^
In file included from /Users/gjonesblackcyton/Documents/src/klausscpu-runtime/zephyr-ws/zephyr/subsys/net/ip/icmp.c:28:
In file included from /Users/gjonesblackcyton/Documents/src/klausscpu-runtime/zephyr-ws/zephyr/include/zephyr/logging/log.h:10:
In file included from /Users/gjonesblackcyton/Documents/src/klausscpu-runtime/zephyr-ws/zephyr/include/zephyr/logging/log_instance.h:10:
In file included from /Users/gjonesblackcyton/Documents/src/klausscpu-runtime/zephyr-ws/zephyr/include/zephyr/sys/iterable_sections.h:10:
In file included from /Users/gjonesblackcyton/Documents/src/klausscpu-runtime/zephyr-ws/zephyr/include/zephyr/sys/__assert.h:11:
In file included from /Users/gjonesblackcyton/Documents/src/klausscpu-runtime/zephyr-ws/zephyr/include/zephyr/toolchain.h:48:
/Users/gjonesblackcyton/Documents/src/klausscpu-runtime/zephyr-ws/zephyr/include/zephyr/toolchain/llvm.h:120:9: warning: '__UINT8_C' macro redefined [-Wmacro-redefined]
  120 | #define __UINT8_C(x)    uint_c(x, __int_least8_c_suffix__)
      |         ^
<built-in>:201:9: note: previous definition is here
  201 | #define __UINT8_C(c) c
      |         ^
In file included from /Users/gjonesblackcyton/Documents/src/klausscpu-runtime/zephyr-ws/zephyr/subsys/net/ip/icmp.c:28:
In file included from /Users/gjonesblackcyton/Documents/src/klausscpu-runtime/zephyr-ws/zephyr/include/zephyr/logging/log.h:10:
In file included from /Users/gjonesblackcyton/Documents/src/klausscpu-runtime/zephyr-ws/zephyr/include/zephyr/logging/log_instance.h:10:
In file included from /Users/gjonesblackcyton/Documents/src/klausscpu-runtime/zephyr-ws/zephyr/include/zephyr/sys/iterable_sections.h:10:
In file included from /Users/gjonesblackcyton/Documents/src/klausscpu-runtime/zephyr-ws/zephyr/include/zephyr/sys/__assert.h:11:
In file included from /Users/gjonesblackcyton/Documents/src/klausscpu-runtime/zephyr-ws/zephyr/include/zephyr/toolchain.h:48:
/Users/gjonesblackcyton/Documents/src/klausscpu-runtime/zephyr-ws/zephyr/include/zephyr/toolchain/llvm.h:127:9: warning: '__INTMAX_C' macro redefined [-Wmacro-redefined]
  127 | #define __INTMAX_C(x)   int_c(x, __INTMAX_C_SUFFIX__)
      |         ^
<built-in>:98:9: note: previous definition is here
   98 | #define __INTMAX_C(c) c##L
      |         ^
In file included from /Users/gjonesblackcyton/Documents/src/klausscpu-runtime/zephyr-ws/zephyr/subsys/net/ip/icmp.c:28:
In file included from /Users/gjonesblackcyton/Documents/src/klausscpu-runtime/zephyr-ws/zephyr/include/zephyr/logging/log.h:10:
In file included from /Users/gjonesblackcyton/Documents/src/klausscpu-runtime/zephyr-ws/zephyr/include/zephyr/logging/log_instance.h:10:
In file included from /Users/gjonesblackcyton/Documents/src/klausscpu-runtime/zephyr-ws/zephyr/include/zephyr/sys/iterable_sections.h:10:
In file included from /Users/gjonesblackcyton/Documents/src/klausscpu-runtime/zephyr-ws/zephyr/include/zephyr/sys/__assert.h:11:
In file included from /Users/gjonesblackcyton/Documents/src/klausscpu-runtime/zephyr-ws/zephyr/include/zephyr/toolchain.h:48:
/Users/gjonesblackcyton/Documents/src/klausscpu-runtime/zephyr-ws/zephyr/include/zephyr/toolchain/llvm.h:128:9: warning: '__UINTMAX_C' macro redefined [-Wmacro-redefined]
  128 | #define __UINTMAX_C(x)  int_c(x, __UINTMAX_C_SUFFIX__)
      |         ^
<built-in>:105:9: note: previous definition is here
  105 | #define __UINTMAX_C(c) c##UL
      |         ^
6 warnings generated.
[79/346] Building C object zephyr/subsys/net/ip/CMakeFiles/subsys__net__ip.dir/net_pkt.c.obj
In file included from /Users/gjonesblackcyton/Documents/src/klausscpu-runtime/zephyr-ws/zephyr/subsys/net/ip/net_pkt.c:13:
In file included from /Users/gjonesblackcyton/Documents/src/klausscpu-runtime/zephyr-ws/zephyr/include/zephyr/logging/log.h:10:
In file included from /Users/gjonesblackcyton/Documents/src/klausscpu-runtime/zephyr-ws/zephyr/include/zephyr/logging/log_instance.h:10:
In file included from /Users/gjonesblackcyton/Documents/src/klausscpu-runtime/zephyr-ws/zephyr/include/zephyr/sys/iterable_sections.h:10:
In file included from /Users/gjonesblackcyton/Documents/src/klausscpu-runtime/zephyr-ws/zephyr/include/zephyr/sys/__assert.h:11:
In file included from /Users/gjonesblackcyton/Documents/src/klausscpu-runtime/zephyr-ws/zephyr/include/zephyr/toolchain.h:48:
/Users/gjonesblackcyton/Documents/src/klausscpu-runtime/zephyr-ws/zephyr/include/zephyr/toolchain/llvm.h:102:9: warning: '__INT16_C' macro redefined [-Wmacro-redefined]
  102 | #define __INT16_C(x)    int_c(x, __int_least16_c_suffix__)
      |         ^
<built-in>:184:9: note: previous definition is here
  184 | #define __INT16_C(c) c
      |         ^
In file included from /Users/gjonesblackcyton/Documents/src/klausscpu-runtime/zephyr-ws/zephyr/subsys/net/ip/net_pkt.c:13:
In file included from /Users/gjonesblackcyton/Documents/src/klausscpu-runtime/zephyr-ws/zephyr/include/zephyr/logging/log.h:10:
In file included from /Users/gjonesblackcyton/Documents/src/klausscpu-runtime/zephyr-ws/zephyr/include/zephyr/logging/log_instance.h:10:
In file included from /Users/gjonesblackcyton/Documents/src/klausscpu-runtime/zephyr-ws/zephyr/include/zephyr/sys/iterable_sections.h:10:
In file included from /Users/gjonesblackcyton/Documents/src/klausscpu-runtime/zephyr-ws/zephyr/include/zephyr/sys/__assert.h:11:
In file included from /Users/gjonesblackcyton/Documents/src/klausscpu-runtime/zephyr-ws/zephyr/include/zephyr/toolchain.h:48:
/Users/gjonesblackcyton/Documents/src/klausscpu-runtime/zephyr-ws/zephyr/include/zephyr/toolchain/llvm.h:103:9: warning: '__UINT16_C' macro redefined [-Wmacro-redefined]
  103 | #define __UINT16_C(x)   uint_c(x, __int_least16_c_suffix__)
      |         ^
<built-in>:210:9: note: previous definition is here
  210 | #define __UINT16_C(c) c
      |         ^
In file included from /Users/gjonesblackcyton/Documents/src/klausscpu-runtime/zephyr-ws/zephyr/subsys/net/ip/net_pkt.c:13:
In file included from /Users/gjonesblackcyton/Documents/src/klausscpu-runtime/zephyr-ws/zephyr/include/zephyr/logging/log.h:10:
In file included from /Users/gjonesblackcyton/Documents/src/klausscpu-runtime/zephyr-ws/zephyr/include/zephyr/logging/log_instance.h:10:
In file included from /Users/gjonesblackcyton/Documents/src/klausscpu-runtime/zephyr-ws/zephyr/include/zephyr/sys/iterable_sections.h:10:
In file included from /Users/gjonesblackcyton/Documents/src/klausscpu-runtime/zephyr-ws/zephyr/include/zephyr/sys/__assert.h:11:
In file included from /Users/gjonesblackcyton/Documents/src/klausscpu-runtime/zephyr-ws/zephyr/include/zephyr/toolchain.h:48:
/Users/gjonesblackcyton/Documents/src/klausscpu-runtime/zephyr-ws/zephyr/include/zephyr/toolchain/llvm.h:119:9: warning: '__INT8_C' macro redefined [-Wmacro-redefined]
  119 | #define __INT8_C(x)     int_c(x, __int_least8_c_suffix__)
      |         ^
<built-in>:179:9: note: previous definition is here
  179 | #define __INT8_C(c) c
      |         ^
In file included from /Users/gjonesblackcyton/Documents/src/klausscpu-runtime/zephyr-ws/zephyr/subsys/net/ip/net_pkt.c:13:
In file included from /Users/gjonesblackcyton/Documents/src/klausscpu-runtime/zephyr-ws/zephyr/include/zephyr/logging/log.h:10:
In file included from /Users/gjonesblackcyton/Documents/src/klausscpu-runtime/zephyr-ws/zephyr/include/zephyr/logging/log_instance.h:10:
In file included from /Users/gjonesblackcyton/Documents/src/klausscpu-runtime/zephyr-ws/zephyr/include/zephyr/sys/iterable_sections.h:10:
In file included from /Users/gjonesblackcyton/Documents/src/klausscpu-runtime/zephyr-ws/zephyr/include/zephyr/sys/__assert.h:11:
In file included from /Users/gjonesblackcyton/Documents/src/klausscpu-runtime/zephyr-ws/zephyr/include/zephyr/toolchain.h:48:
/Users/gjonesblackcyton/Documents/src/klausscpu-runtime/zephyr-ws/zephyr/include/zephyr/toolchain/llvm.h:120:9: warning: '__UINT8_C' macro redefined [-Wmacro-redefined]
  120 | #define __UINT8_C(x)    uint_c(x, __int_least8_c_suffix__)
      |         ^
<built-in>:201:9: note: previous definition is here
  201 | #define __UINT8_C(c) c
      |         ^
In file included from /Users/gjonesblackcyton/Documents/src/klausscpu-runtime/zephyr-ws/zephyr/subsys/net/ip/net_pkt.c:13:
In file included from /Users/gjonesblackcyton/Documents/src/klausscpu-runtime/zephyr-ws/zephyr/include/zephyr/logging/log.h:10:
In file included from /Users/gjonesblackcyton/Documents/src/klausscpu-runtime/zephyr-ws/zephyr/include/zephyr/logging/log_instance.h:10:
In file included from /Users/gjonesblackcyton/Documents/src/klausscpu-runtime/zephyr-ws/zephyr/include/zephyr/sys/iterable_sections.h:10:
In file included from /Users/gjonesblackcyton/Documents/src/klausscpu-runtime/zephyr-ws/zephyr/include/zephyr/sys/__assert.h:11:
In file included from /Users/gjonesblackcyton/Documents/src/klausscpu-runtime/zephyr-ws/zephyr/include/zephyr/toolchain.h:48:
/Users/gjonesblackcyton/Documents/src/klausscpu-runtime/zephyr-ws/zephyr/include/zephyr/toolchain/llvm.h:127:9: warning: '__INTMAX_C' macro redefined [-Wmacro-redefined]
  127 | #define __INTMAX_C(x)   int_c(x, __INTMAX_C_SUFFIX__)
      |         ^
<built-in>:98:9: note: previous definition is here
   98 | #define __INTMAX_C(c) c##L
      |         ^
In file included from /Users/gjonesblackcyton/Documents/src/klausscpu-runtime/zephyr-ws/zephyr/subsys/net/ip/net_pkt.c:13:
In file included from /Users/gjonesblackcyton/Documents/src/klausscpu-runtime/zephyr-ws/zephyr/include/zephyr/logging/log.h:10:
In file included from /Users/gjonesblackcyton/Documents/src/klausscpu-runtime/zephyr-ws/zephyr/include/zephyr/logging/log_instance.h:10:
In file included from /Users/gjonesblackcyton/Documents/src/klausscpu-runtime/zephyr-ws/zephyr/include/zephyr/sys/iterable_sections.h:10:
In file included from /Users/gjonesblackcyton/Documents/src/klausscpu-runtime/zephyr-ws/zephyr/include/zephyr/sys/__assert.h:11:
In file included from /Users/gjonesblackcyton/Documents/src/klausscpu-runtime/zephyr-ws/zephyr/include/zephyr/toolchain.h:48:
/Users/gjonesblackcyton/Documents/src/klausscpu-runtime/zephyr-ws/zephyr/include/zephyr/toolchain/llvm.h:128:9: warning: '__UINTMAX_C' macro redefined [-Wmacro-redefined]
  128 | #define __UINTMAX_C(x)  int_c(x, __UINTMAX_C_SUFFIX__)
      |         ^
<built-in>:105:9: note: previous definition is here
  105 | #define __UINTMAX_C(c) c##UL
      |         ^
6 warnings generated.
[80/346] Building C object zephyr/subsys/net/ip/CMakeFiles/subsys__net__ip.dir/icmpv4.c.obj
In file included from /Users/gjonesblackcyton/Documents/src/klausscpu-runtime/zephyr-ws/zephyr/subsys/net/ip/icmpv4.c:11:
In file included from /Users/gjonesblackcyton/Documents/src/klausscpu-runtime/zephyr-ws/zephyr/include/zephyr/logging/log.h:10:
In file included from /Users/gjonesblackcyton/Documents/src/klausscpu-runtime/zephyr-ws/zephyr/include/zephyr/logging/log_instance.h:10:
In file included from /Users/gjonesblackcyton/Documents/src/klausscpu-runtime/zephyr-ws/zephyr/include/zephyr/sys/iterable_sections.h:10:
In file included from /Users/gjonesblackcyton/Documents/src/klausscpu-runtime/zephyr-ws/zephyr/include/zephyr/sys/__assert.h:11:
In file included from /Users/gjonesblackcyton/Documents/src/klausscpu-runtime/zephyr-ws/zephyr/include/zephyr/toolchain.h:48:
/Users/gjonesblackcyton/Documents/src/klausscpu-runtime/zephyr-ws/zephyr/include/zephyr/toolchain/llvm.h:102:9: warning: '__INT16_C' macro redefined [-Wmacro-redefined]
  102 | #define __INT16_C(x)    int_c(x, __int_least16_c_suffix__)
      |         ^
<built-in>:184:9: note: previous definition is here
  184 | #define __INT16_C(c) c
      |         ^
In file included from /Users/gjonesblackcyton/Documents/src/klausscpu-runtime/zephyr-ws/zephyr/subsys/net/ip/icmpv4.c:11:
In file included from /Users/gjonesblackcyton/Documents/src/klausscpu-runtime/zephyr-ws/zephyr/include/zephyr/logging/log.h:10:
In file included from /Users/gjonesblackcyton/Documents/src/klausscpu-runtime/zephyr-ws/zephyr/include/zephyr/logging/log_instance.h:10:
In file included from /Users/gjonesblackcyton/Documents/src/klausscpu-runtime/zephyr-ws/zephyr/include/zephyr/sys/iterable_sections.h:10:
In file included from /Users/gjonesblackcyton/Documents/src/klausscpu-runtime/zephyr-ws/zephyr/include/zephyr/sys/__assert.h:11:
In file included from /Users/gjonesblackcyton/Documents/src/klausscpu-runtime/zephyr-ws/zephyr/include/zephyr/toolchain.h:48:
/Users/gjonesblackcyton/Documents/src/klausscpu-runtime/zephyr-ws/zephyr/include/zephyr/toolchain/llvm.h:103:9: warning: '__UINT16_C' macro redefined [-Wmacro-redefined]
  103 | #define __UINT16_C(x)   uint_c(x, __int_least16_c_suffix__)
      |         ^
<built-in>:210:9: note: previous definition is here
  210 | #define __UINT16_C(c) c
      |         ^
In file included from /Users/gjonesblackcyton/Documents/src/klausscpu-runtime/zephyr-ws/zephyr/subsys/net/ip/icmpv4.c:11:
In file included from /Users/gjonesblackcyton/Documents/src/klausscpu-runtime/zephyr-ws/zephyr/include/zephyr/logging/log.h:10:
In file included from /Users/gjonesblackcyton/Documents/src/klausscpu-runtime/zephyr-ws/zephyr/include/zephyr/logging/log_instance.h:10:
In file included from /Users/gjonesblackcyton/Documents/src/klausscpu-runtime/zephyr-ws/zephyr/include/zephyr/sys/iterable_sections.h:10:
In file included from /Users/gjonesblackcyton/Documents/src/klausscpu-runtime/zephyr-ws/zephyr/include/zephyr/sys/__assert.h:11:
In file included from /Users/gjonesblackcyton/Documents/src/klausscpu-runtime/zephyr-ws/zephyr/include/zephyr/toolchain.h:48:
/Users/gjonesblackcyton/Documents/src/klausscpu-runtime/zephyr-ws/zephyr/include/zephyr/toolchain/llvm.h:119:9: warning: '__INT8_C' macro redefined [-Wmacro-redefined]
  119 | #define __INT8_C(x)     int_c(x, __int_least8_c_suffix__)
      |         ^
<built-in>:179:9: note: previous definition is here
  179 | #define __INT8_C(c) c
      |         ^
In file included from /Users/gjonesblackcyton/Documents/src/klausscpu-runtime/zephyr-ws/zephyr/subsys/net/ip/icmpv4.c:11:
In file included from /Users/gjonesblackcyton/Documents/src/klausscpu-runtime/zephyr-ws/zephyr/include/zephyr/logging/log.h:10:
In file included from /Users/gjonesblackcyton/Documents/src/klausscpu-runtime/zephyr-ws/zephyr/include/zephyr/logging/log_instance.h:10:
In file included from /Users/gjonesblackcyton/Documents/src/klausscpu-runtime/zephyr-ws/zephyr/include/zephyr/sys/iterable_sections.h:10:
In file included from /Users/gjonesblackcyton/Documents/src/klausscpu-runtime/zephyr-ws/zephyr/include/zephyr/sys/__assert.h:11:
In file included from /Users/gjonesblackcyton/Documents/src/klausscpu-runtime/zephyr-ws/zephyr/include/zephyr/toolchain.h:48:
/Users/gjonesblackcyton/Documents/src/klausscpu-runtime/zephyr-ws/zephyr/include/zephyr/toolchain/llvm.h:120:9: warning: '__UINT8_C' macro redefined [-Wmacro-redefined]
  120 | #define __UINT8_C(x)    uint_c(x, __int_least8_c_suffix__)
      |         ^
<built-in>:201:9: note: previous definition is here
  201 | #define __UINT8_C(c) c
      |         ^
In file included from /Users/gjonesblackcyton/Documents/src/klausscpu-runtime/zephyr-ws/zephyr/subsys/net/ip/icmpv4.c:11:
In file included from /Users/gjonesblackcyton/Documents/src/klausscpu-runtime/zephyr-ws/zephyr/include/zephyr/logging/log.h:10:
In file included from /Users/gjonesblackcyton/Documents/src/klausscpu-runtime/zephyr-ws/zephyr/include/zephyr/logging/log_instance.h:10:
In file included from /Users/gjonesblackcyton/Documents/src/klausscpu-runtime/zephyr-ws/zephyr/include/zephyr/sys/iterable_sections.h:10:
In file included from /Users/gjonesblackcyton/Documents/src/klausscpu-runtime/zephyr-ws/zephyr/include/zephyr/sys/__assert.h:11:
In file included from /Users/gjonesblackcyton/Documents/src/klausscpu-runtime/zephyr-ws/zephyr/include/zephyr/toolchain.h:48:
/Users/gjonesblackcyton/Documents/src/klausscpu-runtime/zephyr-ws/zephyr/include/zephyr/toolchain/llvm.h:127:9: warning: '__INTMAX_C' macro redefined [-Wmacro-redefined]
  127 | #define __INTMAX_C(x)   int_c(x, __INTMAX_C_SUFFIX__)
      |         ^
<built-in>:98:9: note: previous definition is here
   98 | #define __INTMAX_C(c) c##L
      |         ^
In file included from /Users/gjonesblackcyton/Documents/src/klausscpu-runtime/zephyr-ws/zephyr/subsys/net/ip/icmpv4.c:11:
In file included from /Users/gjonesblackcyton/Documents/src/klausscpu-runtime/zephyr-ws/zephyr/include/zephyr/logging/log.h:10:
In file included from /Users/gjonesblackcyton/Documents/src/klausscpu-runtime/zephyr-ws/zephyr/include/zephyr/logging/log_instance.h:10:
In file included from /Users/gjonesblackcyton/Documents/src/klausscpu-runtime/zephyr-ws/zephyr/include/zephyr/sys/iterable_sections.h:10:
In file included from /Users/gjonesblackcyton/Documents/src/klausscpu-runtime/zephyr-ws/zephyr/include/zephyr/sys/__assert.h:11:
In file included from /Users/gjonesblackcyton/Documents/src/klausscpu-runtime/zephyr-ws/zephyr/include/zephyr/toolchain.h:48:
/Users/gjonesblackcyton/Documents/src/klausscpu-runtime/zephyr-ws/zephyr/include/zephyr/toolchain/llvm.h:128:9: warning: '__UINTMAX_C' macro redefined [-Wmacro-redefined]
  128 | #define __UINTMAX_C(x)  int_c(x, __UINTMAX_C_SUFFIX__)
      |         ^
<built-in>:105:9: note: previous definition is here
  105 | #define __UINTMAX_C(c) c##UL
      |         ^
6 warnings generated.
[81/346] Building C object zephyr/subsys/net/ip/CMakeFiles/subsys__net__ip.dir/net_context.c.obj
In file included from /Users/gjonesblackcyton/Documents/src/klausscpu-runtime/zephyr-ws/zephyr/subsys/net/ip/net_context.c:14:
In file included from /Users/gjonesblackcyton/Documents/src/klausscpu-runtime/zephyr-ws/zephyr/include/zephyr/logging/log.h:10:
In file included from /Users/gjonesblackcyton/Documents/src/klausscpu-runtime/zephyr-ws/zephyr/include/zephyr/logging/log_instance.h:10:
In file included from /Users/gjonesblackcyton/Documents/src/klausscpu-runtime/zephyr-ws/zephyr/include/zephyr/sys/iterable_sections.h:10:
In file included from /Users/gjonesblackcyton/Documents/src/klausscpu-runtime/zephyr-ws/zephyr/include/zephyr/sys/__assert.h:11:
In file included from /Users/gjonesblackcyton/Documents/src/klausscpu-runtime/zephyr-ws/zephyr/include/zephyr/toolchain.h:48:
/Users/gjonesblackcyton/Documents/src/klausscpu-runtime/zephyr-ws/zephyr/include/zephyr/toolchain/llvm.h:102:9: warning: '__INT16_C' macro redefined [-Wmacro-redefined]
  102 | #define __INT16_C(x)    int_c(x, __int_least16_c_suffix__)
      |         ^
<built-in>:184:9: note: previous definition is here
  184 | #define __INT16_C(c) c
      |         ^
In file included from /Users/gjonesblackcyton/Documents/src/klausscpu-runtime/zephyr-ws/zephyr/subsys/net/ip/net_context.c:14:
In file included from /Users/gjonesblackcyton/Documents/src/klausscpu-runtime/zephyr-ws/zephyr/include/zephyr/logging/log.h:10:
In file included from /Users/gjonesblackcyton/Documents/src/klausscpu-runtime/zephyr-ws/zephyr/include/zephyr/logging/log_instance.h:10:
In file included from /Users/gjonesblackcyton/Documents/src/klausscpu-runtime/zephyr-ws/zephyr/include/zephyr/sys/iterable_sections.h:10:
In file included from /Users/gjonesblackcyton/Documents/src/klausscpu-runtime/zephyr-ws/zephyr/include/zephyr/sys/__assert.h:11:
In file included from /Users/gjonesblackcyton/Documents/src/klausscpu-runtime/zephyr-ws/zephyr/include/zephyr/toolchain.h:48:
/Users/gjonesblackcyton/Documents/src/klausscpu-runtime/zephyr-ws/zephyr/include/zephyr/toolchain/llvm.h:103:9: warning: '__UINT16_C' macro redefined [-Wmacro-redefined]
  103 | #define __UINT16_C(x)   uint_c(x, __int_least16_c_suffix__)
      |         ^
<built-in>:210:9: note: previous definition is here
  210 | #define __UINT16_C(c) c
      |         ^
In file included from /Users/gjonesblackcyton/Documents/src/klausscpu-runtime/zephyr-ws/zephyr/subsys/net/ip/net_context.c:14:
In file included from /Users/gjonesblackcyton/Documents/src/klausscpu-runtime/zephyr-ws/zephyr/include/zephyr/logging/log.h:10:
In file included from /Users/gjonesblackcyton/Documents/src/klausscpu-runtime/zephyr-ws/zephyr/include/zephyr/logging/log_instance.h:10:
In file included from /Users/gjonesblackcyton/Documents/src/klausscpu-runtime/zephyr-ws/zephyr/include/zephyr/sys/iterable_sections.h:10:
In file included from /Users/gjonesblackcyton/Documents/src/klausscpu-runtime/zephyr-ws/zephyr/include/zephyr/sys/__assert.h:11:
In file included from /Users/gjonesblackcyton/Documents/src/klausscpu-runtime/zephyr-ws/zephyr/include/zephyr/toolchain.h:48:
/Users/gjonesblackcyton/Documents/src/klausscpu-runtime/zephyr-ws/zephyr/include/zephyr/toolchain/llvm.h:119:9: warning: '__INT8_C' macro redefined [-Wmacro-redefined]
  119 | #define __INT8_C(x)     int_c(x, __int_least8_c_suffix__)
      |         ^
<built-in>:179:9: note: previous definition is here
  179 | #define __INT8_C(c) c
      |         ^
In file included from /Users/gjonesblackcyton/Documents/src/klausscpu-runtime/zephyr-ws/zephyr/subsys/net/ip/net_context.c:14:
In file included from /Users/gjonesblackcyton/Documents/src/klausscpu-runtime/zephyr-ws/zephyr/include/zephyr/logging/log.h:10:
In file included from /Users/gjonesblackcyton/Documents/src/klausscpu-runtime/zephyr-ws/zephyr/include/zephyr/logging/log_instance.h:10:
In file included from /Users/gjonesblackcyton/Documents/src/klausscpu-runtime/zephyr-ws/zephyr/include/zephyr/sys/iterable_sections.h:10:
In file included from /Users/gjonesblackcyton/Documents/src/klausscpu-runtime/zephyr-ws/zephyr/include/zephyr/sys/__assert.h:11:
In file included from /Users/gjonesblackcyton/Documents/src/klausscpu-runtime/zephyr-ws/zephyr/include/zephyr/toolchain.h:48:
/Users/gjonesblackcyton/Documents/src/klausscpu-runtime/zephyr-ws/zephyr/include/zephyr/toolchain/llvm.h:120:9: warning: '__UINT8_C' macro redefined [-Wmacro-redefined]
  120 | #define __UINT8_C(x)    uint_c(x, __int_least8_c_suffix__)
      |         ^
<built-in>:201:9: note: previous definition is here
  201 | #define __UINT8_C(c) c
      |         ^
In file included from /Users/gjonesblackcyton/Documents/src/klausscpu-runtime/zephyr-ws/zephyr/subsys/net/ip/net_context.c:14:
In file included from /Users/gjonesblackcyton/Documents/src/klausscpu-runtime/zephyr-ws/zephyr/include/zephyr/logging/log.h:10:
In file included from /Users/gjonesblackcyton/Documents/src/klausscpu-runtime/zephyr-ws/zephyr/include/zephyr/logging/log_instance.h:10:
In file included from /Users/gjonesblackcyton/Documents/src/klausscpu-runtime/zephyr-ws/zephyr/include/zephyr/sys/iterable_sections.h:10:
In file included from /Users/gjonesblackcyton/Documents/src/klausscpu-runtime/zephyr-ws/zephyr/include/zephyr/sys/__assert.h:11:
In file included from /Users/gjonesblackcyton/Documents/src/klausscpu-runtime/zephyr-ws/zephyr/include/zephyr/toolchain.h:48:
/Users/gjonesblackcyton/Documents/src/klausscpu-runtime/zephyr-ws/zephyr/include/zephyr/toolchain/llvm.h:127:9: warning: '__INTMAX_C' macro redefined [-Wmacro-redefined]
  127 | #define __INTMAX_C(x)   int_c(x, __INTMAX_C_SUFFIX__)
      |         ^
<built-in>:98:9: note: previous definition is here
   98 | #define __INTMAX_C(c) c##L
      |         ^
In file included from /Users/gjonesblackcyton/Documents/src/klausscpu-runtime/zephyr-ws/zephyr/subsys/net/ip/net_context.c:14:
In file included from /Users/gjonesblackcyton/Documents/src/klausscpu-runtime/zephyr-ws/zephyr/include/zephyr/logging/log.h:10:
In file included from /Users/gjonesblackcyton/Documents/src/klausscpu-runtime/zephyr-ws/zephyr/include/zephyr/logging/log_instance.h:10:
In file included from /Users/gjonesblackcyton/Documents/src/klausscpu-runtime/zephyr-ws/zephyr/include/zephyr/sys/iterable_sections.h:10:
In file included from /Users/gjonesblackcyton/Documents/src/klausscpu-runtime/zephyr-ws/zephyr/include/zephyr/sys/__assert.h:11:
In file included from /Users/gjonesblackcyton/Documents/src/klausscpu-runtime/zephyr-ws/zephyr/include/zephyr/toolchain.h:48:
/Users/gjonesblackcyton/Documents/src/klausscpu-runtime/zephyr-ws/zephyr/include/zephyr/toolchain/llvm.h:128:9: warning: '__UINTMAX_C' macro redefined [-Wmacro-redefined]
  128 | #define __UINTMAX_C(x)  int_c(x, __UINTMAX_C_SUFFIX__)
      |         ^
<built-in>:105:9: note: previous definition is here
  105 | #define __UINTMAX_C(c) c##UL
      |         ^
/Users/gjonesblackcyton/Documents/src/klausscpu-runtime/zephyr-ws/zephyr/subsys/net/ip/net_context.c:1295:12: warning: variable 'local_addr' is uninitialized when passed as a const pointer argument here [-Wuninitialized-const-pointer]
 1295 |                 net_sin(&local_addr)->sin_family = AF_INET;
      |                          ^~~~~~~~~~
7 warnings generated.
[82/346] Building C object zephyr/subsys/net/ip/CMakeFiles/subsys__net__ip.dir/connection.c.obj
In file included from /Users/gjonesblackcyton/Documents/src/klausscpu-runtime/zephyr-ws/zephyr/subsys/net/ip/connection.c:16:
In file included from /Users/gjonesblackcyton/Documents/src/klausscpu-runtime/zephyr-ws/zephyr/include/zephyr/logging/log.h:10:
In file included from /Users/gjonesblackcyton/Documents/src/klausscpu-runtime/zephyr-ws/zephyr/include/zephyr/logging/log_instance.h:10:
In file included from /Users/gjonesblackcyton/Documents/src/klausscpu-runtime/zephyr-ws/zephyr/include/zephyr/sys/iterable_sections.h:10:
In file included from /Users/gjonesblackcyton/Documents/src/klausscpu-runtime/zephyr-ws/zephyr/include/zephyr/sys/__assert.h:11:
In file included from /Users/gjonesblackcyton/Documents/src/klausscpu-runtime/zephyr-ws/zephyr/include/zephyr/toolchain.h:48:
/Users/gjonesblackcyton/Documents/src/klausscpu-runtime/zephyr-ws/zephyr/include/zephyr/toolchain/llvm.h:102:9: warning: '__INT16_C' macro redefined [-Wmacro-redefined]
  102 | #define __INT16_C(x)    int_c(x, __int_least16_c_suffix__)
      |         ^
<built-in>:184:9: note: previous definition is here
  184 | #define __INT16_C(c) c
      |         ^
In file included from /Users/gjonesblackcyton/Documents/src/klausscpu-runtime/zephyr-ws/zephyr/subsys/net/ip/connection.c:16:
In file included from /Users/gjonesblackcyton/Documents/src/klausscpu-runtime/zephyr-ws/zephyr/include/zephyr/logging/log.h:10:
In file included from /Users/gjonesblackcyton/Documents/src/klausscpu-runtime/zephyr-ws/zephyr/include/zephyr/logging/log_instance.h:10:
In file included from /Users/gjonesblackcyton/Documents/src/klausscpu-runtime/zephyr-ws/zephyr/include/zephyr/sys/iterable_sections.h:10:
In file included from /Users/gjonesblackcyton/Documents/src/klausscpu-runtime/zephyr-ws/zephyr/include/zephyr/sys/__assert.h:11:
In file included from /Users/gjonesblackcyton/Documents/src/klausscpu-runtime/zephyr-ws/zephyr/include/zephyr/toolchain.h:48:
/Users/gjonesblackcyton/Documents/src/klausscpu-runtime/zephyr-ws/zephyr/include/zephyr/toolchain/llvm.h:103:9: warning: '__UINT16_C' macro redefined [-Wmacro-redefined]
  103 | #define __UINT16_C(x)   uint_c(x, __int_least16_c_suffix__)
      |         ^
<built-in>:210:9: note: previous definition is here
  210 | #define __UINT16_C(c) c
      |         ^
In file included from /Users/gjonesblackcyton/Documents/src/klausscpu-runtime/zephyr-ws/zephyr/subsys/net/ip/connection.c:16:
In file included from /Users/gjonesblackcyton/Documents/src/klausscpu-runtime/zephyr-ws/zephyr/include/zephyr/logging/log.h:10:
In file included from /Users/gjonesblackcyton/Documents/src/klausscpu-runtime/zephyr-ws/zephyr/include/zephyr/logging/log_instance.h:10:
In file included from /Users/gjonesblackcyton/Documents/src/klausscpu-runtime/zephyr-ws/zephyr/include/zephyr/sys/iterable_sections.h:10:
In file included from /Users/gjonesblackcyton/Documents/src/klausscpu-runtime/zephyr-ws/zephyr/include/zephyr/sys/__assert.h:11:
In file included from /Users/gjonesblackcyton/Documents/src/klausscpu-runtime/zephyr-ws/zephyr/include/zephyr/toolchain.h:48:
/Users/gjonesblackcyton/Documents/src/klausscpu-runtime/zephyr-ws/zephyr/include/zephyr/toolchain/llvm.h:119:9: warning: '__INT8_C' macro redefined [-Wmacro-redefined]
  119 | #define __INT8_C(x)     int_c(x, __int_least8_c_suffix__)
      |         ^
<built-in>:179:9: note: previous definition is here
  179 | #define __INT8_C(c) c
      |         ^
In file included from /Users/gjonesblackcyton/Documents/src/klausscpu-runtime/zephyr-ws/zephyr/subsys/net/ip/connection.c:16:
In file included from /Users/gjonesblackcyton/Documents/src/klausscpu-runtime/zephyr-ws/zephyr/include/zephyr/logging/log.h:10:
In file included from /Users/gjonesblackcyton/Documents/src/klausscpu-runtime/zephyr-ws/zephyr/include/zephyr/logging/log_instance.h:10:
In file included from /Users/gjonesblackcyton/Documents/src/klausscpu-runtime/zephyr-ws/zephyr/include/zephyr/sys/iterable_sections.h:10:
In file included from /Users/gjonesblackcyton/Documents/src/klausscpu-runtime/zephyr-ws/zephyr/include/zephyr/sys/__assert.h:11:
In file included from /Users/gjonesblackcyton/Documents/src/klausscpu-runtime/zephyr-ws/zephyr/include/zephyr/toolchain.h:48:
/Users/gjonesblackcyton/Documents/src/klausscpu-runtime/zephyr-ws/zephyr/include/zephyr/toolchain/llvm.h:120:9: warning: '__UINT8_C' macro redefined [-Wmacro-redefined]
  120 | #define __UINT8_C(x)    uint_c(x, __int_least8_c_suffix__)
      |         ^
<built-in>:201:9: note: previous definition is here
  201 | #define __UINT8_C(c) c
      |         ^
In file included from /Users/gjonesblackcyton/Documents/src/klausscpu-runtime/zephyr-ws/zephyr/subsys/net/ip/connection.c:16:
In file included from /Users/gjonesblackcyton/Documents/src/klausscpu-runtime/zephyr-ws/zephyr/include/zephyr/logging/log.h:10:
In file included from /Users/gjonesblackcyton/Documents/src/klausscpu-runtime/zephyr-ws/zephyr/include/zephyr/logging/log_instance.h:10:
In file included from /Users/gjonesblackcyton/Documents/src/klausscpu-runtime/zephyr-ws/zephyr/include/zephyr/sys/iterable_sections.h:10:
In file included from /Users/gjonesblackcyton/Documents/src/klausscpu-runtime/zephyr-ws/zephyr/include/zephyr/sys/__assert.h:11:
In file included from /Users/gjonesblackcyton/Documents/src/klausscpu-runtime/zephyr-ws/zephyr/include/zephyr/toolchain.h:48:
/Users/gjonesblackcyton/Documents/src/klausscpu-runtime/zephyr-ws/zephyr/include/zephyr/toolchain/llvm.h:127:9: warning: '__INTMAX_C' macro redefined [-Wmacro-redefined]
  127 | #define __INTMAX_C(x)   int_c(x, __INTMAX_C_SUFFIX__)
      |         ^
<built-in>:98:9: note: previous definition is here
   98 | #define __INTMAX_C(c) c##L
      |         ^
In file included from /Users/gjonesblackcyton/Documents/src/klausscpu-runtime/zephyr-ws/zephyr/subsys/net/ip/connection.c:16:
In file included from /Users/gjonesblackcyton/Documents/src/klausscpu-runtime/zephyr-ws/zephyr/include/zephyr/logging/log.h:10:
In file included from /Users/gjonesblackcyton/Documents/src/klausscpu-runtime/zephyr-ws/zephyr/include/zephyr/logging/log_instance.h:10:
In file included from /Users/gjonesblackcyton/Documents/src/klausscpu-runtime/zephyr-ws/zephyr/include/zephyr/sys/iterable_sections.h:10:
In file included from /Users/gjonesblackcyton/Documents/src/klausscpu-runtime/zephyr-ws/zephyr/include/zephyr/sys/__assert.h:11:
In file included from /Users/gjonesblackcyton/Documents/src/klausscpu-runtime/zephyr-ws/zephyr/include/zephyr/toolchain.h:48:
/Users/gjonesblackcyton/Documents/src/klausscpu-runtime/zephyr-ws/zephyr/include/zephyr/toolchain/llvm.h:128:9: warning: '__UINTMAX_C' macro redefined [-Wmacro-redefined]
  128 | #define __UINTMAX_C(x)  int_c(x, __UINTMAX_C_SUFFIX__)
      |         ^
<built-in>:105:9: note: previous definition is here
  105 | #define __UINTMAX_C(c) c##UL
      |         ^
6 warnings generated.
[83/346] Building C object zephyr/subsys/net/ip/CMakeFiles/subsys__net__ip.dir/ipv4.c.obj
In file included from /Users/gjonesblackcyton/Documents/src/klausscpu-runtime/zephyr-ws/zephyr/subsys/net/ip/ipv4.c:11:
In file included from /Users/gjonesblackcyton/Documents/src/klausscpu-runtime/zephyr-ws/zephyr/include/zephyr/logging/log.h:10:
In file included from /Users/gjonesblackcyton/Documents/src/klausscpu-runtime/zephyr-ws/zephyr/include/zephyr/logging/log_instance.h:10:
In file included from /Users/gjonesblackcyton/Documents/src/klausscpu-runtime/zephyr-ws/zephyr/include/zephyr/sys/iterable_sections.h:10:
In file included from /Users/gjonesblackcyton/Documents/src/klausscpu-runtime/zephyr-ws/zephyr/include/zephyr/sys/__assert.h:11:
In file included from /Users/gjonesblackcyton/Documents/src/klausscpu-runtime/zephyr-ws/zephyr/include/zephyr/toolchain.h:48:
/Users/gjonesblackcyton/Documents/src/klausscpu-runtime/zephyr-ws/zephyr/include/zephyr/toolchain/llvm.h:102:9: warning: '__INT16_C' macro redefined [-Wmacro-redefined]
  102 | #define __INT16_C(x)    int_c(x, __int_least16_c_suffix__)
      |         ^
<built-in>:184:9: note: previous definition is here
  184 | #define __INT16_C(c) c
      |         ^
In file included from /Users/gjonesblackcyton/Documents/src/klausscpu-runtime/zephyr-ws/zephyr/subsys/net/ip/ipv4.c:11:
In file included from /Users/gjonesblackcyton/Documents/src/klausscpu-runtime/zephyr-ws/zephyr/include/zephyr/logging/log.h:10:
In file included from /Users/gjonesblackcyton/Documents/src/klausscpu-runtime/zephyr-ws/zephyr/include/zephyr/logging/log_instance.h:10:
In file included from /Users/gjonesblackcyton/Documents/src/klausscpu-runtime/zephyr-ws/zephyr/include/zephyr/sys/iterable_sections.h:10:
In file included from /Users/gjonesblackcyton/Documents/src/klausscpu-runtime/zephyr-ws/zephyr/include/zephyr/sys/__assert.h:11:
In file included from /Users/gjonesblackcyton/Documents/src/klausscpu-runtime/zephyr-ws/zephyr/include/zephyr/toolchain.h:48:
/Users/gjonesblackcyton/Documents/src/klausscpu-runtime/zephyr-ws/zephyr/include/zephyr/toolchain/llvm.h:103:9: warning: '__UINT16_C' macro redefined [-Wmacro-redefined]
  103 | #define __UINT16_C(x)   uint_c(x, __int_least16_c_suffix__)
      |         ^
<built-in>:210:9: note: previous definition is here
  210 | #define __UINT16_C(c) c
      |         ^
In file included from /Users/gjonesblackcyton/Documents/src/klausscpu-runtime/zephyr-ws/zephyr/subsys/net/ip/ipv4.c:11:
In file included from /Users/gjonesblackcyton/Documents/src/klausscpu-runtime/zephyr-ws/zephyr/include/zephyr/logging/log.h:10:
In file included from /Users/gjonesblackcyton/Documents/src/klausscpu-runtime/zephyr-ws/zephyr/include/zephyr/logging/log_instance.h:10:
In file included from /Users/gjonesblackcyton/Documents/src/klausscpu-runtime/zephyr-ws/zephyr/include/zephyr/sys/iterable_sections.h:10:
In file included from /Users/gjonesblackcyton/Documents/src/klausscpu-runtime/zephyr-ws/zephyr/include/zephyr/sys/__assert.h:11:
In file included from /Users/gjonesblackcyton/Documents/src/klausscpu-runtime/zephyr-ws/zephyr/include/zephyr/toolchain.h:48:
/Users/gjonesblackcyton/Documents/src/klausscpu-runtime/zephyr-ws/zephyr/include/zephyr/toolchain/llvm.h:119:9: warning: '__INT8_C' macro redefined [-Wmacro-redefined]
  119 | #define __INT8_C(x)     int_c(x, __int_least8_c_suffix__)
      |         ^
<built-in>:179:9: note: previous definition is here
  179 | #define __INT8_C(c) c
      |         ^
In file included from /Users/gjonesblackcyton/Documents/src/klausscpu-runtime/zephyr-ws/zephyr/subsys/net/ip/ipv4.c:11:
In file included from /Users/gjonesblackcyton/Documents/src/klausscpu-runtime/zephyr-ws/zephyr/include/zephyr/logging/log.h:10:
In file included from /Users/gjonesblackcyton/Documents/src/klausscpu-runtime/zephyr-ws/zephyr/include/zephyr/logging/log_instance.h:10:
In file included from /Users/gjonesblackcyton/Documents/src/klausscpu-runtime/zephyr-ws/zephyr/include/zephyr/sys/iterable_sections.h:10:
In file included from /Users/gjonesblackcyton/Documents/src/klausscpu-runtime/zephyr-ws/zephyr/include/zephyr/sys/__assert.h:11:
In file included from /Users/gjonesblackcyton/Documents/src/klausscpu-runtime/zephyr-ws/zephyr/include/zephyr/toolchain.h:48:
/Users/gjonesblackcyton/Documents/src/klausscpu-runtime/zephyr-ws/zephyr/include/zephyr/toolchain/llvm.h:120:9: warning: '__UINT8_C' macro redefined [-Wmacro-redefined]
  120 | #define __UINT8_C(x)    uint_c(x, __int_least8_c_suffix__)
      |         ^
<built-in>:201:9: note: previous definition is here
  201 | #define __UINT8_C(c) c
      |         ^
In file included from /Users/gjonesblackcyton/Documents/src/klausscpu-runtime/zephyr-ws/zephyr/subsys/net/ip/ipv4.c:11:
In file included from /Users/gjonesblackcyton/Documents/src/klausscpu-runtime/zephyr-ws/zephyr/include/zephyr/logging/log.h:10:
In file included from /Users/gjonesblackcyton/Documents/src/klausscpu-runtime/zephyr-ws/zephyr/include/zephyr/logging/log_instance.h:10:
In file included from /Users/gjonesblackcyton/Documents/src/klausscpu-runtime/zephyr-ws/zephyr/include/zephyr/sys/iterable_sections.h:10:
In file included from /Users/gjonesblackcyton/Documents/src/klausscpu-runtime/zephyr-ws/zephyr/include/zephyr/sys/__assert.h:11:
In file included from /Users/gjonesblackcyton/Documents/src/klausscpu-runtime/zephyr-ws/zephyr/include/zephyr/toolchain.h:48:
/Users/gjonesblackcyton/Documents/src/klausscpu-runtime/zephyr-ws/zephyr/include/zephyr/toolchain/llvm.h:127:9: warning: '__INTMAX_C' macro redefined [-Wmacro-redefined]
  127 | #define __INTMAX_C(x)   int_c(x, __INTMAX_C_SUFFIX__)
      |         ^
<built-in>:98:9: note: previous definition is here
   98 | #define __INTMAX_C(c) c##L
      |         ^
In file included from /Users/gjonesblackcyton/Documents/src/klausscpu-runtime/zephyr-ws/zephyr/subsys/net/ip/ipv4.c:11:
In file included from /Users/gjonesblackcyton/Documents/src/klausscpu-runtime/zephyr-ws/zephyr/include/zephyr/logging/log.h:10:
In file included from /Users/gjonesblackcyton/Documents/src/klausscpu-runtime/zephyr-ws/zephyr/include/zephyr/logging/log_instance.h:10:
In file included from /Users/gjonesblackcyton/Documents/src/klausscpu-runtime/zephyr-ws/zephyr/include/zephyr/sys/iterable_sections.h:10:
In file included from /Users/gjonesblackcyton/Documents/src/klausscpu-runtime/zephyr-ws/zephyr/include/zephyr/sys/__assert.h:11:
In file included from /Users/gjonesblackcyton/Documents/src/klausscpu-runtime/zephyr-ws/zephyr/include/zephyr/toolchain.h:48:
/Users/gjonesblackcyton/Documents/src/klausscpu-runtime/zephyr-ws/zephyr/include/zephyr/toolchain/llvm.h:128:9: warning: '__UINTMAX_C' macro redefined [-Wmacro-redefined]
  128 | #define __UINTMAX_C(x)  int_c(x, __UINTMAX_C_SUFFIX__)
      |         ^
<built-in>:105:9: note: previous definition is here
  105 | #define __UINTMAX_C(c) c##UL
      |         ^
6 warnings generated.
[84/346] Building C object zephyr/drivers/console/CMakeFiles/drivers__console.dir/uart_console.c.obj
In file included from /Users/gjonesblackcyton/Documents/src/klausscpu-runtime/zephyr-ws/zephyr/drivers/console/uart_console.c:16:
In file included from /Users/gjonesblackcyton/Documents/src/klausscpu-runtime/zephyr-ws/zephyr/include/zephyr/kernel.h:17:
In file included from /Users/gjonesblackcyton/Documents/src/klausscpu-runtime/zephyr-ws/zephyr/include/zephyr/kernel_includes.h:23:
In file included from /Users/gjonesblackcyton/Documents/src/klausscpu-runtime/zephyr-ws/zephyr/include/zephyr/toolchain.h:48:
/Users/gjonesblackcyton/Documents/src/klausscpu-runtime/zephyr-ws/zephyr/include/zephyr/toolchain/llvm.h:102:9: warning: '__INT16_C' macro redefined [-Wmacro-redefined]
  102 | #define __INT16_C(x)    int_c(x, __int_least16_c_suffix__)
      |         ^
<built-in>:184:9: note: previous definition is here
  184 | #define __INT16_C(c) c
      |         ^
In file included from /Users/gjonesblackcyton/Documents/src/klausscpu-runtime/zephyr-ws/zephyr/drivers/console/uart_console.c:16:
In file included from /Users/gjonesblackcyton/Documents/src/klausscpu-runtime/zephyr-ws/zephyr/include/zephyr/kernel.h:17:
In file included from /Users/gjonesblackcyton/Documents/src/klausscpu-runtime/zephyr-ws/zephyr/include/zephyr/kernel_includes.h:23:
In file included from /Users/gjonesblackcyton/Documents/src/klausscpu-runtime/zephyr-ws/zephyr/include/zephyr/toolchain.h:48:
/Users/gjonesblackcyton/Documents/src/klausscpu-runtime/zephyr-ws/zephyr/include/zephyr/toolchain/llvm.h:103:9: warning: '__UINT16_C' macro redefined [-Wmacro-redefined]
  103 | #define __UINT16_C(x)   uint_c(x, __int_least16_c_suffix__)
      |         ^
<built-in>:210:9: note: previous definition is here
  210 | #define __UINT16_C(c) c
      |         ^
In file included from /Users/gjonesblackcyton/Documents/src/klausscpu-runtime/zephyr-ws/zephyr/drivers/console/uart_console.c:16:
In file included from /Users/gjonesblackcyton/Documents/src/klausscpu-runtime/zephyr-ws/zephyr/include/zephyr/kernel.h:17:
In file included from /Users/gjonesblackcyton/Documents/src/klausscpu-runtime/zephyr-ws/zephyr/include/zephyr/kernel_includes.h:23:
In file included from /Users/gjonesblackcyton/Documents/src/klausscpu-runtime/zephyr-ws/zephyr/include/zephyr/toolchain.h:48:
/Users/gjonesblackcyton/Documents/src/klausscpu-runtime/zephyr-ws/zephyr/include/zephyr/toolchain/llvm.h:119:9: warning: '__INT8_C' macro redefined [-Wmacro-redefined]
  119 | #define __INT8_C(x)     int_c(x, __int_least8_c_suffix__)
      |         ^
<built-in>:179:9: note: previous definition is here
  179 | #define __INT8_C(c) c
      |         ^
In file included from /Users/gjonesblackcyton/Documents/src/klausscpu-runtime/zephyr-ws/zephyr/drivers/console/uart_console.c:16:
In file included from /Users/gjonesblackcyton/Documents/src/klausscpu-runtime/zephyr-ws/zephyr/include/zephyr/kernel.h:17:
In file included from /Users/gjonesblackcyton/Documents/src/klausscpu-runtime/zephyr-ws/zephyr/include/zephyr/kernel_includes.h:23:
In file included from /Users/gjonesblackcyton/Documents/src/klausscpu-runtime/zephyr-ws/zephyr/include/zephyr/toolchain.h:48:
/Users/gjonesblackcyton/Documents/src/klausscpu-runtime/zephyr-ws/zephyr/include/zephyr/toolchain/llvm.h:120:9: warning: '__UINT8_C' macro redefined [-Wmacro-redefined]
  120 | #define __UINT8_C(x)    uint_c(x, __int_least8_c_suffix__)
      |         ^
<built-in>:201:9: note: previous definition is here
  201 | #define __UINT8_C(c) c
      |         ^
In file included from /Users/gjonesblackcyton/Documents/src/klausscpu-runtime/zephyr-ws/zephyr/drivers/console/uart_console.c:16:
In file included from /Users/gjonesblackcyton/Documents/src/klausscpu-runtime/zephyr-ws/zephyr/include/zephyr/kernel.h:17:
In file included from /Users/gjonesblackcyton/Documents/src/klausscpu-runtime/zephyr-ws/zephyr/include/zephyr/kernel_includes.h:23:
In file included from /Users/gjonesblackcyton/Documents/src/klausscpu-runtime/zephyr-ws/zephyr/include/zephyr/toolchain.h:48:
/Users/gjonesblackcyton/Documents/src/klausscpu-runtime/zephyr-ws/zephyr/include/zephyr/toolchain/llvm.h:127:9: warning: '__INTMAX_C' macro redefined [-Wmacro-redefined]
  127 | #define __INTMAX_C(x)   int_c(x, __INTMAX_C_SUFFIX__)
      |         ^
<built-in>:98:9: note: previous definition is here
   98 | #define __INTMAX_C(c) c##L
      |         ^
In file included from /Users/gjonesblackcyton/Documents/src/klausscpu-runtime/zephyr-ws/zephyr/drivers/console/uart_console.c:16:
In file included from /Users/gjonesblackcyton/Documents/src/klausscpu-runtime/zephyr-ws/zephyr/include/zephyr/kernel.h:17:
In file included from /Users/gjonesblackcyton/Documents/src/klausscpu-runtime/zephyr-ws/zephyr/include/zephyr/kernel_includes.h:23:
In file included from /Users/gjonesblackcyton/Documents/src/klausscpu-runtime/zephyr-ws/zephyr/include/zephyr/toolchain.h:48:
/Users/gjonesblackcyton/Documents/src/klausscpu-runtime/zephyr-ws/zephyr/include/zephyr/toolchain/llvm.h:128:9: warning: '__UINTMAX_C' macro redefined [-Wmacro-redefined]
  128 | #define __UINTMAX_C(x)  int_c(x, __UINTMAX_C_SUFFIX__)
      |         ^
<built-in>:105:9: note: previous definition is here
  105 | #define __UINTMAX_C(c) c##UL
      |         ^
6 warnings generated.
[85/346] Building C object zephyr/subsys/net/ip/CMakeFiles/subsys__net__ip.dir/udp.c.obj
In file included from /Users/gjonesblackcyton/Documents/src/klausscpu-runtime/zephyr-ws/zephyr/subsys/net/ip/udp.c:11:
In file included from /Users/gjonesblackcyton/Documents/src/klausscpu-runtime/zephyr-ws/zephyr/include/zephyr/logging/log.h:10:
In file included from /Users/gjonesblackcyton/Documents/src/klausscpu-runtime/zephyr-ws/zephyr/include/zephyr/logging/log_instance.h:10:
In file included from /Users/gjonesblackcyton/Documents/src/klausscpu-runtime/zephyr-ws/zephyr/include/zephyr/sys/iterable_sections.h:10:
In file included from /Users/gjonesblackcyton/Documents/src/klausscpu-runtime/zephyr-ws/zephyr/include/zephyr/sys/__assert.h:11:
In file included from /Users/gjonesblackcyton/Documents/src/klausscpu-runtime/zephyr-ws/zephyr/include/zephyr/toolchain.h:48:
/Users/gjonesblackcyton/Documents/src/klausscpu-runtime/zephyr-ws/zephyr/include/zephyr/toolchain/llvm.h:102:9: warning: '__INT16_C' macro redefined [-Wmacro-redefined]
  102 | #define __INT16_C(x)    int_c(x, __int_least16_c_suffix__)
      |         ^
<built-in>:184:9: note: previous definition is here
  184 | #define __INT16_C(c) c
      |         ^
In file included from /Users/gjonesblackcyton/Documents/src/klausscpu-runtime/zephyr-ws/zephyr/subsys/net/ip/udp.c:11:
In file included from /Users/gjonesblackcyton/Documents/src/klausscpu-runtime/zephyr-ws/zephyr/include/zephyr/logging/log.h:10:
In file included from /Users/gjonesblackcyton/Documents/src/klausscpu-runtime/zephyr-ws/zephyr/include/zephyr/logging/log_instance.h:10:
In file included from /Users/gjonesblackcyton/Documents/src/klausscpu-runtime/zephyr-ws/zephyr/include/zephyr/sys/iterable_sections.h:10:
In file included from /Users/gjonesblackcyton/Documents/src/klausscpu-runtime/zephyr-ws/zephyr/include/zephyr/sys/__assert.h:11:
In file included from /Users/gjonesblackcyton/Documents/src/klausscpu-runtime/zephyr-ws/zephyr/include/zephyr/toolchain.h:48:
/Users/gjonesblackcyton/Documents/src/klausscpu-runtime/zephyr-ws/zephyr/include/zephyr/toolchain/llvm.h:103:9: warning: '__UINT16_C' macro redefined [-Wmacro-redefined]
  103 | #define __UINT16_C(x)   uint_c(x, __int_least16_c_suffix__)
      |         ^
<built-in>:210:9: note: previous definition is here
  210 | #define __UINT16_C(c) c
      |         ^
In file included from /Users/gjonesblackcyton/Documents/src/klausscpu-runtime/zephyr-ws/zephyr/subsys/net/ip/udp.c:11:
In file included from /Users/gjonesblackcyton/Documents/src/klausscpu-runtime/zephyr-ws/zephyr/include/zephyr/logging/log.h:10:
In file included from /Users/gjonesblackcyton/Documents/src/klausscpu-runtime/zephyr-ws/zephyr/include/zephyr/logging/log_instance.h:10:
In file included from /Users/gjonesblackcyton/Documents/src/klausscpu-runtime/zephyr-ws/zephyr/include/zephyr/sys/iterable_sections.h:10:
In file included from /Users/gjonesblackcyton/Documents/src/klausscpu-runtime/zephyr-ws/zephyr/include/zephyr/sys/__assert.h:11:
In file included from /Users/gjonesblackcyton/Documents/src/klausscpu-runtime/zephyr-ws/zephyr/include/zephyr/toolchain.h:48:
/Users/gjonesblackcyton/Documents/src/klausscpu-runtime/zephyr-ws/zephyr/include/zephyr/toolchain/llvm.h:119:9: warning: '__INT8_C' macro redefined [-Wmacro-redefined]
  119 | #define __INT8_C(x)     int_c(x, __int_least8_c_suffix__)
      |         ^
<built-in>:179:9: note: previous definition is here
  179 | #define __INT8_C(c) c
      |         ^
In file included from /Users/gjonesblackcyton/Documents/src/klausscpu-runtime/zephyr-ws/zephyr/subsys/net/ip/udp.c:11:
In file included from /Users/gjonesblackcyton/Documents/src/klausscpu-runtime/zephyr-ws/zephyr/include/zephyr/logging/log.h:10:
In file included from /Users/gjonesblackcyton/Documents/src/klausscpu-runtime/zephyr-ws/zephyr/include/zephyr/logging/log_instance.h:10:
In file included from /Users/gjonesblackcyton/Documents/src/klausscpu-runtime/zephyr-ws/zephyr/include/zephyr/sys/iterable_sections.h:10:
In file included from /Users/gjonesblackcyton/Documents/src/klausscpu-runtime/zephyr-ws/zephyr/include/zephyr/sys/__assert.h:11:
In file included from /Users/gjonesblackcyton/Documents/src/klausscpu-runtime/zephyr-ws/zephyr/include/zephyr/toolchain.h:48:
/Users/gjonesblackcyton/Documents/src/klausscpu-runtime/zephyr-ws/zephyr/include/zephyr/toolchain/llvm.h:120:9: warning: '__UINT8_C' macro redefined [-Wmacro-redefined]
  120 | #define __UINT8_C(x)    uint_c(x, __int_least8_c_suffix__)
      |         ^
<built-in>:201:9: note: previous definition is here
  201 | #define __UINT8_C(c) c
      |         ^
In file included from /Users/gjonesblackcyton/Documents/src/klausscpu-runtime/zephyr-ws/zephyr/subsys/net/ip/udp.c:11:
In file included from /Users/gjonesblackcyton/Documents/src/klausscpu-runtime/zephyr-ws/zephyr/include/zephyr/logging/log.h:10:
In file included from /Users/gjonesblackcyton/Documents/src/klausscpu-runtime/zephyr-ws/zephyr/include/zephyr/logging/log_instance.h:10:
In file included from /Users/gjonesblackcyton/Documents/src/klausscpu-runtime/zephyr-ws/zephyr/include/zephyr/sys/iterable_sections.h:10:
In file included from /Users/gjonesblackcyton/Documents/src/klausscpu-runtime/zephyr-ws/zephyr/include/zephyr/sys/__assert.h:11:
In file included from /Users/gjonesblackcyton/Documents/src/klausscpu-runtime/zephyr-ws/zephyr/include/zephyr/toolchain.h:48:
/Users/gjonesblackcyton/Documents/src/klausscpu-runtime/zephyr-ws/zephyr/include/zephyr/toolchain/llvm.h:127:9: warning: '__INTMAX_C' macro redefined [-Wmacro-redefined]
  127 | #define __INTMAX_C(x)   int_c(x, __INTMAX_C_SUFFIX__)
      |         ^
<built-in>:98:9: note: previous definition is here
   98 | #define __INTMAX_C(c) c##L
      |         ^
In file included from /Users/gjonesblackcyton/Documents/src/klausscpu-runtime/zephyr-ws/zephyr/subsys/net/ip/udp.c:11:
In file included from /Users/gjonesblackcyton/Documents/src/klausscpu-runtime/zephyr-ws/zephyr/include/zephyr/logging/log.h:10:
In file included from /Users/gjonesblackcyton/Documents/src/klausscpu-runtime/zephyr-ws/zephyr/include/zephyr/logging/log_instance.h:10:
In file included from /Users/gjonesblackcyton/Documents/src/klausscpu-runtime/zephyr-ws/zephyr/include/zephyr/sys/iterable_sections.h:10:
In file included from /Users/gjonesblackcyton/Documents/src/klausscpu-runtime/zephyr-ws/zephyr/include/zephyr/sys/__assert.h:11:
In file included from /Users/gjonesblackcyton/Documents/src/klausscpu-runtime/zephyr-ws/zephyr/include/zephyr/toolchain.h:48:
/Users/gjonesblackcyton/Documents/src/klausscpu-runtime/zephyr-ws/zephyr/include/zephyr/toolchain/llvm.h:128:9: warning: '__UINTMAX_C' macro redefined [-Wmacro-redefined]
  128 | #define __UINTMAX_C(x)  int_c(x, __UINTMAX_C_SUFFIX__)
      |         ^
<built-in>:105:9: note: previous definition is here
  105 | #define __UINTMAX_C(c) c##UL
      |         ^
6 warnings generated.
[86/346] Building C object zephyr/subsys/net/ip/CMakeFiles/subsys__net__ip.dir/net_if.c.obj
In file included from /Users/gjonesblackcyton/Documents/src/klausscpu-runtime/zephyr-ws/zephyr/subsys/net/ip/net_if.c:8:
In file included from /Users/gjonesblackcyton/Documents/src/klausscpu-runtime/zephyr-ws/zephyr/include/zephyr/logging/log.h:10:
In file included from /Users/gjonesblackcyton/Documents/src/klausscpu-runtime/zephyr-ws/zephyr/include/zephyr/logging/log_instance.h:10:
In file included from /Users/gjonesblackcyton/Documents/src/klausscpu-runtime/zephyr-ws/zephyr/include/zephyr/sys/iterable_sections.h:10:
In file included from /Users/gjonesblackcyton/Documents/src/klausscpu-runtime/zephyr-ws/zephyr/include/zephyr/sys/__assert.h:11:
In file included from /Users/gjonesblackcyton/Documents/src/klausscpu-runtime/zephyr-ws/zephyr/include/zephyr/toolchain.h:48:
/Users/gjonesblackcyton/Documents/src/klausscpu-runtime/zephyr-ws/zephyr/include/zephyr/toolchain/llvm.h:102:9: warning: '__INT16_C' macro redefined [-Wmacro-redefined]
  102 | #define __INT16_C(x)    int_c(x, __int_least16_c_suffix__)
      |         ^
<built-in>:184:9: note: previous definition is here
  184 | #define __INT16_C(c) c
      |         ^
In file included from /Users/gjonesblackcyton/Documents/src/klausscpu-runtime/zephyr-ws/zephyr/subsys/net/ip/net_if.c:8:
In file included from /Users/gjonesblackcyton/Documents/src/klausscpu-runtime/zephyr-ws/zephyr/include/zephyr/logging/log.h:10:
In file included from /Users/gjonesblackcyton/Documents/src/klausscpu-runtime/zephyr-ws/zephyr/include/zephyr/logging/log_instance.h:10:
In file included from /Users/gjonesblackcyton/Documents/src/klausscpu-runtime/zephyr-ws/zephyr/include/zephyr/sys/iterable_sections.h:10:
In file included from /Users/gjonesblackcyton/Documents/src/klausscpu-runtime/zephyr-ws/zephyr/include/zephyr/sys/__assert.h:11:
In file included from /Users/gjonesblackcyton/Documents/src/klausscpu-runtime/zephyr-ws/zephyr/include/zephyr/toolchain.h:48:
/Users/gjonesblackcyton/Documents/src/klausscpu-runtime/zephyr-ws/zephyr/include/zephyr/toolchain/llvm.h:103:9: warning: '__UINT16_C' macro redefined [-Wmacro-redefined]
  103 | #define __UINT16_C(x)   uint_c(x, __int_least16_c_suffix__)
      |         ^
<built-in>:210:9: note: previous definition is here
  210 | #define __UINT16_C(c) c
      |         ^
In file included from /Users/gjonesblackcyton/Documents/src/klausscpu-runtime/zephyr-ws/zephyr/subsys/net/ip/net_if.c:8:
In file included from /Users/gjonesblackcyton/Documents/src/klausscpu-runtime/zephyr-ws/zephyr/include/zephyr/logging/log.h:10:
In file included from /Users/gjonesblackcyton/Documents/src/klausscpu-runtime/zephyr-ws/zephyr/include/zephyr/logging/log_instance.h:10:
In file included from /Users/gjonesblackcyton/Documents/src/klausscpu-runtime/zephyr-ws/zephyr/include/zephyr/sys/iterable_sections.h:10:
In file included from /Users/gjonesblackcyton/Documents/src/klausscpu-runtime/zephyr-ws/zephyr/include/zephyr/sys/__assert.h:11:
In file included from /Users/gjonesblackcyton/Documents/src/klausscpu-runtime/zephyr-ws/zephyr/include/zephyr/toolchain.h:48:
/Users/gjonesblackcyton/Documents/src/klausscpu-runtime/zephyr-ws/zephyr/include/zephyr/toolchain/llvm.h:119:9: warning: '__INT8_C' macro redefined [-Wmacro-redefined]
  119 | #define __INT8_C(x)     int_c(x, __int_least8_c_suffix__)
      |         ^
<built-in>:179:9: note: previous definition is here
  179 | #define __INT8_C(c) c
      |         ^
In file included from /Users/gjonesblackcyton/Documents/src/klausscpu-runtime/zephyr-ws/zephyr/subsys/net/ip/net_if.c:8:
In file included from /Users/gjonesblackcyton/Documents/src/klausscpu-runtime/zephyr-ws/zephyr/include/zephyr/logging/log.h:10:
In file included from /Users/gjonesblackcyton/Documents/src/klausscpu-runtime/zephyr-ws/zephyr/include/zephyr/logging/log_instance.h:10:
In file included from /Users/gjonesblackcyton/Documents/src/klausscpu-runtime/zephyr-ws/zephyr/include/zephyr/sys/iterable_sections.h:10:
In file included from /Users/gjonesblackcyton/Documents/src/klausscpu-runtime/zephyr-ws/zephyr/include/zephyr/sys/__assert.h:11:
In file included from /Users/gjonesblackcyton/Documents/src/klausscpu-runtime/zephyr-ws/zephyr/include/zephyr/toolchain.h:48:
/Users/gjonesblackcyton/Documents/src/klausscpu-runtime/zephyr-ws/zephyr/include/zephyr/toolchain/llvm.h:120:9: warning: '__UINT8_C' macro redefined [-Wmacro-redefined]
  120 | #define __UINT8_C(x)    uint_c(x, __int_least8_c_suffix__)
      |         ^
<built-in>:201:9: note: previous definition is here
  201 | #define __UINT8_C(c) c
      |         ^
In file included from /Users/gjonesblackcyton/Documents/src/klausscpu-runtime/zephyr-ws/zephyr/subsys/net/ip/net_if.c:8:
In file included from /Users/gjonesblackcyton/Documents/src/klausscpu-runtime/zephyr-ws/zephyr/include/zephyr/logging/log.h:10:
In file included from /Users/gjonesblackcyton/Documents/src/klausscpu-runtime/zephyr-ws/zephyr/include/zephyr/logging/log_instance.h:10:
In file included from /Users/gjonesblackcyton/Documents/src/klausscpu-runtime/zephyr-ws/zephyr/include/zephyr/sys/iterable_sections.h:10:
In file included from /Users/gjonesblackcyton/Documents/src/klausscpu-runtime/zephyr-ws/zephyr/include/zephyr/sys/__assert.h:11:
In file included from /Users/gjonesblackcyton/Documents/src/klausscpu-runtime/zephyr-ws/zephyr/include/zephyr/toolchain.h:48:
/Users/gjonesblackcyton/Documents/src/klausscpu-runtime/zephyr-ws/zephyr/include/zephyr/toolchain/llvm.h:127:9: warning: '__INTMAX_C' macro redefined [-Wmacro-redefined]
  127 | #define __INTMAX_C(x)   int_c(x, __INTMAX_C_SUFFIX__)
      |         ^
<built-in>:98:9: note: previous definition is here
   98 | #define __INTMAX_C(c) c##L
      |         ^
In file included from /Users/gjonesblackcyton/Documents/src/klausscpu-runtime/zephyr-ws/zephyr/subsys/net/ip/net_if.c:8:
In file included from /Users/gjonesblackcyton/Documents/src/klausscpu-runtime/zephyr-ws/zephyr/include/zephyr/logging/log.h:10:
In file included from /Users/gjonesblackcyton/Documents/src/klausscpu-runtime/zephyr-ws/zephyr/include/zephyr/logging/log_instance.h:10:
In file included from /Users/gjonesblackcyton/Documents/src/klausscpu-runtime/zephyr-ws/zephyr/include/zephyr/sys/iterable_sections.h:10:
In file included from /Users/gjonesblackcyton/Documents/src/klausscpu-runtime/zephyr-ws/zephyr/include/zephyr/sys/__assert.h:11:
In file included from /Users/gjonesblackcyton/Documents/src/klausscpu-runtime/zephyr-ws/zephyr/include/zephyr/toolchain.h:48:
/Users/gjonesblackcyton/Documents/src/klausscpu-runtime/zephyr-ws/zephyr/include/zephyr/toolchain/llvm.h:128:9: warning: '__UINTMAX_C' macro redefined [-Wmacro-redefined]
  128 | #define __UINTMAX_C(x)  int_c(x, __UINTMAX_C_SUFFIX__)
      |         ^
<built-in>:105:9: note: previous definition is here
  105 | #define __UINTMAX_C(c) c##UL
      |         ^
6 warnings generated.
[87/346] Building C object zephyr/drivers/timer/CMakeFiles/drivers__timer.dir/sys_clock_init.c.obj
In file included from /Users/gjonesblackcyton/Documents/src/klausscpu-runtime/zephyr-ws/zephyr/drivers/timer/sys_clock_init.c:15:
In file included from /Users/gjonesblackcyton/Documents/src/klausscpu-runtime/zephyr-ws/zephyr/include/zephyr/kernel.h:17:
In file included from /Users/gjonesblackcyton/Documents/src/klausscpu-runtime/zephyr-ws/zephyr/include/zephyr/kernel_includes.h:23:
In file included from /Users/gjonesblackcyton/Documents/src/klausscpu-runtime/zephyr-ws/zephyr/include/zephyr/toolchain.h:48:
/Users/gjonesblackcyton/Documents/src/klausscpu-runtime/zephyr-ws/zephyr/include/zephyr/toolchain/llvm.h:102:9: warning: '__INT16_C' macro redefined [-Wmacro-redefined]
  102 | #define __INT16_C(x)    int_c(x, __int_least16_c_suffix__)
      |         ^
<built-in>:184:9: note: previous definition is here
  184 | #define __INT16_C(c) c
      |         ^
In file included from /Users/gjonesblackcyton/Documents/src/klausscpu-runtime/zephyr-ws/zephyr/drivers/timer/sys_clock_init.c:15:
In file included from /Users/gjonesblackcyton/Documents/src/klausscpu-runtime/zephyr-ws/zephyr/include/zephyr/kernel.h:17:
In file included from /Users/gjonesblackcyton/Documents/src/klausscpu-runtime/zephyr-ws/zephyr/include/zephyr/kernel_includes.h:23:
In file included from /Users/gjonesblackcyton/Documents/src/klausscpu-runtime/zephyr-ws/zephyr/include/zephyr/toolchain.h:48:
/Users/gjonesblackcyton/Documents/src/klausscpu-runtime/zephyr-ws/zephyr/include/zephyr/toolchain/llvm.h:103:9: warning: '__UINT16_C' macro redefined [-Wmacro-redefined]
  103 | #define __UINT16_C(x)   uint_c(x, __int_least16_c_suffix__)
      |         ^
<built-in>:210:9: note: previous definition is here
  210 | #define __UINT16_C(c) c
      |         ^
In file included from /Users/gjonesblackcyton/Documents/src/klausscpu-runtime/zephyr-ws/zephyr/drivers/timer/sys_clock_init.c:15:
In file included from /Users/gjonesblackcyton/Documents/src/klausscpu-runtime/zephyr-ws/zephyr/include/zephyr/kernel.h:17:
In file included from /Users/gjonesblackcyton/Documents/src/klausscpu-runtime/zephyr-ws/zephyr/include/zephyr/kernel_includes.h:23:
In file included from /Users/gjonesblackcyton/Documents/src/klausscpu-runtime/zephyr-ws/zephyr/include/zephyr/toolchain.h:48:
/Users/gjonesblackcyton/Documents/src/klausscpu-runtime/zephyr-ws/zephyr/include/zephyr/toolchain/llvm.h:119:9: warning: '__INT8_C' macro redefined [-Wmacro-redefined]
  119 | #define __INT8_C(x)     int_c(x, __int_least8_c_suffix__)
      |         ^
<built-in>:179:9: note: previous definition is here
  179 | #define __INT8_C(c) c
      |         ^
In file included from /Users/gjonesblackcyton/Documents/src/klausscpu-runtime/zephyr-ws/zephyr/drivers/timer/sys_clock_init.c:15:
In file included from /Users/gjonesblackcyton/Documents/src/klausscpu-runtime/zephyr-ws/zephyr/include/zephyr/kernel.h:17:
In file included from /Users/gjonesblackcyton/Documents/src/klausscpu-runtime/zephyr-ws/zephyr/include/zephyr/kernel_includes.h:23:
In file included from /Users/gjonesblackcyton/Documents/src/klausscpu-runtime/zephyr-ws/zephyr/include/zephyr/toolchain.h:48:
/Users/gjonesblackcyton/Documents/src/klausscpu-runtime/zephyr-ws/zephyr/include/zephyr/toolchain/llvm.h:120:9: warning: '__UINT8_C' macro redefined [-Wmacro-redefined]
  120 | #define __UINT8_C(x)    uint_c(x, __int_least8_c_suffix__)
      |         ^
<built-in>:201:9: note: previous definition is here
  201 | #define __UINT8_C(c) c
      |         ^
In file included from /Users/gjonesblackcyton/Documents/src/klausscpu-runtime/zephyr-ws/zephyr/drivers/timer/sys_clock_init.c:15:
In file included from /Users/gjonesblackcyton/Documents/src/klausscpu-runtime/zephyr-ws/zephyr/include/zephyr/kernel.h:17:
In file included from /Users/gjonesblackcyton/Documents/src/klausscpu-runtime/zephyr-ws/zephyr/include/zephyr/kernel_includes.h:23:
In file included from /Users/gjonesblackcyton/Documents/src/klausscpu-runtime/zephyr-ws/zephyr/include/zephyr/toolchain.h:48:
/Users/gjonesblackcyton/Documents/src/klausscpu-runtime/zephyr-ws/zephyr/include/zephyr/toolchain/llvm.h:127:9: warning: '__INTMAX_C' macro redefined [-Wmacro-redefined]
  127 | #define __INTMAX_C(x)   int_c(x, __INTMAX_C_SUFFIX__)
      |         ^
<built-in>:98:9: note: previous definition is here
   98 | #define __INTMAX_C(c) c##L
      |         ^
In file included from /Users/gjonesblackcyton/Documents/src/klausscpu-runtime/zephyr-ws/zephyr/drivers/timer/sys_clock_init.c:15:
In file included from /Users/gjonesblackcyton/Documents/src/klausscpu-runtime/zephyr-ws/zephyr/include/zephyr/kernel.h:17:
In file included from /Users/gjonesblackcyton/Documents/src/klausscpu-runtime/zephyr-ws/zephyr/include/zephyr/kernel_includes.h:23:
In file included from /Users/gjonesblackcyton/Documents/src/klausscpu-runtime/zephyr-ws/zephyr/include/zephyr/toolchain.h:48:
/Users/gjonesblackcyton/Documents/src/klausscpu-runtime/zephyr-ws/zephyr/include/zephyr/toolchain/llvm.h:128:9: warning: '__UINTMAX_C' macro redefined [-Wmacro-redefined]
  128 | #define __UINTMAX_C(x)  int_c(x, __UINTMAX_C_SUFFIX__)
      |         ^
<built-in>:105:9: note: previous definition is here
  105 | #define __UINTMAX_C(c) c##UL
      |         ^
6 warnings generated.
[88/346] Building C object modules/klausscpu-zephyr/drivers/timer/CMakeFiles/..__klausscpu-zephyr__drivers__timer.dir/klausscpu_timer.c.obj
In file included from /Users/gjonesblackcyton/Documents/src/klausscpu-runtime/zephyr-ws/klausscpu-zephyr/drivers/timer/klausscpu_timer.c:9:
In file included from /Users/gjonesblackcyton/Documents/src/klausscpu-runtime/zephyr-ws/zephyr/include/zephyr/kernel.h:17:
In file included from /Users/gjonesblackcyton/Documents/src/klausscpu-runtime/zephyr-ws/zephyr/include/zephyr/kernel_includes.h:23:
In file included from /Users/gjonesblackcyton/Documents/src/klausscpu-runtime/zephyr-ws/zephyr/include/zephyr/toolchain.h:48:
/Users/gjonesblackcyton/Documents/src/klausscpu-runtime/zephyr-ws/zephyr/include/zephyr/toolchain/llvm.h:102:9: warning: '__INT16_C' macro redefined [-Wmacro-redefined]
  102 | #define __INT16_C(x)    int_c(x, __int_least16_c_suffix__)
      |         ^
<built-in>:184:9: note: previous definition is here
  184 | #define __INT16_C(c) c
      |         ^
In file included from /Users/gjonesblackcyton/Documents/src/klausscpu-runtime/zephyr-ws/klausscpu-zephyr/drivers/timer/klausscpu_timer.c:9:
In file included from /Users/gjonesblackcyton/Documents/src/klausscpu-runtime/zephyr-ws/zephyr/include/zephyr/kernel.h:17:
In file included from /Users/gjonesblackcyton/Documents/src/klausscpu-runtime/zephyr-ws/zephyr/include/zephyr/kernel_includes.h:23:
In file included from /Users/gjonesblackcyton/Documents/src/klausscpu-runtime/zephyr-ws/zephyr/include/zephyr/toolchain.h:48:
/Users/gjonesblackcyton/Documents/src/klausscpu-runtime/zephyr-ws/zephyr/include/zephyr/toolchain/llvm.h:103:9: warning: '__UINT16_C' macro redefined [-Wmacro-redefined]
  103 | #define __UINT16_C(x)   uint_c(x, __int_least16_c_suffix__)
      |         ^
<built-in>:210:9: note: previous definition is here
  210 | #define __UINT16_C(c) c
      |         ^
In file included from /Users/gjonesblackcyton/Documents/src/klausscpu-runtime/zephyr-ws/klausscpu-zephyr/drivers/timer/klausscpu_timer.c:9:
In file included from /Users/gjonesblackcyton/Documents/src/klausscpu-runtime/zephyr-ws/zephyr/include/zephyr/kernel.h:17:
In file included from /Users/gjonesblackcyton/Documents/src/klausscpu-runtime/zephyr-ws/zephyr/include/zephyr/kernel_includes.h:23:
In file included from /Users/gjonesblackcyton/Documents/src/klausscpu-runtime/zephyr-ws/zephyr/include/zephyr/toolchain.h:48:
/Users/gjonesblackcyton/Documents/src/klausscpu-runtime/zephyr-ws/zephyr/include/zephyr/toolchain/llvm.h:119:9: warning: '__INT8_C' macro redefined [-Wmacro-redefined]
  119 | #define __INT8_C(x)     int_c(x, __int_least8_c_suffix__)
      |         ^
<built-in>:179:9: note: previous definition is here
  179 | #define __INT8_C(c) c
      |         ^
In file included from /Users/gjonesblackcyton/Documents/src/klausscpu-runtime/zephyr-ws/klausscpu-zephyr/drivers/timer/klausscpu_timer.c:9:
In file included from /Users/gjonesblackcyton/Documents/src/klausscpu-runtime/zephyr-ws/zephyr/include/zephyr/kernel.h:17:
In file included from /Users/gjonesblackcyton/Documents/src/klausscpu-runtime/zephyr-ws/zephyr/include/zephyr/kernel_includes.h:23:
In file included from /Users/gjonesblackcyton/Documents/src/klausscpu-runtime/zephyr-ws/zephyr/include/zephyr/toolchain.h:48:
/Users/gjonesblackcyton/Documents/src/klausscpu-runtime/zephyr-ws/zephyr/include/zephyr/toolchain/llvm.h:120:9: warning: '__UINT8_C' macro redefined [-Wmacro-redefined]
  120 | #define __UINT8_C(x)    uint_c(x, __int_least8_c_suffix__)
      |         ^
<built-in>:201:9: note: previous definition is here
  201 | #define __UINT8_C(c) c
      |         ^
In file included from /Users/gjonesblackcyton/Documents/src/klausscpu-runtime/zephyr-ws/klausscpu-zephyr/drivers/timer/klausscpu_timer.c:9:
In file included from /Users/gjonesblackcyton/Documents/src/klausscpu-runtime/zephyr-ws/zephyr/include/zephyr/kernel.h:17:
In file included from /Users/gjonesblackcyton/Documents/src/klausscpu-runtime/zephyr-ws/zephyr/include/zephyr/kernel_includes.h:23:
In file included from /Users/gjonesblackcyton/Documents/src/klausscpu-runtime/zephyr-ws/zephyr/include/zephyr/toolchain.h:48:
/Users/gjonesblackcyton/Documents/src/klausscpu-runtime/zephyr-ws/zephyr/include/zephyr/toolchain/llvm.h:127:9: warning: '__INTMAX_C' macro redefined [-Wmacro-redefined]
  127 | #define __INTMAX_C(x)   int_c(x, __INTMAX_C_SUFFIX__)
      |         ^
<built-in>:98:9: note: previous definition is here
   98 | #define __INTMAX_C(c) c##L
      |         ^
In file included from /Users/gjonesblackcyton/Documents/src/klausscpu-runtime/zephyr-ws/klausscpu-zephyr/drivers/timer/klausscpu_timer.c:9:
In file included from /Users/gjonesblackcyton/Documents/src/klausscpu-runtime/zephyr-ws/zephyr/include/zephyr/kernel.h:17:
In file included from /Users/gjonesblackcyton/Documents/src/klausscpu-runtime/zephyr-ws/zephyr/include/zephyr/kernel_includes.h:23:
In file included from /Users/gjonesblackcyton/Documents/src/klausscpu-runtime/zephyr-ws/zephyr/include/zephyr/toolchain.h:48:
/Users/gjonesblackcyton/Documents/src/klausscpu-runtime/zephyr-ws/zephyr/include/zephyr/toolchain/llvm.h:128:9: warning: '__UINTMAX_C' macro redefined [-Wmacro-redefined]
  128 | #define __UINTMAX_C(x)  int_c(x, __UINTMAX_C_SUFFIX__)
      |         ^
<built-in>:105:9: note: previous definition is here
  105 | #define __UINTMAX_C(c) c##UL
      |         ^
6 warnings generated.
[89/346] Building C object modules/klausscpu-zephyr/drivers/serial/CMakeFiles/..__klausscpu-zephyr__drivers__serial.dir/uart_klausscpu.c.obj
In file included from /Users/gjonesblackcyton/Documents/src/klausscpu-runtime/zephyr-ws/klausscpu-zephyr/drivers/serial/uart_klausscpu.c:11:
In file included from /Users/gjonesblackcyton/Documents/src/klausscpu-runtime/zephyr-ws/zephyr/include/zephyr/kernel.h:17:
In file included from /Users/gjonesblackcyton/Documents/src/klausscpu-runtime/zephyr-ws/zephyr/include/zephyr/kernel_includes.h:23:
In file included from /Users/gjonesblackcyton/Documents/src/klausscpu-runtime/zephyr-ws/zephyr/include/zephyr/toolchain.h:48:
/Users/gjonesblackcyton/Documents/src/klausscpu-runtime/zephyr-ws/zephyr/include/zephyr/toolchain/llvm.h:102:9: warning: '__INT16_C' macro redefined [-Wmacro-redefined]
  102 | #define __INT16_C(x)    int_c(x, __int_least16_c_suffix__)
      |         ^
<built-in>:184:9: note: previous definition is here
  184 | #define __INT16_C(c) c
      |         ^
In file included from /Users/gjonesblackcyton/Documents/src/klausscpu-runtime/zephyr-ws/klausscpu-zephyr/drivers/serial/uart_klausscpu.c:11:
In file included from /Users/gjonesblackcyton/Documents/src/klausscpu-runtime/zephyr-ws/zephyr/include/zephyr/kernel.h:17:
In file included from /Users/gjonesblackcyton/Documents/src/klausscpu-runtime/zephyr-ws/zephyr/include/zephyr/kernel_includes.h:23:
In file included from /Users/gjonesblackcyton/Documents/src/klausscpu-runtime/zephyr-ws/zephyr/include/zephyr/toolchain.h:48:
/Users/gjonesblackcyton/Documents/src/klausscpu-runtime/zephyr-ws/zephyr/include/zephyr/toolchain/llvm.h:103:9: warning: '__UINT16_C' macro redefined [-Wmacro-redefined]
  103 | #define __UINT16_C(x)   uint_c(x, __int_least16_c_suffix__)
      |         ^
<built-in>:210:9: note: previous definition is here
  210 | #define __UINT16_C(c) c
      |         ^
In file included from /Users/gjonesblackcyton/Documents/src/klausscpu-runtime/zephyr-ws/klausscpu-zephyr/drivers/serial/uart_klausscpu.c:11:
In file included from /Users/gjonesblackcyton/Documents/src/klausscpu-runtime/zephyr-ws/zephyr/include/zephyr/kernel.h:17:
In file included from /Users/gjonesblackcyton/Documents/src/klausscpu-runtime/zephyr-ws/zephyr/include/zephyr/kernel_includes.h:23:
In file included from /Users/gjonesblackcyton/Documents/src/klausscpu-runtime/zephyr-ws/zephyr/include/zephyr/toolchain.h:48:
/Users/gjonesblackcyton/Documents/src/klausscpu-runtime/zephyr-ws/zephyr/include/zephyr/toolchain/llvm.h:119:9: warning: '__INT8_C' macro redefined [-Wmacro-redefined]
  119 | #define __INT8_C(x)     int_c(x, __int_least8_c_suffix__)
      |         ^
<built-in>:179:9: note: previous definition is here
  179 | #define __INT8_C(c) c
      |         ^
In file included from /Users/gjonesblackcyton/Documents/src/klausscpu-runtime/zephyr-ws/klausscpu-zephyr/drivers/serial/uart_klausscpu.c:11:
In file included from /Users/gjonesblackcyton/Documents/src/klausscpu-runtime/zephyr-ws/zephyr/include/zephyr/kernel.h:17:
In file included from /Users/gjonesblackcyton/Documents/src/klausscpu-runtime/zephyr-ws/zephyr/include/zephyr/kernel_includes.h:23:
In file included from /Users/gjonesblackcyton/Documents/src/klausscpu-runtime/zephyr-ws/zephyr/include/zephyr/toolchain.h:48:
/Users/gjonesblackcyton/Documents/src/klausscpu-runtime/zephyr-ws/zephyr/include/zephyr/toolchain/llvm.h:120:9: warning: '__UINT8_C' macro redefined [-Wmacro-redefined]
  120 | #define __UINT8_C(x)    uint_c(x, __int_least8_c_suffix__)
      |         ^
<built-in>:201:9: note: previous definition is here
  201 | #define __UINT8_C(c) c
      |         ^
In file included from /Users/gjonesblackcyton/Documents/src/klausscpu-runtime/zephyr-ws/klausscpu-zephyr/drivers/serial/uart_klausscpu.c:11:
In file included from /Users/gjonesblackcyton/Documents/src/klausscpu-runtime/zephyr-ws/zephyr/include/zephyr/kernel.h:17:
In file included from /Users/gjonesblackcyton/Documents/src/klausscpu-runtime/zephyr-ws/zephyr/include/zephyr/kernel_includes.h:23:
In file included from /Users/gjonesblackcyton/Documents/src/klausscpu-runtime/zephyr-ws/zephyr/include/zephyr/toolchain.h:48:
/Users/gjonesblackcyton/Documents/src/klausscpu-runtime/zephyr-ws/zephyr/include/zephyr/toolchain/llvm.h:127:9: warning: '__INTMAX_C' macro redefined [-Wmacro-redefined]
  127 | #define __INTMAX_C(x)   int_c(x, __INTMAX_C_SUFFIX__)
      |         ^
<built-in>:98:9: note: previous definition is here
   98 | #define __INTMAX_C(c) c##L
      |         ^
In file included from /Users/gjonesblackcyton/Documents/src/klausscpu-runtime/zephyr-ws/klausscpu-zephyr/drivers/serial/uart_klausscpu.c:11:
In file included from /Users/gjonesblackcyton/Documents/src/klausscpu-runtime/zephyr-ws/zephyr/include/zephyr/kernel.h:17:
In file included from /Users/gjonesblackcyton/Documents/src/klausscpu-runtime/zephyr-ws/zephyr/include/zephyr/kernel_includes.h:23:
In file included from /Users/gjonesblackcyton/Documents/src/klausscpu-runtime/zephyr-ws/zephyr/include/zephyr/toolchain.h:48:
/Users/gjonesblackcyton/Documents/src/klausscpu-runtime/zephyr-ws/zephyr/include/zephyr/toolchain/llvm.h:128:9: warning: '__UINTMAX_C' macro redefined [-Wmacro-redefined]
  128 | #define __UINTMAX_C(x)  int_c(x, __UINTMAX_C_SUFFIX__)
      |         ^
<built-in>:105:9: note: previous definition is here
  105 | #define __UINTMAX_C(c) c##UL
      |         ^
6 warnings generated.
[90/346] Building C object modules/klausscpu-zephyr/vnc/CMakeFiles/..__klausscpu-zephyr__vnc.dir/display_vnc.c.obj
In file included from /Users/gjonesblackcyton/Documents/src/klausscpu-runtime/zephyr-ws/klausscpu-zephyr/vnc/display_vnc.c:12:
In file included from /Users/gjonesblackcyton/Documents/src/klausscpu-runtime/zephyr-ws/zephyr/include/zephyr/drivers/display.h:24:
In file included from /Users/gjonesblackcyton/Documents/src/klausscpu-runtime/zephyr-ws/zephyr/include/zephyr/device.h:12:
In file included from /Users/gjonesblackcyton/Documents/src/klausscpu-runtime/zephyr-ws/zephyr/include/zephyr/devicetree.h:20:
In file included from /Users/gjonesblackcyton/Documents/src/klausscpu-runtime/zephyr-ws/zephyr/include/zephyr/irq_multilevel.h:15:
In file included from /Users/gjonesblackcyton/Documents/src/klausscpu-runtime/zephyr-ws/zephyr/include/zephyr/sys/__assert.h:11:
In file included from /Users/gjonesblackcyton/Documents/src/klausscpu-runtime/zephyr-ws/zephyr/include/zephyr/toolchain.h:48:
/Users/gjonesblackcyton/Documents/src/klausscpu-runtime/zephyr-ws/zephyr/include/zephyr/toolchain/llvm.h:102:9: warning: '__INT16_C' macro redefined [-Wmacro-redefined]
  102 | #define __INT16_C(x)    int_c(x, __int_least16_c_suffix__)
      |         ^
<built-in>:184:9: note: previous definition is here
  184 | #define __INT16_C(c) c
      |         ^
In file included from /Users/gjonesblackcyton/Documents/src/klausscpu-runtime/zephyr-ws/klausscpu-zephyr/vnc/display_vnc.c:12:
In file included from /Users/gjonesblackcyton/Documents/src/klausscpu-runtime/zephyr-ws/zephyr/include/zephyr/drivers/display.h:24:
In file included from /Users/gjonesblackcyton/Documents/src/klausscpu-runtime/zephyr-ws/zephyr/include/zephyr/device.h:12:
In file included from /Users/gjonesblackcyton/Documents/src/klausscpu-runtime/zephyr-ws/zephyr/include/zephyr/devicetree.h:20:
In file included from /Users/gjonesblackcyton/Documents/src/klausscpu-runtime/zephyr-ws/zephyr/include/zephyr/irq_multilevel.h:15:
In file included from /Users/gjonesblackcyton/Documents/src/klausscpu-runtime/zephyr-ws/zephyr/include/zephyr/sys/__assert.h:11:
In file included from /Users/gjonesblackcyton/Documents/src/klausscpu-runtime/zephyr-ws/zephyr/include/zephyr/toolchain.h:48:
/Users/gjonesblackcyton/Documents/src/klausscpu-runtime/zephyr-ws/zephyr/include/zephyr/toolchain/llvm.h:103:9: warning: '__UINT16_C' macro redefined [-Wmacro-redefined]
  103 | #define __UINT16_C(x)   uint_c(x, __int_least16_c_suffix__)
      |         ^
<built-in>:210:9: note: previous definition is here
  210 | #define __UINT16_C(c) c
      |         ^
In file included from /Users/gjonesblackcyton/Documents/src/klausscpu-runtime/zephyr-ws/klausscpu-zephyr/vnc/display_vnc.c:12:
In file included from /Users/gjonesblackcyton/Documents/src/klausscpu-runtime/zephyr-ws/zephyr/include/zephyr/drivers/display.h:24:
In file included from /Users/gjonesblackcyton/Documents/src/klausscpu-runtime/zephyr-ws/zephyr/include/zephyr/device.h:12:
In file included from /Users/gjonesblackcyton/Documents/src/klausscpu-runtime/zephyr-ws/zephyr/include/zephyr/devicetree.h:20:
In file included from /Users/gjonesblackcyton/Documents/src/klausscpu-runtime/zephyr-ws/zephyr/include/zephyr/irq_multilevel.h:15:
In file included from /Users/gjonesblackcyton/Documents/src/klausscpu-runtime/zephyr-ws/zephyr/include/zephyr/sys/__assert.h:11:
In file included from /Users/gjonesblackcyton/Documents/src/klausscpu-runtime/zephyr-ws/zephyr/include/zephyr/toolchain.h:48:
/Users/gjonesblackcyton/Documents/src/klausscpu-runtime/zephyr-ws/zephyr/include/zephyr/toolchain/llvm.h:119:9: warning: '__INT8_C' macro redefined [-Wmacro-redefined]
  119 | #define __INT8_C(x)     int_c(x, __int_least8_c_suffix__)
      |         ^
<built-in>:179:9: note: previous definition is here
  179 | #define __INT8_C(c) c
      |         ^
In file included from /Users/gjonesblackcyton/Documents/src/klausscpu-runtime/zephyr-ws/klausscpu-zephyr/vnc/display_vnc.c:12:
In file included from /Users/gjonesblackcyton/Documents/src/klausscpu-runtime/zephyr-ws/zephyr/include/zephyr/drivers/display.h:24:
In file included from /Users/gjonesblackcyton/Documents/src/klausscpu-runtime/zephyr-ws/zephyr/include/zephyr/device.h:12:
In file included from /Users/gjonesblackcyton/Documents/src/klausscpu-runtime/zephyr-ws/zephyr/include/zephyr/devicetree.h:20:
In file included from /Users/gjonesblackcyton/Documents/src/klausscpu-runtime/zephyr-ws/zephyr/include/zephyr/irq_multilevel.h:15:
In file included from /Users/gjonesblackcyton/Documents/src/klausscpu-runtime/zephyr-ws/zephyr/include/zephyr/sys/__assert.h:11:
In file included from /Users/gjonesblackcyton/Documents/src/klausscpu-runtime/zephyr-ws/zephyr/include/zephyr/toolchain.h:48:
/Users/gjonesblackcyton/Documents/src/klausscpu-runtime/zephyr-ws/zephyr/include/zephyr/toolchain/llvm.h:120:9: warning: '__UINT8_C' macro redefined [-Wmacro-redefined]
  120 | #define __UINT8_C(x)    uint_c(x, __int_least8_c_suffix__)
      |         ^
<built-in>:201:9: note: previous definition is here
  201 | #define __UINT8_C(c) c
      |         ^
In file included from /Users/gjonesblackcyton/Documents/src/klausscpu-runtime/zephyr-ws/klausscpu-zephyr/vnc/display_vnc.c:12:
In file included from /Users/gjonesblackcyton/Documents/src/klausscpu-runtime/zephyr-ws/zephyr/include/zephyr/drivers/display.h:24:
In file included from /Users/gjonesblackcyton/Documents/src/klausscpu-runtime/zephyr-ws/zephyr/include/zephyr/device.h:12:
In file included from /Users/gjonesblackcyton/Documents/src/klausscpu-runtime/zephyr-ws/zephyr/include/zephyr/devicetree.h:20:
In file included from /Users/gjonesblackcyton/Documents/src/klausscpu-runtime/zephyr-ws/zephyr/include/zephyr/irq_multilevel.h:15:
In file included from /Users/gjonesblackcyton/Documents/src/klausscpu-runtime/zephyr-ws/zephyr/include/zephyr/sys/__assert.h:11:
In file included from /Users/gjonesblackcyton/Documents/src/klausscpu-runtime/zephyr-ws/zephyr/include/zephyr/toolchain.h:48:
/Users/gjonesblackcyton/Documents/src/klausscpu-runtime/zephyr-ws/zephyr/include/zephyr/toolchain/llvm.h:127:9: warning: '__INTMAX_C' macro redefined [-Wmacro-redefined]
  127 | #define __INTMAX_C(x)   int_c(x, __INTMAX_C_SUFFIX__)
      |         ^
<built-in>:98:9: note: previous definition is here
   98 | #define __INTMAX_C(c) c##L
      |         ^
In file included from /Users/gjonesblackcyton/Documents/src/klausscpu-runtime/zephyr-ws/klausscpu-zephyr/vnc/display_vnc.c:12:
In file included from /Users/gjonesblackcyton/Documents/src/klausscpu-runtime/zephyr-ws/zephyr/include/zephyr/drivers/display.h:24:
In file included from /Users/gjonesblackcyton/Documents/src/klausscpu-runtime/zephyr-ws/zephyr/include/zephyr/device.h:12:
In file included from /Users/gjonesblackcyton/Documents/src/klausscpu-runtime/zephyr-ws/zephyr/include/zephyr/devicetree.h:20:
In file included from /Users/gjonesblackcyton/Documents/src/klausscpu-runtime/zephyr-ws/zephyr/include/zephyr/irq_multilevel.h:15:
In file included from /Users/gjonesblackcyton/Documents/src/klausscpu-runtime/zephyr-ws/zephyr/include/zephyr/sys/__assert.h:11:
In file included from /Users/gjonesblackcyton/Documents/src/klausscpu-runtime/zephyr-ws/zephyr/include/zephyr/toolchain.h:48:
/Users/gjonesblackcyton/Documents/src/klausscpu-runtime/zephyr-ws/zephyr/include/zephyr/toolchain/llvm.h:128:9: warning: '__UINTMAX_C' macro redefined [-Wmacro-redefined]
  128 | #define __UINTMAX_C(x)  int_c(x, __UINTMAX_C_SUFFIX__)
      |         ^
<built-in>:105:9: note: previous definition is here
  105 | #define __UINTMAX_C(c) c##UL
      |         ^
6 warnings generated.
[91/346] Building C object modules/klausscpu-zephyr/vnc/CMakeFiles/..__klausscpu-zephyr__vnc.dir/framebuffer.c.obj
In file included from /Users/gjonesblackcyton/Documents/src/klausscpu-runtime/zephyr-ws/klausscpu-zephyr/vnc/framebuffer.c:6:
In file included from /Users/gjonesblackcyton/Documents/src/klausscpu-runtime/zephyr-ws/zephyr/include/zephyr/kernel.h:17:
In file included from /Users/gjonesblackcyton/Documents/src/klausscpu-runtime/zephyr-ws/zephyr/include/zephyr/kernel_includes.h:23:
In file included from /Users/gjonesblackcyton/Documents/src/klausscpu-runtime/zephyr-ws/zephyr/include/zephyr/toolchain.h:48:
/Users/gjonesblackcyton/Documents/src/klausscpu-runtime/zephyr-ws/zephyr/include/zephyr/toolchain/llvm.h:102:9: warning: '__INT16_C' macro redefined [-Wmacro-redefined]
  102 | #define __INT16_C(x)    int_c(x, __int_least16_c_suffix__)
      |         ^
<built-in>:184:9: note: previous definition is here
  184 | #define __INT16_C(c) c
      |         ^
In file included from /Users/gjonesblackcyton/Documents/src/klausscpu-runtime/zephyr-ws/klausscpu-zephyr/vnc/framebuffer.c:6:
In file included from /Users/gjonesblackcyton/Documents/src/klausscpu-runtime/zephyr-ws/zephyr/include/zephyr/kernel.h:17:
In file included from /Users/gjonesblackcyton/Documents/src/klausscpu-runtime/zephyr-ws/zephyr/include/zephyr/kernel_includes.h:23:
In file included from /Users/gjonesblackcyton/Documents/src/klausscpu-runtime/zephyr-ws/zephyr/include/zephyr/toolchain.h:48:
/Users/gjonesblackcyton/Documents/src/klausscpu-runtime/zephyr-ws/zephyr/include/zephyr/toolchain/llvm.h:103:9: warning: '__UINT16_C' macro redefined [-Wmacro-redefined]
  103 | #define __UINT16_C(x)   uint_c(x, __int_least16_c_suffix__)
      |         ^
<built-in>:210:9: note: previous definition is here
  210 | #define __UINT16_C(c) c
      |         ^
In file included from /Users/gjonesblackcyton/Documents/src/klausscpu-runtime/zephyr-ws/klausscpu-zephyr/vnc/framebuffer.c:6:
In file included from /Users/gjonesblackcyton/Documents/src/klausscpu-runtime/zephyr-ws/zephyr/include/zephyr/kernel.h:17:
In file included from /Users/gjonesblackcyton/Documents/src/klausscpu-runtime/zephyr-ws/zephyr/include/zephyr/kernel_includes.h:23:
In file included from /Users/gjonesblackcyton/Documents/src/klausscpu-runtime/zephyr-ws/zephyr/include/zephyr/toolchain.h:48:
/Users/gjonesblackcyton/Documents/src/klausscpu-runtime/zephyr-ws/zephyr/include/zephyr/toolchain/llvm.h:119:9: warning: '__INT8_C' macro redefined [-Wmacro-redefined]
  119 | #define __INT8_C(x)     int_c(x, __int_least8_c_suffix__)
      |         ^
<built-in>:179:9: note: previous definition is here
  179 | #define __INT8_C(c) c
      |         ^
In file included from /Users/gjonesblackcyton/Documents/src/klausscpu-runtime/zephyr-ws/klausscpu-zephyr/vnc/framebuffer.c:6:
In file included from /Users/gjonesblackcyton/Documents/src/klausscpu-runtime/zephyr-ws/zephyr/include/zephyr/kernel.h:17:
In file included from /Users/gjonesblackcyton/Documents/src/klausscpu-runtime/zephyr-ws/zephyr/include/zephyr/kernel_includes.h:23:
In file included from /Users/gjonesblackcyton/Documents/src/klausscpu-runtime/zephyr-ws/zephyr/include/zephyr/toolchain.h:48:
/Users/gjonesblackcyton/Documents/src/klausscpu-runtime/zephyr-ws/zephyr/include/zephyr/toolchain/llvm.h:120:9: warning: '__UINT8_C' macro redefined [-Wmacro-redefined]
  120 | #define __UINT8_C(x)    uint_c(x, __int_least8_c_suffix__)
      |         ^
<built-in>:201:9: note: previous definition is here
  201 | #define __UINT8_C(c) c
      |         ^
In file included from /Users/gjonesblackcyton/Documents/src/klausscpu-runtime/zephyr-ws/klausscpu-zephyr/vnc/framebuffer.c:6:
In file included from /Users/gjonesblackcyton/Documents/src/klausscpu-runtime/zephyr-ws/zephyr/include/zephyr/kernel.h:17:
In file included from /Users/gjonesblackcyton/Documents/src/klausscpu-runtime/zephyr-ws/zephyr/include/zephyr/kernel_includes.h:23:
In file included from /Users/gjonesblackcyton/Documents/src/klausscpu-runtime/zephyr-ws/zephyr/include/zephyr/toolchain.h:48:
/Users/gjonesblackcyton/Documents/src/klausscpu-runtime/zephyr-ws/zephyr/include/zephyr/toolchain/llvm.h:127:9: warning: '__INTMAX_C' macro redefined [-Wmacro-redefined]
  127 | #define __INTMAX_C(x)   int_c(x, __INTMAX_C_SUFFIX__)
      |         ^
<built-in>:98:9: note: previous definition is here
   98 | #define __INTMAX_C(c) c##L
      |         ^
In file included from /Users/gjonesblackcyton/Documents/src/klausscpu-runtime/zephyr-ws/klausscpu-zephyr/vnc/framebuffer.c:6:
In file included from /Users/gjonesblackcyton/Documents/src/klausscpu-runtime/zephyr-ws/zephyr/include/zephyr/kernel.h:17:
In file included from /Users/gjonesblackcyton/Documents/src/klausscpu-runtime/zephyr-ws/zephyr/include/zephyr/kernel_includes.h:23:
In file included from /Users/gjonesblackcyton/Documents/src/klausscpu-runtime/zephyr-ws/zephyr/include/zephyr/toolchain.h:48:
/Users/gjonesblackcyton/Documents/src/klausscpu-runtime/zephyr-ws/zephyr/include/zephyr/toolchain/llvm.h:128:9: warning: '__UINTMAX_C' macro redefined [-Wmacro-redefined]
  128 | #define __UINTMAX_C(x)  int_c(x, __UINTMAX_C_SUFFIX__)
      |         ^
<built-in>:105:9: note: previous definition is here
  105 | #define __UINTMAX_C(c) c##UL
      |         ^
6 warnings generated.
[92/346] Building C object modules/lvgl/CMakeFiles/modules__lvgl.dir/Users/gjonesblackcyton/Documents/src/klausscpu-runtime/zephyr-ws/modules/lib/gui/lvgl/src/core/lv_disp.c.obj
[93/346] Building C object zephyr/subsys/net/lib/dhcpv4/CMakeFiles/subsys__net__lib__dhcpv4.dir/dhcpv4.c.obj
In file included from /Users/gjonesblackcyton/Documents/src/klausscpu-runtime/zephyr-ws/zephyr/subsys/net/lib/dhcpv4/dhcpv4.c:13:
In file included from /Users/gjonesblackcyton/Documents/src/klausscpu-runtime/zephyr-ws/zephyr/include/zephyr/logging/log.h:10:
In file included from /Users/gjonesblackcyton/Documents/src/klausscpu-runtime/zephyr-ws/zephyr/include/zephyr/logging/log_instance.h:10:
In file included from /Users/gjonesblackcyton/Documents/src/klausscpu-runtime/zephyr-ws/zephyr/include/zephyr/sys/iterable_sections.h:10:
In file included from /Users/gjonesblackcyton/Documents/src/klausscpu-runtime/zephyr-ws/zephyr/include/zephyr/sys/__assert.h:11:
In file included from /Users/gjonesblackcyton/Documents/src/klausscpu-runtime/zephyr-ws/zephyr/include/zephyr/toolchain.h:48:
/Users/gjonesblackcyton/Documents/src/klausscpu-runtime/zephyr-ws/zephyr/include/zephyr/toolchain/llvm.h:102:9: warning: '__INT16_C' macro redefined [-Wmacro-redefined]
  102 | #define __INT16_C(x)    int_c(x, __int_least16_c_suffix__)
      |         ^
<built-in>:184:9: note: previous definition is here
  184 | #define __INT16_C(c) c
      |         ^
In file included from /Users/gjonesblackcyton/Documents/src/klausscpu-runtime/zephyr-ws/zephyr/subsys/net/lib/dhcpv4/dhcpv4.c:13:
In file included from /Users/gjonesblackcyton/Documents/src/klausscpu-runtime/zephyr-ws/zephyr/include/zephyr/logging/log.h:10:
In file included from /Users/gjonesblackcyton/Documents/src/klausscpu-runtime/zephyr-ws/zephyr/include/zephyr/logging/log_instance.h:10:
In file included from /Users/gjonesblackcyton/Documents/src/klausscpu-runtime/zephyr-ws/zephyr/include/zephyr/sys/iterable_sections.h:10:
In file included from /Users/gjonesblackcyton/Documents/src/klausscpu-runtime/zephyr-ws/zephyr/include/zephyr/sys/__assert.h:11:
In file included from /Users/gjonesblackcyton/Documents/src/klausscpu-runtime/zephyr-ws/zephyr/include/zephyr/toolchain.h:48:
/Users/gjonesblackcyton/Documents/src/klausscpu-runtime/zephyr-ws/zephyr/include/zephyr/toolchain/llvm.h:103:9: warning: '__UINT16_C' macro redefined [-Wmacro-redefined]
  103 | #define __UINT16_C(x)   uint_c(x, __int_least16_c_suffix__)
      |         ^
<built-in>:210:9: note: previous definition is here
  210 | #define __UINT16_C(c) c
      |         ^
In file included from /Users/gjonesblackcyton/Documents/src/klausscpu-runtime/zephyr-ws/zephyr/subsys/net/lib/dhcpv4/dhcpv4.c:13:
In file included from /Users/gjonesblackcyton/Documents/src/klausscpu-runtime/zephyr-ws/zephyr/include/zephyr/logging/log.h:10:
In file included from /Users/gjonesblackcyton/Documents/src/klausscpu-runtime/zephyr-ws/zephyr/include/zephyr/logging/log_instance.h:10:
In file included from /Users/gjonesblackcyton/Documents/src/klausscpu-runtime/zephyr-ws/zephyr/include/zephyr/sys/iterable_sections.h:10:
In file included from /Users/gjonesblackcyton/Documents/src/klausscpu-runtime/zephyr-ws/zephyr/include/zephyr/sys/__assert.h:11:
In file included from /Users/gjonesblackcyton/Documents/src/klausscpu-runtime/zephyr-ws/zephyr/include/zephyr/toolchain.h:48:
/Users/gjonesblackcyton/Documents/src/klausscpu-runtime/zephyr-ws/zephyr/include/zephyr/toolchain/llvm.h:119:9: warning: '__INT8_C' macro redefined [-Wmacro-redefined]
  119 | #define __INT8_C(x)     int_c(x, __int_least8_c_suffix__)
      |         ^
<built-in>:179:9: note: previous definition is here
  179 | #define __INT8_C(c) c
      |         ^
In file included from /Users/gjonesblackcyton/Documents/src/klausscpu-runtime/zephyr-ws/zephyr/subsys/net/lib/dhcpv4/dhcpv4.c:13:
In file included from /Users/gjonesblackcyton/Documents/src/klausscpu-runtime/zephyr-ws/zephyr/include/zephyr/logging/log.h:10:
In file included from /Users/gjonesblackcyton/Documents/src/klausscpu-runtime/zephyr-ws/zephyr/include/zephyr/logging/log_instance.h:10:
In file included from /Users/gjonesblackcyton/Documents/src/klausscpu-runtime/zephyr-ws/zephyr/include/zephyr/sys/iterable_sections.h:10:
In file included from /Users/gjonesblackcyton/Documents/src/klausscpu-runtime/zephyr-ws/zephyr/include/zephyr/sys/__assert.h:11:
In file included from /Users/gjonesblackcyton/Documents/src/klausscpu-runtime/zephyr-ws/zephyr/include/zephyr/toolchain.h:48:
/Users/gjonesblackcyton/Documents/src/klausscpu-runtime/zephyr-ws/zephyr/include/zephyr/toolchain/llvm.h:120:9: warning: '__UINT8_C' macro redefined [-Wmacro-redefined]
  120 | #define __UINT8_C(x)    uint_c(x, __int_least8_c_suffix__)
      |         ^
<built-in>:201:9: note: previous definition is here
  201 | #define __UINT8_C(c) c
      |         ^
In file included from /Users/gjonesblackcyton/Documents/src/klausscpu-runtime/zephyr-ws/zephyr/subsys/net/lib/dhcpv4/dhcpv4.c:13:
In file included from /Users/gjonesblackcyton/Documents/src/klausscpu-runtime/zephyr-ws/zephyr/include/zephyr/logging/log.h:10:
In file included from /Users/gjonesblackcyton/Documents/src/klausscpu-runtime/zephyr-ws/zephyr/include/zephyr/logging/log_instance.h:10:
In file included from /Users/gjonesblackcyton/Documents/src/klausscpu-runtime/zephyr-ws/zephyr/include/zephyr/sys/iterable_sections.h:10:
In file included from /Users/gjonesblackcyton/Documents/src/klausscpu-runtime/zephyr-ws/zephyr/include/zephyr/sys/__assert.h:11:
In file included from /Users/gjonesblackcyton/Documents/src/klausscpu-runtime/zephyr-ws/zephyr/include/zephyr/toolchain.h:48:
/Users/gjonesblackcyton/Documents/src/klausscpu-runtime/zephyr-ws/zephyr/include/zephyr/toolchain/llvm.h:127:9: warning: '__INTMAX_C' macro redefined [-Wmacro-redefined]
  127 | #define __INTMAX_C(x)   int_c(x, __INTMAX_C_SUFFIX__)
      |         ^
<built-in>:98:9: note: previous definition is here
   98 | #define __INTMAX_C(c) c##L
      |         ^
In file included from /Users/gjonesblackcyton/Documents/src/klausscpu-runtime/zephyr-ws/zephyr/subsys/net/lib/dhcpv4/dhcpv4.c:13:
In file included from /Users/gjonesblackcyton/Documents/src/klausscpu-runtime/zephyr-ws/zephyr/include/zephyr/logging/log.h:10:
In file included from /Users/gjonesblackcyton/Documents/src/klausscpu-runtime/zephyr-ws/zephyr/include/zephyr/logging/log_instance.h:10:
In file included from /Users/gjonesblackcyton/Documents/src/klausscpu-runtime/zephyr-ws/zephyr/include/zephyr/sys/iterable_sections.h:10:
In file included from /Users/gjonesblackcyton/Documents/src/klausscpu-runtime/zephyr-ws/zephyr/include/zephyr/sys/__assert.h:11:
In file included from /Users/gjonesblackcyton/Documents/src/klausscpu-runtime/zephyr-ws/zephyr/include/zephyr/toolchain.h:48:
/Users/gjonesblackcyton/Documents/src/klausscpu-runtime/zephyr-ws/zephyr/include/zephyr/toolchain/llvm.h:128:9: warning: '__UINTMAX_C' macro redefined [-Wmacro-redefined]
  128 | #define __UINTMAX_C(x)  int_c(x, __UINTMAX_C_SUFFIX__)
      |         ^
<built-in>:105:9: note: previous definition is here
  105 | #define __UINTMAX_C(c) c##UL
      |         ^
/Users/gjonesblackcyton/Documents/src/klausscpu-runtime/zephyr-ws/zephyr/subsys/net/lib/dhcpv4/dhcpv4.c:1855:28: warning: variable 'local_addr' is uninitialized when passed as a const pointer argument here [-Wuninitialized-const-pointer]
 1855 |         net_ipaddr_copy(&net_sin(&local_addr)->sin_addr,
      |                                   ^~~~~~~~~~
7 warnings generated.
[94/346] Building C object modules/lvgl/CMakeFiles/modules__lvgl.dir/Users/gjonesblackcyton/Documents/src/klausscpu-runtime/zephyr-ws/modules/lib/gui/lvgl/src/core/lv_group.c.obj
[95/346] Building C object modules/lvgl/CMakeFiles/modules__lvgl.dir/Users/gjonesblackcyton/Documents/src/klausscpu-runtime/zephyr-ws/modules/lib/gui/lvgl/src/core/lv_event.c.obj
[96/346] Building C object modules/klausscpu-zephyr/drivers/ethernet/CMakeFiles/..__klausscpu-zephyr__drivers__ethernet.dir/eth_klausscpu.c.obj
In file included from /Users/gjonesblackcyton/Documents/src/klausscpu-runtime/zephyr-ws/klausscpu-zephyr/drivers/ethernet/eth_klausscpu.c:12:
In file included from /Users/gjonesblackcyton/Documents/src/klausscpu-runtime/zephyr-ws/zephyr/include/zephyr/kernel.h:17:
In file included from /Users/gjonesblackcyton/Documents/src/klausscpu-runtime/zephyr-ws/zephyr/include/zephyr/kernel_includes.h:23:
In file included from /Users/gjonesblackcyton/Documents/src/klausscpu-runtime/zephyr-ws/zephyr/include/zephyr/toolchain.h:48:
/Users/gjonesblackcyton/Documents/src/klausscpu-runtime/zephyr-ws/zephyr/include/zephyr/toolchain/llvm.h:102:9: warning: '__INT16_C' macro redefined [-Wmacro-redefined]
  102 | #define __INT16_C(x)    int_c(x, __int_least16_c_suffix__)
      |         ^
<built-in>:184:9: note: previous definition is here
  184 | #define __INT16_C(c) c
      |         ^
In file included from /Users/gjonesblackcyton/Documents/src/klausscpu-runtime/zephyr-ws/klausscpu-zephyr/drivers/ethernet/eth_klausscpu.c:12:
In file included from /Users/gjonesblackcyton/Documents/src/klausscpu-runtime/zephyr-ws/zephyr/include/zephyr/kernel.h:17:
In file included from /Users/gjonesblackcyton/Documents/src/klausscpu-runtime/zephyr-ws/zephyr/include/zephyr/kernel_includes.h:23:
In file included from /Users/gjonesblackcyton/Documents/src/klausscpu-runtime/zephyr-ws/zephyr/include/zephyr/toolchain.h:48:
/Users/gjonesblackcyton/Documents/src/klausscpu-runtime/zephyr-ws/zephyr/include/zephyr/toolchain/llvm.h:103:9: warning: '__UINT16_C' macro redefined [-Wmacro-redefined]
  103 | #define __UINT16_C(x)   uint_c(x, __int_least16_c_suffix__)
      |         ^
<built-in>:210:9: note: previous definition is here
  210 | #define __UINT16_C(c) c
      |         ^
In file included from /Users/gjonesblackcyton/Documents/src/klausscpu-runtime/zephyr-ws/klausscpu-zephyr/drivers/ethernet/eth_klausscpu.c:12:
In file included from /Users/gjonesblackcyton/Documents/src/klausscpu-runtime/zephyr-ws/zephyr/include/zephyr/kernel.h:17:
In file included from /Users/gjonesblackcyton/Documents/src/klausscpu-runtime/zephyr-ws/zephyr/include/zephyr/kernel_includes.h:23:
In file included from /Users/gjonesblackcyton/Documents/src/klausscpu-runtime/zephyr-ws/zephyr/include/zephyr/toolchain.h:48:
/Users/gjonesblackcyton/Documents/src/klausscpu-runtime/zephyr-ws/zephyr/include/zephyr/toolchain/llvm.h:119:9: warning: '__INT8_C' macro redefined [-Wmacro-redefined]
  119 | #define __INT8_C(x)     int_c(x, __int_least8_c_suffix__)
      |         ^
<built-in>:179:9: note: previous definition is here
  179 | #define __INT8_C(c) c
      |         ^
In file included from /Users/gjonesblackcyton/Documents/src/klausscpu-runtime/zephyr-ws/klausscpu-zephyr/drivers/ethernet/eth_klausscpu.c:12:
In file included from /Users/gjonesblackcyton/Documents/src/klausscpu-runtime/zephyr-ws/zephyr/include/zephyr/kernel.h:17:
In file included from /Users/gjonesblackcyton/Documents/src/klausscpu-runtime/zephyr-ws/zephyr/include/zephyr/kernel_includes.h:23:
In file included from /Users/gjonesblackcyton/Documents/src/klausscpu-runtime/zephyr-ws/zephyr/include/zephyr/toolchain.h:48:
/Users/gjonesblackcyton/Documents/src/klausscpu-runtime/zephyr-ws/zephyr/include/zephyr/toolchain/llvm.h:120:9: warning: '__UINT8_C' macro redefined [-Wmacro-redefined]
  120 | #define __UINT8_C(x)    uint_c(x, __int_least8_c_suffix__)
      |         ^
<built-in>:201:9: note: previous definition is here
  201 | #define __UINT8_C(c) c
      |         ^
In file included from /Users/gjonesblackcyton/Documents/src/klausscpu-runtime/zephyr-ws/klausscpu-zephyr/drivers/ethernet/eth_klausscpu.c:12:
In file included from /Users/gjonesblackcyton/Documents/src/klausscpu-runtime/zephyr-ws/zephyr/include/zephyr/kernel.h:17:
In file included from /Users/gjonesblackcyton/Documents/src/klausscpu-runtime/zephyr-ws/zephyr/include/zephyr/kernel_includes.h:23:
In file included from /Users/gjonesblackcyton/Documents/src/klausscpu-runtime/zephyr-ws/zephyr/include/zephyr/toolchain.h:48:
/Users/gjonesblackcyton/Documents/src/klausscpu-runtime/zephyr-ws/zephyr/include/zephyr/toolchain/llvm.h:127:9: warning: '__INTMAX_C' macro redefined [-Wmacro-redefined]
  127 | #define __INTMAX_C(x)   int_c(x, __INTMAX_C_SUFFIX__)
      |         ^
<built-in>:98:9: note: previous definition is here
   98 | #define __INTMAX_C(c) c##L
      |         ^
In file included from /Users/gjonesblackcyton/Documents/src/klausscpu-runtime/zephyr-ws/klausscpu-zephyr/drivers/ethernet/eth_klausscpu.c:12:
In file included from /Users/gjonesblackcyton/Documents/src/klausscpu-runtime/zephyr-ws/zephyr/include/zephyr/kernel.h:17:
In file included from /Users/gjonesblackcyton/Documents/src/klausscpu-runtime/zephyr-ws/zephyr/include/zephyr/kernel_includes.h:23:
In file included from /Users/gjonesblackcyton/Documents/src/klausscpu-runtime/zephyr-ws/zephyr/include/zephyr/toolchain.h:48:
/Users/gjonesblackcyton/Documents/src/klausscpu-runtime/zephyr-ws/zephyr/include/zephyr/toolchain/llvm.h:128:9: warning: '__UINTMAX_C' macro redefined [-Wmacro-redefined]
  128 | #define __UINTMAX_C(x)  int_c(x, __UINTMAX_C_SUFFIX__)
      |         ^
<built-in>:105:9: note: previous definition is here
  105 | #define __UINTMAX_C(c) c##UL
      |         ^
6 warnings generated.
[97/346] Building C object modules/klausscpu-zephyr/vnc/CMakeFiles/..__klausscpu-zephyr__vnc.dir/vnc_server.c.obj
In file included from /Users/gjonesblackcyton/Documents/src/klausscpu-runtime/zephyr-ws/klausscpu-zephyr/vnc/vnc_server.c:26:
In file included from /Users/gjonesblackcyton/Documents/src/klausscpu-runtime/zephyr-ws/zephyr/include/zephyr/kernel.h:17:
In file included from /Users/gjonesblackcyton/Documents/src/klausscpu-runtime/zephyr-ws/zephyr/include/zephyr/kernel_includes.h:23:
In file included from /Users/gjonesblackcyton/Documents/src/klausscpu-runtime/zephyr-ws/zephyr/include/zephyr/toolchain.h:48:
/Users/gjonesblackcyton/Documents/src/klausscpu-runtime/zephyr-ws/zephyr/include/zephyr/toolchain/llvm.h:102:9: warning: '__INT16_C' macro redefined [-Wmacro-redefined]
  102 | #define __INT16_C(x)    int_c(x, __int_least16_c_suffix__)
      |         ^
<built-in>:184:9: note: previous definition is here
  184 | #define __INT16_C(c) c
      |         ^
In file included from /Users/gjonesblackcyton/Documents/src/klausscpu-runtime/zephyr-ws/klausscpu-zephyr/vnc/vnc_server.c:26:
In file included from /Users/gjonesblackcyton/Documents/src/klausscpu-runtime/zephyr-ws/zephyr/include/zephyr/kernel.h:17:
In file included from /Users/gjonesblackcyton/Documents/src/klausscpu-runtime/zephyr-ws/zephyr/include/zephyr/kernel_includes.h:23:
In file included from /Users/gjonesblackcyton/Documents/src/klausscpu-runtime/zephyr-ws/zephyr/include/zephyr/toolchain.h:48:
/Users/gjonesblackcyton/Documents/src/klausscpu-runtime/zephyr-ws/zephyr/include/zephyr/toolchain/llvm.h:103:9: warning: '__UINT16_C' macro redefined [-Wmacro-redefined]
  103 | #define __UINT16_C(x)   uint_c(x, __int_least16_c_suffix__)
      |         ^
<built-in>:210:9: note: previous definition is here
  210 | #define __UINT16_C(c) c
      |         ^
In file included from /Users/gjonesblackcyton/Documents/src/klausscpu-runtime/zephyr-ws/klausscpu-zephyr/vnc/vnc_server.c:26:
In file included from /Users/gjonesblackcyton/Documents/src/klausscpu-runtime/zephyr-ws/zephyr/include/zephyr/kernel.h:17:
In file included from /Users/gjonesblackcyton/Documents/src/klausscpu-runtime/zephyr-ws/zephyr/include/zephyr/kernel_includes.h:23:
In file included from /Users/gjonesblackcyton/Documents/src/klausscpu-runtime/zephyr-ws/zephyr/include/zephyr/toolchain.h:48:
/Users/gjonesblackcyton/Documents/src/klausscpu-runtime/zephyr-ws/zephyr/include/zephyr/toolchain/llvm.h:119:9: warning: '__INT8_C' macro redefined [-Wmacro-redefined]
  119 | #define __INT8_C(x)     int_c(x, __int_least8_c_suffix__)
      |         ^
<built-in>:179:9: note: previous definition is here
  179 | #define __INT8_C(c) c
      |         ^
In file included from /Users/gjonesblackcyton/Documents/src/klausscpu-runtime/zephyr-ws/klausscpu-zephyr/vnc/vnc_server.c:26:
In file included from /Users/gjonesblackcyton/Documents/src/klausscpu-runtime/zephyr-ws/zephyr/include/zephyr/kernel.h:17:
In file included from /Users/gjonesblackcyton/Documents/src/klausscpu-runtime/zephyr-ws/zephyr/include/zephyr/kernel_includes.h:23:
In file included from /Users/gjonesblackcyton/Documents/src/klausscpu-runtime/zephyr-ws/zephyr/include/zephyr/toolchain.h:48:
/Users/gjonesblackcyton/Documents/src/klausscpu-runtime/zephyr-ws/zephyr/include/zephyr/toolchain/llvm.h:120:9: warning: '__UINT8_C' macro redefined [-Wmacro-redefined]
  120 | #define __UINT8_C(x)    uint_c(x, __int_least8_c_suffix__)
      |         ^
<built-in>:201:9: note: previous definition is here
  201 | #define __UINT8_C(c) c
      |         ^
In file included from /Users/gjonesblackcyton/Documents/src/klausscpu-runtime/zephyr-ws/klausscpu-zephyr/vnc/vnc_server.c:26:
In file included from /Users/gjonesblackcyton/Documents/src/klausscpu-runtime/zephyr-ws/zephyr/include/zephyr/kernel.h:17:
In file included from /Users/gjonesblackcyton/Documents/src/klausscpu-runtime/zephyr-ws/zephyr/include/zephyr/kernel_includes.h:23:
In file included from /Users/gjonesblackcyton/Documents/src/klausscpu-runtime/zephyr-ws/zephyr/include/zephyr/toolchain.h:48:
/Users/gjonesblackcyton/Documents/src/klausscpu-runtime/zephyr-ws/zephyr/include/zephyr/toolchain/llvm.h:127:9: warning: '__INTMAX_C' macro redefined [-Wmacro-redefined]
  127 | #define __INTMAX_C(x)   int_c(x, __INTMAX_C_SUFFIX__)
      |         ^
<built-in>:98:9: note: previous definition is here
   98 | #define __INTMAX_C(c) c##L
      |         ^
In file included from /Users/gjonesblackcyton/Documents/src/klausscpu-runtime/zephyr-ws/klausscpu-zephyr/vnc/vnc_server.c:26:
In file included from /Users/gjonesblackcyton/Documents/src/klausscpu-runtime/zephyr-ws/zephyr/include/zephyr/kernel.h:17:
In file included from /Users/gjonesblackcyton/Documents/src/klausscpu-runtime/zephyr-ws/zephyr/include/zephyr/kernel_includes.h:23:
In file included from /Users/gjonesblackcyton/Documents/src/klausscpu-runtime/zephyr-ws/zephyr/include/zephyr/toolchain.h:48:
/Users/gjonesblackcyton/Documents/src/klausscpu-runtime/zephyr-ws/zephyr/include/zephyr/toolchain/llvm.h:128:9: warning: '__UINTMAX_C' macro redefined [-Wmacro-redefined]
  128 | #define __UINTMAX_C(x)  int_c(x, __UINTMAX_C_SUFFIX__)
      |         ^
<built-in>:105:9: note: previous definition is here
  105 | #define __UINTMAX_C(c) c##UL
      |         ^
6 warnings generated.
[98/346] Building C object modules/lvgl/CMakeFiles/modules__lvgl.dir/Users/gjonesblackcyton/Documents/src/klausscpu-runtime/zephyr-ws/modules/lib/gui/lvgl/src/core/lv_indev_scroll.c.obj
[99/346] Building C object modules/lvgl/CMakeFiles/modules__lvgl.dir/Users/gjonesblackcyton/Documents/src/klausscpu-runtime/zephyr-ws/modules/lib/gui/lvgl/src/core/lv_obj_class.c.obj
[100/346] Building C object modules/lvgl/CMakeFiles/modules__lvgl.dir/Users/gjonesblackcyton/Documents/src/klausscpu-runtime/zephyr-ws/modules/lib/gui/lvgl/src/core/lv_indev.c.obj
[101/346] Building C object modules/lvgl/CMakeFiles/modules__lvgl.dir/Users/gjonesblackcyton/Documents/src/klausscpu-runtime/zephyr-ws/modules/lib/gui/lvgl/src/core/lv_obj_draw.c.obj
[102/346] Building C object modules/lvgl/CMakeFiles/modules__lvgl.dir/Users/gjonesblackcyton/Documents/src/klausscpu-runtime/zephyr-ws/modules/lib/gui/lvgl/src/core/lv_obj.c.obj
[103/346] Building C object modules/lvgl/CMakeFiles/modules__lvgl.dir/Users/gjonesblackcyton/Documents/src/klausscpu-runtime/zephyr-ws/modules/lib/gui/lvgl/src/core/lv_theme.c.obj
[104/346] Building C object modules/lvgl/CMakeFiles/modules__lvgl.dir/Users/gjonesblackcyton/Documents/src/klausscpu-runtime/zephyr-ws/modules/lib/gui/lvgl/src/core/lv_obj_style_gen.c.obj
[105/346] Building C object modules/lvgl/CMakeFiles/modules__lvgl.dir/Users/gjonesblackcyton/Documents/src/klausscpu-runtime/zephyr-ws/modules/lib/gui/lvgl/src/core/lv_obj_tree.c.obj
[106/346] Building C object modules/lvgl/CMakeFiles/modules__lvgl.dir/Users/gjonesblackcyton/Documents/src/klausscpu-runtime/zephyr-ws/modules/lib/gui/lvgl/src/draw/arm2d/lv_gpu_arm2d.c.obj
[107/346] Building C object modules/lvgl/CMakeFiles/modules__lvgl.dir/Users/gjonesblackcyton/Documents/src/klausscpu-runtime/zephyr-ws/modules/lib/gui/lvgl/src/core/lv_obj_scroll.c.obj
[108/346] Building C object modules/lvgl/CMakeFiles/modules__lvgl.dir/Users/gjonesblackcyton/Documents/src/klausscpu-runtime/zephyr-ws/modules/lib/gui/lvgl/src/draw/lv_draw.c.obj
[109/346] Building C object modules/lvgl/CMakeFiles/modules__lvgl.dir/Users/gjonesblackcyton/Documents/src/klausscpu-runtime/zephyr-ws/modules/lib/gui/lvgl/src/draw/lv_draw_arc.c.obj
[110/346] Building C object modules/lvgl/CMakeFiles/modules__lvgl.dir/Users/gjonesblackcyton/Documents/src/klausscpu-runtime/zephyr-ws/modules/lib/gui/lvgl/src/core/lv_obj_style.c.obj
[111/346] Building C object modules/lvgl/CMakeFiles/modules__lvgl.dir/Users/gjonesblackcyton/Documents/src/klausscpu-runtime/zephyr-ws/modules/lib/gui/lvgl/src/draw/lv_draw_line.c.obj
[112/346] Building C object modules/lvgl/CMakeFiles/modules__lvgl.dir/Users/gjonesblackcyton/Documents/src/klausscpu-runtime/zephyr-ws/modules/lib/gui/lvgl/src/core/lv_obj_pos.c.obj
[113/346] Building C object modules/lvgl/CMakeFiles/modules__lvgl.dir/Users/gjonesblackcyton/Documents/src/klausscpu-runtime/zephyr-ws/modules/lib/gui/lvgl/src/draw/lv_draw_layer.c.obj
[114/346] Building C object modules/lvgl/CMakeFiles/modules__lvgl.dir/Users/gjonesblackcyton/Documents/src/klausscpu-runtime/zephyr-ws/modules/lib/gui/lvgl/src/draw/lv_draw_img.c.obj
[115/346] Building C object modules/lvgl/CMakeFiles/modules__lvgl.dir/Users/gjonesblackcyton/Documents/src/klausscpu-runtime/zephyr-ws/modules/lib/gui/lvgl/src/draw/lv_draw_transform.c.obj
[116/346] Building C object modules/lvgl/CMakeFiles/modules__lvgl.dir/Users/gjonesblackcyton/Documents/src/klausscpu-runtime/zephyr-ws/modules/lib/gui/lvgl/src/draw/lv_draw_rect.c.obj
[117/346] Building C object modules/lvgl/CMakeFiles/modules__lvgl.dir/Users/gjonesblackcyton/Documents/src/klausscpu-runtime/zephyr-ws/modules/lib/gui/lvgl/src/core/lv_refr.c.obj
[118/346] Building C object modules/lvgl/CMakeFiles/modules__lvgl.dir/Users/gjonesblackcyton/Documents/src/klausscpu-runtime/zephyr-ws/modules/lib/gui/lvgl/src/draw/lv_draw_label.c.obj
[119/346] Building C object modules/lvgl/CMakeFiles/modules__lvgl.dir/Users/gjonesblackcyton/Documents/src/klausscpu-runtime/zephyr-ws/modules/lib/gui/lvgl/src/draw/nxp/pxp/lv_draw_pxp_blend.c.obj
[120/346] Building C object modules/lvgl/CMakeFiles/modules__lvgl.dir/Users/gjonesblackcyton/Documents/src/klausscpu-runtime/zephyr-ws/modules/lib/gui/lvgl/src/draw/lv_draw_triangle.c.obj
[121/346] Building C object modules/lvgl/CMakeFiles/modules__lvgl.dir/Users/gjonesblackcyton/Documents/src/klausscpu-runtime/zephyr-ws/modules/lib/gui/lvgl/src/draw/nxp/pxp/lv_draw_pxp.c.obj
[122/346] Building C object modules/lvgl/CMakeFiles/modules__lvgl.dir/Users/gjonesblackcyton/Documents/src/klausscpu-runtime/zephyr-ws/modules/lib/gui/lvgl/src/draw/nxp/pxp/lv_gpu_nxp_pxp.c.obj
[123/346] Building C object modules/lvgl/CMakeFiles/modules__lvgl.dir/Users/gjonesblackcyton/Documents/src/klausscpu-runtime/zephyr-ws/modules/lib/gui/lvgl/src/draw/lv_img_cache.c.obj
[124/346] Building C object modules/lvgl/CMakeFiles/modules__lvgl.dir/Users/gjonesblackcyton/Documents/src/klausscpu-runtime/zephyr-ws/modules/lib/gui/lvgl/src/draw/nxp/pxp/lv_gpu_nxp_pxp_osa.c.obj
[125/346] Building C object modules/lvgl/CMakeFiles/modules__lvgl.dir/Users/gjonesblackcyton/Documents/src/klausscpu-runtime/zephyr-ws/modules/lib/gui/lvgl/src/draw/nxp/vglite/lv_draw_vglite_arc.c.obj
[126/346] Building C object zephyr/subsys/net/ip/CMakeFiles/subsys__net__ip.dir/tcp.c.obj
In file included from /Users/gjonesblackcyton/Documents/src/klausscpu-runtime/zephyr-ws/zephyr/subsys/net/ip/tcp.c:7:
In file included from /Users/gjonesblackcyton/Documents/src/klausscpu-runtime/zephyr-ws/zephyr/include/zephyr/logging/log.h:10:
In file included from /Users/gjonesblackcyton/Documents/src/klausscpu-runtime/zephyr-ws/zephyr/include/zephyr/logging/log_instance.h:10:
In file included from /Users/gjonesblackcyton/Documents/src/klausscpu-runtime/zephyr-ws/zephyr/include/zephyr/sys/iterable_sections.h:10:
In file included from /Users/gjonesblackcyton/Documents/src/klausscpu-runtime/zephyr-ws/zephyr/include/zephyr/sys/__assert.h:11:
In file included from /Users/gjonesblackcyton/Documents/src/klausscpu-runtime/zephyr-ws/zephyr/include/zephyr/toolchain.h:48:
/Users/gjonesblackcyton/Documents/src/klausscpu-runtime/zephyr-ws/zephyr/include/zephyr/toolchain/llvm.h:102:9: warning: '__INT16_C' macro redefined [-Wmacro-redefined]
  102 | #define __INT16_C(x)    int_c(x, __int_least16_c_suffix__)
      |         ^
<built-in>:184:9: note: previous definition is here
  184 | #define __INT16_C(c) c
      |         ^
In file included from /Users/gjonesblackcyton/Documents/src/klausscpu-runtime/zephyr-ws/zephyr/subsys/net/ip/tcp.c:7:
In file included from /Users/gjonesblackcyton/Documents/src/klausscpu-runtime/zephyr-ws/zephyr/include/zephyr/logging/log.h:10:
In file included from /Users/gjonesblackcyton/Documents/src/klausscpu-runtime/zephyr-ws/zephyr/include/zephyr/logging/log_instance.h:10:
In file included from /Users/gjonesblackcyton/Documents/src/klausscpu-runtime/zephyr-ws/zephyr/include/zephyr/sys/iterable_sections.h:10:
In file included from /Users/gjonesblackcyton/Documents/src/klausscpu-runtime/zephyr-ws/zephyr/include/zephyr/sys/__assert.h:11:
In file included from /Users/gjonesblackcyton/Documents/src/klausscpu-runtime/zephyr-ws/zephyr/include/zephyr/toolchain.h:48:
/Users/gjonesblackcyton/Documents/src/klausscpu-runtime/zephyr-ws/zephyr/include/zephyr/toolchain/llvm.h:103:9: warning: '__UINT16_C' macro redefined [-Wmacro-redefined]
  103 | #define __UINT16_C(x)   uint_c(x, __int_least16_c_suffix__)
      |         ^
<built-in>:210:9: note: previous definition is here
  210 | #define __UINT16_C(c) c
      |         ^
In file included from /Users/gjonesblackcyton/Documents/src/klausscpu-runtime/zephyr-ws/zephyr/subsys/net/ip/tcp.c:7:
In file included from /Users/gjonesblackcyton/Documents/src/klausscpu-runtime/zephyr-ws/zephyr/include/zephyr/logging/log.h:10:
In file included from /Users/gjonesblackcyton/Documents/src/klausscpu-runtime/zephyr-ws/zephyr/include/zephyr/logging/log_instance.h:10:
In file included from /Users/gjonesblackcyton/Documents/src/klausscpu-runtime/zephyr-ws/zephyr/include/zephyr/sys/iterable_sections.h:10:
In file included from /Users/gjonesblackcyton/Documents/src/klausscpu-runtime/zephyr-ws/zephyr/include/zephyr/sys/__assert.h:11:
In file included from /Users/gjonesblackcyton/Documents/src/klausscpu-runtime/zephyr-ws/zephyr/include/zephyr/toolchain.h:48:
/Users/gjonesblackcyton/Documents/src/klausscpu-runtime/zephyr-ws/zephyr/include/zephyr/toolchain/llvm.h:119:9: warning: '__INT8_C' macro redefined [-Wmacro-redefined]
  119 | #define __INT8_C(x)     int_c(x, __int_least8_c_suffix__)
      |         ^
<built-in>:179:9: note: previous definition is here
  179 | #define __INT8_C(c) c
      |         ^
In file included from /Users/gjonesblackcyton/Documents/src/klausscpu-runtime/zephyr-ws/zephyr/subsys/net/ip/tcp.c:7:
In file included from /Users/gjonesblackcyton/Documents/src/klausscpu-runtime/zephyr-ws/zephyr/include/zephyr/logging/log.h:10:
In file included from /Users/gjonesblackcyton/Documents/src/klausscpu-runtime/zephyr-ws/zephyr/include/zephyr/logging/log_instance.h:10:
In file included from /Users/gjonesblackcyton/Documents/src/klausscpu-runtime/zephyr-ws/zephyr/include/zephyr/sys/iterable_sections.h:10:
In file included from /Users/gjonesblackcyton/Documents/src/klausscpu-runtime/zephyr-ws/zephyr/include/zephyr/sys/__assert.h:11:
In file included from /Users/gjonesblackcyton/Documents/src/klausscpu-runtime/zephyr-ws/zephyr/include/zephyr/toolchain.h:48:
/Users/gjonesblackcyton/Documents/src/klausscpu-runtime/zephyr-ws/zephyr/include/zephyr/toolchain/llvm.h:120:9: warning: '__UINT8_C' macro redefined [-Wmacro-redefined]
  120 | #define __UINT8_C(x)    uint_c(x, __int_least8_c_suffix__)
      |         ^
<built-in>:201:9: note: previous definition is here
  201 | #define __UINT8_C(c) c
      |         ^
In file included from /Users/gjonesblackcyton/Documents/src/klausscpu-runtime/zephyr-ws/zephyr/subsys/net/ip/tcp.c:7:
In file included from /Users/gjonesblackcyton/Documents/src/klausscpu-runtime/zephyr-ws/zephyr/include/zephyr/logging/log.h:10:
In file included from /Users/gjonesblackcyton/Documents/src/klausscpu-runtime/zephyr-ws/zephyr/include/zephyr/logging/log_instance.h:10:
In file included from /Users/gjonesblackcyton/Documents/src/klausscpu-runtime/zephyr-ws/zephyr/include/zephyr/sys/iterable_sections.h:10:
In file included from /Users/gjonesblackcyton/Documents/src/klausscpu-runtime/zephyr-ws/zephyr/include/zephyr/sys/__assert.h:11:
In file included from /Users/gjonesblackcyton/Documents/src/klausscpu-runtime/zephyr-ws/zephyr/include/zephyr/toolchain.h:48:
/Users/gjonesblackcyton/Documents/src/klausscpu-runtime/zephyr-ws/zephyr/include/zephyr/toolchain/llvm.h:127:9: warning: '__INTMAX_C' macro redefined [-Wmacro-redefined]
  127 | #define __INTMAX_C(x)   int_c(x, __INTMAX_C_SUFFIX__)
      |         ^
<built-in>:98:9: note: previous definition is here
   98 | #define __INTMAX_C(c) c##L
      |         ^
In file included from /Users/gjonesblackcyton/Documents/src/klausscpu-runtime/zephyr-ws/zephyr/subsys/net/ip/tcp.c:7:
In file included from /Users/gjonesblackcyton/Documents/src/klausscpu-runtime/zephyr-ws/zephyr/include/zephyr/logging/log.h:10:
In file included from /Users/gjonesblackcyton/Documents/src/klausscpu-runtime/zephyr-ws/zephyr/include/zephyr/logging/log_instance.h:10:
In file included from /Users/gjonesblackcyton/Documents/src/klausscpu-runtime/zephyr-ws/zephyr/include/zephyr/sys/iterable_sections.h:10:
In file included from /Users/gjonesblackcyton/Documents/src/klausscpu-runtime/zephyr-ws/zephyr/include/zephyr/sys/__assert.h:11:
In file included from /Users/gjonesblackcyton/Documents/src/klausscpu-runtime/zephyr-ws/zephyr/include/zephyr/toolchain.h:48:
/Users/gjonesblackcyton/Documents/src/klausscpu-runtime/zephyr-ws/zephyr/include/zephyr/toolchain/llvm.h:128:9: warning: '__UINTMAX_C' macro redefined [-Wmacro-redefined]
  128 | #define __UINTMAX_C(x)  int_c(x, __UINTMAX_C_SUFFIX__)
      |         ^
<built-in>:105:9: note: previous definition is here
  105 | #define __UINTMAX_C(c) c##UL
      |         ^
6 warnings generated.
[127/346] Building C object modules/lvgl/CMakeFiles/modules__lvgl.dir/Users/gjonesblackcyton/Documents/src/klausscpu-runtime/zephyr-ws/modules/lib/gui/lvgl/src/draw/nxp/vglite/lv_draw_vglite_blend.c.obj
[128/346] Building C object modules/lvgl/CMakeFiles/modules__lvgl.dir/Users/gjonesblackcyton/Documents/src/klausscpu-runtime/zephyr-ws/modules/lib/gui/lvgl/src/draw/lv_img_buf.c.obj
[129/346] Building C object modules/lvgl/CMakeFiles/modules__lvgl.dir/Users/gjonesblackcyton/Documents/src/klausscpu-runtime/zephyr-ws/modules/lib/gui/lvgl/src/draw/nxp/vglite/lv_draw_vglite.c.obj
[130/346] Building C object modules/lvgl/CMakeFiles/modules__lvgl.dir/Users/gjonesblackcyton/Documents/src/klausscpu-runtime/zephyr-ws/modules/lib/gui/lvgl/src/draw/nxp/vglite/lv_draw_vglite_line.c.obj
[131/346] Building C object modules/lvgl/CMakeFiles/modules__lvgl.dir/Users/gjonesblackcyton/Documents/src/klausscpu-runtime/zephyr-ws/modules/lib/gui/lvgl/src/draw/nxp/vglite/lv_draw_vglite_rect.c.obj
[132/346] Building C object modules/lvgl/CMakeFiles/modules__lvgl.dir/Users/gjonesblackcyton/Documents/src/klausscpu-runtime/zephyr-ws/modules/lib/gui/lvgl/src/draw/nxp/vglite/lv_vglite_buf.c.obj
[133/346] Building C object modules/lvgl/CMakeFiles/modules__lvgl.dir/Users/gjonesblackcyton/Documents/src/klausscpu-runtime/zephyr-ws/modules/lib/gui/lvgl/src/draw/nxp/vglite/lv_vglite_utils.c.obj
[134/346] Building C object modules/lvgl/CMakeFiles/modules__lvgl.dir/Users/gjonesblackcyton/Documents/src/klausscpu-runtime/zephyr-ws/modules/lib/gui/lvgl/src/draw/sdl/lv_draw_sdl_bg.c.obj
[135/346] Building C object modules/lvgl/CMakeFiles/modules__lvgl.dir/Users/gjonesblackcyton/Documents/src/klausscpu-runtime/zephyr-ws/modules/lib/gui/lvgl/src/draw/sdl/lv_draw_sdl_arc.c.obj
[136/346] Building C object modules/lvgl/CMakeFiles/modules__lvgl.dir/Users/gjonesblackcyton/Documents/src/klausscpu-runtime/zephyr-ws/modules/lib/gui/lvgl/src/draw/lv_img_decoder.c.obj
[137/346] Building C object modules/lvgl/CMakeFiles/modules__lvgl.dir/Users/gjonesblackcyton/Documents/src/klausscpu-runtime/zephyr-ws/modules/lib/gui/lvgl/src/draw/sdl/lv_draw_sdl_composite.c.obj
[138/346] Building C object modules/lvgl/CMakeFiles/modules__lvgl.dir/Users/gjonesblackcyton/Documents/src/klausscpu-runtime/zephyr-ws/modules/lib/gui/lvgl/src/draw/sdl/lv_draw_sdl_img.c.obj
[139/346] Building C object modules/lvgl/CMakeFiles/modules__lvgl.dir/Users/gjonesblackcyton/Documents/src/klausscpu-runtime/zephyr-ws/modules/lib/gui/lvgl/src/draw/sdl/lv_draw_sdl.c.obj
[140/346] Building C object modules/lvgl/CMakeFiles/modules__lvgl.dir/Users/gjonesblackcyton/Documents/src/klausscpu-runtime/zephyr-ws/modules/lib/gui/lvgl/src/draw/renesas/lv_gpu_d2_draw_label.c.obj
[141/346] Building C object modules/lvgl/CMakeFiles/modules__lvgl.dir/Users/gjonesblackcyton/Documents/src/klausscpu-runtime/zephyr-ws/modules/lib/gui/lvgl/src/draw/sdl/lv_draw_sdl_label.c.obj
[142/346] Building C object modules/lvgl/CMakeFiles/modules__lvgl.dir/Users/gjonesblackcyton/Documents/src/klausscpu-runtime/zephyr-ws/modules/lib/gui/lvgl/src/draw/renesas/lv_gpu_d2_ra6m3.c.obj
[143/346] Building C object modules/lvgl/CMakeFiles/modules__lvgl.dir/Users/gjonesblackcyton/Documents/src/klausscpu-runtime/zephyr-ws/modules/lib/gui/lvgl/src/draw/sdl/lv_draw_sdl_line.c.obj
[144/346] Building C object modules/lvgl/CMakeFiles/modules__lvgl.dir/Users/gjonesblackcyton/Documents/src/klausscpu-runtime/zephyr-ws/modules/lib/gui/lvgl/src/draw/sdl/lv_draw_sdl_layer.c.obj
[145/346] Building C object modules/lvgl/CMakeFiles/modules__lvgl.dir/Users/gjonesblackcyton/Documents/src/klausscpu-runtime/zephyr-ws/modules/lib/gui/lvgl/src/draw/sdl/lv_draw_sdl_polygon.c.obj
[146/346] Building C object modules/lvgl/CMakeFiles/modules__lvgl.dir/Users/gjonesblackcyton/Documents/src/klausscpu-runtime/zephyr-ws/modules/lib/gui/lvgl/src/draw/sdl/lv_draw_sdl_rect.c.obj
[147/346] Building C object modules/lvgl/CMakeFiles/modules__lvgl.dir/Users/gjonesblackcyton/Documents/src/klausscpu-runtime/zephyr-ws/modules/lib/gui/lvgl/src/draw/sdl/lv_draw_sdl_mask.c.obj
[148/346] Building C object modules/lvgl/CMakeFiles/modules__lvgl.dir/Users/gjonesblackcyton/Documents/src/klausscpu-runtime/zephyr-ws/modules/lib/gui/lvgl/src/draw/sdl/lv_draw_sdl_stack_blur.c.obj
[149/346] Building C object modules/lvgl/CMakeFiles/modules__lvgl.dir/Users/gjonesblackcyton/Documents/src/klausscpu-runtime/zephyr-ws/modules/lib/gui/lvgl/src/draw/sdl/lv_draw_sdl_texture_cache.c.obj
[150/346] Building C object modules/lvgl/CMakeFiles/modules__lvgl.dir/Users/gjonesblackcyton/Documents/src/klausscpu-runtime/zephyr-ws/modules/lib/gui/lvgl/src/draw/sdl/lv_draw_sdl_utils.c.obj
[151/346] Building C object modules/lvgl/CMakeFiles/modules__lvgl.dir/Users/gjonesblackcyton/Documents/src/klausscpu-runtime/zephyr-ws/modules/lib/gui/lvgl/src/draw/stm32_dma2d/lv_gpu_stm32_dma2d.c.obj
[152/346] Building C object modules/lvgl/CMakeFiles/modules__lvgl.dir/Users/gjonesblackcyton/Documents/src/klausscpu-runtime/zephyr-ws/modules/lib/gui/lvgl/src/draw/sw/lv_draw_sw_dither.c.obj
[153/346] Building C object modules/lvgl/CMakeFiles/modules__lvgl.dir/Users/gjonesblackcyton/Documents/src/klausscpu-runtime/zephyr-ws/modules/lib/gui/lvgl/src/draw/sw/lv_draw_sw.c.obj
[154/346] Building C object modules/lvgl/CMakeFiles/modules__lvgl.dir/Users/gjonesblackcyton/Documents/src/klausscpu-runtime/zephyr-ws/modules/lib/gui/lvgl/src/draw/lv_draw_mask.c.obj
[155/346] Building C object modules/lvgl/CMakeFiles/modules__lvgl.dir/Users/gjonesblackcyton/Documents/src/klausscpu-runtime/zephyr-ws/modules/lib/gui/lvgl/src/draw/sw/lv_draw_sw_layer.c.obj
[156/346] Building C object modules/lvgl/CMakeFiles/modules__lvgl.dir/Users/gjonesblackcyton/Documents/src/klausscpu-runtime/zephyr-ws/modules/lib/gui/lvgl/src/draw/sw/lv_draw_sw_gradient.c.obj
[157/346] Building C object modules/lvgl/CMakeFiles/modules__lvgl.dir/Users/gjonesblackcyton/Documents/src/klausscpu-runtime/zephyr-ws/modules/lib/gui/lvgl/src/draw/sw/lv_draw_sw_arc.c.obj
[158/346] Building C object modules/lvgl/CMakeFiles/modules__lvgl.dir/Users/gjonesblackcyton/Documents/src/klausscpu-runtime/zephyr-ws/modules/lib/gui/lvgl/src/draw/sw/lv_draw_sw_letter.c.obj
[159/346] Building C object modules/lvgl/CMakeFiles/modules__lvgl.dir/Users/gjonesblackcyton/Documents/src/klausscpu-runtime/zephyr-ws/modules/lib/gui/lvgl/src/draw/sw/lv_draw_sw_polygon.c.obj
[160/346] Building C object modules/lvgl/CMakeFiles/modules__lvgl.dir/Users/gjonesblackcyton/Documents/src/klausscpu-runtime/zephyr-ws/modules/lib/gui/lvgl/src/draw/sw/lv_draw_sw_img.c.obj
[161/346] Building C object modules/lvgl/CMakeFiles/modules__lvgl.dir/Users/gjonesblackcyton/Documents/src/klausscpu-runtime/zephyr-ws/modules/lib/gui/lvgl/src/draw/swm341_dma2d/lv_gpu_swm341_dma2d.c.obj
[162/346] Building C object modules/lvgl/CMakeFiles/modules__lvgl.dir/Users/gjonesblackcyton/Documents/src/klausscpu-runtime/zephyr-ws/modules/lib/gui/lvgl/src/draw/sw/lv_draw_sw_line.c.obj
[163/346] Building C object modules/lvgl/CMakeFiles/modules__lvgl.dir/Users/gjonesblackcyton/Documents/src/klausscpu-runtime/zephyr-ws/modules/lib/gui/lvgl/src/draw/sw/lv_draw_sw_transform.c.obj
[164/346] Building C object modules/lvgl/CMakeFiles/modules__lvgl.dir/Users/gjonesblackcyton/Documents/src/klausscpu-runtime/zephyr-ws/modules/lib/gui/lvgl/src/extra/libs/bmp/lv_bmp.c.obj
[165/346] Building C object modules/lvgl/CMakeFiles/modules__lvgl.dir/Users/gjonesblackcyton/Documents/src/klausscpu-runtime/zephyr-ws/modules/lib/gui/lvgl/src/extra/libs/ffmpeg/lv_ffmpeg.c.obj
[166/346] Building C object modules/lvgl/CMakeFiles/modules__lvgl.dir/Users/gjonesblackcyton/Documents/src/klausscpu-runtime/zephyr-ws/modules/lib/gui/lvgl/src/extra/libs/freetype/lv_freetype.c.obj
[167/346] Building C object modules/lvgl/CMakeFiles/modules__lvgl.dir/Users/gjonesblackcyton/Documents/src/klausscpu-runtime/zephyr-ws/modules/lib/gui/lvgl/src/extra/libs/fsdrv/lv_fs_fatfs.c.obj
[168/346] Building C object modules/lvgl/CMakeFiles/modules__lvgl.dir/Users/gjonesblackcyton/Documents/src/klausscpu-runtime/zephyr-ws/modules/lib/gui/lvgl/src/extra/libs/fsdrv/lv_fs_littlefs.c.obj
[169/346] Building C object modules/lvgl/CMakeFiles/modules__lvgl.dir/Users/gjonesblackcyton/Documents/src/klausscpu-runtime/zephyr-ws/modules/lib/gui/lvgl/src/extra/libs/gif/gifdec.c.obj
[170/346] Building C object modules/lvgl/CMakeFiles/modules__lvgl.dir/Users/gjonesblackcyton/Documents/src/klausscpu-runtime/zephyr-ws/modules/lib/gui/lvgl/src/draw/sw/lv_draw_sw_blend.c.obj
[171/346] Building C object modules/lvgl/CMakeFiles/modules__lvgl.dir/Users/gjonesblackcyton/Documents/src/klausscpu-runtime/zephyr-ws/modules/lib/gui/lvgl/src/extra/layouts/flex/lv_flex.c.obj
[172/346] Building C object modules/lvgl/CMakeFiles/modules__lvgl.dir/Users/gjonesblackcyton/Documents/src/klausscpu-runtime/zephyr-ws/modules/lib/gui/lvgl/src/extra/libs/fsdrv/lv_fs_posix.c.obj
[173/346] Building C object modules/lvgl/CMakeFiles/modules__lvgl.dir/Users/gjonesblackcyton/Documents/src/klausscpu-runtime/zephyr-ws/modules/lib/gui/lvgl/src/extra/libs/fsdrv/lv_fs_stdio.c.obj
[174/346] Building C object modules/lvgl/CMakeFiles/modules__lvgl.dir/Users/gjonesblackcyton/Documents/src/klausscpu-runtime/zephyr-ws/modules/lib/gui/lvgl/src/extra/layouts/grid/lv_grid.c.obj
[175/346] Building C object modules/lvgl/CMakeFiles/modules__lvgl.dir/Users/gjonesblackcyton/Documents/src/klausscpu-runtime/zephyr-ws/modules/lib/gui/lvgl/src/extra/libs/fsdrv/lv_fs_win32.c.obj
[176/346] Building C object modules/lvgl/CMakeFiles/modules__lvgl.dir/Users/gjonesblackcyton/Documents/src/klausscpu-runtime/zephyr-ws/modules/lib/gui/lvgl/src/extra/libs/gif/lv_gif.c.obj
[177/346] Building C object modules/lvgl/CMakeFiles/modules__lvgl.dir/Users/gjonesblackcyton/Documents/src/klausscpu-runtime/zephyr-ws/modules/lib/gui/lvgl/src/extra/libs/sjpg/tjpgd.c.obj
[178/346] Building C object modules/lvgl/CMakeFiles/modules__lvgl.dir/Users/gjonesblackcyton/Documents/src/klausscpu-runtime/zephyr-ws/modules/lib/gui/lvgl/src/draw/sw/lv_draw_sw_rect.c.obj
[179/346] Building C object modules/lvgl/CMakeFiles/modules__lvgl.dir/Users/gjonesblackcyton/Documents/src/klausscpu-runtime/zephyr-ws/modules/lib/gui/lvgl/src/extra/libs/png/lodepng.c.obj
[180/346] Building C object modules/lvgl/CMakeFiles/modules__lvgl.dir/Users/gjonesblackcyton/Documents/src/klausscpu-runtime/zephyr-ws/modules/lib/gui/lvgl/src/extra/libs/qrcode/lv_qrcode.c.obj
[181/346] Building C object modules/lvgl/CMakeFiles/modules__lvgl.dir/Users/gjonesblackcyton/Documents/src/klausscpu-runtime/zephyr-ws/modules/lib/gui/lvgl/src/extra/libs/png/lv_png.c.obj
[182/346] Building C object modules/lvgl/CMakeFiles/modules__lvgl.dir/Users/gjonesblackcyton/Documents/src/klausscpu-runtime/zephyr-ws/modules/lib/gui/lvgl/src/extra/libs/rlottie/lv_rlottie.c.obj
[183/346] Building C object modules/lvgl/CMakeFiles/modules__lvgl.dir/Users/gjonesblackcyton/Documents/src/klausscpu-runtime/zephyr-ws/modules/lib/gui/lvgl/src/extra/others/fragment/lv_fragment.c.obj
[184/346] Building C object modules/lvgl/CMakeFiles/modules__lvgl.dir/Users/gjonesblackcyton/Documents/src/klausscpu-runtime/zephyr-ws/modules/lib/gui/lvgl/src/extra/others/fragment/lv_fragment_manager.c.obj
[185/346] Building C object modules/lvgl/CMakeFiles/modules__lvgl.dir/Users/gjonesblackcyton/Documents/src/klausscpu-runtime/zephyr-ws/modules/lib/gui/lvgl/src/extra/libs/tiny_ttf/lv_tiny_ttf.c.obj
[186/346] Building C object modules/lvgl/CMakeFiles/modules__lvgl.dir/Users/gjonesblackcyton/Documents/src/klausscpu-runtime/zephyr-ws/modules/lib/gui/lvgl/src/extra/libs/sjpg/lv_sjpg.c.obj
[187/346] Building C object modules/lvgl/CMakeFiles/modules__lvgl.dir/Users/gjonesblackcyton/Documents/src/klausscpu-runtime/zephyr-ws/modules/lib/gui/lvgl/src/extra/lv_extra.c.obj
[188/346] Building C object modules/lvgl/CMakeFiles/modules__lvgl.dir/Users/gjonesblackcyton/Documents/src/klausscpu-runtime/zephyr-ws/modules/lib/gui/lvgl/src/extra/others/gridnav/lv_gridnav.c.obj
[189/346] Building C object modules/lvgl/CMakeFiles/modules__lvgl.dir/Users/gjonesblackcyton/Documents/src/klausscpu-runtime/zephyr-ws/modules/lib/gui/lvgl/src/extra/others/msg/lv_msg.c.obj
[190/346] Building C object modules/lvgl/CMakeFiles/modules__lvgl.dir/Users/gjonesblackcyton/Documents/src/klausscpu-runtime/zephyr-ws/modules/lib/gui/lvgl/src/extra/others/imgfont/lv_imgfont.c.obj
[191/346] Building C object modules/lvgl/CMakeFiles/modules__lvgl.dir/Users/gjonesblackcyton/Documents/src/klausscpu-runtime/zephyr-ws/modules/lib/gui/lvgl/src/extra/others/ime/lv_ime_pinyin.c.obj
[192/346] Building C object modules/lvgl/CMakeFiles/modules__lvgl.dir/Users/gjonesblackcyton/Documents/src/klausscpu-runtime/zephyr-ws/modules/lib/gui/lvgl/src/extra/others/monkey/lv_monkey.c.obj
[193/346] Building C object modules/lvgl/CMakeFiles/modules__lvgl.dir/Users/gjonesblackcyton/Documents/src/klausscpu-runtime/zephyr-ws/modules/lib/gui/lvgl/src/extra/others/snapshot/lv_snapshot.c.obj
[194/346] Building C object modules/lvgl/CMakeFiles/modules__lvgl.dir/Users/gjonesblackcyton/Documents/src/klausscpu-runtime/zephyr-ws/modules/lib/gui/lvgl/src/extra/themes/mono/lv_theme_mono.c.obj
[195/346] Building C object modules/lvgl/CMakeFiles/modules__lvgl.dir/Users/gjonesblackcyton/Documents/src/klausscpu-runtime/zephyr-ws/modules/lib/gui/lvgl/src/extra/themes/basic/lv_theme_basic.c.obj
[196/346] Building C object modules/lvgl/CMakeFiles/modules__lvgl.dir/Users/gjonesblackcyton/Documents/src/klausscpu-runtime/zephyr-ws/modules/lib/gui/lvgl/src/extra/widgets/animimg/lv_animimg.c.obj
[197/346] Building C object modules/lvgl/CMakeFiles/modules__lvgl.dir/Users/gjonesblackcyton/Documents/src/klausscpu-runtime/zephyr-ws/modules/lib/gui/lvgl/src/extra/widgets/calendar/lv_calendar_header_arrow.c.obj
[198/346] Building C object modules/lvgl/CMakeFiles/modules__lvgl.dir/Users/gjonesblackcyton/Documents/src/klausscpu-runtime/zephyr-ws/modules/lib/gui/lvgl/src/extra/widgets/calendar/lv_calendar_header_dropdown.c.obj
[199/346] Building C object modules/lvgl/CMakeFiles/modules__lvgl.dir/Users/gjonesblackcyton/Documents/src/klausscpu-runtime/zephyr-ws/modules/lib/gui/lvgl/src/extra/widgets/calendar/lv_calendar.c.obj
[200/346] Building C object modules/lvgl/CMakeFiles/modules__lvgl.dir/Users/gjonesblackcyton/Documents/src/klausscpu-runtime/zephyr-ws/modules/lib/gui/lvgl/src/extra/widgets/list/lv_list.c.obj
[201/346] Building C object modules/lvgl/CMakeFiles/modules__lvgl.dir/Users/gjonesblackcyton/Documents/src/klausscpu-runtime/zephyr-ws/modules/lib/gui/lvgl/src/extra/widgets/keyboard/lv_keyboard.c.obj
[202/346] Building C object modules/lvgl/CMakeFiles/modules__lvgl.dir/Users/gjonesblackcyton/Documents/src/klausscpu-runtime/zephyr-ws/modules/lib/gui/lvgl/src/extra/widgets/imgbtn/lv_imgbtn.c.obj
[203/346] Building C object modules/lvgl/CMakeFiles/modules__lvgl.dir/Users/gjonesblackcyton/Documents/src/klausscpu-runtime/zephyr-ws/modules/lib/gui/lvgl/src/extra/widgets/led/lv_led.c.obj
[204/346] Building C object modules/lvgl/CMakeFiles/modules__lvgl.dir/Users/gjonesblackcyton/Documents/src/klausscpu-runtime/zephyr-ws/modules/lib/gui/lvgl/src/extra/widgets/menu/lv_menu.c.obj
[205/346] Building C object modules/lvgl/CMakeFiles/modules__lvgl.dir/Users/gjonesblackcyton/Documents/src/klausscpu-runtime/zephyr-ws/modules/lib/gui/lvgl/src/extra/themes/default/lv_theme_default.c.obj
[206/346] Building C object modules/lvgl/CMakeFiles/modules__lvgl.dir/Users/gjonesblackcyton/Documents/src/klausscpu-runtime/zephyr-ws/modules/lib/gui/lvgl/src/extra/widgets/colorwheel/lv_colorwheel.c.obj
[207/346] Building C object modules/lvgl/CMakeFiles/modules__lvgl.dir/Users/gjonesblackcyton/Documents/src/klausscpu-runtime/zephyr-ws/modules/lib/gui/lvgl/src/extra/widgets/msgbox/lv_msgbox.c.obj
[208/346] Building C object modules/lvgl/CMakeFiles/modules__lvgl.dir/Users/gjonesblackcyton/Documents/src/klausscpu-runtime/zephyr-ws/modules/lib/gui/lvgl/src/extra/libs/qrcode/qrcodegen.c.obj
[209/346] Building C object modules/lvgl/CMakeFiles/modules__lvgl.dir/Users/gjonesblackcyton/Documents/src/klausscpu-runtime/zephyr-ws/modules/lib/gui/lvgl/src/extra/widgets/spinner/lv_spinner.c.obj
[210/346] Building C object modules/lvgl/CMakeFiles/modules__lvgl.dir/Users/gjonesblackcyton/Documents/src/klausscpu-runtime/zephyr-ws/modules/lib/gui/lvgl/src/extra/widgets/meter/lv_meter.c.obj
[211/346] Building C object modules/lvgl/CMakeFiles/modules__lvgl.dir/Users/gjonesblackcyton/Documents/src/klausscpu-runtime/zephyr-ws/modules/lib/gui/lvgl/src/extra/widgets/tileview/lv_tileview.c.obj
[212/346] Building C object modules/lvgl/CMakeFiles/modules__lvgl.dir/Users/gjonesblackcyton/Documents/src/klausscpu-runtime/zephyr-ws/modules/lib/gui/lvgl/src/extra/widgets/spinbox/lv_spinbox.c.obj
[213/346] Building C object modules/lvgl/CMakeFiles/modules__lvgl.dir/Users/gjonesblackcyton/Documents/src/klausscpu-runtime/zephyr-ws/modules/lib/gui/lvgl/src/font/lv_font.c.obj
[214/346] Building C object modules/lvgl/CMakeFiles/modules__lvgl.dir/Users/gjonesblackcyton/Documents/src/klausscpu-runtime/zephyr-ws/modules/lib/gui/lvgl/src/extra/widgets/tabview/lv_tabview.c.obj
[215/346] Building C object modules/lvgl/CMakeFiles/modules__lvgl.dir/Users/gjonesblackcyton/Documents/src/klausscpu-runtime/zephyr-ws/modules/lib/gui/lvgl/src/extra/widgets/win/lv_win.c.obj
[216/346] Building C object modules/lvgl/CMakeFiles/modules__lvgl.dir/Users/gjonesblackcyton/Documents/src/klausscpu-runtime/zephyr-ws/modules/lib/gui/lvgl/src/extra/widgets/chart/lv_chart.c.obj
[217/346] Building C object modules/lvgl/CMakeFiles/modules__lvgl.dir/Users/gjonesblackcyton/Documents/src/klausscpu-runtime/zephyr-ws/modules/lib/gui/lvgl/src/font/lv_font_fmt_txt.c.obj
[218/346] Building C object modules/lvgl/CMakeFiles/modules__lvgl.dir/Users/gjonesblackcyton/Documents/src/klausscpu-runtime/zephyr-ws/modules/lib/gui/lvgl/src/font/lv_font_dejavu_16_persian_hebrew.c.obj
[219/346] Building C object modules/lvgl/CMakeFiles/modules__lvgl.dir/Users/gjonesblackcyton/Documents/src/klausscpu-runtime/zephyr-ws/modules/lib/gui/lvgl/src/font/lv_font_montserrat_10.c.obj
[220/346] Building C object modules/lvgl/CMakeFiles/modules__lvgl.dir/Users/gjonesblackcyton/Documents/src/klausscpu-runtime/zephyr-ws/modules/lib/gui/lvgl/src/extra/widgets/span/lv_span.c.obj
[221/346] Building C object modules/lvgl/CMakeFiles/modules__lvgl.dir/Users/gjonesblackcyton/Documents/src/klausscpu-runtime/zephyr-ws/modules/lib/gui/lvgl/src/font/lv_font_montserrat_12.c.obj
[222/346] Building C object modules/lvgl/CMakeFiles/modules__lvgl.dir/Users/gjonesblackcyton/Documents/src/klausscpu-runtime/zephyr-ws/modules/lib/gui/lvgl/src/font/lv_font_montserrat_16.c.obj
[223/346] Building C object modules/lvgl/CMakeFiles/modules__lvgl.dir/Users/gjonesblackcyton/Documents/src/klausscpu-runtime/zephyr-ws/modules/lib/gui/lvgl/src/font/lv_font_montserrat_12_subpx.c.obj
[224/346] Building C object modules/lvgl/CMakeFiles/modules__lvgl.dir/Users/gjonesblackcyton/Documents/src/klausscpu-runtime/zephyr-ws/modules/lib/gui/lvgl/src/font/lv_font_montserrat_14.c.obj
[225/346] Building C object modules/lvgl/CMakeFiles/modules__lvgl.dir/Users/gjonesblackcyton/Documents/src/klausscpu-runtime/zephyr-ws/modules/lib/gui/lvgl/src/font/lv_font_montserrat_18.c.obj
[226/346] Building C object modules/lvgl/CMakeFiles/modules__lvgl.dir/Users/gjonesblackcyton/Documents/src/klausscpu-runtime/zephyr-ws/modules/lib/gui/lvgl/src/font/lv_font_montserrat_20.c.obj
[227/346] Building C object modules/lvgl/CMakeFiles/modules__lvgl.dir/Users/gjonesblackcyton/Documents/src/klausscpu-runtime/zephyr-ws/modules/lib/gui/lvgl/src/font/lv_font_loader.c.obj
[228/346] Building C object modules/lvgl/CMakeFiles/modules__lvgl.dir/Users/gjonesblackcyton/Documents/src/klausscpu-runtime/zephyr-ws/modules/lib/gui/lvgl/src/font/lv_font_montserrat_24.c.obj
[229/346] Building C object modules/lvgl/CMakeFiles/modules__lvgl.dir/Users/gjonesblackcyton/Documents/src/klausscpu-runtime/zephyr-ws/modules/lib/gui/lvgl/src/font/lv_font_montserrat_22.c.obj
[230/346] Building C object modules/lvgl/CMakeFiles/modules__lvgl.dir/Users/gjonesblackcyton/Documents/src/klausscpu-runtime/zephyr-ws/modules/lib/gui/lvgl/src/font/lv_font_montserrat_26.c.obj
[231/346] Building C object modules/lvgl/CMakeFiles/modules__lvgl.dir/Users/gjonesblackcyton/Documents/src/klausscpu-runtime/zephyr-ws/modules/lib/gui/lvgl/src/font/lv_font_montserrat_28_compressed.c.obj
[232/346] Building C object modules/lvgl/CMakeFiles/modules__lvgl.dir/Users/gjonesblackcyton/Documents/src/klausscpu-runtime/zephyr-ws/modules/lib/gui/lvgl/src/font/lv_font_montserrat_30.c.obj
[233/346] Building C object modules/lvgl/CMakeFiles/modules__lvgl.dir/Users/gjonesblackcyton/Documents/src/klausscpu-runtime/zephyr-ws/modules/lib/gui/lvgl/src/font/lv_font_montserrat_34.c.obj
[234/346] Building C object modules/lvgl/CMakeFiles/modules__lvgl.dir/Users/gjonesblackcyton/Documents/src/klausscpu-runtime/zephyr-ws/modules/lib/gui/lvgl/src/font/lv_font_montserrat_32.c.obj
[235/346] Building C object modules/lvgl/CMakeFiles/modules__lvgl.dir/Users/gjonesblackcyton/Documents/src/klausscpu-runtime/zephyr-ws/modules/lib/gui/lvgl/src/font/lv_font_montserrat_28.c.obj
[236/346] Building C object modules/lvgl/CMakeFiles/modules__lvgl.dir/Users/gjonesblackcyton/Documents/src/klausscpu-runtime/zephyr-ws/modules/lib/gui/lvgl/src/font/lv_font_montserrat_38.c.obj
[237/346] Building C object modules/lvgl/CMakeFiles/modules__lvgl.dir/Users/gjonesblackcyton/Documents/src/klausscpu-runtime/zephyr-ws/modules/lib/gui/lvgl/src/font/lv_font_montserrat_36.c.obj
[238/346] Building C object modules/lvgl/CMakeFiles/modules__lvgl.dir/Users/gjonesblackcyton/Documents/src/klausscpu-runtime/zephyr-ws/modules/lib/gui/lvgl/src/font/lv_font_montserrat_42.c.obj
[239/346] Building C object modules/lvgl/CMakeFiles/modules__lvgl.dir/Users/gjonesblackcyton/Documents/src/klausscpu-runtime/zephyr-ws/modules/lib/gui/lvgl/src/font/lv_font_montserrat_40.c.obj
[240/346] Building C object modules/lvgl/CMakeFiles/modules__lvgl.dir/Users/gjonesblackcyton/Documents/src/klausscpu-runtime/zephyr-ws/modules/lib/gui/lvgl/src/font/lv_font_montserrat_44.c.obj
[241/346] Building C object modules/lvgl/CMakeFiles/modules__lvgl.dir/Users/gjonesblackcyton/Documents/src/klausscpu-runtime/zephyr-ws/modules/lib/gui/lvgl/src/font/lv_font_montserrat_46.c.obj
[242/346] Building C object modules/lvgl/CMakeFiles/modules__lvgl.dir/Users/gjonesblackcyton/Documents/src/klausscpu-runtime/zephyr-ws/modules/lib/gui/lvgl/src/font/lv_font_montserrat_48.c.obj
[243/346] Building C object modules/lvgl/CMakeFiles/modules__lvgl.dir/Users/gjonesblackcyton/Documents/src/klausscpu-runtime/zephyr-ws/modules/lib/gui/lvgl/src/font/lv_font_montserrat_8.c.obj
[244/346] Building C object modules/lvgl/CMakeFiles/modules__lvgl.dir/Users/gjonesblackcyton/Documents/src/klausscpu-runtime/zephyr-ws/modules/lib/gui/lvgl/src/font/lv_font_unscii_16.c.obj
[245/346] Building C object modules/lvgl/CMakeFiles/modules__lvgl.dir/Users/gjonesblackcyton/Documents/src/klausscpu-runtime/zephyr-ws/modules/lib/gui/lvgl/src/font/lv_font_simsun_16_cjk.c.obj
[246/346] Building C object modules/lvgl/CMakeFiles/modules__lvgl.dir/Users/gjonesblackcyton/Documents/src/klausscpu-runtime/zephyr-ws/modules/lib/gui/lvgl/src/font/lv_font_unscii_8.c.obj
[247/346] Building C object modules/lvgl/CMakeFiles/modules__lvgl.dir/Users/gjonesblackcyton/Documents/src/klausscpu-runtime/zephyr-ws/modules/lib/gui/lvgl/src/hal/lv_hal_indev.c.obj
[248/346] Building C object modules/lvgl/CMakeFiles/modules__lvgl.dir/Users/gjonesblackcyton/Documents/src/klausscpu-runtime/zephyr-ws/modules/lib/gui/lvgl/src/misc/lv_bidi.c.obj
[249/346] Building C object modules/lvgl/CMakeFiles/modules__lvgl.dir/Users/gjonesblackcyton/Documents/src/klausscpu-runtime/zephyr-ws/modules/lib/gui/lvgl/src/misc/lv_async.c.obj
[250/346] Building C object modules/lvgl/CMakeFiles/modules__lvgl.dir/Users/gjonesblackcyton/Documents/src/klausscpu-runtime/zephyr-ws/modules/lib/gui/lvgl/src/misc/lv_anim_timeline.c.obj
[251/346] Building C object modules/lvgl/CMakeFiles/modules__lvgl.dir/Users/gjonesblackcyton/Documents/src/klausscpu-runtime/zephyr-ws/modules/lib/gui/lvgl/src/misc/lv_anim.c.obj
[252/346] Building C object modules/lvgl/CMakeFiles/modules__lvgl.dir/Users/gjonesblackcyton/Documents/src/klausscpu-runtime/zephyr-ws/modules/lib/gui/lvgl/src/hal/lv_hal_tick.c.obj
In file included from /Users/gjonesblackcyton/Documents/src/klausscpu-runtime/zephyr-ws/modules/lib/gui/lvgl/src/hal/lv_hal_tick.c:13:
In file included from /Users/gjonesblackcyton/Documents/src/klausscpu-runtime/zephyr-ws/zephyr/include/zephyr/kernel.h:17:
In file included from /Users/gjonesblackcyton/Documents/src/klausscpu-runtime/zephyr-ws/zephyr/include/zephyr/kernel_includes.h:23:
In file included from /Users/gjonesblackcyton/Documents/src/klausscpu-runtime/zephyr-ws/zephyr/include/zephyr/toolchain.h:48:
/Users/gjonesblackcyton/Documents/src/klausscpu-runtime/zephyr-ws/zephyr/include/zephyr/toolchain/llvm.h:102:9: warning: '__INT16_C' macro redefined [-Wmacro-redefined]
  102 | #define __INT16_C(x)    int_c(x, __int_least16_c_suffix__)
      |         ^
<built-in>:184:9: note: previous definition is here
  184 | #define __INT16_C(c) c
      |         ^
In file included from /Users/gjonesblackcyton/Documents/src/klausscpu-runtime/zephyr-ws/modules/lib/gui/lvgl/src/hal/lv_hal_tick.c:13:
In file included from /Users/gjonesblackcyton/Documents/src/klausscpu-runtime/zephyr-ws/zephyr/include/zephyr/kernel.h:17:
In file included from /Users/gjonesblackcyton/Documents/src/klausscpu-runtime/zephyr-ws/zephyr/include/zephyr/kernel_includes.h:23:
In file included from /Users/gjonesblackcyton/Documents/src/klausscpu-runtime/zephyr-ws/zephyr/include/zephyr/toolchain.h:48:
/Users/gjonesblackcyton/Documents/src/klausscpu-runtime/zephyr-ws/zephyr/include/zephyr/toolchain/llvm.h:103:9: warning: '__UINT16_C' macro redefined [-Wmacro-redefined]
  103 | #define __UINT16_C(x)   uint_c(x, __int_least16_c_suffix__)
      |         ^
<built-in>:210:9: note: previous definition is here
  210 | #define __UINT16_C(c) c
      |         ^
In file included from /Users/gjonesblackcyton/Documents/src/klausscpu-runtime/zephyr-ws/modules/lib/gui/lvgl/src/hal/lv_hal_tick.c:13:
In file included from /Users/gjonesblackcyton/Documents/src/klausscpu-runtime/zephyr-ws/zephyr/include/zephyr/kernel.h:17:
In file included from /Users/gjonesblackcyton/Documents/src/klausscpu-runtime/zephyr-ws/zephyr/include/zephyr/kernel_includes.h:23:
In file included from /Users/gjonesblackcyton/Documents/src/klausscpu-runtime/zephyr-ws/zephyr/include/zephyr/toolchain.h:48:
/Users/gjonesblackcyton/Documents/src/klausscpu-runtime/zephyr-ws/zephyr/include/zephyr/toolchain/llvm.h:119:9: warning: '__INT8_C' macro redefined [-Wmacro-redefined]
  119 | #define __INT8_C(x)     int_c(x, __int_least8_c_suffix__)
      |         ^
<built-in>:179:9: note: previous definition is here
  179 | #define __INT8_C(c) c
      |         ^
In file included from /Users/gjonesblackcyton/Documents/src/klausscpu-runtime/zephyr-ws/modules/lib/gui/lvgl/src/hal/lv_hal_tick.c:13:
In file included from /Users/gjonesblackcyton/Documents/src/klausscpu-runtime/zephyr-ws/zephyr/include/zephyr/kernel.h:17:
In file included from /Users/gjonesblackcyton/Documents/src/klausscpu-runtime/zephyr-ws/zephyr/include/zephyr/kernel_includes.h:23:
In file included from /Users/gjonesblackcyton/Documents/src/klausscpu-runtime/zephyr-ws/zephyr/include/zephyr/toolchain.h:48:
/Users/gjonesblackcyton/Documents/src/klausscpu-runtime/zephyr-ws/zephyr/include/zephyr/toolchain/llvm.h:120:9: warning: '__UINT8_C' macro redefined [-Wmacro-redefined]
  120 | #define __UINT8_C(x)    uint_c(x, __int_least8_c_suffix__)
      |         ^
<built-in>:201:9: note: previous definition is here
  201 | #define __UINT8_C(c) c
      |         ^
In file included from /Users/gjonesblackcyton/Documents/src/klausscpu-runtime/zephyr-ws/modules/lib/gui/lvgl/src/hal/lv_hal_tick.c:13:
In file included from /Users/gjonesblackcyton/Documents/src/klausscpu-runtime/zephyr-ws/zephyr/include/zephyr/kernel.h:17:
In file included from /Users/gjonesblackcyton/Documents/src/klausscpu-runtime/zephyr-ws/zephyr/include/zephyr/kernel_includes.h:23:
In file included from /Users/gjonesblackcyton/Documents/src/klausscpu-runtime/zephyr-ws/zephyr/include/zephyr/toolchain.h:48:
/Users/gjonesblackcyton/Documents/src/klausscpu-runtime/zephyr-ws/zephyr/include/zephyr/toolchain/llvm.h:127:9: warning: '__INTMAX_C' macro redefined [-Wmacro-redefined]
  127 | #define __INTMAX_C(x)   int_c(x, __INTMAX_C_SUFFIX__)
      |         ^
<built-in>:98:9: note: previous definition is here
   98 | #define __INTMAX_C(c) c##L
      |         ^
In file included from /Users/gjonesblackcyton/Documents/src/klausscpu-runtime/zephyr-ws/modules/lib/gui/lvgl/src/hal/lv_hal_tick.c:13:
In file included from /Users/gjonesblackcyton/Documents/src/klausscpu-runtime/zephyr-ws/zephyr/include/zephyr/kernel.h:17:
In file included from /Users/gjonesblackcyton/Documents/src/klausscpu-runtime/zephyr-ws/zephyr/include/zephyr/kernel_includes.h:23:
In file included from /Users/gjonesblackcyton/Documents/src/klausscpu-runtime/zephyr-ws/zephyr/include/zephyr/toolchain.h:48:
/Users/gjonesblackcyton/Documents/src/klausscpu-runtime/zephyr-ws/zephyr/include/zephyr/toolchain/llvm.h:128:9: warning: '__UINTMAX_C' macro redefined [-Wmacro-redefined]
  128 | #define __UINTMAX_C(x)  int_c(x, __UINTMAX_C_SUFFIX__)
      |         ^
<built-in>:105:9: note: previous definition is here
  105 | #define __UINTMAX_C(c) c##UL
      |         ^
6 warnings generated.
[253/346] Building C object modules/lvgl/CMakeFiles/modules__lvgl.dir/Users/gjonesblackcyton/Documents/src/klausscpu-runtime/zephyr-ws/modules/lib/gui/lvgl/src/misc/lv_log.c.obj
[254/346] Building C object modules/lvgl/CMakeFiles/modules__lvgl.dir/Users/gjonesblackcyton/Documents/src/klausscpu-runtime/zephyr-ws/modules/lib/gui/lvgl/src/misc/lv_area.c.obj
[255/346] Building C object modules/lvgl/CMakeFiles/modules__lvgl.dir/Users/gjonesblackcyton/Documents/src/klausscpu-runtime/zephyr-ws/modules/lib/gui/lvgl/src/hal/lv_hal_disp.c.obj
[256/346] Building C object modules/lvgl/CMakeFiles/modules__lvgl.dir/Users/gjonesblackcyton/Documents/src/klausscpu-runtime/zephyr-ws/modules/lib/gui/lvgl/src/misc/lv_gc.c.obj
[257/346] Building C object modules/lvgl/CMakeFiles/modules__lvgl.dir/Users/gjonesblackcyton/Documents/src/klausscpu-runtime/zephyr-ws/modules/lib/gui/lvgl/src/misc/lv_color.c.obj
[258/346] Building C object modules/lvgl/CMakeFiles/modules__lvgl.dir/Users/gjonesblackcyton/Documents/src/klausscpu-runtime/zephyr-ws/modules/lib/gui/lvgl/src/misc/lv_math.c.obj
[259/346] Building C object modules/lvgl/CMakeFiles/modules__lvgl.dir/Users/gjonesblackcyton/Documents/src/klausscpu-runtime/zephyr-ws/modules/lib/gui/lvgl/src/misc/lv_ll.c.obj
[260/346] Building C object modules/lvgl/CMakeFiles/modules__lvgl.dir/Users/gjonesblackcyton/Documents/src/klausscpu-runtime/zephyr-ws/modules/lib/gui/lvgl/src/misc/lv_templ.c.obj
[261/346] Building C object modules/lvgl/CMakeFiles/modules__lvgl.dir/Users/gjonesblackcyton/Documents/src/klausscpu-runtime/zephyr-ws/modules/lib/gui/lvgl/src/misc/lv_printf.c.obj
[262/346] Building C object modules/lvgl/CMakeFiles/modules__lvgl.dir/Users/gjonesblackcyton/Documents/src/klausscpu-runtime/zephyr-ws/modules/lib/gui/lvgl/src/misc/lv_mem.c.obj
[263/346] Building C object modules/lvgl/CMakeFiles/modules__lvgl.dir/Users/gjonesblackcyton/Documents/src/klausscpu-runtime/zephyr-ws/modules/lib/gui/lvgl/src/misc/lv_lru.c.obj
[264/346] Building C object modules/lvgl/CMakeFiles/modules__lvgl.dir/Users/gjonesblackcyton/Documents/src/klausscpu-runtime/zephyr-ws/modules/lib/gui/lvgl/src/misc/lv_fs.c.obj
[265/346] Building C object modules/lvgl/CMakeFiles/modules__lvgl.dir/Users/gjonesblackcyton/Documents/src/klausscpu-runtime/zephyr-ws/modules/lib/gui/lvgl/src/misc/lv_tlsf.c.obj
[266/346] Building C object modules/lvgl/CMakeFiles/modules__lvgl.dir/Users/gjonesblackcyton/Documents/src/klausscpu-runtime/zephyr-ws/modules/lib/gui/lvgl/src/misc/lv_utils.c.obj
[267/346] Building C object modules/lvgl/CMakeFiles/modules__lvgl.dir/Users/gjonesblackcyton/Documents/src/klausscpu-runtime/zephyr-ws/modules/lib/gui/lvgl/src/misc/lv_timer.c.obj
[268/346] Building C object modules/lvgl/CMakeFiles/modules__lvgl.dir/Users/gjonesblackcyton/Documents/src/klausscpu-runtime/zephyr-ws/modules/lib/gui/lvgl/src/misc/lv_txt_ap.c.obj
[269/346] Building C object modules/lvgl/CMakeFiles/modules__lvgl.dir/Users/gjonesblackcyton/Documents/src/klausscpu-runtime/zephyr-ws/modules/lib/gui/lvgl/src/misc/lv_style.c.obj
[270/346] Building C object modules/lvgl/CMakeFiles/modules__lvgl.dir/Users/gjonesblackcyton/Documents/src/klausscpu-runtime/zephyr-ws/modules/lib/gui/lvgl/src/widgets/lv_btn.c.obj
[271/346] Building C object modules/lvgl/CMakeFiles/modules__lvgl.dir/Users/gjonesblackcyton/Documents/src/klausscpu-runtime/zephyr-ws/modules/lib/gui/lvgl/src/misc/lv_style_gen.c.obj
[272/346] Building C object modules/lvgl/CMakeFiles/modules__lvgl.dir/Users/gjonesblackcyton/Documents/src/klausscpu-runtime/zephyr-ws/modules/lib/gui/lvgl/src/widgets/lv_bar.c.obj
[273/346] Building C object modules/lvgl/CMakeFiles/modules__lvgl.dir/Users/gjonesblackcyton/Documents/src/klausscpu-runtime/zephyr-ws/modules/lib/gui/lvgl/src/misc/lv_txt.c.obj
[274/346] Building C object modules/lvgl/CMakeFiles/modules__lvgl.dir/Users/gjonesblackcyton/Documents/src/klausscpu-runtime/zephyr-ws/modules/lib/gui/lvgl/src/widgets/lv_checkbox.c.obj
[275/346] Building C object modules/lvgl/CMakeFiles/modules__lvgl.dir/Users/gjonesblackcyton/Documents/src/klausscpu-runtime/zephyr-ws/modules/lib/gui/lvgl/src/widgets/lv_objx_templ.c.obj
[276/346] Building C object modules/lvgl/CMakeFiles/modules__lvgl.dir/Users/gjonesblackcyton/Documents/src/klausscpu-runtime/zephyr-ws/modules/lib/gui/lvgl/src/widgets/lv_line.c.obj
[277/346] Building C object modules/lvgl/CMakeFiles/modules__lvgl.dir/Users/gjonesblackcyton/Documents/src/klausscpu-runtime/zephyr-ws/modules/lib/gui/lvgl/src/widgets/lv_arc.c.obj
[278/346] Building C object modules/lvgl/CMakeFiles/modules__lvgl.dir/Users/gjonesblackcyton/Documents/src/klausscpu-runtime/zephyr-ws/modules/lib/gui/lvgl/src/widgets/lv_canvas.c.obj
[279/346] Building C object modules/lvgl/CMakeFiles/modules__lvgl.dir/Users/gjonesblackcyton/Documents/src/klausscpu-runtime/zephyr-ws/modules/lib/gui/lvgl/src/widgets/lv_img.c.obj
[280/346] Building C object modules/lvgl/CMakeFiles/modules__lvgl.dir/Users/gjonesblackcyton/Documents/src/klausscpu-runtime/zephyr-ws/modules/lib/gui/lvgl/src/widgets/lv_dropdown.c.obj
[281/346] Building C object modules/lvgl/CMakeFiles/modules__lvgl.dir/Users/gjonesblackcyton/Documents/src/klausscpu-runtime/zephyr-ws/modules/lib/gui/lvgl/src/widgets/lv_btnmatrix.c.obj
[282/346] Building C object modules/lvgl/CMakeFiles/modules__lvgl.dir/Users/gjonesblackcyton/Documents/src/klausscpu-runtime/zephyr-ws/modules/lib/gui/lvgl/src/widgets/lv_switch.c.obj
[283/346] Building C object modules/lvgl/CMakeFiles/modules__lvgl.dir/Users/gjonesblackcyton/Documents/src/klausscpu-runtime/zephyr-ws/modules/lib/gui/lvgl/src/widgets/lv_slider.c.obj
[284/346] Building C object modules/lvgl/CMakeFiles/modules__lvgl.dir/Users/gjonesblackcyton/Documents/src/klausscpu-runtime/zephyr-ws/modules/lib/gui/lvgl/src/widgets/lv_label.c.obj
[285/346] Building C object modules/lvgl/CMakeFiles/modules__lvgl.dir/Users/gjonesblackcyton/Documents/src/klausscpu-runtime/zephyr-ws/modules/lib/gui/lvgl/src/widgets/lv_roller.c.obj
[286/346] Building C object modules/lvgl/CMakeFiles/modules__lvgl.dir/lvgl.c.obj
In file included from /Users/gjonesblackcyton/Documents/src/klausscpu-runtime/zephyr-ws/zephyr/modules/lvgl/lvgl.c:7:
In file included from /Users/gjonesblackcyton/Documents/src/klausscpu-runtime/zephyr-ws/zephyr/include/zephyr/init.h:13:
In file included from /Users/gjonesblackcyton/Documents/src/klausscpu-runtime/zephyr-ws/zephyr/include/zephyr/sys/util.h:18:
In file included from /Users/gjonesblackcyton/Documents/src/klausscpu-runtime/zephyr-ws/zephyr/include/zephyr/toolchain.h:48:
/Users/gjonesblackcyton/Documents/src/klausscpu-runtime/zephyr-ws/zephyr/include/zephyr/toolchain/llvm.h:102:9: warning: '__INT16_C' macro redefined [-Wmacro-redefined]
  102 | #define __INT16_C(x)    int_c(x, __int_least16_c_suffix__)
      |         ^
<built-in>:184:9: note: previous definition is here
  184 | #define __INT16_C(c) c
      |         ^
In file included from /Users/gjonesblackcyton/Documents/src/klausscpu-runtime/zephyr-ws/zephyr/modules/lvgl/lvgl.c:7:
In file included from /Users/gjonesblackcyton/Documents/src/klausscpu-runtime/zephyr-ws/zephyr/include/zephyr/init.h:13:
In file included from /Users/gjonesblackcyton/Documents/src/klausscpu-runtime/zephyr-ws/zephyr/include/zephyr/sys/util.h:18:
In file included from /Users/gjonesblackcyton/Documents/src/klausscpu-runtime/zephyr-ws/zephyr/include/zephyr/toolchain.h:48:
/Users/gjonesblackcyton/Documents/src/klausscpu-runtime/zephyr-ws/zephyr/include/zephyr/toolchain/llvm.h:103:9: warning: '__UINT16_C' macro redefined [-Wmacro-redefined]
  103 | #define __UINT16_C(x)   uint_c(x, __int_least16_c_suffix__)
      |         ^
<built-in>:210:9: note: previous definition is here
  210 | #define __UINT16_C(c) c
      |         ^
In file included from /Users/gjonesblackcyton/Documents/src/klausscpu-runtime/zephyr-ws/zephyr/modules/lvgl/lvgl.c:7:
In file included from /Users/gjonesblackcyton/Documents/src/klausscpu-runtime/zephyr-ws/zephyr/include/zephyr/init.h:13:
In file included from /Users/gjonesblackcyton/Documents/src/klausscpu-runtime/zephyr-ws/zephyr/include/zephyr/sys/util.h:18:
In file included from /Users/gjonesblackcyton/Documents/src/klausscpu-runtime/zephyr-ws/zephyr/include/zephyr/toolchain.h:48:
/Users/gjonesblackcyton/Documents/src/klausscpu-runtime/zephyr-ws/zephyr/include/zephyr/toolchain/llvm.h:119:9: warning: '__INT8_C' macro redefined [-Wmacro-redefined]
  119 | #define __INT8_C(x)     int_c(x, __int_least8_c_suffix__)
      |         ^
<built-in>:179:9: note: previous definition is here
  179 | #define __INT8_C(c) c
      |         ^
In file included from /Users/gjonesblackcyton/Documents/src/klausscpu-runtime/zephyr-ws/zephyr/modules/lvgl/lvgl.c:7:
In file included from /Users/gjonesblackcyton/Documents/src/klausscpu-runtime/zephyr-ws/zephyr/include/zephyr/init.h:13:
In file included from /Users/gjonesblackcyton/Documents/src/klausscpu-runtime/zephyr-ws/zephyr/include/zephyr/sys/util.h:18:
In file included from /Users/gjonesblackcyton/Documents/src/klausscpu-runtime/zephyr-ws/zephyr/include/zephyr/toolchain.h:48:
/Users/gjonesblackcyton/Documents/src/klausscpu-runtime/zephyr-ws/zephyr/include/zephyr/toolchain/llvm.h:120:9: warning: '__UINT8_C' macro redefined [-Wmacro-redefined]
  120 | #define __UINT8_C(x)    uint_c(x, __int_least8_c_suffix__)
      |         ^
<built-in>:201:9: note: previous definition is here
  201 | #define __UINT8_C(c) c
      |         ^
In file included from /Users/gjonesblackcyton/Documents/src/klausscpu-runtime/zephyr-ws/zephyr/modules/lvgl/lvgl.c:7:
In file included from /Users/gjonesblackcyton/Documents/src/klausscpu-runtime/zephyr-ws/zephyr/include/zephyr/init.h:13:
In file included from /Users/gjonesblackcyton/Documents/src/klausscpu-runtime/zephyr-ws/zephyr/include/zephyr/sys/util.h:18:
In file included from /Users/gjonesblackcyton/Documents/src/klausscpu-runtime/zephyr-ws/zephyr/include/zephyr/toolchain.h:48:
/Users/gjonesblackcyton/Documents/src/klausscpu-runtime/zephyr-ws/zephyr/include/zephyr/toolchain/llvm.h:127:9: warning: '__INTMAX_C' macro redefined [-Wmacro-redefined]
  127 | #define __INTMAX_C(x)   int_c(x, __INTMAX_C_SUFFIX__)
      |         ^
<built-in>:98:9: note: previous definition is here
   98 | #define __INTMAX_C(c) c##L
      |         ^
In file included from /Users/gjonesblackcyton/Documents/src/klausscpu-runtime/zephyr-ws/zephyr/modules/lvgl/lvgl.c:7:
In file included from /Users/gjonesblackcyton/Documents/src/klausscpu-runtime/zephyr-ws/zephyr/include/zephyr/init.h:13:
In file included from /Users/gjonesblackcyton/Documents/src/klausscpu-runtime/zephyr-ws/zephyr/include/zephyr/sys/util.h:18:
In file included from /Users/gjonesblackcyton/Documents/src/klausscpu-runtime/zephyr-ws/zephyr/include/zephyr/toolchain.h:48:
/Users/gjonesblackcyton/Documents/src/klausscpu-runtime/zephyr-ws/zephyr/include/zephyr/toolchain/llvm.h:128:9: warning: '__UINTMAX_C' macro redefined [-Wmacro-redefined]
  128 | #define __UINTMAX_C(x)  int_c(x, __UINTMAX_C_SUFFIX__)
      |         ^
<built-in>:105:9: note: previous definition is here
  105 | #define __UINTMAX_C(c) c##UL
      |         ^
6 warnings generated.
[287/346] Building C object modules/lvgl/CMakeFiles/modules__lvgl.dir/lvgl_mem.c.obj
[288/346] Building C object modules/lvgl/CMakeFiles/modules__lvgl.dir/lvgl_display.c.obj
In file included from /Users/gjonesblackcyton/Documents/src/klausscpu-runtime/zephyr-ws/zephyr/modules/lvgl/lvgl_display.c:8:
In file included from /Users/gjonesblackcyton/Documents/src/klausscpu-runtime/zephyr-ws/zephyr/include/zephyr/kernel.h:17:
In file included from /Users/gjonesblackcyton/Documents/src/klausscpu-runtime/zephyr-ws/zephyr/include/zephyr/kernel_includes.h:23:
In file included from /Users/gjonesblackcyton/Documents/src/klausscpu-runtime/zephyr-ws/zephyr/include/zephyr/toolchain.h:48:
/Users/gjonesblackcyton/Documents/src/klausscpu-runtime/zephyr-ws/zephyr/include/zephyr/toolchain/llvm.h:102:9: warning: '__INT16_C' macro redefined [-Wmacro-redefined]
  102 | #define __INT16_C(x)    int_c(x, __int_least16_c_suffix__)
      |         ^
<built-in>:184:9: note: previous definition is here
  184 | #define __INT16_C(c) c
      |         ^
In file included from /Users/gjonesblackcyton/Documents/src/klausscpu-runtime/zephyr-ws/zephyr/modules/lvgl/lvgl_display.c:8:
In file included from /Users/gjonesblackcyton/Documents/src/klausscpu-runtime/zephyr-ws/zephyr/include/zephyr/kernel.h:17:
In file included from /Users/gjonesblackcyton/Documents/src/klausscpu-runtime/zephyr-ws/zephyr/include/zephyr/kernel_includes.h:23:
In file included from /Users/gjonesblackcyton/Documents/src/klausscpu-runtime/zephyr-ws/zephyr/include/zephyr/toolchain.h:48:
/Users/gjonesblackcyton/Documents/src/klausscpu-runtime/zephyr-ws/zephyr/include/zephyr/toolchain/llvm.h:103:9: warning: '__UINT16_C' macro redefined [-Wmacro-redefined]
  103 | #define __UINT16_C(x)   uint_c(x, __int_least16_c_suffix__)
      |         ^
<built-in>:210:9: note: previous definition is here
  210 | #define __UINT16_C(c) c
      |         ^
In file included from /Users/gjonesblackcyton/Documents/src/klausscpu-runtime/zephyr-ws/zephyr/modules/lvgl/lvgl_display.c:8:
In file included from /Users/gjonesblackcyton/Documents/src/klausscpu-runtime/zephyr-ws/zephyr/include/zephyr/kernel.h:17:
In file included from /Users/gjonesblackcyton/Documents/src/klausscpu-runtime/zephyr-ws/zephyr/include/zephyr/kernel_includes.h:23:
In file included from /Users/gjonesblackcyton/Documents/src/klausscpu-runtime/zephyr-ws/zephyr/include/zephyr/toolchain.h:48:
/Users/gjonesblackcyton/Documents/src/klausscpu-runtime/zephyr-ws/zephyr/include/zephyr/toolchain/llvm.h:119:9: warning: '__INT8_C' macro redefined [-Wmacro-redefined]
  119 | #define __INT8_C(x)     int_c(x, __int_least8_c_suffix__)
      |         ^
<built-in>:179:9: note: previous definition is here
  179 | #define __INT8_C(c) c
      |         ^
In file included from /Users/gjonesblackcyton/Documents/src/klausscpu-runtime/zephyr-ws/zephyr/modules/lvgl/lvgl_display.c:8:
In file included from /Users/gjonesblackcyton/Documents/src/klausscpu-runtime/zephyr-ws/zephyr/include/zephyr/kernel.h:17:
In file included from /Users/gjonesblackcyton/Documents/src/klausscpu-runtime/zephyr-ws/zephyr/include/zephyr/kernel_includes.h:23:
In file included from /Users/gjonesblackcyton/Documents/src/klausscpu-runtime/zephyr-ws/zephyr/include/zephyr/toolchain.h:48:
/Users/gjonesblackcyton/Documents/src/klausscpu-runtime/zephyr-ws/zephyr/include/zephyr/toolchain/llvm.h:120:9: warning: '__UINT8_C' macro redefined [-Wmacro-redefined]
  120 | #define __UINT8_C(x)    uint_c(x, __int_least8_c_suffix__)
      |         ^
<built-in>:201:9: note: previous definition is here
  201 | #define __UINT8_C(c) c
      |         ^
In file included from /Users/gjonesblackcyton/Documents/src/klausscpu-runtime/zephyr-ws/zephyr/modules/lvgl/lvgl_display.c:8:
In file included from /Users/gjonesblackcyton/Documents/src/klausscpu-runtime/zephyr-ws/zephyr/include/zephyr/kernel.h:17:
In file included from /Users/gjonesblackcyton/Documents/src/klausscpu-runtime/zephyr-ws/zephyr/include/zephyr/kernel_includes.h:23:
In file included from /Users/gjonesblackcyton/Documents/src/klausscpu-runtime/zephyr-ws/zephyr/include/zephyr/toolchain.h:48:
/Users/gjonesblackcyton/Documents/src/klausscpu-runtime/zephyr-ws/zephyr/include/zephyr/toolchain/llvm.h:127:9: warning: '__INTMAX_C' macro redefined [-Wmacro-redefined]
  127 | #define __INTMAX_C(x)   int_c(x, __INTMAX_C_SUFFIX__)
      |         ^
<built-in>:98:9: note: previous definition is here
   98 | #define __INTMAX_C(c) c##L
      |         ^
In file included from /Users/gjonesblackcyton/Documents/src/klausscpu-runtime/zephyr-ws/zephyr/modules/lvgl/lvgl_display.c:8:
In file included from /Users/gjonesblackcyton/Documents/src/klausscpu-runtime/zephyr-ws/zephyr/include/zephyr/kernel.h:17:
In file included from /Users/gjonesblackcyton/Documents/src/klausscpu-runtime/zephyr-ws/zephyr/include/zephyr/kernel_includes.h:23:
In file included from /Users/gjonesblackcyton/Documents/src/klausscpu-runtime/zephyr-ws/zephyr/include/zephyr/toolchain.h:48:
/Users/gjonesblackcyton/Documents/src/klausscpu-runtime/zephyr-ws/zephyr/include/zephyr/toolchain/llvm.h:128:9: warning: '__UINTMAX_C' macro redefined [-Wmacro-redefined]
  128 | #define __UINTMAX_C(x)  int_c(x, __UINTMAX_C_SUFFIX__)
      |         ^
<built-in>:105:9: note: previous definition is here
  105 | #define __UINTMAX_C(c) c##UL
      |         ^
6 warnings generated.
[289/346] Building C object modules/lvgl/CMakeFiles/modules__lvgl.dir/Users/gjonesblackcyton/Documents/src/klausscpu-runtime/zephyr-ws/modules/lib/gui/lvgl/src/widgets/lv_table.c.obj
[290/346] Building C object modules/lvgl/CMakeFiles/modules__lvgl.dir/Users/gjonesblackcyton/Documents/src/klausscpu-runtime/zephyr-ws/modules/lib/gui/lvgl/src/widgets/lv_textarea.c.obj
[291/346] Building C object modules/lvgl/CMakeFiles/modules__lvgl.dir/lvgl_display_16bit.c.obj
In file included from /Users/gjonesblackcyton/Documents/src/klausscpu-runtime/zephyr-ws/zephyr/modules/lvgl/lvgl_display_16bit.c:8:
In file included from /Users/gjonesblackcyton/Documents/src/klausscpu-runtime/zephyr-ws/zephyr/include/zephyr/kernel.h:17:
In file included from /Users/gjonesblackcyton/Documents/src/klausscpu-runtime/zephyr-ws/zephyr/include/zephyr/kernel_includes.h:23:
In file included from /Users/gjonesblackcyton/Documents/src/klausscpu-runtime/zephyr-ws/zephyr/include/zephyr/toolchain.h:48:
/Users/gjonesblackcyton/Documents/src/klausscpu-runtime/zephyr-ws/zephyr/include/zephyr/toolchain/llvm.h:102:9: warning: '__INT16_C' macro redefined [-Wmacro-redefined]
  102 | #define __INT16_C(x)    int_c(x, __int_least16_c_suffix__)
      |         ^
<built-in>:184:9: note: previous definition is here
  184 | #define __INT16_C(c) c
      |         ^
In file included from /Users/gjonesblackcyton/Documents/src/klausscpu-runtime/zephyr-ws/zephyr/modules/lvgl/lvgl_display_16bit.c:8:
In file included from /Users/gjonesblackcyton/Documents/src/klausscpu-runtime/zephyr-ws/zephyr/include/zephyr/kernel.h:17:
In file included from /Users/gjonesblackcyton/Documents/src/klausscpu-runtime/zephyr-ws/zephyr/include/zephyr/kernel_includes.h:23:
In file included from /Users/gjonesblackcyton/Documents/src/klausscpu-runtime/zephyr-ws/zephyr/include/zephyr/toolchain.h:48:
/Users/gjonesblackcyton/Documents/src/klausscpu-runtime/zephyr-ws/zephyr/include/zephyr/toolchain/llvm.h:103:9: warning: '__UINT16_C' macro redefined [-Wmacro-redefined]
  103 | #define __UINT16_C(x)   uint_c(x, __int_least16_c_suffix__)
      |         ^
<built-in>:210:9: note: previous definition is here
  210 | #define __UINT16_C(c) c
      |         ^
In file included from /Users/gjonesblackcyton/Documents/src/klausscpu-runtime/zephyr-ws/zephyr/modules/lvgl/lvgl_display_16bit.c:8:
In file included from /Users/gjonesblackcyton/Documents/src/klausscpu-runtime/zephyr-ws/zephyr/include/zephyr/kernel.h:17:
In file included from /Users/gjonesblackcyton/Documents/src/klausscpu-runtime/zephyr-ws/zephyr/include/zephyr/kernel_includes.h:23:
In file included from /Users/gjonesblackcyton/Documents/src/klausscpu-runtime/zephyr-ws/zephyr/include/zephyr/toolchain.h:48:
/Users/gjonesblackcyton/Documents/src/klausscpu-runtime/zephyr-ws/zephyr/include/zephyr/toolchain/llvm.h:119:9: warning: '__INT8_C' macro redefined [-Wmacro-redefined]
  119 | #define __INT8_C(x)     int_c(x, __int_least8_c_suffix__)
      |         ^
<built-in>:179:9: note: previous definition is here
  179 | #define __INT8_C(c) c
      |         ^
In file included from /Users/gjonesblackcyton/Documents/src/klausscpu-runtime/zephyr-ws/zephyr/modules/lvgl/lvgl_display_16bit.c:8:
In file included from /Users/gjonesblackcyton/Documents/src/klausscpu-runtime/zephyr-ws/zephyr/include/zephyr/kernel.h:17:
In file included from /Users/gjonesblackcyton/Documents/src/klausscpu-runtime/zephyr-ws/zephyr/include/zephyr/kernel_includes.h:23:
In file included from /Users/gjonesblackcyton/Documents/src/klausscpu-runtime/zephyr-ws/zephyr/include/zephyr/toolchain.h:48:
/Users/gjonesblackcyton/Documents/src/klausscpu-runtime/zephyr-ws/zephyr/include/zephyr/toolchain/llvm.h:120:9: warning: '__UINT8_C' macro redefined [-Wmacro-redefined]
  120 | #define __UINT8_C(x)    uint_c(x, __int_least8_c_suffix__)
      |         ^
<built-in>:201:9: note: previous definition is here
  201 | #define __UINT8_C(c) c
      |         ^
In file included from /Users/gjonesblackcyton/Documents/src/klausscpu-runtime/zephyr-ws/zephyr/modules/lvgl/lvgl_display_16bit.c:8:
In file included from /Users/gjonesblackcyton/Documents/src/klausscpu-runtime/zephyr-ws/zephyr/include/zephyr/kernel.h:17:
In file included from /Users/gjonesblackcyton/Documents/src/klausscpu-runtime/zephyr-ws/zephyr/include/zephyr/kernel_includes.h:23:
In file included from /Users/gjonesblackcyton/Documents/src/klausscpu-runtime/zephyr-ws/zephyr/include/zephyr/toolchain.h:48:
/Users/gjonesblackcyton/Documents/src/klausscpu-runtime/zephyr-ws/zephyr/include/zephyr/toolchain/llvm.h:127:9: warning: '__INTMAX_C' macro redefined [-Wmacro-redefined]
  127 | #define __INTMAX_C(x)   int_c(x, __INTMAX_C_SUFFIX__)
      |         ^
<built-in>:98:9: note: previous definition is here
   98 | #define __INTMAX_C(c) c##L
      |         ^
In file included from /Users/gjonesblackcyton/Documents/src/klausscpu-runtime/zephyr-ws/zephyr/modules/lvgl/lvgl_display_16bit.c:8:
In file included from /Users/gjonesblackcyton/Documents/src/klausscpu-runtime/zephyr-ws/zephyr/include/zephyr/kernel.h:17:
In file included from /Users/gjonesblackcyton/Documents/src/klausscpu-runtime/zephyr-ws/zephyr/include/zephyr/kernel_includes.h:23:
In file included from /Users/gjonesblackcyton/Documents/src/klausscpu-runtime/zephyr-ws/zephyr/include/zephyr/toolchain.h:48:
/Users/gjonesblackcyton/Documents/src/klausscpu-runtime/zephyr-ws/zephyr/include/zephyr/toolchain/llvm.h:128:9: warning: '__UINTMAX_C' macro redefined [-Wmacro-redefined]
  128 | #define __UINTMAX_C(x)  int_c(x, __UINTMAX_C_SUFFIX__)
      |         ^
<built-in>:105:9: note: previous definition is here
  105 | #define __UINTMAX_C(c) c##UL
      |         ^
6 warnings generated.
[292/346] Building C object modules/lvgl/CMakeFiles/modules__lvgl.dir/lvgl_display_mono.c.obj
In file included from /Users/gjonesblackcyton/Documents/src/klausscpu-runtime/zephyr-ws/zephyr/modules/lvgl/lvgl_display_mono.c:7:
In file included from /Users/gjonesblackcyton/Documents/src/klausscpu-runtime/zephyr-ws/zephyr/include/zephyr/kernel.h:17:
In file included from /Users/gjonesblackcyton/Documents/src/klausscpu-runtime/zephyr-ws/zephyr/include/zephyr/kernel_includes.h:23:
In file included from /Users/gjonesblackcyton/Documents/src/klausscpu-runtime/zephyr-ws/zephyr/include/zephyr/toolchain.h:48:
/Users/gjonesblackcyton/Documents/src/klausscpu-runtime/zephyr-ws/zephyr/include/zephyr/toolchain/llvm.h:102:9: warning: '__INT16_C' macro redefined [-Wmacro-redefined]
  102 | #define __INT16_C(x)    int_c(x, __int_least16_c_suffix__)
      |         ^
<built-in>:184:9: note: previous definition is here
  184 | #define __INT16_C(c) c
      |         ^
In file included from /Users/gjonesblackcyton/Documents/src/klausscpu-runtime/zephyr-ws/zephyr/modules/lvgl/lvgl_display_mono.c:7:
In file included from /Users/gjonesblackcyton/Documents/src/klausscpu-runtime/zephyr-ws/zephyr/include/zephyr/kernel.h:17:
In file included from /Users/gjonesblackcyton/Documents/src/klausscpu-runtime/zephyr-ws/zephyr/include/zephyr/kernel_includes.h:23:
In file included from /Users/gjonesblackcyton/Documents/src/klausscpu-runtime/zephyr-ws/zephyr/include/zephyr/toolchain.h:48:
/Users/gjonesblackcyton/Documents/src/klausscpu-runtime/zephyr-ws/zephyr/include/zephyr/toolchain/llvm.h:103:9: warning: '__UINT16_C' macro redefined [-Wmacro-redefined]
  103 | #define __UINT16_C(x)   uint_c(x, __int_least16_c_suffix__)
      |         ^
<built-in>:210:9: note: previous definition is here
  210 | #define __UINT16_C(c) c
      |         ^
In file included from /Users/gjonesblackcyton/Documents/src/klausscpu-runtime/zephyr-ws/zephyr/modules/lvgl/lvgl_display_mono.c:7:
In file included from /Users/gjonesblackcyton/Documents/src/klausscpu-runtime/zephyr-ws/zephyr/include/zephyr/kernel.h:17:
In file included from /Users/gjonesblackcyton/Documents/src/klausscpu-runtime/zephyr-ws/zephyr/include/zephyr/kernel_includes.h:23:
In file included from /Users/gjonesblackcyton/Documents/src/klausscpu-runtime/zephyr-ws/zephyr/include/zephyr/toolchain.h:48:
/Users/gjonesblackcyton/Documents/src/klausscpu-runtime/zephyr-ws/zephyr/include/zephyr/toolchain/llvm.h:119:9: warning: '__INT8_C' macro redefined [-Wmacro-redefined]
  119 | #define __INT8_C(x)     int_c(x, __int_least8_c_suffix__)
      |         ^
<built-in>:179:9: note: previous definition is here
  179 | #define __INT8_C(c) c
      |         ^
In file included from /Users/gjonesblackcyton/Documents/src/klausscpu-runtime/zephyr-ws/zephyr/modules/lvgl/lvgl_display_mono.c:7:
In file included from /Users/gjonesblackcyton/Documents/src/klausscpu-runtime/zephyr-ws/zephyr/include/zephyr/kernel.h:17:
In file included from /Users/gjonesblackcyton/Documents/src/klausscpu-runtime/zephyr-ws/zephyr/include/zephyr/kernel_includes.h:23:
In file included from /Users/gjonesblackcyton/Documents/src/klausscpu-runtime/zephyr-ws/zephyr/include/zephyr/toolchain.h:48:
/Users/gjonesblackcyton/Documents/src/klausscpu-runtime/zephyr-ws/zephyr/include/zephyr/toolchain/llvm.h:120:9: warning: '__UINT8_C' macro redefined [-Wmacro-redefined]
  120 | #define __UINT8_C(x)    uint_c(x, __int_least8_c_suffix__)
      |         ^
<built-in>:201:9: note: previous definition is here
  201 | #define __UINT8_C(c) c
      |         ^
In file included from /Users/gjonesblackcyton/Documents/src/klausscpu-runtime/zephyr-ws/zephyr/modules/lvgl/lvgl_display_mono.c:7:
In file included from /Users/gjonesblackcyton/Documents/src/klausscpu-runtime/zephyr-ws/zephyr/include/zephyr/kernel.h:17:
In file included from /Users/gjonesblackcyton/Documents/src/klausscpu-runtime/zephyr-ws/zephyr/include/zephyr/kernel_includes.h:23:
In file included from /Users/gjonesblackcyton/Documents/src/klausscpu-runtime/zephyr-ws/zephyr/include/zephyr/toolchain.h:48:
/Users/gjonesblackcyton/Documents/src/klausscpu-runtime/zephyr-ws/zephyr/include/zephyr/toolchain/llvm.h:127:9: warning: '__INTMAX_C' macro redefined [-Wmacro-redefined]
  127 | #define __INTMAX_C(x)   int_c(x, __INTMAX_C_SUFFIX__)
      |         ^
<built-in>:98:9: note: previous definition is here
   98 | #define __INTMAX_C(c) c##L
      |         ^
In file included from /Users/gjonesblackcyton/Documents/src/klausscpu-runtime/zephyr-ws/zephyr/modules/lvgl/lvgl_display_mono.c:7:
In file included from /Users/gjonesblackcyton/Documents/src/klausscpu-runtime/zephyr-ws/zephyr/include/zephyr/kernel.h:17:
In file included from /Users/gjonesblackcyton/Documents/src/klausscpu-runtime/zephyr-ws/zephyr/include/zephyr/kernel_includes.h:23:
In file included from /Users/gjonesblackcyton/Documents/src/klausscpu-runtime/zephyr-ws/zephyr/include/zephyr/toolchain.h:48:
/Users/gjonesblackcyton/Documents/src/klausscpu-runtime/zephyr-ws/zephyr/include/zephyr/toolchain/llvm.h:128:9: warning: '__UINTMAX_C' macro redefined [-Wmacro-redefined]
  128 | #define __UINTMAX_C(x)  int_c(x, __UINTMAX_C_SUFFIX__)
      |         ^
<built-in>:105:9: note: previous definition is here
  105 | #define __UINTMAX_C(c) c##UL
      |         ^
6 warnings generated.
[293/346] Building C object modules/lvgl/CMakeFiles/modules__lvgl.dir/lvgl_display_24bit.c.obj
In file included from /Users/gjonesblackcyton/Documents/src/klausscpu-runtime/zephyr-ws/zephyr/modules/lvgl/lvgl_display_24bit.c:8:
In file included from /Users/gjonesblackcyton/Documents/src/klausscpu-runtime/zephyr-ws/zephyr/include/zephyr/kernel.h:17:
In file included from /Users/gjonesblackcyton/Documents/src/klausscpu-runtime/zephyr-ws/zephyr/include/zephyr/kernel_includes.h:23:
In file included from /Users/gjonesblackcyton/Documents/src/klausscpu-runtime/zephyr-ws/zephyr/include/zephyr/toolchain.h:48:
/Users/gjonesblackcyton/Documents/src/klausscpu-runtime/zephyr-ws/zephyr/include/zephyr/toolchain/llvm.h:102:9: warning: '__INT16_C' macro redefined [-Wmacro-redefined]
  102 | #define __INT16_C(x)    int_c(x, __int_least16_c_suffix__)
      |         ^
<built-in>:184:9: note: previous definition is here
  184 | #define __INT16_C(c) c
      |         ^
In file included from /Users/gjonesblackcyton/Documents/src/klausscpu-runtime/zephyr-ws/zephyr/modules/lvgl/lvgl_display_24bit.c:8:
In file included from /Users/gjonesblackcyton/Documents/src/klausscpu-runtime/zephyr-ws/zephyr/include/zephyr/kernel.h:17:
In file included from /Users/gjonesblackcyton/Documents/src/klausscpu-runtime/zephyr-ws/zephyr/include/zephyr/kernel_includes.h:23:
In file included from /Users/gjonesblackcyton/Documents/src/klausscpu-runtime/zephyr-ws/zephyr/include/zephyr/toolchain.h:48:
/Users/gjonesblackcyton/Documents/src/klausscpu-runtime/zephyr-ws/zephyr/include/zephyr/toolchain/llvm.h:103:9: warning: '__UINT16_C' macro redefined [-Wmacro-redefined]
  103 | #define __UINT16_C(x)   uint_c(x, __int_least16_c_suffix__)
      |         ^
<built-in>:210:9: note: previous definition is here
  210 | #define __UINT16_C(c) c
      |         ^
In file included from /Users/gjonesblackcyton/Documents/src/klausscpu-runtime/zephyr-ws/zephyr/modules/lvgl/lvgl_display_24bit.c:8:
In file included from /Users/gjonesblackcyton/Documents/src/klausscpu-runtime/zephyr-ws/zephyr/include/zephyr/kernel.h:17:
In file included from /Users/gjonesblackcyton/Documents/src/klausscpu-runtime/zephyr-ws/zephyr/include/zephyr/kernel_includes.h:23:
In file included from /Users/gjonesblackcyton/Documents/src/klausscpu-runtime/zephyr-ws/zephyr/include/zephyr/toolchain.h:48:
/Users/gjonesblackcyton/Documents/src/klausscpu-runtime/zephyr-ws/zephyr/include/zephyr/toolchain/llvm.h:119:9: warning: '__INT8_C' macro redefined [-Wmacro-redefined]
  119 | #define __INT8_C(x)     int_c(x, __int_least8_c_suffix__)
      |         ^
<built-in>:179:9: note: previous definition is here
  179 | #define __INT8_C(c) c
      |         ^
In file included from /Users/gjonesblackcyton/Documents/src/klausscpu-runtime/zephyr-ws/zephyr/modules/lvgl/lvgl_display_24bit.c:8:
In file included from /Users/gjonesblackcyton/Documents/src/klausscpu-runtime/zephyr-ws/zephyr/include/zephyr/kernel.h:17:
In file included from /Users/gjonesblackcyton/Documents/src/klausscpu-runtime/zephyr-ws/zephyr/include/zephyr/kernel_includes.h:23:
In file included from /Users/gjonesblackcyton/Documents/src/klausscpu-runtime/zephyr-ws/zephyr/include/zephyr/toolchain.h:48:
/Users/gjonesblackcyton/Documents/src/klausscpu-runtime/zephyr-ws/zephyr/include/zephyr/toolchain/llvm.h:120:9: warning: '__UINT8_C' macro redefined [-Wmacro-redefined]
  120 | #define __UINT8_C(x)    uint_c(x, __int_least8_c_suffix__)
      |         ^
<built-in>:201:9: note: previous definition is here
  201 | #define __UINT8_C(c) c
      |         ^
In file included from /Users/gjonesblackcyton/Documents/src/klausscpu-runtime/zephyr-ws/zephyr/modules/lvgl/lvgl_display_24bit.c:8:
In file included from /Users/gjonesblackcyton/Documents/src/klausscpu-runtime/zephyr-ws/zephyr/include/zephyr/kernel.h:17:
In file included from /Users/gjonesblackcyton/Documents/src/klausscpu-runtime/zephyr-ws/zephyr/include/zephyr/kernel_includes.h:23:
In file included from /Users/gjonesblackcyton/Documents/src/klausscpu-runtime/zephyr-ws/zephyr/include/zephyr/toolchain.h:48:
/Users/gjonesblackcyton/Documents/src/klausscpu-runtime/zephyr-ws/zephyr/include/zephyr/toolchain/llvm.h:127:9: warning: '__INTMAX_C' macro redefined [-Wmacro-redefined]
  127 | #define __INTMAX_C(x)   int_c(x, __INTMAX_C_SUFFIX__)
      |         ^
<built-in>:98:9: note: previous definition is here
   98 | #define __INTMAX_C(c) c##L
      |         ^
In file included from /Users/gjonesblackcyton/Documents/src/klausscpu-runtime/zephyr-ws/zephyr/modules/lvgl/lvgl_display_24bit.c:8:
In file included from /Users/gjonesblackcyton/Documents/src/klausscpu-runtime/zephyr-ws/zephyr/include/zephyr/kernel.h:17:
In file included from /Users/gjonesblackcyton/Documents/src/klausscpu-runtime/zephyr-ws/zephyr/include/zephyr/kernel_includes.h:23:
In file included from /Users/gjonesblackcyton/Documents/src/klausscpu-runtime/zephyr-ws/zephyr/include/zephyr/toolchain.h:48:
/Users/gjonesblackcyton/Documents/src/klausscpu-runtime/zephyr-ws/zephyr/include/zephyr/toolchain/llvm.h:128:9: warning: '__UINTMAX_C' macro redefined [-Wmacro-redefined]
  128 | #define __UINTMAX_C(x)  int_c(x, __UINTMAX_C_SUFFIX__)
      |         ^
<built-in>:105:9: note: previous definition is here
  105 | #define __UINTMAX_C(c) c##UL
      |         ^
6 warnings generated.
[294/346] Building C object modules/lvgl/CMakeFiles/modules__lvgl.dir/lvgl_display_32bit.c.obj
In file included from /Users/gjonesblackcyton/Documents/src/klausscpu-runtime/zephyr-ws/zephyr/modules/lvgl/lvgl_display_32bit.c:8:
In file included from /Users/gjonesblackcyton/Documents/src/klausscpu-runtime/zephyr-ws/zephyr/include/zephyr/kernel.h:17:
In file included from /Users/gjonesblackcyton/Documents/src/klausscpu-runtime/zephyr-ws/zephyr/include/zephyr/kernel_includes.h:23:
In file included from /Users/gjonesblackcyton/Documents/src/klausscpu-runtime/zephyr-ws/zephyr/include/zephyr/toolchain.h:48:
/Users/gjonesblackcyton/Documents/src/klausscpu-runtime/zephyr-ws/zephyr/include/zephyr/toolchain/llvm.h:102:9: warning: '__INT16_C' macro redefined [-Wmacro-redefined]
  102 | #define __INT16_C(x)    int_c(x, __int_least16_c_suffix__)
      |         ^
<built-in>:184:9: note: previous definition is here
  184 | #define __INT16_C(c) c
      |         ^
In file included from /Users/gjonesblackcyton/Documents/src/klausscpu-runtime/zephyr-ws/zephyr/modules/lvgl/lvgl_display_32bit.c:8:
In file included from /Users/gjonesblackcyton/Documents/src/klausscpu-runtime/zephyr-ws/zephyr/include/zephyr/kernel.h:17:
In file included from /Users/gjonesblackcyton/Documents/src/klausscpu-runtime/zephyr-ws/zephyr/include/zephyr/kernel_includes.h:23:
In file included from /Users/gjonesblackcyton/Documents/src/klausscpu-runtime/zephyr-ws/zephyr/include/zephyr/toolchain.h:48:
/Users/gjonesblackcyton/Documents/src/klausscpu-runtime/zephyr-ws/zephyr/include/zephyr/toolchain/llvm.h:103:9: warning: '__UINT16_C' macro redefined [-Wmacro-redefined]
  103 | #define __UINT16_C(x)   uint_c(x, __int_least16_c_suffix__)
      |         ^
<built-in>:210:9: note: previous definition is here
  210 | #define __UINT16_C(c) c
      |         ^
In file included from /Users/gjonesblackcyton/Documents/src/klausscpu-runtime/zephyr-ws/zephyr/modules/lvgl/lvgl_display_32bit.c:8:
In file included from /Users/gjonesblackcyton/Documents/src/klausscpu-runtime/zephyr-ws/zephyr/include/zephyr/kernel.h:17:
In file included from /Users/gjonesblackcyton/Documents/src/klausscpu-runtime/zephyr-ws/zephyr/include/zephyr/kernel_includes.h:23:
In file included from /Users/gjonesblackcyton/Documents/src/klausscpu-runtime/zephyr-ws/zephyr/include/zephyr/toolchain.h:48:
/Users/gjonesblackcyton/Documents/src/klausscpu-runtime/zephyr-ws/zephyr/include/zephyr/toolchain/llvm.h:119:9: warning: '__INT8_C' macro redefined [-Wmacro-redefined]
  119 | #define __INT8_C(x)     int_c(x, __int_least8_c_suffix__)
      |         ^
<built-in>:179:9: note: previous definition is here
  179 | #define __INT8_C(c) c
      |         ^
In file included from /Users/gjonesblackcyton/Documents/src/klausscpu-runtime/zephyr-ws/zephyr/modules/lvgl/lvgl_display_32bit.c:8:
In file included from /Users/gjonesblackcyton/Documents/src/klausscpu-runtime/zephyr-ws/zephyr/include/zephyr/kernel.h:17:
In file included from /Users/gjonesblackcyton/Documents/src/klausscpu-runtime/zephyr-ws/zephyr/include/zephyr/kernel_includes.h:23:
In file included from /Users/gjonesblackcyton/Documents/src/klausscpu-runtime/zephyr-ws/zephyr/include/zephyr/toolchain.h:48:
/Users/gjonesblackcyton/Documents/src/klausscpu-runtime/zephyr-ws/zephyr/include/zephyr/toolchain/llvm.h:120:9: warning: '__UINT8_C' macro redefined [-Wmacro-redefined]
  120 | #define __UINT8_C(x)    uint_c(x, __int_least8_c_suffix__)
      |         ^
<built-in>:201:9: note: previous definition is here
  201 | #define __UINT8_C(c) c
      |         ^
In file included from /Users/gjonesblackcyton/Documents/src/klausscpu-runtime/zephyr-ws/zephyr/modules/lvgl/lvgl_display_32bit.c:8:
In file included from /Users/gjonesblackcyton/Documents/src/klausscpu-runtime/zephyr-ws/zephyr/include/zephyr/kernel.h:17:
In file included from /Users/gjonesblackcyton/Documents/src/klausscpu-runtime/zephyr-ws/zephyr/include/zephyr/kernel_includes.h:23:
In file included from /Users/gjonesblackcyton/Documents/src/klausscpu-runtime/zephyr-ws/zephyr/include/zephyr/toolchain.h:48:
/Users/gjonesblackcyton/Documents/src/klausscpu-runtime/zephyr-ws/zephyr/include/zephyr/toolchain/llvm.h:127:9: warning: '__INTMAX_C' macro redefined [-Wmacro-redefined]
  127 | #define __INTMAX_C(x)   int_c(x, __INTMAX_C_SUFFIX__)
      |         ^
<built-in>:98:9: note: previous definition is here
   98 | #define __INTMAX_C(c) c##L
      |         ^
In file included from /Users/gjonesblackcyton/Documents/src/klausscpu-runtime/zephyr-ws/zephyr/modules/lvgl/lvgl_display_32bit.c:8:
In file included from /Users/gjonesblackcyton/Documents/src/klausscpu-runtime/zephyr-ws/zephyr/include/zephyr/kernel.h:17:
In file included from /Users/gjonesblackcyton/Documents/src/klausscpu-runtime/zephyr-ws/zephyr/include/zephyr/kernel_includes.h:23:
In file included from /Users/gjonesblackcyton/Documents/src/klausscpu-runtime/zephyr-ws/zephyr/include/zephyr/toolchain.h:48:
/Users/gjonesblackcyton/Documents/src/klausscpu-runtime/zephyr-ws/zephyr/include/zephyr/toolchain/llvm.h:128:9: warning: '__UINTMAX_C' macro redefined [-Wmacro-redefined]
  128 | #define __UINTMAX_C(x)  int_c(x, __UINTMAX_C_SUFFIX__)
      |         ^
<built-in>:105:9: note: previous definition is here
  105 | #define __UINTMAX_C(c) c##UL
      |         ^
6 warnings generated.
[295/346] Building C object modules/lvgl/CMakeFiles/modules__lvgl.dir/input/lvgl_common_input.c.obj
[296/346] Building C object zephyr/kernel/CMakeFiles/kernel.dir/init_static.c.obj
[297/346] Building C object zephyr/kernel/CMakeFiles/kernel.dir/device.c.obj
[298/346] Building C object zephyr/kernel/CMakeFiles/kernel.dir/main_weak.c.obj
In file included from /Users/gjonesblackcyton/Documents/src/klausscpu-runtime/zephyr-ws/zephyr/kernel/main_weak.c:22:
In file included from /Users/gjonesblackcyton/Documents/src/klausscpu-runtime/zephyr-ws/zephyr/kernel/include/kernel_internal.h:17:
In file included from /Users/gjonesblackcyton/Documents/src/klausscpu-runtime/zephyr-ws/zephyr/include/zephyr/kernel.h:17:
In file included from /Users/gjonesblackcyton/Documents/src/klausscpu-runtime/zephyr-ws/zephyr/include/zephyr/kernel_includes.h:23:
In file included from /Users/gjonesblackcyton/Documents/src/klausscpu-runtime/zephyr-ws/zephyr/include/zephyr/toolchain.h:48:
/Users/gjonesblackcyton/Documents/src/klausscpu-runtime/zephyr-ws/zephyr/include/zephyr/toolchain/llvm.h:102:9: warning: '__INT16_C' macro redefined [-Wmacro-redefined]
  102 | #define __INT16_C(x)    int_c(x, __int_least16_c_suffix__)
      |         ^
<built-in>:184:9: note: previous definition is here
  184 | #define __INT16_C(c) c
      |         ^
In file included from /Users/gjonesblackcyton/Documents/src/klausscpu-runtime/zephyr-ws/zephyr/kernel/main_weak.c:22:
In file included from /Users/gjonesblackcyton/Documents/src/klausscpu-runtime/zephyr-ws/zephyr/kernel/include/kernel_internal.h:17:
In file included from /Users/gjonesblackcyton/Documents/src/klausscpu-runtime/zephyr-ws/zephyr/include/zephyr/kernel.h:17:
In file included from /Users/gjonesblackcyton/Documents/src/klausscpu-runtime/zephyr-ws/zephyr/include/zephyr/kernel_includes.h:23:
In file included from /Users/gjonesblackcyton/Documents/src/klausscpu-runtime/zephyr-ws/zephyr/include/zephyr/toolchain.h:48:
/Users/gjonesblackcyton/Documents/src/klausscpu-runtime/zephyr-ws/zephyr/include/zephyr/toolchain/llvm.h:103:9: warning: '__UINT16_C' macro redefined [-Wmacro-redefined]
  103 | #define __UINT16_C(x)   uint_c(x, __int_least16_c_suffix__)
      |         ^
<built-in>:210:9: note: previous definition is here
  210 | #define __UINT16_C(c) c
      |         ^
In file included from /Users/gjonesblackcyton/Documents/src/klausscpu-runtime/zephyr-ws/zephyr/kernel/main_weak.c:22:
In file included from /Users/gjonesblackcyton/Documents/src/klausscpu-runtime/zephyr-ws/zephyr/kernel/include/kernel_internal.h:17:
In file included from /Users/gjonesblackcyton/Documents/src/klausscpu-runtime/zephyr-ws/zephyr/include/zephyr/kernel.h:17:
In file included from /Users/gjonesblackcyton/Documents/src/klausscpu-runtime/zephyr-ws/zephyr/include/zephyr/kernel_includes.h:23:
In file included from /Users/gjonesblackcyton/Documents/src/klausscpu-runtime/zephyr-ws/zephyr/include/zephyr/toolchain.h:48:
/Users/gjonesblackcyton/Documents/src/klausscpu-runtime/zephyr-ws/zephyr/include/zephyr/toolchain/llvm.h:119:9: warning: '__INT8_C' macro redefined [-Wmacro-redefined]
  119 | #define __INT8_C(x)     int_c(x, __int_least8_c_suffix__)
      |         ^
<built-in>:179:9: note: previous definition is here
  179 | #define __INT8_C(c) c
      |         ^
In file included from /Users/gjonesblackcyton/Documents/src/klausscpu-runtime/zephyr-ws/zephyr/kernel/main_weak.c:22:
In file included from /Users/gjonesblackcyton/Documents/src/klausscpu-runtime/zephyr-ws/zephyr/kernel/include/kernel_internal.h:17:
In file included from /Users/gjonesblackcyton/Documents/src/klausscpu-runtime/zephyr-ws/zephyr/include/zephyr/kernel.h:17:
In file included from /Users/gjonesblackcyton/Documents/src/klausscpu-runtime/zephyr-ws/zephyr/include/zephyr/kernel_includes.h:23:
In file included from /Users/gjonesblackcyton/Documents/src/klausscpu-runtime/zephyr-ws/zephyr/include/zephyr/toolchain.h:48:
/Users/gjonesblackcyton/Documents/src/klausscpu-runtime/zephyr-ws/zephyr/include/zephyr/toolchain/llvm.h:120:9: warning: '__UINT8_C' macro redefined [-Wmacro-redefined]
  120 | #define __UINT8_C(x)    uint_c(x, __int_least8_c_suffix__)
      |         ^
<built-in>:201:9: note: previous definition is here
  201 | #define __UINT8_C(c) c
      |         ^
In file included from /Users/gjonesblackcyton/Documents/src/klausscpu-runtime/zephyr-ws/zephyr/kernel/main_weak.c:22:
In file included from /Users/gjonesblackcyton/Documents/src/klausscpu-runtime/zephyr-ws/zephyr/kernel/include/kernel_internal.h:17:
In file included from /Users/gjonesblackcyton/Documents/src/klausscpu-runtime/zephyr-ws/zephyr/include/zephyr/kernel.h:17:
In file included from /Users/gjonesblackcyton/Documents/src/klausscpu-runtime/zephyr-ws/zephyr/include/zephyr/kernel_includes.h:23:
In file included from /Users/gjonesblackcyton/Documents/src/klausscpu-runtime/zephyr-ws/zephyr/include/zephyr/toolchain.h:48:
/Users/gjonesblackcyton/Documents/src/klausscpu-runtime/zephyr-ws/zephyr/include/zephyr/toolchain/llvm.h:127:9: warning: '__INTMAX_C' macro redefined [-Wmacro-redefined]
  127 | #define __INTMAX_C(x)   int_c(x, __INTMAX_C_SUFFIX__)
      |         ^
<built-in>:98:9: note: previous definition is here
   98 | #define __INTMAX_C(c) c##L
      |         ^
In file included from /Users/gjonesblackcyton/Documents/src/klausscpu-runtime/zephyr-ws/zephyr/kernel/main_weak.c:22:
In file included from /Users/gjonesblackcyton/Documents/src/klausscpu-runtime/zephyr-ws/zephyr/kernel/include/kernel_internal.h:17:
In file included from /Users/gjonesblackcyton/Documents/src/klausscpu-runtime/zephyr-ws/zephyr/include/zephyr/kernel.h:17:
In file included from /Users/gjonesblackcyton/Documents/src/klausscpu-runtime/zephyr-ws/zephyr/include/zephyr/kernel_includes.h:23:
In file included from /Users/gjonesblackcyton/Documents/src/klausscpu-runtime/zephyr-ws/zephyr/include/zephyr/toolchain.h:48:
/Users/gjonesblackcyton/Documents/src/klausscpu-runtime/zephyr-ws/zephyr/include/zephyr/toolchain/llvm.h:128:9: warning: '__UINTMAX_C' macro redefined [-Wmacro-redefined]
  128 | #define __UINTMAX_C(x)  int_c(x, __UINTMAX_C_SUFFIX__)
      |         ^
<built-in>:105:9: note: previous definition is here
  105 | #define __UINTMAX_C(c) c##UL
      |         ^
6 warnings generated.
[299/346] Building C object zephyr/kernel/CMakeFiles/kernel.dir/banner.c.obj
In file included from /Users/gjonesblackcyton/Documents/src/klausscpu-runtime/zephyr-ws/zephyr/kernel/banner.c:7:
In file included from /Users/gjonesblackcyton/Documents/src/klausscpu-runtime/zephyr-ws/zephyr/include/zephyr/kernel.h:17:
In file included from /Users/gjonesblackcyton/Documents/src/klausscpu-runtime/zephyr-ws/zephyr/include/zephyr/kernel_includes.h:23:
In file included from /Users/gjonesblackcyton/Documents/src/klausscpu-runtime/zephyr-ws/zephyr/include/zephyr/toolchain.h:48:
/Users/gjonesblackcyton/Documents/src/klausscpu-runtime/zephyr-ws/zephyr/include/zephyr/toolchain/llvm.h:102:9: warning: '__INT16_C' macro redefined [-Wmacro-redefined]
  102 | #define __INT16_C(x)    int_c(x, __int_least16_c_suffix__)
      |         ^
<built-in>:184:9: note: previous definition is here
  184 | #define __INT16_C(c) c
      |         ^
In file included from /Users/gjonesblackcyton/Documents/src/klausscpu-runtime/zephyr-ws/zephyr/kernel/banner.c:7:
In file included from /Users/gjonesblackcyton/Documents/src/klausscpu-runtime/zephyr-ws/zephyr/include/zephyr/kernel.h:17:
In file included from /Users/gjonesblackcyton/Documents/src/klausscpu-runtime/zephyr-ws/zephyr/include/zephyr/kernel_includes.h:23:
In file included from /Users/gjonesblackcyton/Documents/src/klausscpu-runtime/zephyr-ws/zephyr/include/zephyr/toolchain.h:48:
/Users/gjonesblackcyton/Documents/src/klausscpu-runtime/zephyr-ws/zephyr/include/zephyr/toolchain/llvm.h:103:9: warning: '__UINT16_C' macro redefined [-Wmacro-redefined]
  103 | #define __UINT16_C(x)   uint_c(x, __int_least16_c_suffix__)
      |         ^
<built-in>:210:9: note: previous definition is here
  210 | #define __UINT16_C(c) c
      |         ^
In file included from /Users/gjonesblackcyton/Documents/src/klausscpu-runtime/zephyr-ws/zephyr/kernel/banner.c:7:
In file included from /Users/gjonesblackcyton/Documents/src/klausscpu-runtime/zephyr-ws/zephyr/include/zephyr/kernel.h:17:
In file included from /Users/gjonesblackcyton/Documents/src/klausscpu-runtime/zephyr-ws/zephyr/include/zephyr/kernel_includes.h:23:
In file included from /Users/gjonesblackcyton/Documents/src/klausscpu-runtime/zephyr-ws/zephyr/include/zephyr/toolchain.h:48:
/Users/gjonesblackcyton/Documents/src/klausscpu-runtime/zephyr-ws/zephyr/include/zephyr/toolchain/llvm.h:119:9: warning: '__INT8_C' macro redefined [-Wmacro-redefined]
  119 | #define __INT8_C(x)     int_c(x, __int_least8_c_suffix__)
      |         ^
<built-in>:179:9: note: previous definition is here
  179 | #define __INT8_C(c) c
      |         ^
In file included from /Users/gjonesblackcyton/Documents/src/klausscpu-runtime/zephyr-ws/zephyr/kernel/banner.c:7:
In file included from /Users/gjonesblackcyton/Documents/src/klausscpu-runtime/zephyr-ws/zephyr/include/zephyr/kernel.h:17:
In file included from /Users/gjonesblackcyton/Documents/src/klausscpu-runtime/zephyr-ws/zephyr/include/zephyr/kernel_includes.h:23:
In file included from /Users/gjonesblackcyton/Documents/src/klausscpu-runtime/zephyr-ws/zephyr/include/zephyr/toolchain.h:48:
/Users/gjonesblackcyton/Documents/src/klausscpu-runtime/zephyr-ws/zephyr/include/zephyr/toolchain/llvm.h:120:9: warning: '__UINT8_C' macro redefined [-Wmacro-redefined]
  120 | #define __UINT8_C(x)    uint_c(x, __int_least8_c_suffix__)
      |         ^
<built-in>:201:9: note: previous definition is here
  201 | #define __UINT8_C(c) c
      |         ^
In file included from /Users/gjonesblackcyton/Documents/src/klausscpu-runtime/zephyr-ws/zephyr/kernel/banner.c:7:
In file included from /Users/gjonesblackcyton/Documents/src/klausscpu-runtime/zephyr-ws/zephyr/include/zephyr/kernel.h:17:
In file included from /Users/gjonesblackcyton/Documents/src/klausscpu-runtime/zephyr-ws/zephyr/include/zephyr/kernel_includes.h:23:
In file included from /Users/gjonesblackcyton/Documents/src/klausscpu-runtime/zephyr-ws/zephyr/include/zephyr/toolchain.h:48:
/Users/gjonesblackcyton/Documents/src/klausscpu-runtime/zephyr-ws/zephyr/include/zephyr/toolchain/llvm.h:127:9: warning: '__INTMAX_C' macro redefined [-Wmacro-redefined]
  127 | #define __INTMAX_C(x)   int_c(x, __INTMAX_C_SUFFIX__)
      |         ^
<built-in>:98:9: note: previous definition is here
   98 | #define __INTMAX_C(c) c##L
      |         ^
In file included from /Users/gjonesblackcyton/Documents/src/klausscpu-runtime/zephyr-ws/zephyr/kernel/banner.c:7:
In file included from /Users/gjonesblackcyton/Documents/src/klausscpu-runtime/zephyr-ws/zephyr/include/zephyr/kernel.h:17:
In file included from /Users/gjonesblackcyton/Documents/src/klausscpu-runtime/zephyr-ws/zephyr/include/zephyr/kernel_includes.h:23:
In file included from /Users/gjonesblackcyton/Documents/src/klausscpu-runtime/zephyr-ws/zephyr/include/zephyr/toolchain.h:48:
/Users/gjonesblackcyton/Documents/src/klausscpu-runtime/zephyr-ws/zephyr/include/zephyr/toolchain/llvm.h:128:9: warning: '__UINTMAX_C' macro redefined [-Wmacro-redefined]
  128 | #define __UINTMAX_C(x)  int_c(x, __UINTMAX_C_SUFFIX__)
      |         ^
<built-in>:105:9: note: previous definition is here
  105 | #define __UINTMAX_C(c) c##UL
      |         ^
6 warnings generated.
[300/346] Building C object zephyr/kernel/CMakeFiles/kernel.dir/busy_wait.c.obj
In file included from /Users/gjonesblackcyton/Documents/src/klausscpu-runtime/zephyr-ws/zephyr/kernel/busy_wait.c:7:
In file included from /Users/gjonesblackcyton/Documents/src/klausscpu-runtime/zephyr-ws/zephyr/include/zephyr/kernel.h:17:
In file included from /Users/gjonesblackcyton/Documents/src/klausscpu-runtime/zephyr-ws/zephyr/include/zephyr/kernel_includes.h:23:
In file included from /Users/gjonesblackcyton/Documents/src/klausscpu-runtime/zephyr-ws/zephyr/include/zephyr/toolchain.h:48:
/Users/gjonesblackcyton/Documents/src/klausscpu-runtime/zephyr-ws/zephyr/include/zephyr/toolchain/llvm.h:102:9: warning: '__INT16_C' macro redefined [-Wmacro-redefined]
  102 | #define __INT16_C(x)    int_c(x, __int_least16_c_suffix__)
      |         ^
<built-in>:184:9: note: previous definition is here
  184 | #define __INT16_C(c) c
      |         ^
In file included from /Users/gjonesblackcyton/Documents/src/klausscpu-runtime/zephyr-ws/zephyr/kernel/busy_wait.c:7:
In file included from /Users/gjonesblackcyton/Documents/src/klausscpu-runtime/zephyr-ws/zephyr/include/zephyr/kernel.h:17:
In file included from /Users/gjonesblackcyton/Documents/src/klausscpu-runtime/zephyr-ws/zephyr/include/zephyr/kernel_includes.h:23:
In file included from /Users/gjonesblackcyton/Documents/src/klausscpu-runtime/zephyr-ws/zephyr/include/zephyr/toolchain.h:48:
/Users/gjonesblackcyton/Documents/src/klausscpu-runtime/zephyr-ws/zephyr/include/zephyr/toolchain/llvm.h:103:9: warning: '__UINT16_C' macro redefined [-Wmacro-redefined]
  103 | #define __UINT16_C(x)   uint_c(x, __int_least16_c_suffix__)
      |         ^
<built-in>:210:9: note: previous definition is here
  210 | #define __UINT16_C(c) c
      |         ^
In file included from /Users/gjonesblackcyton/Documents/src/klausscpu-runtime/zephyr-ws/zephyr/kernel/busy_wait.c:7:
In file included from /Users/gjonesblackcyton/Documents/src/klausscpu-runtime/zephyr-ws/zephyr/include/zephyr/kernel.h:17:
In file included from /Users/gjonesblackcyton/Documents/src/klausscpu-runtime/zephyr-ws/zephyr/include/zephyr/kernel_includes.h:23:
In file included from /Users/gjonesblackcyton/Documents/src/klausscpu-runtime/zephyr-ws/zephyr/include/zephyr/toolchain.h:48:
/Users/gjonesblackcyton/Documents/src/klausscpu-runtime/zephyr-ws/zephyr/include/zephyr/toolchain/llvm.h:119:9: warning: '__INT8_C' macro redefined [-Wmacro-redefined]
  119 | #define __INT8_C(x)     int_c(x, __int_least8_c_suffix__)
      |         ^
<built-in>:179:9: note: previous definition is here
  179 | #define __INT8_C(c) c
      |         ^
In file included from /Users/gjonesblackcyton/Documents/src/klausscpu-runtime/zephyr-ws/zephyr/kernel/busy_wait.c:7:
In file included from /Users/gjonesblackcyton/Documents/src/klausscpu-runtime/zephyr-ws/zephyr/include/zephyr/kernel.h:17:
In file included from /Users/gjonesblackcyton/Documents/src/klausscpu-runtime/zephyr-ws/zephyr/include/zephyr/kernel_includes.h:23:
In file included from /Users/gjonesblackcyton/Documents/src/klausscpu-runtime/zephyr-ws/zephyr/include/zephyr/toolchain.h:48:
/Users/gjonesblackcyton/Documents/src/klausscpu-runtime/zephyr-ws/zephyr/include/zephyr/toolchain/llvm.h:120:9: warning: '__UINT8_C' macro redefined [-Wmacro-redefined]
  120 | #define __UINT8_C(x)    uint_c(x, __int_least8_c_suffix__)
      |         ^
<built-in>:201:9: note: previous definition is here
  201 | #define __UINT8_C(c) c
      |         ^
In file included from /Users/gjonesblackcyton/Documents/src/klausscpu-runtime/zephyr-ws/zephyr/kernel/busy_wait.c:7:
In file included from /Users/gjonesblackcyton/Documents/src/klausscpu-runtime/zephyr-ws/zephyr/include/zephyr/kernel.h:17:
In file included from /Users/gjonesblackcyton/Documents/src/klausscpu-runtime/zephyr-ws/zephyr/include/zephyr/kernel_includes.h:23:
In file included from /Users/gjonesblackcyton/Documents/src/klausscpu-runtime/zephyr-ws/zephyr/include/zephyr/toolchain.h:48:
/Users/gjonesblackcyton/Documents/src/klausscpu-runtime/zephyr-ws/zephyr/include/zephyr/toolchain/llvm.h:127:9: warning: '__INTMAX_C' macro redefined [-Wmacro-redefined]
  127 | #define __INTMAX_C(x)   int_c(x, __INTMAX_C_SUFFIX__)
      |         ^
<built-in>:98:9: note: previous definition is here
   98 | #define __INTMAX_C(c) c##L
      |         ^
In file included from /Users/gjonesblackcyton/Documents/src/klausscpu-runtime/zephyr-ws/zephyr/kernel/busy_wait.c:7:
In file included from /Users/gjonesblackcyton/Documents/src/klausscpu-runtime/zephyr-ws/zephyr/include/zephyr/kernel.h:17:
In file included from /Users/gjonesblackcyton/Documents/src/klausscpu-runtime/zephyr-ws/zephyr/include/zephyr/kernel_includes.h:23:
In file included from /Users/gjonesblackcyton/Documents/src/klausscpu-runtime/zephyr-ws/zephyr/include/zephyr/toolchain.h:48:
/Users/gjonesblackcyton/Documents/src/klausscpu-runtime/zephyr-ws/zephyr/include/zephyr/toolchain/llvm.h:128:9: warning: '__UINTMAX_C' macro redefined [-Wmacro-redefined]
  128 | #define __UINTMAX_C(x)  int_c(x, __UINTMAX_C_SUFFIX__)
      |         ^
<built-in>:105:9: note: previous definition is here
  105 | #define __UINTMAX_C(c) c##UL
      |         ^
6 warnings generated.
[301/346] Building C object zephyr/kernel/CMakeFiles/kernel.dir/errno.c.obj
In file included from /Users/gjonesblackcyton/Documents/src/klausscpu-runtime/zephyr-ws/zephyr/kernel/errno.c:15:
In file included from /Users/gjonesblackcyton/Documents/src/klausscpu-runtime/zephyr-ws/zephyr/include/zephyr/kernel.h:17:
In file included from /Users/gjonesblackcyton/Documents/src/klausscpu-runtime/zephyr-ws/zephyr/include/zephyr/kernel_includes.h:23:
In file included from /Users/gjonesblackcyton/Documents/src/klausscpu-runtime/zephyr-ws/zephyr/include/zephyr/toolchain.h:48:
/Users/gjonesblackcyton/Documents/src/klausscpu-runtime/zephyr-ws/zephyr/include/zephyr/toolchain/llvm.h:102:9: warning: '__INT16_C' macro redefined [-Wmacro-redefined]
  102 | #define __INT16_C(x)    int_c(x, __int_least16_c_suffix__)
      |         ^
<built-in>:184:9: note: previous definition is here
  184 | #define __INT16_C(c) c
      |         ^
In file included from /Users/gjonesblackcyton/Documents/src/klausscpu-runtime/zephyr-ws/zephyr/kernel/errno.c:15:
In file included from /Users/gjonesblackcyton/Documents/src/klausscpu-runtime/zephyr-ws/zephyr/include/zephyr/kernel.h:17:
In file included from /Users/gjonesblackcyton/Documents/src/klausscpu-runtime/zephyr-ws/zephyr/include/zephyr/kernel_includes.h:23:
In file included from /Users/gjonesblackcyton/Documents/src/klausscpu-runtime/zephyr-ws/zephyr/include/zephyr/toolchain.h:48:
/Users/gjonesblackcyton/Documents/src/klausscpu-runtime/zephyr-ws/zephyr/include/zephyr/toolchain/llvm.h:103:9: warning: '__UINT16_C' macro redefined [-Wmacro-redefined]
  103 | #define __UINT16_C(x)   uint_c(x, __int_least16_c_suffix__)
      |         ^
<built-in>:210:9: note: previous definition is here
  210 | #define __UINT16_C(c) c
      |         ^
In file included from /Users/gjonesblackcyton/Documents/src/klausscpu-runtime/zephyr-ws/zephyr/kernel/errno.c:15:
In file included from /Users/gjonesblackcyton/Documents/src/klausscpu-runtime/zephyr-ws/zephyr/include/zephyr/kernel.h:17:
In file included from /Users/gjonesblackcyton/Documents/src/klausscpu-runtime/zephyr-ws/zephyr/include/zephyr/kernel_includes.h:23:
In file included from /Users/gjonesblackcyton/Documents/src/klausscpu-runtime/zephyr-ws/zephyr/include/zephyr/toolchain.h:48:
/Users/gjonesblackcyton/Documents/src/klausscpu-runtime/zephyr-ws/zephyr/include/zephyr/toolchain/llvm.h:119:9: warning: '__INT8_C' macro redefined [-Wmacro-redefined]
  119 | #define __INT8_C(x)     int_c(x, __int_least8_c_suffix__)
      |         ^
<built-in>:179:9: note: previous definition is here
  179 | #define __INT8_C(c) c
      |         ^
In file included from /Users/gjonesblackcyton/Documents/src/klausscpu-runtime/zephyr-ws/zephyr/kernel/errno.c:15:
In file included from /Users/gjonesblackcyton/Documents/src/klausscpu-runtime/zephyr-ws/zephyr/include/zephyr/kernel.h:17:
In file included from /Users/gjonesblackcyton/Documents/src/klausscpu-runtime/zephyr-ws/zephyr/include/zephyr/kernel_includes.h:23:
In file included from /Users/gjonesblackcyton/Documents/src/klausscpu-runtime/zephyr-ws/zephyr/include/zephyr/toolchain.h:48:
/Users/gjonesblackcyton/Documents/src/klausscpu-runtime/zephyr-ws/zephyr/include/zephyr/toolchain/llvm.h:120:9: warning: '__UINT8_C' macro redefined [-Wmacro-redefined]
  120 | #define __UINT8_C(x)    uint_c(x, __int_least8_c_suffix__)
      |         ^
<built-in>:201:9: note: previous definition is here
  201 | #define __UINT8_C(c) c
      |         ^
In file included from /Users/gjonesblackcyton/Documents/src/klausscpu-runtime/zephyr-ws/zephyr/kernel/errno.c:15:
In file included from /Users/gjonesblackcyton/Documents/src/klausscpu-runtime/zephyr-ws/zephyr/include/zephyr/kernel.h:17:
In file included from /Users/gjonesblackcyton/Documents/src/klausscpu-runtime/zephyr-ws/zephyr/include/zephyr/kernel_includes.h:23:
In file included from /Users/gjonesblackcyton/Documents/src/klausscpu-runtime/zephyr-ws/zephyr/include/zephyr/toolchain.h:48:
/Users/gjonesblackcyton/Documents/src/klausscpu-runtime/zephyr-ws/zephyr/include/zephyr/toolchain/llvm.h:127:9: warning: '__INTMAX_C' macro redefined [-Wmacro-redefined]
  127 | #define __INTMAX_C(x)   int_c(x, __INTMAX_C_SUFFIX__)
      |         ^
<built-in>:98:9: note: previous definition is here
   98 | #define __INTMAX_C(c) c##L
      |         ^
In file included from /Users/gjonesblackcyton/Documents/src/klausscpu-runtime/zephyr-ws/zephyr/kernel/errno.c:15:
In file included from /Users/gjonesblackcyton/Documents/src/klausscpu-runtime/zephyr-ws/zephyr/include/zephyr/kernel.h:17:
In file included from /Users/gjonesblackcyton/Documents/src/klausscpu-runtime/zephyr-ws/zephyr/include/zephyr/kernel_includes.h:23:
In file included from /Users/gjonesblackcyton/Documents/src/klausscpu-runtime/zephyr-ws/zephyr/include/zephyr/toolchain.h:48:
/Users/gjonesblackcyton/Documents/src/klausscpu-runtime/zephyr-ws/zephyr/include/zephyr/toolchain/llvm.h:128:9: warning: '__UINTMAX_C' macro redefined [-Wmacro-redefined]
  128 | #define __UINTMAX_C(x)  int_c(x, __UINTMAX_C_SUFFIX__)
      |         ^
<built-in>:105:9: note: previous definition is here
  105 | #define __UINTMAX_C(c) c##UL
      |         ^
6 warnings generated.
[302/346] Building C object zephyr/kernel/CMakeFiles/kernel.dir/version.c.obj
[303/346] Building C object zephyr/kernel/CMakeFiles/kernel.dir/fatal.c.obj
In file included from /Users/gjonesblackcyton/Documents/src/klausscpu-runtime/zephyr-ws/zephyr/kernel/fatal.c:7:
In file included from /Users/gjonesblackcyton/Documents/src/klausscpu-runtime/zephyr-ws/zephyr/include/zephyr/kernel.h:17:
In file included from /Users/gjonesblackcyton/Documents/src/klausscpu-runtime/zephyr-ws/zephyr/include/zephyr/kernel_includes.h:23:
In file included from /Users/gjonesblackcyton/Documents/src/klausscpu-runtime/zephyr-ws/zephyr/include/zephyr/toolchain.h:48:
/Users/gjonesblackcyton/Documents/src/klausscpu-runtime/zephyr-ws/zephyr/include/zephyr/toolchain/llvm.h:102:9: warning: '__INT16_C' macro redefined [-Wmacro-redefined]
  102 | #define __INT16_C(x)    int_c(x, __int_least16_c_suffix__)
      |         ^
<built-in>:184:9: note: previous definition is here
  184 | #define __INT16_C(c) c
      |         ^
In file included from /Users/gjonesblackcyton/Documents/src/klausscpu-runtime/zephyr-ws/zephyr/kernel/fatal.c:7:
In file included from /Users/gjonesblackcyton/Documents/src/klausscpu-runtime/zephyr-ws/zephyr/include/zephyr/kernel.h:17:
In file included from /Users/gjonesblackcyton/Documents/src/klausscpu-runtime/zephyr-ws/zephyr/include/zephyr/kernel_includes.h:23:
In file included from /Users/gjonesblackcyton/Documents/src/klausscpu-runtime/zephyr-ws/zephyr/include/zephyr/toolchain.h:48:
/Users/gjonesblackcyton/Documents/src/klausscpu-runtime/zephyr-ws/zephyr/include/zephyr/toolchain/llvm.h:103:9: warning: '__UINT16_C' macro redefined [-Wmacro-redefined]
  103 | #define __UINT16_C(x)   uint_c(x, __int_least16_c_suffix__)
      |         ^
<built-in>:210:9: note: previous definition is here
  210 | #define __UINT16_C(c) c
      |         ^
In file included from /Users/gjonesblackcyton/Documents/src/klausscpu-runtime/zephyr-ws/zephyr/kernel/fatal.c:7:
In file included from /Users/gjonesblackcyton/Documents/src/klausscpu-runtime/zephyr-ws/zephyr/include/zephyr/kernel.h:17:
In file included from /Users/gjonesblackcyton/Documents/src/klausscpu-runtime/zephyr-ws/zephyr/include/zephyr/kernel_includes.h:23:
In file included from /Users/gjonesblackcyton/Documents/src/klausscpu-runtime/zephyr-ws/zephyr/include/zephyr/toolchain.h:48:
/Users/gjonesblackcyton/Documents/src/klausscpu-runtime/zephyr-ws/zephyr/include/zephyr/toolchain/llvm.h:119:9: warning: '__INT8_C' macro redefined [-Wmacro-redefined]
  119 | #define __INT8_C(x)     int_c(x, __int_least8_c_suffix__)
      |         ^
<built-in>:179:9: note: previous definition is here
  179 | #define __INT8_C(c) c
      |         ^
In file included from /Users/gjonesblackcyton/Documents/src/klausscpu-runtime/zephyr-ws/zephyr/kernel/fatal.c:7:
In file included from /Users/gjonesblackcyton/Documents/src/klausscpu-runtime/zephyr-ws/zephyr/include/zephyr/kernel.h:17:
In file included from /Users/gjonesblackcyton/Documents/src/klausscpu-runtime/zephyr-ws/zephyr/include/zephyr/kernel_includes.h:23:
In file included from /Users/gjonesblackcyton/Documents/src/klausscpu-runtime/zephyr-ws/zephyr/include/zephyr/toolchain.h:48:
/Users/gjonesblackcyton/Documents/src/klausscpu-runtime/zephyr-ws/zephyr/include/zephyr/toolchain/llvm.h:120:9: warning: '__UINT8_C' macro redefined [-Wmacro-redefined]
  120 | #define __UINT8_C(x)    uint_c(x, __int_least8_c_suffix__)
      |         ^
<built-in>:201:9: note: previous definition is here
  201 | #define __UINT8_C(c) c
      |         ^
In file included from /Users/gjonesblackcyton/Documents/src/klausscpu-runtime/zephyr-ws/zephyr/kernel/fatal.c:7:
In file included from /Users/gjonesblackcyton/Documents/src/klausscpu-runtime/zephyr-ws/zephyr/include/zephyr/kernel.h:17:
In file included from /Users/gjonesblackcyton/Documents/src/klausscpu-runtime/zephyr-ws/zephyr/include/zephyr/kernel_includes.h:23:
In file included from /Users/gjonesblackcyton/Documents/src/klausscpu-runtime/zephyr-ws/zephyr/include/zephyr/toolchain.h:48:
/Users/gjonesblackcyton/Documents/src/klausscpu-runtime/zephyr-ws/zephyr/include/zephyr/toolchain/llvm.h:127:9: warning: '__INTMAX_C' macro redefined [-Wmacro-redefined]
  127 | #define __INTMAX_C(x)   int_c(x, __INTMAX_C_SUFFIX__)
      |         ^
<built-in>:98:9: note: previous definition is here
   98 | #define __INTMAX_C(c) c##L
      |         ^
In file included from /Users/gjonesblackcyton/Documents/src/klausscpu-runtime/zephyr-ws/zephyr/kernel/fatal.c:7:
In file included from /Users/gjonesblackcyton/Documents/src/klausscpu-runtime/zephyr-ws/zephyr/include/zephyr/kernel.h:17:
In file included from /Users/gjonesblackcyton/Documents/src/klausscpu-runtime/zephyr-ws/zephyr/include/zephyr/kernel_includes.h:23:
In file included from /Users/gjonesblackcyton/Documents/src/klausscpu-runtime/zephyr-ws/zephyr/include/zephyr/toolchain.h:48:
/Users/gjonesblackcyton/Documents/src/klausscpu-runtime/zephyr-ws/zephyr/include/zephyr/toolchain/llvm.h:128:9: warning: '__UINTMAX_C' macro redefined [-Wmacro-redefined]
  128 | #define __UINTMAX_C(x)  int_c(x, __UINTMAX_C_SUFFIX__)
      |         ^
<built-in>:105:9: note: previous definition is here
  105 | #define __UINTMAX_C(c) c##UL
      |         ^
6 warnings generated.
[304/346] Building C object zephyr/kernel/CMakeFiles/kernel.dir/init.c.obj
In file included from /Users/gjonesblackcyton/Documents/src/klausscpu-runtime/zephyr-ws/zephyr/kernel/init.c:15:
In file included from /Users/gjonesblackcyton/Documents/src/klausscpu-runtime/zephyr-ws/zephyr/include/zephyr/kernel.h:17:
In file included from /Users/gjonesblackcyton/Documents/src/klausscpu-runtime/zephyr-ws/zephyr/include/zephyr/kernel_includes.h:23:
In file included from /Users/gjonesblackcyton/Documents/src/klausscpu-runtime/zephyr-ws/zephyr/include/zephyr/toolchain.h:48:
/Users/gjonesblackcyton/Documents/src/klausscpu-runtime/zephyr-ws/zephyr/include/zephyr/toolchain/llvm.h:102:9: warning: '__INT16_C' macro redefined [-Wmacro-redefined]
  102 | #define __INT16_C(x)    int_c(x, __int_least16_c_suffix__)
      |         ^
<built-in>:184:9: note: previous definition is here
  184 | #define __INT16_C(c) c
      |         ^
In file included from /Users/gjonesblackcyton/Documents/src/klausscpu-runtime/zephyr-ws/zephyr/kernel/init.c:15:
In file included from /Users/gjonesblackcyton/Documents/src/klausscpu-runtime/zephyr-ws/zephyr/include/zephyr/kernel.h:17:
In file included from /Users/gjonesblackcyton/Documents/src/klausscpu-runtime/zephyr-ws/zephyr/include/zephyr/kernel_includes.h:23:
In file included from /Users/gjonesblackcyton/Documents/src/klausscpu-runtime/zephyr-ws/zephyr/include/zephyr/toolchain.h:48:
/Users/gjonesblackcyton/Documents/src/klausscpu-runtime/zephyr-ws/zephyr/include/zephyr/toolchain/llvm.h:103:9: warning: '__UINT16_C' macro redefined [-Wmacro-redefined]
  103 | #define __UINT16_C(x)   uint_c(x, __int_least16_c_suffix__)
      |         ^
<built-in>:210:9: note: previous definition is here
  210 | #define __UINT16_C(c) c
      |         ^
In file included from /Users/gjonesblackcyton/Documents/src/klausscpu-runtime/zephyr-ws/zephyr/kernel/init.c:15:
In file included from /Users/gjonesblackcyton/Documents/src/klausscpu-runtime/zephyr-ws/zephyr/include/zephyr/kernel.h:17:
In file included from /Users/gjonesblackcyton/Documents/src/klausscpu-runtime/zephyr-ws/zephyr/include/zephyr/kernel_includes.h:23:
In file included from /Users/gjonesblackcyton/Documents/src/klausscpu-runtime/zephyr-ws/zephyr/include/zephyr/toolchain.h:48:
/Users/gjonesblackcyton/Documents/src/klausscpu-runtime/zephyr-ws/zephyr/include/zephyr/toolchain/llvm.h:119:9: warning: '__INT8_C' macro redefined [-Wmacro-redefined]
  119 | #define __INT8_C(x)     int_c(x, __int_least8_c_suffix__)
      |         ^
<built-in>:179:9: note: previous definition is here
  179 | #define __INT8_C(c) c
      |         ^
In file included from /Users/gjonesblackcyton/Documents/src/klausscpu-runtime/zephyr-ws/zephyr/kernel/init.c:15:
In file included from /Users/gjonesblackcyton/Documents/src/klausscpu-runtime/zephyr-ws/zephyr/include/zephyr/kernel.h:17:
In file included from /Users/gjonesblackcyton/Documents/src/klausscpu-runtime/zephyr-ws/zephyr/include/zephyr/kernel_includes.h:23:
In file included from /Users/gjonesblackcyton/Documents/src/klausscpu-runtime/zephyr-ws/zephyr/include/zephyr/toolchain.h:48:
/Users/gjonesblackcyton/Documents/src/klausscpu-runtime/zephyr-ws/zephyr/include/zephyr/toolchain/llvm.h:120:9: warning: '__UINT8_C' macro redefined [-Wmacro-redefined]
  120 | #define __UINT8_C(x)    uint_c(x, __int_least8_c_suffix__)
      |         ^
<built-in>:201:9: note: previous definition is here
  201 | #define __UINT8_C(c) c
      |         ^
In file included from /Users/gjonesblackcyton/Documents/src/klausscpu-runtime/zephyr-ws/zephyr/kernel/init.c:15:
In file included from /Users/gjonesblackcyton/Documents/src/klausscpu-runtime/zephyr-ws/zephyr/include/zephyr/kernel.h:17:
In file included from /Users/gjonesblackcyton/Documents/src/klausscpu-runtime/zephyr-ws/zephyr/include/zephyr/kernel_includes.h:23:
In file included from /Users/gjonesblackcyton/Documents/src/klausscpu-runtime/zephyr-ws/zephyr/include/zephyr/toolchain.h:48:
/Users/gjonesblackcyton/Documents/src/klausscpu-runtime/zephyr-ws/zephyr/include/zephyr/toolchain/llvm.h:127:9: warning: '__INTMAX_C' macro redefined [-Wmacro-redefined]
  127 | #define __INTMAX_C(x)   int_c(x, __INTMAX_C_SUFFIX__)
      |         ^
<built-in>:98:9: note: previous definition is here
   98 | #define __INTMAX_C(c) c##L
      |         ^
In file included from /Users/gjonesblackcyton/Documents/src/klausscpu-runtime/zephyr-ws/zephyr/kernel/init.c:15:
In file included from /Users/gjonesblackcyton/Documents/src/klausscpu-runtime/zephyr-ws/zephyr/include/zephyr/kernel.h:17:
In file included from /Users/gjonesblackcyton/Documents/src/klausscpu-runtime/zephyr-ws/zephyr/include/zephyr/kernel_includes.h:23:
In file included from /Users/gjonesblackcyton/Documents/src/klausscpu-runtime/zephyr-ws/zephyr/include/zephyr/toolchain.h:48:
/Users/gjonesblackcyton/Documents/src/klausscpu-runtime/zephyr-ws/zephyr/include/zephyr/toolchain/llvm.h:128:9: warning: '__UINTMAX_C' macro redefined [-Wmacro-redefined]
  128 | #define __UINTMAX_C(x)  int_c(x, __UINTMAX_C_SUFFIX__)
      |         ^
<built-in>:105:9: note: previous definition is here
  105 | #define __UINTMAX_C(c) c##UL
      |         ^
In file included from /Users/gjonesblackcyton/Documents/src/klausscpu-runtime/zephyr-ws/zephyr/kernel/init.c:25:
In file included from /Users/gjonesblackcyton/Documents/src/klausscpu-runtime/zephyr-ws/zephyr/kernel/include/ksched.h:11:
In file included from /Users/gjonesblackcyton/Documents/src/klausscpu-runtime/zephyr-ws/zephyr/kernel/include/kernel_internal.h:18:
/Users/gjonesblackcyton/Documents/src/klausscpu-runtime/zephyr-ws/zephyr/kernel/include/kernel_arch_interface.h:131:20: warning: function 'arch_switch' has internal linkage but is not defined [-Wundefined-internal]
  131 | static inline void arch_switch(void *switch_to, void **switched_from);
      |                    ^
/Users/gjonesblackcyton/Documents/src/klausscpu-runtime/zephyr-ws/zephyr/kernel/include/kswap.h:167:3: note: used here
  167 |                 arch_switch(newsh, &old_thread->switch_handle);
      |                 ^
7 warnings generated.
[305/346] Building C object zephyr/kernel/CMakeFiles/kernel.dir/float.c.obj
In file included from /Users/gjonesblackcyton/Documents/src/klausscpu-runtime/zephyr-ws/zephyr/kernel/float.c:7:
In file included from /Users/gjonesblackcyton/Documents/src/klausscpu-runtime/zephyr-ws/zephyr/include/zephyr/kernel.h:17:
In file included from /Users/gjonesblackcyton/Documents/src/klausscpu-runtime/zephyr-ws/zephyr/include/zephyr/kernel_includes.h:23:
In file included from /Users/gjonesblackcyton/Documents/src/klausscpu-runtime/zephyr-ws/zephyr/include/zephyr/toolchain.h:48:
/Users/gjonesblackcyton/Documents/src/klausscpu-runtime/zephyr-ws/zephyr/include/zephyr/toolchain/llvm.h:102:9: warning: '__INT16_C' macro redefined [-Wmacro-redefined]
  102 | #define __INT16_C(x)    int_c(x, __int_least16_c_suffix__)
      |         ^
<built-in>:184:9: note: previous definition is here
  184 | #define __INT16_C(c) c
      |         ^
In file included from /Users/gjonesblackcyton/Documents/src/klausscpu-runtime/zephyr-ws/zephyr/kernel/float.c:7:
In file included from /Users/gjonesblackcyton/Documents/src/klausscpu-runtime/zephyr-ws/zephyr/include/zephyr/kernel.h:17:
In file included from /Users/gjonesblackcyton/Documents/src/klausscpu-runtime/zephyr-ws/zephyr/include/zephyr/kernel_includes.h:23:
In file included from /Users/gjonesblackcyton/Documents/src/klausscpu-runtime/zephyr-ws/zephyr/include/zephyr/toolchain.h:48:
/Users/gjonesblackcyton/Documents/src/klausscpu-runtime/zephyr-ws/zephyr/include/zephyr/toolchain/llvm.h:103:9: warning: '__UINT16_C' macro redefined [-Wmacro-redefined]
  103 | #define __UINT16_C(x)   uint_c(x, __int_least16_c_suffix__)
      |         ^
<built-in>:210:9: note: previous definition is here
  210 | #define __UINT16_C(c) c
      |         ^
In file included from /Users/gjonesblackcyton/Documents/src/klausscpu-runtime/zephyr-ws/zephyr/kernel/float.c:7:
In file included from /Users/gjonesblackcyton/Documents/src/klausscpu-runtime/zephyr-ws/zephyr/include/zephyr/kernel.h:17:
In file included from /Users/gjonesblackcyton/Documents/src/klausscpu-runtime/zephyr-ws/zephyr/include/zephyr/kernel_includes.h:23:
In file included from /Users/gjonesblackcyton/Documents/src/klausscpu-runtime/zephyr-ws/zephyr/include/zephyr/toolchain.h:48:
/Users/gjonesblackcyton/Documents/src/klausscpu-runtime/zephyr-ws/zephyr/include/zephyr/toolchain/llvm.h:119:9: warning: '__INT8_C' macro redefined [-Wmacro-redefined]
  119 | #define __INT8_C(x)     int_c(x, __int_least8_c_suffix__)
      |         ^
<built-in>:179:9: note: previous definition is here
  179 | #define __INT8_C(c) c
      |         ^
In file included from /Users/gjonesblackcyton/Documents/src/klausscpu-runtime/zephyr-ws/zephyr/kernel/float.c:7:
In file included from /Users/gjonesblackcyton/Documents/src/klausscpu-runtime/zephyr-ws/zephyr/include/zephyr/kernel.h:17:
In file included from /Users/gjonesblackcyton/Documents/src/klausscpu-runtime/zephyr-ws/zephyr/include/zephyr/kernel_includes.h:23:
In file included from /Users/gjonesblackcyton/Documents/src/klausscpu-runtime/zephyr-ws/zephyr/include/zephyr/toolchain.h:48:
/Users/gjonesblackcyton/Documents/src/klausscpu-runtime/zephyr-ws/zephyr/include/zephyr/toolchain/llvm.h:120:9: warning: '__UINT8_C' macro redefined [-Wmacro-redefined]
  120 | #define __UINT8_C(x)    uint_c(x, __int_least8_c_suffix__)
      |         ^
<built-in>:201:9: note: previous definition is here
  201 | #define __UINT8_C(c) c
      |         ^
In file included from /Users/gjonesblackcyton/Documents/src/klausscpu-runtime/zephyr-ws/zephyr/kernel/float.c:7:
In file included from /Users/gjonesblackcyton/Documents/src/klausscpu-runtime/zephyr-ws/zephyr/include/zephyr/kernel.h:17:
In file included from /Users/gjonesblackcyton/Documents/src/klausscpu-runtime/zephyr-ws/zephyr/include/zephyr/kernel_includes.h:23:
In file included from /Users/gjonesblackcyton/Documents/src/klausscpu-runtime/zephyr-ws/zephyr/include/zephyr/toolchain.h:48:
/Users/gjonesblackcyton/Documents/src/klausscpu-runtime/zephyr-ws/zephyr/include/zephyr/toolchain/llvm.h:127:9: warning: '__INTMAX_C' macro redefined [-Wmacro-redefined]
  127 | #define __INTMAX_C(x)   int_c(x, __INTMAX_C_SUFFIX__)
      |         ^
<built-in>:98:9: note: previous definition is here
   98 | #define __INTMAX_C(c) c##L
      |         ^
In file included from /Users/gjonesblackcyton/Documents/src/klausscpu-runtime/zephyr-ws/zephyr/kernel/float.c:7:
In file included from /Users/gjonesblackcyton/Documents/src/klausscpu-runtime/zephyr-ws/zephyr/include/zephyr/kernel.h:17:
In file included from /Users/gjonesblackcyton/Documents/src/klausscpu-runtime/zephyr-ws/zephyr/include/zephyr/kernel_includes.h:23:
In file included from /Users/gjonesblackcyton/Documents/src/klausscpu-runtime/zephyr-ws/zephyr/include/zephyr/toolchain.h:48:
/Users/gjonesblackcyton/Documents/src/klausscpu-runtime/zephyr-ws/zephyr/include/zephyr/toolchain/llvm.h:128:9: warning: '__UINTMAX_C' macro redefined [-Wmacro-redefined]
  128 | #define __UINTMAX_C(x)  int_c(x, __UINTMAX_C_SUFFIX__)
      |         ^
<built-in>:105:9: note: previous definition is here
  105 | #define __UINTMAX_C(c) c##UL
      |         ^
6 warnings generated.
[306/346] Building C object zephyr/kernel/CMakeFiles/kernel.dir/kheap.c.obj
In file included from /Users/gjonesblackcyton/Documents/src/klausscpu-runtime/zephyr-ws/zephyr/kernel/kheap.c:7:
In file included from /Users/gjonesblackcyton/Documents/src/klausscpu-runtime/zephyr-ws/zephyr/include/zephyr/kernel.h:17:
In file included from /Users/gjonesblackcyton/Documents/src/klausscpu-runtime/zephyr-ws/zephyr/include/zephyr/kernel_includes.h:23:
In file included from /Users/gjonesblackcyton/Documents/src/klausscpu-runtime/zephyr-ws/zephyr/include/zephyr/toolchain.h:48:
/Users/gjonesblackcyton/Documents/src/klausscpu-runtime/zephyr-ws/zephyr/include/zephyr/toolchain/llvm.h:102:9: warning: '__INT16_C' macro redefined [-Wmacro-redefined]
  102 | #define __INT16_C(x)    int_c(x, __int_least16_c_suffix__)
      |         ^
<built-in>:184:9: note: previous definition is here
  184 | #define __INT16_C(c) c
      |         ^
In file included from /Users/gjonesblackcyton/Documents/src/klausscpu-runtime/zephyr-ws/zephyr/kernel/kheap.c:7:
In file included from /Users/gjonesblackcyton/Documents/src/klausscpu-runtime/zephyr-ws/zephyr/include/zephyr/kernel.h:17:
In file included from /Users/gjonesblackcyton/Documents/src/klausscpu-runtime/zephyr-ws/zephyr/include/zephyr/kernel_includes.h:23:
In file included from /Users/gjonesblackcyton/Documents/src/klausscpu-runtime/zephyr-ws/zephyr/include/zephyr/toolchain.h:48:
/Users/gjonesblackcyton/Documents/src/klausscpu-runtime/zephyr-ws/zephyr/include/zephyr/toolchain/llvm.h:103:9: warning: '__UINT16_C' macro redefined [-Wmacro-redefined]
  103 | #define __UINT16_C(x)   uint_c(x, __int_least16_c_suffix__)
      |         ^
<built-in>:210:9: note: previous definition is here
  210 | #define __UINT16_C(c) c
      |         ^
In file included from /Users/gjonesblackcyton/Documents/src/klausscpu-runtime/zephyr-ws/zephyr/kernel/kheap.c:7:
In file included from /Users/gjonesblackcyton/Documents/src/klausscpu-runtime/zephyr-ws/zephyr/include/zephyr/kernel.h:17:
In file included from /Users/gjonesblackcyton/Documents/src/klausscpu-runtime/zephyr-ws/zephyr/include/zephyr/kernel_includes.h:23:
In file included from /Users/gjonesblackcyton/Documents/src/klausscpu-runtime/zephyr-ws/zephyr/include/zephyr/toolchain.h:48:
/Users/gjonesblackcyton/Documents/src/klausscpu-runtime/zephyr-ws/zephyr/include/zephyr/toolchain/llvm.h:119:9: warning: '__INT8_C' macro redefined [-Wmacro-redefined]
  119 | #define __INT8_C(x)     int_c(x, __int_least8_c_suffix__)
      |         ^
<built-in>:179:9: note: previous definition is here
  179 | #define __INT8_C(c) c
      |         ^
In file included from /Users/gjonesblackcyton/Documents/src/klausscpu-runtime/zephyr-ws/zephyr/kernel/kheap.c:7:
In file included from /Users/gjonesblackcyton/Documents/src/klausscpu-runtime/zephyr-ws/zephyr/include/zephyr/kernel.h:17:
In file included from /Users/gjonesblackcyton/Documents/src/klausscpu-runtime/zephyr-ws/zephyr/include/zephyr/kernel_includes.h:23:
In file included from /Users/gjonesblackcyton/Documents/src/klausscpu-runtime/zephyr-ws/zephyr/include/zephyr/toolchain.h:48:
/Users/gjonesblackcyton/Documents/src/klausscpu-runtime/zephyr-ws/zephyr/include/zephyr/toolchain/llvm.h:120:9: warning: '__UINT8_C' macro redefined [-Wmacro-redefined]
  120 | #define __UINT8_C(x)    uint_c(x, __int_least8_c_suffix__)
      |         ^
<built-in>:201:9: note: previous definition is here
  201 | #define __UINT8_C(c) c
      |         ^
In file included from /Users/gjonesblackcyton/Documents/src/klausscpu-runtime/zephyr-ws/zephyr/kernel/kheap.c:7:
In file included from /Users/gjonesblackcyton/Documents/src/klausscpu-runtime/zephyr-ws/zephyr/include/zephyr/kernel.h:17:
In file included from /Users/gjonesblackcyton/Documents/src/klausscpu-runtime/zephyr-ws/zephyr/include/zephyr/kernel_includes.h:23:
In file included from /Users/gjonesblackcyton/Documents/src/klausscpu-runtime/zephyr-ws/zephyr/include/zephyr/toolchain.h:48:
/Users/gjonesblackcyton/Documents/src/klausscpu-runtime/zephyr-ws/zephyr/include/zephyr/toolchain/llvm.h:127:9: warning: '__INTMAX_C' macro redefined [-Wmacro-redefined]
  127 | #define __INTMAX_C(x)   int_c(x, __INTMAX_C_SUFFIX__)
      |         ^
<built-in>:98:9: note: previous definition is here
   98 | #define __INTMAX_C(c) c##L
      |         ^
In file included from /Users/gjonesblackcyton/Documents/src/klausscpu-runtime/zephyr-ws/zephyr/kernel/kheap.c:7:
In file included from /Users/gjonesblackcyton/Documents/src/klausscpu-runtime/zephyr-ws/zephyr/include/zephyr/kernel.h:17:
In file included from /Users/gjonesblackcyton/Documents/src/klausscpu-runtime/zephyr-ws/zephyr/include/zephyr/kernel_includes.h:23:
In file included from /Users/gjonesblackcyton/Documents/src/klausscpu-runtime/zephyr-ws/zephyr/include/zephyr/toolchain.h:48:
/Users/gjonesblackcyton/Documents/src/klausscpu-runtime/zephyr-ws/zephyr/include/zephyr/toolchain/llvm.h:128:9: warning: '__UINTMAX_C' macro redefined [-Wmacro-redefined]
  128 | #define __UINTMAX_C(x)  int_c(x, __UINTMAX_C_SUFFIX__)
      |         ^
<built-in>:105:9: note: previous definition is here
  105 | #define __UINTMAX_C(c) c##UL
      |         ^
6 warnings generated.
[307/346] Building C object zephyr/kernel/CMakeFiles/kernel.dir/mem_slab.c.obj
In file included from /Users/gjonesblackcyton/Documents/src/klausscpu-runtime/zephyr-ws/zephyr/kernel/mem_slab.c:7:
In file included from /Users/gjonesblackcyton/Documents/src/klausscpu-runtime/zephyr-ws/zephyr/include/zephyr/kernel.h:17:
In file included from /Users/gjonesblackcyton/Documents/src/klausscpu-runtime/zephyr-ws/zephyr/include/zephyr/kernel_includes.h:23:
In file included from /Users/gjonesblackcyton/Documents/src/klausscpu-runtime/zephyr-ws/zephyr/include/zephyr/toolchain.h:48:
/Users/gjonesblackcyton/Documents/src/klausscpu-runtime/zephyr-ws/zephyr/include/zephyr/toolchain/llvm.h:102:9: warning: '__INT16_C' macro redefined [-Wmacro-redefined]
  102 | #define __INT16_C(x)    int_c(x, __int_least16_c_suffix__)
      |         ^
<built-in>:184:9: note: previous definition is here
  184 | #define __INT16_C(c) c
      |         ^
In file included from /Users/gjonesblackcyton/Documents/src/klausscpu-runtime/zephyr-ws/zephyr/kernel/mem_slab.c:7:
In file included from /Users/gjonesblackcyton/Documents/src/klausscpu-runtime/zephyr-ws/zephyr/include/zephyr/kernel.h:17:
In file included from /Users/gjonesblackcyton/Documents/src/klausscpu-runtime/zephyr-ws/zephyr/include/zephyr/kernel_includes.h:23:
In file included from /Users/gjonesblackcyton/Documents/src/klausscpu-runtime/zephyr-ws/zephyr/include/zephyr/toolchain.h:48:
/Users/gjonesblackcyton/Documents/src/klausscpu-runtime/zephyr-ws/zephyr/include/zephyr/toolchain/llvm.h:103:9: warning: '__UINT16_C' macro redefined [-Wmacro-redefined]
  103 | #define __UINT16_C(x)   uint_c(x, __int_least16_c_suffix__)
      |         ^
<built-in>:210:9: note: previous definition is here
  210 | #define __UINT16_C(c) c
      |         ^
In file included from /Users/gjonesblackcyton/Documents/src/klausscpu-runtime/zephyr-ws/zephyr/kernel/mem_slab.c:7:
In file included from /Users/gjonesblackcyton/Documents/src/klausscpu-runtime/zephyr-ws/zephyr/include/zephyr/kernel.h:17:
In file included from /Users/gjonesblackcyton/Documents/src/klausscpu-runtime/zephyr-ws/zephyr/include/zephyr/kernel_includes.h:23:
In file included from /Users/gjonesblackcyton/Documents/src/klausscpu-runtime/zephyr-ws/zephyr/include/zephyr/toolchain.h:48:
/Users/gjonesblackcyton/Documents/src/klausscpu-runtime/zephyr-ws/zephyr/include/zephyr/toolchain/llvm.h:119:9: warning: '__INT8_C' macro redefined [-Wmacro-redefined]
  119 | #define __INT8_C(x)     int_c(x, __int_least8_c_suffix__)
      |         ^
<built-in>:179:9: note: previous definition is here
  179 | #define __INT8_C(c) c
      |         ^
In file included from /Users/gjonesblackcyton/Documents/src/klausscpu-runtime/zephyr-ws/zephyr/kernel/mem_slab.c:7:
In file included from /Users/gjonesblackcyton/Documents/src/klausscpu-runtime/zephyr-ws/zephyr/include/zephyr/kernel.h:17:
In file included from /Users/gjonesblackcyton/Documents/src/klausscpu-runtime/zephyr-ws/zephyr/include/zephyr/kernel_includes.h:23:
In file included from /Users/gjonesblackcyton/Documents/src/klausscpu-runtime/zephyr-ws/zephyr/include/zephyr/toolchain.h:48:
/Users/gjonesblackcyton/Documents/src/klausscpu-runtime/zephyr-ws/zephyr/include/zephyr/toolchain/llvm.h:120:9: warning: '__UINT8_C' macro redefined [-Wmacro-redefined]
  120 | #define __UINT8_C(x)    uint_c(x, __int_least8_c_suffix__)
      |         ^
<built-in>:201:9: note: previous definition is here
  201 | #define __UINT8_C(c) c
      |         ^
In file included from /Users/gjonesblackcyton/Documents/src/klausscpu-runtime/zephyr-ws/zephyr/kernel/mem_slab.c:7:
In file included from /Users/gjonesblackcyton/Documents/src/klausscpu-runtime/zephyr-ws/zephyr/include/zephyr/kernel.h:17:
In file included from /Users/gjonesblackcyton/Documents/src/klausscpu-runtime/zephyr-ws/zephyr/include/zephyr/kernel_includes.h:23:
In file included from /Users/gjonesblackcyton/Documents/src/klausscpu-runtime/zephyr-ws/zephyr/include/zephyr/toolchain.h:48:
/Users/gjonesblackcyton/Documents/src/klausscpu-runtime/zephyr-ws/zephyr/include/zephyr/toolchain/llvm.h:127:9: warning: '__INTMAX_C' macro redefined [-Wmacro-redefined]
  127 | #define __INTMAX_C(x)   int_c(x, __INTMAX_C_SUFFIX__)
      |         ^
<built-in>:98:9: note: previous definition is here
   98 | #define __INTMAX_C(c) c##L
      |         ^
In file included from /Users/gjonesblackcyton/Documents/src/klausscpu-runtime/zephyr-ws/zephyr/kernel/mem_slab.c:7:
In file included from /Users/gjonesblackcyton/Documents/src/klausscpu-runtime/zephyr-ws/zephyr/include/zephyr/kernel.h:17:
In file included from /Users/gjonesblackcyton/Documents/src/klausscpu-runtime/zephyr-ws/zephyr/include/zephyr/kernel_includes.h:23:
In file included from /Users/gjonesblackcyton/Documents/src/klausscpu-runtime/zephyr-ws/zephyr/include/zephyr/toolchain.h:48:
/Users/gjonesblackcyton/Documents/src/klausscpu-runtime/zephyr-ws/zephyr/include/zephyr/toolchain/llvm.h:128:9: warning: '__UINTMAX_C' macro redefined [-Wmacro-redefined]
  128 | #define __UINTMAX_C(x)  int_c(x, __UINTMAX_C_SUFFIX__)
      |         ^
<built-in>:105:9: note: previous definition is here
  105 | #define __UINTMAX_C(c) c##UL
      |         ^
6 warnings generated.
[308/346] Building C object zephyr/kernel/CMakeFiles/kernel.dir/idle.c.obj
In file included from /Users/gjonesblackcyton/Documents/src/klausscpu-runtime/zephyr-ws/zephyr/kernel/idle.c:7:
In file included from /Users/gjonesblackcyton/Documents/src/klausscpu-runtime/zephyr-ws/zephyr/include/zephyr/kernel.h:17:
In file included from /Users/gjonesblackcyton/Documents/src/klausscpu-runtime/zephyr-ws/zephyr/include/zephyr/kernel_includes.h:23:
In file included from /Users/gjonesblackcyton/Documents/src/klausscpu-runtime/zephyr-ws/zephyr/include/zephyr/toolchain.h:48:
/Users/gjonesblackcyton/Documents/src/klausscpu-runtime/zephyr-ws/zephyr/include/zephyr/toolchain/llvm.h:102:9: warning: '__INT16_C' macro redefined [-Wmacro-redefined]
  102 | #define __INT16_C(x)    int_c(x, __int_least16_c_suffix__)
      |         ^
<built-in>:184:9: note: previous definition is here
  184 | #define __INT16_C(c) c
      |         ^
In file included from /Users/gjonesblackcyton/Documents/src/klausscpu-runtime/zephyr-ws/zephyr/kernel/idle.c:7:
In file included from /Users/gjonesblackcyton/Documents/src/klausscpu-runtime/zephyr-ws/zephyr/include/zephyr/kernel.h:17:
In file included from /Users/gjonesblackcyton/Documents/src/klausscpu-runtime/zephyr-ws/zephyr/include/zephyr/kernel_includes.h:23:
In file included from /Users/gjonesblackcyton/Documents/src/klausscpu-runtime/zephyr-ws/zephyr/include/zephyr/toolchain.h:48:
/Users/gjonesblackcyton/Documents/src/klausscpu-runtime/zephyr-ws/zephyr/include/zephyr/toolchain/llvm.h:103:9: warning: '__UINT16_C' macro redefined [-Wmacro-redefined]
  103 | #define __UINT16_C(x)   uint_c(x, __int_least16_c_suffix__)
      |         ^
<built-in>:210:9: note: previous definition is here
  210 | #define __UINT16_C(c) c
      |         ^
In file included from /Users/gjonesblackcyton/Documents/src/klausscpu-runtime/zephyr-ws/zephyr/kernel/idle.c:7:
In file included from /Users/gjonesblackcyton/Documents/src/klausscpu-runtime/zephyr-ws/zephyr/include/zephyr/kernel.h:17:
In file included from /Users/gjonesblackcyton/Documents/src/klausscpu-runtime/zephyr-ws/zephyr/include/zephyr/kernel_includes.h:23:
In file included from /Users/gjonesblackcyton/Documents/src/klausscpu-runtime/zephyr-ws/zephyr/include/zephyr/toolchain.h:48:
/Users/gjonesblackcyton/Documents/src/klausscpu-runtime/zephyr-ws/zephyr/include/zephyr/toolchain/llvm.h:119:9: warning: '__INT8_C' macro redefined [-Wmacro-redefined]
  119 | #define __INT8_C(x)     int_c(x, __int_least8_c_suffix__)
      |         ^
<built-in>:179:9: note: previous definition is here
  179 | #define __INT8_C(c) c
      |         ^
In file included from /Users/gjonesblackcyton/Documents/src/klausscpu-runtime/zephyr-ws/zephyr/kernel/idle.c:7:
In file included from /Users/gjonesblackcyton/Documents/src/klausscpu-runtime/zephyr-ws/zephyr/include/zephyr/kernel.h:17:
In file included from /Users/gjonesblackcyton/Documents/src/klausscpu-runtime/zephyr-ws/zephyr/include/zephyr/kernel_includes.h:23:
In file included from /Users/gjonesblackcyton/Documents/src/klausscpu-runtime/zephyr-ws/zephyr/include/zephyr/toolchain.h:48:
/Users/gjonesblackcyton/Documents/src/klausscpu-runtime/zephyr-ws/zephyr/include/zephyr/toolchain/llvm.h:120:9: warning: '__UINT8_C' macro redefined [-Wmacro-redefined]
  120 | #define __UINT8_C(x)    uint_c(x, __int_least8_c_suffix__)
      |         ^
<built-in>:201:9: note: previous definition is here
  201 | #define __UINT8_C(c) c
      |         ^
In file included from /Users/gjonesblackcyton/Documents/src/klausscpu-runtime/zephyr-ws/zephyr/kernel/idle.c:7:
In file included from /Users/gjonesblackcyton/Documents/src/klausscpu-runtime/zephyr-ws/zephyr/include/zephyr/kernel.h:17:
In file included from /Users/gjonesblackcyton/Documents/src/klausscpu-runtime/zephyr-ws/zephyr/include/zephyr/kernel_includes.h:23:
In file included from /Users/gjonesblackcyton/Documents/src/klausscpu-runtime/zephyr-ws/zephyr/include/zephyr/toolchain.h:48:
/Users/gjonesblackcyton/Documents/src/klausscpu-runtime/zephyr-ws/zephyr/include/zephyr/toolchain/llvm.h:127:9: warning: '__INTMAX_C' macro redefined [-Wmacro-redefined]
  127 | #define __INTMAX_C(x)   int_c(x, __INTMAX_C_SUFFIX__)
      |         ^
<built-in>:98:9: note: previous definition is here
   98 | #define __INTMAX_C(c) c##L
      |         ^
In file included from /Users/gjonesblackcyton/Documents/src/klausscpu-runtime/zephyr-ws/zephyr/kernel/idle.c:7:
In file included from /Users/gjonesblackcyton/Documents/src/klausscpu-runtime/zephyr-ws/zephyr/include/zephyr/kernel.h:17:
In file included from /Users/gjonesblackcyton/Documents/src/klausscpu-runtime/zephyr-ws/zephyr/include/zephyr/kernel_includes.h:23:
In file included from /Users/gjonesblackcyton/Documents/src/klausscpu-runtime/zephyr-ws/zephyr/include/zephyr/toolchain.h:48:
/Users/gjonesblackcyton/Documents/src/klausscpu-runtime/zephyr-ws/zephyr/include/zephyr/toolchain/llvm.h:128:9: warning: '__UINTMAX_C' macro redefined [-Wmacro-redefined]
  128 | #define __UINTMAX_C(x)  int_c(x, __UINTMAX_C_SUFFIX__)
      |         ^
<built-in>:105:9: note: previous definition is here
  105 | #define __UINTMAX_C(c) c##UL
      |         ^
In file included from /Users/gjonesblackcyton/Documents/src/klausscpu-runtime/zephyr-ws/zephyr/kernel/idle.c:15:
In file included from /Users/gjonesblackcyton/Documents/src/klausscpu-runtime/zephyr-ws/zephyr/kernel/include/ksched.h:11:
In file included from /Users/gjonesblackcyton/Documents/src/klausscpu-runtime/zephyr-ws/zephyr/kernel/include/kernel_internal.h:18:
/Users/gjonesblackcyton/Documents/src/klausscpu-runtime/zephyr-ws/zephyr/kernel/include/kernel_arch_interface.h:131:20: warning: function 'arch_switch' has internal linkage but is not defined [-Wundefined-internal]
  131 | static inline void arch_switch(void *switch_to, void **switched_from);
      |                    ^
/Users/gjonesblackcyton/Documents/src/klausscpu-runtime/zephyr-ws/zephyr/kernel/include/kswap.h:167:3: note: used here
  167 |                 arch_switch(newsh, &old_thread->switch_handle);
      |                 ^
7 warnings generated.
[309/346] Building C object zephyr/kernel/CMakeFiles/kernel.dir/mutex.c.obj
In file included from /Users/gjonesblackcyton/Documents/src/klausscpu-runtime/zephyr-ws/zephyr/kernel/mutex.c:29:
In file included from /Users/gjonesblackcyton/Documents/src/klausscpu-runtime/zephyr-ws/zephyr/include/zephyr/kernel.h:17:
In file included from /Users/gjonesblackcyton/Documents/src/klausscpu-runtime/zephyr-ws/zephyr/include/zephyr/kernel_includes.h:23:
In file included from /Users/gjonesblackcyton/Documents/src/klausscpu-runtime/zephyr-ws/zephyr/include/zephyr/toolchain.h:48:
/Users/gjonesblackcyton/Documents/src/klausscpu-runtime/zephyr-ws/zephyr/include/zephyr/toolchain/llvm.h:102:9: warning: '__INT16_C' macro redefined [-Wmacro-redefined]
  102 | #define __INT16_C(x)    int_c(x, __int_least16_c_suffix__)
      |         ^
<built-in>:184:9: note: previous definition is here
  184 | #define __INT16_C(c) c
      |         ^
In file included from /Users/gjonesblackcyton/Documents/src/klausscpu-runtime/zephyr-ws/zephyr/kernel/mutex.c:29:
In file included from /Users/gjonesblackcyton/Documents/src/klausscpu-runtime/zephyr-ws/zephyr/include/zephyr/kernel.h:17:
In file included from /Users/gjonesblackcyton/Documents/src/klausscpu-runtime/zephyr-ws/zephyr/include/zephyr/kernel_includes.h:23:
In file included from /Users/gjonesblackcyton/Documents/src/klausscpu-runtime/zephyr-ws/zephyr/include/zephyr/toolchain.h:48:
/Users/gjonesblackcyton/Documents/src/klausscpu-runtime/zephyr-ws/zephyr/include/zephyr/toolchain/llvm.h:103:9: warning: '__UINT16_C' macro redefined [-Wmacro-redefined]
  103 | #define __UINT16_C(x)   uint_c(x, __int_least16_c_suffix__)
      |         ^
<built-in>:210:9: note: previous definition is here
  210 | #define __UINT16_C(c) c
      |         ^
In file included from /Users/gjonesblackcyton/Documents/src/klausscpu-runtime/zephyr-ws/zephyr/kernel/mutex.c:29:
In file included from /Users/gjonesblackcyton/Documents/src/klausscpu-runtime/zephyr-ws/zephyr/include/zephyr/kernel.h:17:
In file included from /Users/gjonesblackcyton/Documents/src/klausscpu-runtime/zephyr-ws/zephyr/include/zephyr/kernel_includes.h:23:
In file included from /Users/gjonesblackcyton/Documents/src/klausscpu-runtime/zephyr-ws/zephyr/include/zephyr/toolchain.h:48:
/Users/gjonesblackcyton/Documents/src/klausscpu-runtime/zephyr-ws/zephyr/include/zephyr/toolchain/llvm.h:119:9: warning: '__INT8_C' macro redefined [-Wmacro-redefined]
  119 | #define __INT8_C(x)     int_c(x, __int_least8_c_suffix__)
      |         ^
<built-in>:179:9: note: previous definition is here
  179 | #define __INT8_C(c) c
      |         ^
In file included from /Users/gjonesblackcyton/Documents/src/klausscpu-runtime/zephyr-ws/zephyr/kernel/mutex.c:29:
In file included from /Users/gjonesblackcyton/Documents/src/klausscpu-runtime/zephyr-ws/zephyr/include/zephyr/kernel.h:17:
In file included from /Users/gjonesblackcyton/Documents/src/klausscpu-runtime/zephyr-ws/zephyr/include/zephyr/kernel_includes.h:23:
In file included from /Users/gjonesblackcyton/Documents/src/klausscpu-runtime/zephyr-ws/zephyr/include/zephyr/toolchain.h:48:
/Users/gjonesblackcyton/Documents/src/klausscpu-runtime/zephyr-ws/zephyr/include/zephyr/toolchain/llvm.h:120:9: warning: '__UINT8_C' macro redefined [-Wmacro-redefined]
  120 | #define __UINT8_C(x)    uint_c(x, __int_least8_c_suffix__)
      |         ^
<built-in>:201:9: note: previous definition is here
  201 | #define __UINT8_C(c) c
      |         ^
In file included from /Users/gjonesblackcyton/Documents/src/klausscpu-runtime/zephyr-ws/zephyr/kernel/mutex.c:29:
In file included from /Users/gjonesblackcyton/Documents/src/klausscpu-runtime/zephyr-ws/zephyr/include/zephyr/kernel.h:17:
In file included from /Users/gjonesblackcyton/Documents/src/klausscpu-runtime/zephyr-ws/zephyr/include/zephyr/kernel_includes.h:23:
In file included from /Users/gjonesblackcyton/Documents/src/klausscpu-runtime/zephyr-ws/zephyr/include/zephyr/toolchain.h:48:
/Users/gjonesblackcyton/Documents/src/klausscpu-runtime/zephyr-ws/zephyr/include/zephyr/toolchain/llvm.h:127:9: warning: '__INTMAX_C' macro redefined [-Wmacro-redefined]
  127 | #define __INTMAX_C(x)   int_c(x, __INTMAX_C_SUFFIX__)
      |         ^
<built-in>:98:9: note: previous definition is here
   98 | #define __INTMAX_C(c) c##L
      |         ^
In file included from /Users/gjonesblackcyton/Documents/src/klausscpu-runtime/zephyr-ws/zephyr/kernel/mutex.c:29:
In file included from /Users/gjonesblackcyton/Documents/src/klausscpu-runtime/zephyr-ws/zephyr/include/zephyr/kernel.h:17:
In file included from /Users/gjonesblackcyton/Documents/src/klausscpu-runtime/zephyr-ws/zephyr/include/zephyr/kernel_includes.h:23:
In file included from /Users/gjonesblackcyton/Documents/src/klausscpu-runtime/zephyr-ws/zephyr/include/zephyr/toolchain.h:48:
/Users/gjonesblackcyton/Documents/src/klausscpu-runtime/zephyr-ws/zephyr/include/zephyr/toolchain/llvm.h:128:9: warning: '__UINTMAX_C' macro redefined [-Wmacro-redefined]
  128 | #define __UINTMAX_C(x)  int_c(x, __UINTMAX_C_SUFFIX__)
      |         ^
<built-in>:105:9: note: previous definition is here
  105 | #define __UINTMAX_C(c) c##UL
      |         ^
6 warnings generated.
[310/346] Building C object zephyr/kernel/CMakeFiles/kernel.dir/msg_q.c.obj
In file included from /Users/gjonesblackcyton/Documents/src/klausscpu-runtime/zephyr-ws/zephyr/kernel/msg_q.c:13:
In file included from /Users/gjonesblackcyton/Documents/src/klausscpu-runtime/zephyr-ws/zephyr/include/zephyr/kernel.h:17:
In file included from /Users/gjonesblackcyton/Documents/src/klausscpu-runtime/zephyr-ws/zephyr/include/zephyr/kernel_includes.h:23:
In file included from /Users/gjonesblackcyton/Documents/src/klausscpu-runtime/zephyr-ws/zephyr/include/zephyr/toolchain.h:48:
/Users/gjonesblackcyton/Documents/src/klausscpu-runtime/zephyr-ws/zephyr/include/zephyr/toolchain/llvm.h:102:9: warning: '__INT16_C' macro redefined [-Wmacro-redefined]
  102 | #define __INT16_C(x)    int_c(x, __int_least16_c_suffix__)
      |         ^
<built-in>:184:9: note: previous definition is here
  184 | #define __INT16_C(c) c
      |         ^
In file included from /Users/gjonesblackcyton/Documents/src/klausscpu-runtime/zephyr-ws/zephyr/kernel/msg_q.c:13:
In file included from /Users/gjonesblackcyton/Documents/src/klausscpu-runtime/zephyr-ws/zephyr/include/zephyr/kernel.h:17:
In file included from /Users/gjonesblackcyton/Documents/src/klausscpu-runtime/zephyr-ws/zephyr/include/zephyr/kernel_includes.h:23:
In file included from /Users/gjonesblackcyton/Documents/src/klausscpu-runtime/zephyr-ws/zephyr/include/zephyr/toolchain.h:48:
/Users/gjonesblackcyton/Documents/src/klausscpu-runtime/zephyr-ws/zephyr/include/zephyr/toolchain/llvm.h:103:9: warning: '__UINT16_C' macro redefined [-Wmacro-redefined]
  103 | #define __UINT16_C(x)   uint_c(x, __int_least16_c_suffix__)
      |         ^
<built-in>:210:9: note: previous definition is here
  210 | #define __UINT16_C(c) c
      |         ^
In file included from /Users/gjonesblackcyton/Documents/src/klausscpu-runtime/zephyr-ws/zephyr/kernel/msg_q.c:13:
In file included from /Users/gjonesblackcyton/Documents/src/klausscpu-runtime/zephyr-ws/zephyr/include/zephyr/kernel.h:17:
In file included from /Users/gjonesblackcyton/Documents/src/klausscpu-runtime/zephyr-ws/zephyr/include/zephyr/kernel_includes.h:23:
In file included from /Users/gjonesblackcyton/Documents/src/klausscpu-runtime/zephyr-ws/zephyr/include/zephyr/toolchain.h:48:
/Users/gjonesblackcyton/Documents/src/klausscpu-runtime/zephyr-ws/zephyr/include/zephyr/toolchain/llvm.h:119:9: warning: '__INT8_C' macro redefined [-Wmacro-redefined]
  119 | #define __INT8_C(x)     int_c(x, __int_least8_c_suffix__)
      |         ^
<built-in>:179:9: note: previous definition is here
  179 | #define __INT8_C(c) c
      |         ^
In file included from /Users/gjonesblackcyton/Documents/src/klausscpu-runtime/zephyr-ws/zephyr/kernel/msg_q.c:13:
In file included from /Users/gjonesblackcyton/Documents/src/klausscpu-runtime/zephyr-ws/zephyr/include/zephyr/kernel.h:17:
In file included from /Users/gjonesblackcyton/Documents/src/klausscpu-runtime/zephyr-ws/zephyr/include/zephyr/kernel_includes.h:23:
In file included from /Users/gjonesblackcyton/Documents/src/klausscpu-runtime/zephyr-ws/zephyr/include/zephyr/toolchain.h:48:
/Users/gjonesblackcyton/Documents/src/klausscpu-runtime/zephyr-ws/zephyr/include/zephyr/toolchain/llvm.h:120:9: warning: '__UINT8_C' macro redefined [-Wmacro-redefined]
  120 | #define __UINT8_C(x)    uint_c(x, __int_least8_c_suffix__)
      |         ^
<built-in>:201:9: note: previous definition is here
  201 | #define __UINT8_C(c) c
      |         ^
In file included from /Users/gjonesblackcyton/Documents/src/klausscpu-runtime/zephyr-ws/zephyr/kernel/msg_q.c:13:
In file included from /Users/gjonesblackcyton/Documents/src/klausscpu-runtime/zephyr-ws/zephyr/include/zephyr/kernel.h:17:
In file included from /Users/gjonesblackcyton/Documents/src/klausscpu-runtime/zephyr-ws/zephyr/include/zephyr/kernel_includes.h:23:
In file included from /Users/gjonesblackcyton/Documents/src/klausscpu-runtime/zephyr-ws/zephyr/include/zephyr/toolchain.h:48:
/Users/gjonesblackcyton/Documents/src/klausscpu-runtime/zephyr-ws/zephyr/include/zephyr/toolchain/llvm.h:127:9: warning: '__INTMAX_C' macro redefined [-Wmacro-redefined]
  127 | #define __INTMAX_C(x)   int_c(x, __INTMAX_C_SUFFIX__)
      |         ^
<built-in>:98:9: note: previous definition is here
   98 | #define __INTMAX_C(c) c##L
      |         ^
In file included from /Users/gjonesblackcyton/Documents/src/klausscpu-runtime/zephyr-ws/zephyr/kernel/msg_q.c:13:
In file included from /Users/gjonesblackcyton/Documents/src/klausscpu-runtime/zephyr-ws/zephyr/include/zephyr/kernel.h:17:
In file included from /Users/gjonesblackcyton/Documents/src/klausscpu-runtime/zephyr-ws/zephyr/include/zephyr/kernel_includes.h:23:
In file included from /Users/gjonesblackcyton/Documents/src/klausscpu-runtime/zephyr-ws/zephyr/include/zephyr/toolchain.h:48:
/Users/gjonesblackcyton/Documents/src/klausscpu-runtime/zephyr-ws/zephyr/include/zephyr/toolchain/llvm.h:128:9: warning: '__UINTMAX_C' macro redefined [-Wmacro-redefined]
  128 | #define __UINTMAX_C(x)  int_c(x, __UINTMAX_C_SUFFIX__)
      |         ^
<built-in>:105:9: note: previous definition is here
  105 | #define __UINTMAX_C(c) c##UL
      |         ^
6 warnings generated.
[311/346] Building C object zephyr/kernel/CMakeFiles/kernel.dir/mailbox.c.obj
In file included from /Users/gjonesblackcyton/Documents/src/klausscpu-runtime/zephyr-ws/zephyr/kernel/mailbox.c:11:
In file included from /Users/gjonesblackcyton/Documents/src/klausscpu-runtime/zephyr-ws/zephyr/include/zephyr/kernel.h:17:
In file included from /Users/gjonesblackcyton/Documents/src/klausscpu-runtime/zephyr-ws/zephyr/include/zephyr/kernel_includes.h:23:
In file included from /Users/gjonesblackcyton/Documents/src/klausscpu-runtime/zephyr-ws/zephyr/include/zephyr/toolchain.h:48:
/Users/gjonesblackcyton/Documents/src/klausscpu-runtime/zephyr-ws/zephyr/include/zephyr/toolchain/llvm.h:102:9: warning: '__INT16_C' macro redefined [-Wmacro-redefined]
  102 | #define __INT16_C(x)    int_c(x, __int_least16_c_suffix__)
      |         ^
<built-in>:184:9: note: previous definition is here
  184 | #define __INT16_C(c) c
      |         ^
In file included from /Users/gjonesblackcyton/Documents/src/klausscpu-runtime/zephyr-ws/zephyr/kernel/mailbox.c:11:
In file included from /Users/gjonesblackcyton/Documents/src/klausscpu-runtime/zephyr-ws/zephyr/include/zephyr/kernel.h:17:
In file included from /Users/gjonesblackcyton/Documents/src/klausscpu-runtime/zephyr-ws/zephyr/include/zephyr/kernel_includes.h:23:
In file included from /Users/gjonesblackcyton/Documents/src/klausscpu-runtime/zephyr-ws/zephyr/include/zephyr/toolchain.h:48:
/Users/gjonesblackcyton/Documents/src/klausscpu-runtime/zephyr-ws/zephyr/include/zephyr/toolchain/llvm.h:103:9: warning: '__UINT16_C' macro redefined [-Wmacro-redefined]
  103 | #define __UINT16_C(x)   uint_c(x, __int_least16_c_suffix__)
      |         ^
<built-in>:210:9: note: previous definition is here
  210 | #define __UINT16_C(c) c
      |         ^
In file included from /Users/gjonesblackcyton/Documents/src/klausscpu-runtime/zephyr-ws/zephyr/kernel/mailbox.c:11:
In file included from /Users/gjonesblackcyton/Documents/src/klausscpu-runtime/zephyr-ws/zephyr/include/zephyr/kernel.h:17:
In file included from /Users/gjonesblackcyton/Documents/src/klausscpu-runtime/zephyr-ws/zephyr/include/zephyr/kernel_includes.h:23:
In file included from /Users/gjonesblackcyton/Documents/src/klausscpu-runtime/zephyr-ws/zephyr/include/zephyr/toolchain.h:48:
/Users/gjonesblackcyton/Documents/src/klausscpu-runtime/zephyr-ws/zephyr/include/zephyr/toolchain/llvm.h:119:9: warning: '__INT8_C' macro redefined [-Wmacro-redefined]
  119 | #define __INT8_C(x)     int_c(x, __int_least8_c_suffix__)
      |         ^
<built-in>:179:9: note: previous definition is here
  179 | #define __INT8_C(c) c
      |         ^
In file included from /Users/gjonesblackcyton/Documents/src/klausscpu-runtime/zephyr-ws/zephyr/kernel/mailbox.c:11:
In file included from /Users/gjonesblackcyton/Documents/src/klausscpu-runtime/zephyr-ws/zephyr/include/zephyr/kernel.h:17:
In file included from /Users/gjonesblackcyton/Documents/src/klausscpu-runtime/zephyr-ws/zephyr/include/zephyr/kernel_includes.h:23:
In file included from /Users/gjonesblackcyton/Documents/src/klausscpu-runtime/zephyr-ws/zephyr/include/zephyr/toolchain.h:48:
/Users/gjonesblackcyton/Documents/src/klausscpu-runtime/zephyr-ws/zephyr/include/zephyr/toolchain/llvm.h:120:9: warning: '__UINT8_C' macro redefined [-Wmacro-redefined]
  120 | #define __UINT8_C(x)    uint_c(x, __int_least8_c_suffix__)
      |         ^
<built-in>:201:9: note: previous definition is here
  201 | #define __UINT8_C(c) c
      |         ^
In file included from /Users/gjonesblackcyton/Documents/src/klausscpu-runtime/zephyr-ws/zephyr/kernel/mailbox.c:11:
In file included from /Users/gjonesblackcyton/Documents/src/klausscpu-runtime/zephyr-ws/zephyr/include/zephyr/kernel.h:17:
In file included from /Users/gjonesblackcyton/Documents/src/klausscpu-runtime/zephyr-ws/zephyr/include/zephyr/kernel_includes.h:23:
In file included from /Users/gjonesblackcyton/Documents/src/klausscpu-runtime/zephyr-ws/zephyr/include/zephyr/toolchain.h:48:
/Users/gjonesblackcyton/Documents/src/klausscpu-runtime/zephyr-ws/zephyr/include/zephyr/toolchain/llvm.h:127:9: warning: '__INTMAX_C' macro redefined [-Wmacro-redefined]
  127 | #define __INTMAX_C(x)   int_c(x, __INTMAX_C_SUFFIX__)
      |         ^
<built-in>:98:9: note: previous definition is here
   98 | #define __INTMAX_C(c) c##L
      |         ^
In file included from /Users/gjonesblackcyton/Documents/src/klausscpu-runtime/zephyr-ws/zephyr/kernel/mailbox.c:11:
In file included from /Users/gjonesblackcyton/Documents/src/klausscpu-runtime/zephyr-ws/zephyr/include/zephyr/kernel.h:17:
In file included from /Users/gjonesblackcyton/Documents/src/klausscpu-runtime/zephyr-ws/zephyr/include/zephyr/kernel_includes.h:23:
In file included from /Users/gjonesblackcyton/Documents/src/klausscpu-runtime/zephyr-ws/zephyr/include/zephyr/toolchain.h:48:
/Users/gjonesblackcyton/Documents/src/klausscpu-runtime/zephyr-ws/zephyr/include/zephyr/toolchain/llvm.h:128:9: warning: '__UINTMAX_C' macro redefined [-Wmacro-redefined]
  128 | #define __UINTMAX_C(x)  int_c(x, __UINTMAX_C_SUFFIX__)
      |         ^
<built-in>:105:9: note: previous definition is here
  105 | #define __UINTMAX_C(c) c##UL
      |         ^
6 warnings generated.
[312/346] Building C object zephyr/kernel/CMakeFiles/kernel.dir/sem.c.obj
In file included from /Users/gjonesblackcyton/Documents/src/klausscpu-runtime/zephyr-ws/zephyr/kernel/sem.c:20:
In file included from /Users/gjonesblackcyton/Documents/src/klausscpu-runtime/zephyr-ws/zephyr/include/zephyr/kernel.h:17:
In file included from /Users/gjonesblackcyton/Documents/src/klausscpu-runtime/zephyr-ws/zephyr/include/zephyr/kernel_includes.h:23:
In file included from /Users/gjonesblackcyton/Documents/src/klausscpu-runtime/zephyr-ws/zephyr/include/zephyr/toolchain.h:48:
/Users/gjonesblackcyton/Documents/src/klausscpu-runtime/zephyr-ws/zephyr/include/zephyr/toolchain/llvm.h:102:9: warning: '__INT16_C' macro redefined [-Wmacro-redefined]
  102 | #define __INT16_C(x)    int_c(x, __int_least16_c_suffix__)
      |         ^
<built-in>:184:9: note: previous definition is here
  184 | #define __INT16_C(c) c
      |         ^
In file included from /Users/gjonesblackcyton/Documents/src/klausscpu-runtime/zephyr-ws/zephyr/kernel/sem.c:20:
In file included from /Users/gjonesblackcyton/Documents/src/klausscpu-runtime/zephyr-ws/zephyr/include/zephyr/kernel.h:17:
In file included from /Users/gjonesblackcyton/Documents/src/klausscpu-runtime/zephyr-ws/zephyr/include/zephyr/kernel_includes.h:23:
In file included from /Users/gjonesblackcyton/Documents/src/klausscpu-runtime/zephyr-ws/zephyr/include/zephyr/toolchain.h:48:
/Users/gjonesblackcyton/Documents/src/klausscpu-runtime/zephyr-ws/zephyr/include/zephyr/toolchain/llvm.h:103:9: warning: '__UINT16_C' macro redefined [-Wmacro-redefined]
  103 | #define __UINT16_C(x)   uint_c(x, __int_least16_c_suffix__)
      |         ^
<built-in>:210:9: note: previous definition is here
  210 | #define __UINT16_C(c) c
      |         ^
In file included from /Users/gjonesblackcyton/Documents/src/klausscpu-runtime/zephyr-ws/zephyr/kernel/sem.c:20:
In file included from /Users/gjonesblackcyton/Documents/src/klausscpu-runtime/zephyr-ws/zephyr/include/zephyr/kernel.h:17:
In file included from /Users/gjonesblackcyton/Documents/src/klausscpu-runtime/zephyr-ws/zephyr/include/zephyr/kernel_includes.h:23:
In file included from /Users/gjonesblackcyton/Documents/src/klausscpu-runtime/zephyr-ws/zephyr/include/zephyr/toolchain.h:48:
/Users/gjonesblackcyton/Documents/src/klausscpu-runtime/zephyr-ws/zephyr/include/zephyr/toolchain/llvm.h:119:9: warning: '__INT8_C' macro redefined [-Wmacro-redefined]
  119 | #define __INT8_C(x)     int_c(x, __int_least8_c_suffix__)
      |         ^
<built-in>:179:9: note: previous definition is here
  179 | #define __INT8_C(c) c
      |         ^
In file included from /Users/gjonesblackcyton/Documents/src/klausscpu-runtime/zephyr-ws/zephyr/kernel/sem.c:20:
In file included from /Users/gjonesblackcyton/Documents/src/klausscpu-runtime/zephyr-ws/zephyr/include/zephyr/kernel.h:17:
In file included from /Users/gjonesblackcyton/Documents/src/klausscpu-runtime/zephyr-ws/zephyr/include/zephyr/kernel_includes.h:23:
In file included from /Users/gjonesblackcyton/Documents/src/klausscpu-runtime/zephyr-ws/zephyr/include/zephyr/toolchain.h:48:
/Users/gjonesblackcyton/Documents/src/klausscpu-runtime/zephyr-ws/zephyr/include/zephyr/toolchain/llvm.h:120:9: warning: '__UINT8_C' macro redefined [-Wmacro-redefined]
  120 | #define __UINT8_C(x)    uint_c(x, __int_least8_c_suffix__)
      |         ^
<built-in>:201:9: note: previous definition is here
  201 | #define __UINT8_C(c) c
      |         ^
In file included from /Users/gjonesblackcyton/Documents/src/klausscpu-runtime/zephyr-ws/zephyr/kernel/sem.c:20:
In file included from /Users/gjonesblackcyton/Documents/src/klausscpu-runtime/zephyr-ws/zephyr/include/zephyr/kernel.h:17:
In file included from /Users/gjonesblackcyton/Documents/src/klausscpu-runtime/zephyr-ws/zephyr/include/zephyr/kernel_includes.h:23:
In file included from /Users/gjonesblackcyton/Documents/src/klausscpu-runtime/zephyr-ws/zephyr/include/zephyr/toolchain.h:48:
/Users/gjonesblackcyton/Documents/src/klausscpu-runtime/zephyr-ws/zephyr/include/zephyr/toolchain/llvm.h:127:9: warning: '__INTMAX_C' macro redefined [-Wmacro-redefined]
  127 | #define __INTMAX_C(x)   int_c(x, __INTMAX_C_SUFFIX__)
      |         ^
<built-in>:98:9: note: previous definition is here
   98 | #define __INTMAX_C(c) c##L
      |         ^
In file included from /Users/gjonesblackcyton/Documents/src/klausscpu-runtime/zephyr-ws/zephyr/kernel/sem.c:20:
In file included from /Users/gjonesblackcyton/Documents/src/klausscpu-runtime/zephyr-ws/zephyr/include/zephyr/kernel.h:17:
In file included from /Users/gjonesblackcyton/Documents/src/klausscpu-runtime/zephyr-ws/zephyr/include/zephyr/kernel_includes.h:23:
In file included from /Users/gjonesblackcyton/Documents/src/klausscpu-runtime/zephyr-ws/zephyr/include/zephyr/toolchain.h:48:
/Users/gjonesblackcyton/Documents/src/klausscpu-runtime/zephyr-ws/zephyr/include/zephyr/toolchain/llvm.h:128:9: warning: '__UINTMAX_C' macro redefined [-Wmacro-redefined]
  128 | #define __UINTMAX_C(x)  int_c(x, __UINTMAX_C_SUFFIX__)
      |         ^
<built-in>:105:9: note: previous definition is here
  105 | #define __UINTMAX_C(c) c##UL
      |         ^
6 warnings generated.
[313/346] Building C object zephyr/kernel/CMakeFiles/kernel.dir/queue.c.obj
In file included from /Users/gjonesblackcyton/Documents/src/klausscpu-runtime/zephyr-ws/zephyr/kernel/queue.c:14:
In file included from /Users/gjonesblackcyton/Documents/src/klausscpu-runtime/zephyr-ws/zephyr/include/zephyr/kernel.h:17:
In file included from /Users/gjonesblackcyton/Documents/src/klausscpu-runtime/zephyr-ws/zephyr/include/zephyr/kernel_includes.h:23:
In file included from /Users/gjonesblackcyton/Documents/src/klausscpu-runtime/zephyr-ws/zephyr/include/zephyr/toolchain.h:48:
/Users/gjonesblackcyton/Documents/src/klausscpu-runtime/zephyr-ws/zephyr/include/zephyr/toolchain/llvm.h:102:9: warning: '__INT16_C' macro redefined [-Wmacro-redefined]
  102 | #define __INT16_C(x)    int_c(x, __int_least16_c_suffix__)
      |         ^
<built-in>:184:9: note: previous definition is here
  184 | #define __INT16_C(c) c
      |         ^
In file included from /Users/gjonesblackcyton/Documents/src/klausscpu-runtime/zephyr-ws/zephyr/kernel/queue.c:14:
In file included from /Users/gjonesblackcyton/Documents/src/klausscpu-runtime/zephyr-ws/zephyr/include/zephyr/kernel.h:17:
In file included from /Users/gjonesblackcyton/Documents/src/klausscpu-runtime/zephyr-ws/zephyr/include/zephyr/kernel_includes.h:23:
In file included from /Users/gjonesblackcyton/Documents/src/klausscpu-runtime/zephyr-ws/zephyr/include/zephyr/toolchain.h:48:
/Users/gjonesblackcyton/Documents/src/klausscpu-runtime/zephyr-ws/zephyr/include/zephyr/toolchain/llvm.h:103:9: warning: '__UINT16_C' macro redefined [-Wmacro-redefined]
  103 | #define __UINT16_C(x)   uint_c(x, __int_least16_c_suffix__)
      |         ^
<built-in>:210:9: note: previous definition is here
  210 | #define __UINT16_C(c) c
      |         ^
In file included from /Users/gjonesblackcyton/Documents/src/klausscpu-runtime/zephyr-ws/zephyr/kernel/queue.c:14:
In file included from /Users/gjonesblackcyton/Documents/src/klausscpu-runtime/zephyr-ws/zephyr/include/zephyr/kernel.h:17:
In file included from /Users/gjonesblackcyton/Documents/src/klausscpu-runtime/zephyr-ws/zephyr/include/zephyr/kernel_includes.h:23:
In file included from /Users/gjonesblackcyton/Documents/src/klausscpu-runtime/zephyr-ws/zephyr/include/zephyr/toolchain.h:48:
/Users/gjonesblackcyton/Documents/src/klausscpu-runtime/zephyr-ws/zephyr/include/zephyr/toolchain/llvm.h:119:9: warning: '__INT8_C' macro redefined [-Wmacro-redefined]
  119 | #define __INT8_C(x)     int_c(x, __int_least8_c_suffix__)
      |         ^
<built-in>:179:9: note: previous definition is here
  179 | #define __INT8_C(c) c
      |         ^
In file included from /Users/gjonesblackcyton/Documents/src/klausscpu-runtime/zephyr-ws/zephyr/kernel/queue.c:14:
In file included from /Users/gjonesblackcyton/Documents/src/klausscpu-runtime/zephyr-ws/zephyr/include/zephyr/kernel.h:17:
In file included from /Users/gjonesblackcyton/Documents/src/klausscpu-runtime/zephyr-ws/zephyr/include/zephyr/kernel_includes.h:23:
In file included from /Users/gjonesblackcyton/Documents/src/klausscpu-runtime/zephyr-ws/zephyr/include/zephyr/toolchain.h:48:
/Users/gjonesblackcyton/Documents/src/klausscpu-runtime/zephyr-ws/zephyr/include/zephyr/toolchain/llvm.h:120:9: warning: '__UINT8_C' macro redefined [-Wmacro-redefined]
  120 | #define __UINT8_C(x)    uint_c(x, __int_least8_c_suffix__)
      |         ^
<built-in>:201:9: note: previous definition is here
  201 | #define __UINT8_C(c) c
      |         ^
In file included from /Users/gjonesblackcyton/Documents/src/klausscpu-runtime/zephyr-ws/zephyr/kernel/queue.c:14:
In file included from /Users/gjonesblackcyton/Documents/src/klausscpu-runtime/zephyr-ws/zephyr/include/zephyr/kernel.h:17:
In file included from /Users/gjonesblackcyton/Documents/src/klausscpu-runtime/zephyr-ws/zephyr/include/zephyr/kernel_includes.h:23:
In file included from /Users/gjonesblackcyton/Documents/src/klausscpu-runtime/zephyr-ws/zephyr/include/zephyr/toolchain.h:48:
/Users/gjonesblackcyton/Documents/src/klausscpu-runtime/zephyr-ws/zephyr/include/zephyr/toolchain/llvm.h:127:9: warning: '__INTMAX_C' macro redefined [-Wmacro-redefined]
  127 | #define __INTMAX_C(x)   int_c(x, __INTMAX_C_SUFFIX__)
      |         ^
<built-in>:98:9: note: previous definition is here
   98 | #define __INTMAX_C(c) c##L
      |         ^
In file included from /Users/gjonesblackcyton/Documents/src/klausscpu-runtime/zephyr-ws/zephyr/kernel/queue.c:14:
In file included from /Users/gjonesblackcyton/Documents/src/klausscpu-runtime/zephyr-ws/zephyr/include/zephyr/kernel.h:17:
In file included from /Users/gjonesblackcyton/Documents/src/klausscpu-runtime/zephyr-ws/zephyr/include/zephyr/kernel_includes.h:23:
In file included from /Users/gjonesblackcyton/Documents/src/klausscpu-runtime/zephyr-ws/zephyr/include/zephyr/toolchain.h:48:
/Users/gjonesblackcyton/Documents/src/klausscpu-runtime/zephyr-ws/zephyr/include/zephyr/toolchain/llvm.h:128:9: warning: '__UINTMAX_C' macro redefined [-Wmacro-redefined]
  128 | #define __UINTMAX_C(x)  int_c(x, __UINTMAX_C_SUFFIX__)
      |         ^
<built-in>:105:9: note: previous definition is here
  105 | #define __UINTMAX_C(c) c##UL
      |         ^
6 warnings generated.
[314/346] Building C object zephyr/kernel/CMakeFiles/kernel.dir/system_work_q.c.obj
In file included from /Users/gjonesblackcyton/Documents/src/klausscpu-runtime/zephyr-ws/zephyr/kernel/system_work_q.c:14:
In file included from /Users/gjonesblackcyton/Documents/src/klausscpu-runtime/zephyr-ws/zephyr/include/zephyr/kernel.h:17:
In file included from /Users/gjonesblackcyton/Documents/src/klausscpu-runtime/zephyr-ws/zephyr/include/zephyr/kernel_includes.h:23:
In file included from /Users/gjonesblackcyton/Documents/src/klausscpu-runtime/zephyr-ws/zephyr/include/zephyr/toolchain.h:48:
/Users/gjonesblackcyton/Documents/src/klausscpu-runtime/zephyr-ws/zephyr/include/zephyr/toolchain/llvm.h:102:9: warning: '__INT16_C' macro redefined [-Wmacro-redefined]
  102 | #define __INT16_C(x)    int_c(x, __int_least16_c_suffix__)
      |         ^
<built-in>:184:9: note: previous definition is here
  184 | #define __INT16_C(c) c
      |         ^
In file included from /Users/gjonesblackcyton/Documents/src/klausscpu-runtime/zephyr-ws/zephyr/kernel/system_work_q.c:14:
In file included from /Users/gjonesblackcyton/Documents/src/klausscpu-runtime/zephyr-ws/zephyr/include/zephyr/kernel.h:17:
In file included from /Users/gjonesblackcyton/Documents/src/klausscpu-runtime/zephyr-ws/zephyr/include/zephyr/kernel_includes.h:23:
In file included from /Users/gjonesblackcyton/Documents/src/klausscpu-runtime/zephyr-ws/zephyr/include/zephyr/toolchain.h:48:
/Users/gjonesblackcyton/Documents/src/klausscpu-runtime/zephyr-ws/zephyr/include/zephyr/toolchain/llvm.h:103:9: warning: '__UINT16_C' macro redefined [-Wmacro-redefined]
  103 | #define __UINT16_C(x)   uint_c(x, __int_least16_c_suffix__)
      |         ^
<built-in>:210:9: note: previous definition is here
  210 | #define __UINT16_C(c) c
      |         ^
In file included from /Users/gjonesblackcyton/Documents/src/klausscpu-runtime/zephyr-ws/zephyr/kernel/system_work_q.c:14:
In file included from /Users/gjonesblackcyton/Documents/src/klausscpu-runtime/zephyr-ws/zephyr/include/zephyr/kernel.h:17:
In file included from /Users/gjonesblackcyton/Documents/src/klausscpu-runtime/zephyr-ws/zephyr/include/zephyr/kernel_includes.h:23:
In file included from /Users/gjonesblackcyton/Documents/src/klausscpu-runtime/zephyr-ws/zephyr/include/zephyr/toolchain.h:48:
/Users/gjonesblackcyton/Documents/src/klausscpu-runtime/zephyr-ws/zephyr/include/zephyr/toolchain/llvm.h:119:9: warning: '__INT8_C' macro redefined [-Wmacro-redefined]
  119 | #define __INT8_C(x)     int_c(x, __int_least8_c_suffix__)
      |         ^
<built-in>:179:9: note: previous definition is here
  179 | #define __INT8_C(c) c
      |         ^
In file included from /Users/gjonesblackcyton/Documents/src/klausscpu-runtime/zephyr-ws/zephyr/kernel/system_work_q.c:14:
In file included from /Users/gjonesblackcyton/Documents/src/klausscpu-runtime/zephyr-ws/zephyr/include/zephyr/kernel.h:17:
In file included from /Users/gjonesblackcyton/Documents/src/klausscpu-runtime/zephyr-ws/zephyr/include/zephyr/kernel_includes.h:23:
In file included from /Users/gjonesblackcyton/Documents/src/klausscpu-runtime/zephyr-ws/zephyr/include/zephyr/toolchain.h:48:
/Users/gjonesblackcyton/Documents/src/klausscpu-runtime/zephyr-ws/zephyr/include/zephyr/toolchain/llvm.h:120:9: warning: '__UINT8_C' macro redefined [-Wmacro-redefined]
  120 | #define __UINT8_C(x)    uint_c(x, __int_least8_c_suffix__)
      |         ^
<built-in>:201:9: note: previous definition is here
  201 | #define __UINT8_C(c) c
      |         ^
In file included from /Users/gjonesblackcyton/Documents/src/klausscpu-runtime/zephyr-ws/zephyr/kernel/system_work_q.c:14:
In file included from /Users/gjonesblackcyton/Documents/src/klausscpu-runtime/zephyr-ws/zephyr/include/zephyr/kernel.h:17:
In file included from /Users/gjonesblackcyton/Documents/src/klausscpu-runtime/zephyr-ws/zephyr/include/zephyr/kernel_includes.h:23:
In file included from /Users/gjonesblackcyton/Documents/src/klausscpu-runtime/zephyr-ws/zephyr/include/zephyr/toolchain.h:48:
/Users/gjonesblackcyton/Documents/src/klausscpu-runtime/zephyr-ws/zephyr/include/zephyr/toolchain/llvm.h:127:9: warning: '__INTMAX_C' macro redefined [-Wmacro-redefined]
  127 | #define __INTMAX_C(x)   int_c(x, __INTMAX_C_SUFFIX__)
      |         ^
<built-in>:98:9: note: previous definition is here
   98 | #define __INTMAX_C(c) c##L
      |         ^
In file included from /Users/gjonesblackcyton/Documents/src/klausscpu-runtime/zephyr-ws/zephyr/kernel/system_work_q.c:14:
In file included from /Users/gjonesblackcyton/Documents/src/klausscpu-runtime/zephyr-ws/zephyr/include/zephyr/kernel.h:17:
In file included from /Users/gjonesblackcyton/Documents/src/klausscpu-runtime/zephyr-ws/zephyr/include/zephyr/kernel_includes.h:23:
In file included from /Users/gjonesblackcyton/Documents/src/klausscpu-runtime/zephyr-ws/zephyr/include/zephyr/toolchain.h:48:
/Users/gjonesblackcyton/Documents/src/klausscpu-runtime/zephyr-ws/zephyr/include/zephyr/toolchain/llvm.h:128:9: warning: '__UINTMAX_C' macro redefined [-Wmacro-redefined]
  128 | #define __UINTMAX_C(x)  int_c(x, __UINTMAX_C_SUFFIX__)
      |         ^
<built-in>:105:9: note: previous definition is here
  105 | #define __UINTMAX_C(c) c##UL
      |         ^
6 warnings generated.
[315/346] Building C object zephyr/kernel/CMakeFiles/kernel.dir/stack.c.obj
In file included from /Users/gjonesblackcyton/Documents/src/klausscpu-runtime/zephyr-ws/zephyr/kernel/stack.c:11:
In file included from /Users/gjonesblackcyton/Documents/src/klausscpu-runtime/zephyr-ws/zephyr/include/zephyr/sys/math_extras.h:169:
In file included from /Users/gjonesblackcyton/Documents/src/klausscpu-runtime/zephyr-ws/zephyr/include/zephyr/sys/math_extras_impl.h:16:
In file included from /Users/gjonesblackcyton/Documents/src/klausscpu-runtime/zephyr-ws/zephyr/include/zephyr/toolchain.h:48:
/Users/gjonesblackcyton/Documents/src/klausscpu-runtime/zephyr-ws/zephyr/include/zephyr/toolchain/llvm.h:102:9: warning: '__INT16_C' macro redefined [-Wmacro-redefined]
  102 | #define __INT16_C(x)    int_c(x, __int_least16_c_suffix__)
      |         ^
<built-in>:184:9: note: previous definition is here
  184 | #define __INT16_C(c) c
      |         ^
In file included from /Users/gjonesblackcyton/Documents/src/klausscpu-runtime/zephyr-ws/zephyr/kernel/stack.c:11:
In file included from /Users/gjonesblackcyton/Documents/src/klausscpu-runtime/zephyr-ws/zephyr/include/zephyr/sys/math_extras.h:169:
In file included from /Users/gjonesblackcyton/Documents/src/klausscpu-runtime/zephyr-ws/zephyr/include/zephyr/sys/math_extras_impl.h:16:
In file included from /Users/gjonesblackcyton/Documents/src/klausscpu-runtime/zephyr-ws/zephyr/include/zephyr/toolchain.h:48:
/Users/gjonesblackcyton/Documents/src/klausscpu-runtime/zephyr-ws/zephyr/include/zephyr/toolchain/llvm.h:103:9: warning: '__UINT16_C' macro redefined [-Wmacro-redefined]
  103 | #define __UINT16_C(x)   uint_c(x, __int_least16_c_suffix__)
      |         ^
<built-in>:210:9: note: previous definition is here
  210 | #define __UINT16_C(c) c
      |         ^
In file included from /Users/gjonesblackcyton/Documents/src/klausscpu-runtime/zephyr-ws/zephyr/kernel/stack.c:11:
In file included from /Users/gjonesblackcyton/Documents/src/klausscpu-runtime/zephyr-ws/zephyr/include/zephyr/sys/math_extras.h:169:
In file included from /Users/gjonesblackcyton/Documents/src/klausscpu-runtime/zephyr-ws/zephyr/include/zephyr/sys/math_extras_impl.h:16:
In file included from /Users/gjonesblackcyton/Documents/src/klausscpu-runtime/zephyr-ws/zephyr/include/zephyr/toolchain.h:48:
/Users/gjonesblackcyton/Documents/src/klausscpu-runtime/zephyr-ws/zephyr/include/zephyr/toolchain/llvm.h:119:9: warning: '__INT8_C' macro redefined [-Wmacro-redefined]
  119 | #define __INT8_C(x)     int_c(x, __int_least8_c_suffix__)
      |         ^
<built-in>:179:9: note: previous definition is here
  179 | #define __INT8_C(c) c
      |         ^
In file included from /Users/gjonesblackcyton/Documents/src/klausscpu-runtime/zephyr-ws/zephyr/kernel/stack.c:11:
In file included from /Users/gjonesblackcyton/Documents/src/klausscpu-runtime/zephyr-ws/zephyr/include/zephyr/sys/math_extras.h:169:
In file included from /Users/gjonesblackcyton/Documents/src/klausscpu-runtime/zephyr-ws/zephyr/include/zephyr/sys/math_extras_impl.h:16:
In file included from /Users/gjonesblackcyton/Documents/src/klausscpu-runtime/zephyr-ws/zephyr/include/zephyr/toolchain.h:48:
/Users/gjonesblackcyton/Documents/src/klausscpu-runtime/zephyr-ws/zephyr/include/zephyr/toolchain/llvm.h:120:9: warning: '__UINT8_C' macro redefined [-Wmacro-redefined]
  120 | #define __UINT8_C(x)    uint_c(x, __int_least8_c_suffix__)
      |         ^
<built-in>:201:9: note: previous definition is here
  201 | #define __UINT8_C(c) c
      |         ^
In file included from /Users/gjonesblackcyton/Documents/src/klausscpu-runtime/zephyr-ws/zephyr/kernel/stack.c:11:
In file included from /Users/gjonesblackcyton/Documents/src/klausscpu-runtime/zephyr-ws/zephyr/include/zephyr/sys/math_extras.h:169:
In file included from /Users/gjonesblackcyton/Documents/src/klausscpu-runtime/zephyr-ws/zephyr/include/zephyr/sys/math_extras_impl.h:16:
In file included from /Users/gjonesblackcyton/Documents/src/klausscpu-runtime/zephyr-ws/zephyr/include/zephyr/toolchain.h:48:
/Users/gjonesblackcyton/Documents/src/klausscpu-runtime/zephyr-ws/zephyr/include/zephyr/toolchain/llvm.h:127:9: warning: '__INTMAX_C' macro redefined [-Wmacro-redefined]
  127 | #define __INTMAX_C(x)   int_c(x, __INTMAX_C_SUFFIX__)
      |         ^
<built-in>:98:9: note: previous definition is here
   98 | #define __INTMAX_C(c) c##L
      |         ^
In file included from /Users/gjonesblackcyton/Documents/src/klausscpu-runtime/zephyr-ws/zephyr/kernel/stack.c:11:
In file included from /Users/gjonesblackcyton/Documents/src/klausscpu-runtime/zephyr-ws/zephyr/include/zephyr/sys/math_extras.h:169:
In file included from /Users/gjonesblackcyton/Documents/src/klausscpu-runtime/zephyr-ws/zephyr/include/zephyr/sys/math_extras_impl.h:16:
In file included from /Users/gjonesblackcyton/Documents/src/klausscpu-runtime/zephyr-ws/zephyr/include/zephyr/toolchain.h:48:
/Users/gjonesblackcyton/Documents/src/klausscpu-runtime/zephyr-ws/zephyr/include/zephyr/toolchain/llvm.h:128:9: warning: '__UINTMAX_C' macro redefined [-Wmacro-redefined]
  128 | #define __UINTMAX_C(x)  int_c(x, __UINTMAX_C_SUFFIX__)
      |         ^
<built-in>:105:9: note: previous definition is here
  105 | #define __UINTMAX_C(c) c##UL
      |         ^
6 warnings generated.
[316/346] Building C object zephyr/kernel/CMakeFiles/kernel.dir/condvar.c.obj
In file included from /Users/gjonesblackcyton/Documents/src/klausscpu-runtime/zephyr-ws/zephyr/kernel/condvar.c:7:
In file included from /Users/gjonesblackcyton/Documents/src/klausscpu-runtime/zephyr-ws/zephyr/include/zephyr/kernel.h:17:
In file included from /Users/gjonesblackcyton/Documents/src/klausscpu-runtime/zephyr-ws/zephyr/include/zephyr/kernel_includes.h:23:
In file included from /Users/gjonesblackcyton/Documents/src/klausscpu-runtime/zephyr-ws/zephyr/include/zephyr/toolchain.h:48:
/Users/gjonesblackcyton/Documents/src/klausscpu-runtime/zephyr-ws/zephyr/include/zephyr/toolchain/llvm.h:102:9: warning: '__INT16_C' macro redefined [-Wmacro-redefined]
  102 | #define __INT16_C(x)    int_c(x, __int_least16_c_suffix__)
      |         ^
<built-in>:184:9: note: previous definition is here
  184 | #define __INT16_C(c) c
      |         ^
In file included from /Users/gjonesblackcyton/Documents/src/klausscpu-runtime/zephyr-ws/zephyr/kernel/condvar.c:7:
In file included from /Users/gjonesblackcyton/Documents/src/klausscpu-runtime/zephyr-ws/zephyr/include/zephyr/kernel.h:17:
In file included from /Users/gjonesblackcyton/Documents/src/klausscpu-runtime/zephyr-ws/zephyr/include/zephyr/kernel_includes.h:23:
In file included from /Users/gjonesblackcyton/Documents/src/klausscpu-runtime/zephyr-ws/zephyr/include/zephyr/toolchain.h:48:
/Users/gjonesblackcyton/Documents/src/klausscpu-runtime/zephyr-ws/zephyr/include/zephyr/toolchain/llvm.h:103:9: warning: '__UINT16_C' macro redefined [-Wmacro-redefined]
  103 | #define __UINT16_C(x)   uint_c(x, __int_least16_c_suffix__)
      |         ^
<built-in>:210:9: note: previous definition is here
  210 | #define __UINT16_C(c) c
      |         ^
In file included from /Users/gjonesblackcyton/Documents/src/klausscpu-runtime/zephyr-ws/zephyr/kernel/condvar.c:7:
In file included from /Users/gjonesblackcyton/Documents/src/klausscpu-runtime/zephyr-ws/zephyr/include/zephyr/kernel.h:17:
In file included from /Users/gjonesblackcyton/Documents/src/klausscpu-runtime/zephyr-ws/zephyr/include/zephyr/kernel_includes.h:23:
In file included from /Users/gjonesblackcyton/Documents/src/klausscpu-runtime/zephyr-ws/zephyr/include/zephyr/toolchain.h:48:
/Users/gjonesblackcyton/Documents/src/klausscpu-runtime/zephyr-ws/zephyr/include/zephyr/toolchain/llvm.h:119:9: warning: '__INT8_C' macro redefined [-Wmacro-redefined]
  119 | #define __INT8_C(x)     int_c(x, __int_least8_c_suffix__)
      |         ^
<built-in>:179:9: note: previous definition is here
  179 | #define __INT8_C(c) c
      |         ^
In file included from /Users/gjonesblackcyton/Documents/src/klausscpu-runtime/zephyr-ws/zephyr/kernel/condvar.c:7:
In file included from /Users/gjonesblackcyton/Documents/src/klausscpu-runtime/zephyr-ws/zephyr/include/zephyr/kernel.h:17:
In file included from /Users/gjonesblackcyton/Documents/src/klausscpu-runtime/zephyr-ws/zephyr/include/zephyr/kernel_includes.h:23:
In file included from /Users/gjonesblackcyton/Documents/src/klausscpu-runtime/zephyr-ws/zephyr/include/zephyr/toolchain.h:48:
/Users/gjonesblackcyton/Documents/src/klausscpu-runtime/zephyr-ws/zephyr/include/zephyr/toolchain/llvm.h:120:9: warning: '__UINT8_C' macro redefined [-Wmacro-redefined]
  120 | #define __UINT8_C(x)    uint_c(x, __int_least8_c_suffix__)
      |         ^
<built-in>:201:9: note: previous definition is here
  201 | #define __UINT8_C(c) c
      |         ^
In file included from /Users/gjonesblackcyton/Documents/src/klausscpu-runtime/zephyr-ws/zephyr/kernel/condvar.c:7:
In file included from /Users/gjonesblackcyton/Documents/src/klausscpu-runtime/zephyr-ws/zephyr/include/zephyr/kernel.h:17:
In file included from /Users/gjonesblackcyton/Documents/src/klausscpu-runtime/zephyr-ws/zephyr/include/zephyr/kernel_includes.h:23:
In file included from /Users/gjonesblackcyton/Documents/src/klausscpu-runtime/zephyr-ws/zephyr/include/zephyr/toolchain.h:48:
/Users/gjonesblackcyton/Documents/src/klausscpu-runtime/zephyr-ws/zephyr/include/zephyr/toolchain/llvm.h:127:9: warning: '__INTMAX_C' macro redefined [-Wmacro-redefined]
  127 | #define __INTMAX_C(x)   int_c(x, __INTMAX_C_SUFFIX__)
      |         ^
<built-in>:98:9: note: previous definition is here
   98 | #define __INTMAX_C(c) c##L
      |         ^
In file included from /Users/gjonesblackcyton/Documents/src/klausscpu-runtime/zephyr-ws/zephyr/kernel/condvar.c:7:
In file included from /Users/gjonesblackcyton/Documents/src/klausscpu-runtime/zephyr-ws/zephyr/include/zephyr/kernel.h:17:
In file included from /Users/gjonesblackcyton/Documents/src/klausscpu-runtime/zephyr-ws/zephyr/include/zephyr/kernel_includes.h:23:
In file included from /Users/gjonesblackcyton/Documents/src/klausscpu-runtime/zephyr-ws/zephyr/include/zephyr/toolchain.h:48:
/Users/gjonesblackcyton/Documents/src/klausscpu-runtime/zephyr-ws/zephyr/include/zephyr/toolchain/llvm.h:128:9: warning: '__UINTMAX_C' macro redefined [-Wmacro-redefined]
  128 | #define __UINTMAX_C(x)  int_c(x, __UINTMAX_C_SUFFIX__)
      |         ^
<built-in>:105:9: note: previous definition is here
  105 | #define __UINTMAX_C(c) c##UL
      |         ^
6 warnings generated.
[317/346] Building C object zephyr/kernel/CMakeFiles/kernel.dir/priority_queues.c.obj
In file included from /Users/gjonesblackcyton/Documents/src/klausscpu-runtime/zephyr-ws/zephyr/kernel/priority_queues.c:7:
In file included from /Users/gjonesblackcyton/Documents/src/klausscpu-runtime/zephyr-ws/zephyr/include/zephyr/kernel.h:17:
In file included from /Users/gjonesblackcyton/Documents/src/klausscpu-runtime/zephyr-ws/zephyr/include/zephyr/kernel_includes.h:23:
In file included from /Users/gjonesblackcyton/Documents/src/klausscpu-runtime/zephyr-ws/zephyr/include/zephyr/toolchain.h:48:
/Users/gjonesblackcyton/Documents/src/klausscpu-runtime/zephyr-ws/zephyr/include/zephyr/toolchain/llvm.h:102:9: warning: '__INT16_C' macro redefined [-Wmacro-redefined]
  102 | #define __INT16_C(x)    int_c(x, __int_least16_c_suffix__)
      |         ^
<built-in>:184:9: note: previous definition is here
  184 | #define __INT16_C(c) c
      |         ^
In file included from /Users/gjonesblackcyton/Documents/src/klausscpu-runtime/zephyr-ws/zephyr/kernel/priority_queues.c:7:
In file included from /Users/gjonesblackcyton/Documents/src/klausscpu-runtime/zephyr-ws/zephyr/include/zephyr/kernel.h:17:
In file included from /Users/gjonesblackcyton/Documents/src/klausscpu-runtime/zephyr-ws/zephyr/include/zephyr/kernel_includes.h:23:
In file included from /Users/gjonesblackcyton/Documents/src/klausscpu-runtime/zephyr-ws/zephyr/include/zephyr/toolchain.h:48:
/Users/gjonesblackcyton/Documents/src/klausscpu-runtime/zephyr-ws/zephyr/include/zephyr/toolchain/llvm.h:103:9: warning: '__UINT16_C' macro redefined [-Wmacro-redefined]
  103 | #define __UINT16_C(x)   uint_c(x, __int_least16_c_suffix__)
      |         ^
<built-in>:210:9: note: previous definition is here
  210 | #define __UINT16_C(c) c
      |         ^
In file included from /Users/gjonesblackcyton/Documents/src/klausscpu-runtime/zephyr-ws/zephyr/kernel/priority_queues.c:7:
In file included from /Users/gjonesblackcyton/Documents/src/klausscpu-runtime/zephyr-ws/zephyr/include/zephyr/kernel.h:17:
In file included from /Users/gjonesblackcyton/Documents/src/klausscpu-runtime/zephyr-ws/zephyr/include/zephyr/kernel_includes.h:23:
In file included from /Users/gjonesblackcyton/Documents/src/klausscpu-runtime/zephyr-ws/zephyr/include/zephyr/toolchain.h:48:
/Users/gjonesblackcyton/Documents/src/klausscpu-runtime/zephyr-ws/zephyr/include/zephyr/toolchain/llvm.h:119:9: warning: '__INT8_C' macro redefined [-Wmacro-redefined]
  119 | #define __INT8_C(x)     int_c(x, __int_least8_c_suffix__)
      |         ^
<built-in>:179:9: note: previous definition is here
  179 | #define __INT8_C(c) c
      |         ^
In file included from /Users/gjonesblackcyton/Documents/src/klausscpu-runtime/zephyr-ws/zephyr/kernel/priority_queues.c:7:
In file included from /Users/gjonesblackcyton/Documents/src/klausscpu-runtime/zephyr-ws/zephyr/include/zephyr/kernel.h:17:
In file included from /Users/gjonesblackcyton/Documents/src/klausscpu-runtime/zephyr-ws/zephyr/include/zephyr/kernel_includes.h:23:
In file included from /Users/gjonesblackcyton/Documents/src/klausscpu-runtime/zephyr-ws/zephyr/include/zephyr/toolchain.h:48:
/Users/gjonesblackcyton/Documents/src/klausscpu-runtime/zephyr-ws/zephyr/include/zephyr/toolchain/llvm.h:120:9: warning: '__UINT8_C' macro redefined [-Wmacro-redefined]
  120 | #define __UINT8_C(x)    uint_c(x, __int_least8_c_suffix__)
      |         ^
<built-in>:201:9: note: previous definition is here
  201 | #define __UINT8_C(c) c
      |         ^
In file included from /Users/gjonesblackcyton/Documents/src/klausscpu-runtime/zephyr-ws/zephyr/kernel/priority_queues.c:7:
In file included from /Users/gjonesblackcyton/Documents/src/klausscpu-runtime/zephyr-ws/zephyr/include/zephyr/kernel.h:17:
In file included from /Users/gjonesblackcyton/Documents/src/klausscpu-runtime/zephyr-ws/zephyr/include/zephyr/kernel_includes.h:23:
In file included from /Users/gjonesblackcyton/Documents/src/klausscpu-runtime/zephyr-ws/zephyr/include/zephyr/toolchain.h:48:
/Users/gjonesblackcyton/Documents/src/klausscpu-runtime/zephyr-ws/zephyr/include/zephyr/toolchain/llvm.h:127:9: warning: '__INTMAX_C' macro redefined [-Wmacro-redefined]
  127 | #define __INTMAX_C(x)   int_c(x, __INTMAX_C_SUFFIX__)
      |         ^
<built-in>:98:9: note: previous definition is here
   98 | #define __INTMAX_C(c) c##L
      |         ^
In file included from /Users/gjonesblackcyton/Documents/src/klausscpu-runtime/zephyr-ws/zephyr/kernel/priority_queues.c:7:
In file included from /Users/gjonesblackcyton/Documents/src/klausscpu-runtime/zephyr-ws/zephyr/include/zephyr/kernel.h:17:
In file included from /Users/gjonesblackcyton/Documents/src/klausscpu-runtime/zephyr-ws/zephyr/include/zephyr/kernel_includes.h:23:
In file included from /Users/gjonesblackcyton/Documents/src/klausscpu-runtime/zephyr-ws/zephyr/include/zephyr/toolchain.h:48:
/Users/gjonesblackcyton/Documents/src/klausscpu-runtime/zephyr-ws/zephyr/include/zephyr/toolchain/llvm.h:128:9: warning: '__UINTMAX_C' macro redefined [-Wmacro-redefined]
  128 | #define __UINTMAX_C(x)  int_c(x, __UINTMAX_C_SUFFIX__)
      |         ^
<built-in>:105:9: note: previous definition is here
  105 | #define __UINTMAX_C(c) c##UL
      |         ^
6 warnings generated.
[318/346] Building C object zephyr/kernel/CMakeFiles/kernel.dir/timeslicing.c.obj
In file included from /Users/gjonesblackcyton/Documents/src/klausscpu-runtime/zephyr-ws/zephyr/kernel/timeslicing.c:6:
In file included from /Users/gjonesblackcyton/Documents/src/klausscpu-runtime/zephyr-ws/zephyr/include/zephyr/kernel.h:17:
In file included from /Users/gjonesblackcyton/Documents/src/klausscpu-runtime/zephyr-ws/zephyr/include/zephyr/kernel_includes.h:23:
In file included from /Users/gjonesblackcyton/Documents/src/klausscpu-runtime/zephyr-ws/zephyr/include/zephyr/toolchain.h:48:
/Users/gjonesblackcyton/Documents/src/klausscpu-runtime/zephyr-ws/zephyr/include/zephyr/toolchain/llvm.h:102:9: warning: '__INT16_C' macro redefined [-Wmacro-redefined]
  102 | #define __INT16_C(x)    int_c(x, __int_least16_c_suffix__)
      |         ^
<built-in>:184:9: note: previous definition is here
  184 | #define __INT16_C(c) c
      |         ^
In file included from /Users/gjonesblackcyton/Documents/src/klausscpu-runtime/zephyr-ws/zephyr/kernel/timeslicing.c:6:
In file included from /Users/gjonesblackcyton/Documents/src/klausscpu-runtime/zephyr-ws/zephyr/include/zephyr/kernel.h:17:
In file included from /Users/gjonesblackcyton/Documents/src/klausscpu-runtime/zephyr-ws/zephyr/include/zephyr/kernel_includes.h:23:
In file included from /Users/gjonesblackcyton/Documents/src/klausscpu-runtime/zephyr-ws/zephyr/include/zephyr/toolchain.h:48:
/Users/gjonesblackcyton/Documents/src/klausscpu-runtime/zephyr-ws/zephyr/include/zephyr/toolchain/llvm.h:103:9: warning: '__UINT16_C' macro redefined [-Wmacro-redefined]
  103 | #define __UINT16_C(x)   uint_c(x, __int_least16_c_suffix__)
      |         ^
<built-in>:210:9: note: previous definition is here
  210 | #define __UINT16_C(c) c
      |         ^
In file included from /Users/gjonesblackcyton/Documents/src/klausscpu-runtime/zephyr-ws/zephyr/kernel/timeslicing.c:6:
In file included from /Users/gjonesblackcyton/Documents/src/klausscpu-runtime/zephyr-ws/zephyr/include/zephyr/kernel.h:17:
In file included from /Users/gjonesblackcyton/Documents/src/klausscpu-runtime/zephyr-ws/zephyr/include/zephyr/kernel_includes.h:23:
In file included from /Users/gjonesblackcyton/Documents/src/klausscpu-runtime/zephyr-ws/zephyr/include/zephyr/toolchain.h:48:
/Users/gjonesblackcyton/Documents/src/klausscpu-runtime/zephyr-ws/zephyr/include/zephyr/toolchain/llvm.h:119:9: warning: '__INT8_C' macro redefined [-Wmacro-redefined]
  119 | #define __INT8_C(x)     int_c(x, __int_least8_c_suffix__)
      |         ^
<built-in>:179:9: note: previous definition is here
  179 | #define __INT8_C(c) c
      |         ^
In file included from /Users/gjonesblackcyton/Documents/src/klausscpu-runtime/zephyr-ws/zephyr/kernel/timeslicing.c:6:
In file included from /Users/gjonesblackcyton/Documents/src/klausscpu-runtime/zephyr-ws/zephyr/include/zephyr/kernel.h:17:
In file included from /Users/gjonesblackcyton/Documents/src/klausscpu-runtime/zephyr-ws/zephyr/include/zephyr/kernel_includes.h:23:
In file included from /Users/gjonesblackcyton/Documents/src/klausscpu-runtime/zephyr-ws/zephyr/include/zephyr/toolchain.h:48:
/Users/gjonesblackcyton/Documents/src/klausscpu-runtime/zephyr-ws/zephyr/include/zephyr/toolchain/llvm.h:120:9: warning: '__UINT8_C' macro redefined [-Wmacro-redefined]
  120 | #define __UINT8_C(x)    uint_c(x, __int_least8_c_suffix__)
      |         ^
<built-in>:201:9: note: previous definition is here
  201 | #define __UINT8_C(c) c
      |         ^
In file included from /Users/gjonesblackcyton/Documents/src/klausscpu-runtime/zephyr-ws/zephyr/kernel/timeslicing.c:6:
In file included from /Users/gjonesblackcyton/Documents/src/klausscpu-runtime/zephyr-ws/zephyr/include/zephyr/kernel.h:17:
In file included from /Users/gjonesblackcyton/Documents/src/klausscpu-runtime/zephyr-ws/zephyr/include/zephyr/kernel_includes.h:23:
In file included from /Users/gjonesblackcyton/Documents/src/klausscpu-runtime/zephyr-ws/zephyr/include/zephyr/toolchain.h:48:
/Users/gjonesblackcyton/Documents/src/klausscpu-runtime/zephyr-ws/zephyr/include/zephyr/toolchain/llvm.h:127:9: warning: '__INTMAX_C' macro redefined [-Wmacro-redefined]
  127 | #define __INTMAX_C(x)   int_c(x, __INTMAX_C_SUFFIX__)
      |         ^
<built-in>:98:9: note: previous definition is here
   98 | #define __INTMAX_C(c) c##L
      |         ^
In file included from /Users/gjonesblackcyton/Documents/src/klausscpu-runtime/zephyr-ws/zephyr/kernel/timeslicing.c:6:
In file included from /Users/gjonesblackcyton/Documents/src/klausscpu-runtime/zephyr-ws/zephyr/include/zephyr/kernel.h:17:
In file included from /Users/gjonesblackcyton/Documents/src/klausscpu-runtime/zephyr-ws/zephyr/include/zephyr/kernel_includes.h:23:
In file included from /Users/gjonesblackcyton/Documents/src/klausscpu-runtime/zephyr-ws/zephyr/include/zephyr/toolchain.h:48:
/Users/gjonesblackcyton/Documents/src/klausscpu-runtime/zephyr-ws/zephyr/include/zephyr/toolchain/llvm.h:128:9: warning: '__UINTMAX_C' macro redefined [-Wmacro-redefined]
  128 | #define __UINTMAX_C(x)  int_c(x, __UINTMAX_C_SUFFIX__)
      |         ^
<built-in>:105:9: note: previous definition is here
  105 | #define __UINTMAX_C(c) c##UL
      |         ^
In file included from /Users/gjonesblackcyton/Documents/src/klausscpu-runtime/zephyr-ws/zephyr/kernel/timeslicing.c:7:
In file included from /Users/gjonesblackcyton/Documents/src/klausscpu-runtime/zephyr-ws/zephyr/kernel/include/kswap.h:9:
In file included from /Users/gjonesblackcyton/Documents/src/klausscpu-runtime/zephyr-ws/zephyr/kernel/include/ksched.h:11:
In file included from /Users/gjonesblackcyton/Documents/src/klausscpu-runtime/zephyr-ws/zephyr/kernel/include/kernel_internal.h:18:
/Users/gjonesblackcyton/Documents/src/klausscpu-runtime/zephyr-ws/zephyr/kernel/include/kernel_arch_interface.h:131:20: warning: function 'arch_switch' has internal linkage but is not defined [-Wundefined-internal]
  131 | static inline void arch_switch(void *switch_to, void **switched_from);
      |                    ^
/Users/gjonesblackcyton/Documents/src/klausscpu-runtime/zephyr-ws/zephyr/kernel/include/kswap.h:167:3: note: used here
  167 |                 arch_switch(newsh, &old_thread->switch_handle);
      |                 ^
7 warnings generated.
[319/346] Building C object zephyr/kernel/CMakeFiles/kernel.dir/atomic_c.c.obj
In file included from /Users/gjonesblackcyton/Documents/src/klausscpu-runtime/zephyr-ws/zephyr/kernel/atomic_c.c:21:
In file included from /Users/gjonesblackcyton/Documents/src/klausscpu-runtime/zephyr-ws/zephyr/include/zephyr/toolchain.h:48:
/Users/gjonesblackcyton/Documents/src/klausscpu-runtime/zephyr-ws/zephyr/include/zephyr/toolchain/llvm.h:102:9: warning: '__INT16_C' macro redefined [-Wmacro-redefined]
  102 | #define __INT16_C(x)    int_c(x, __int_least16_c_suffix__)
      |         ^
<built-in>:184:9: note: previous definition is here
  184 | #define __INT16_C(c) c
      |         ^
In file included from /Users/gjonesblackcyton/Documents/src/klausscpu-runtime/zephyr-ws/zephyr/kernel/atomic_c.c:21:
In file included from /Users/gjonesblackcyton/Documents/src/klausscpu-runtime/zephyr-ws/zephyr/include/zephyr/toolchain.h:48:
/Users/gjonesblackcyton/Documents/src/klausscpu-runtime/zephyr-ws/zephyr/include/zephyr/toolchain/llvm.h:103:9: warning: '__UINT16_C' macro redefined [-Wmacro-redefined]
  103 | #define __UINT16_C(x)   uint_c(x, __int_least16_c_suffix__)
      |         ^
<built-in>:210:9: note: previous definition is here
  210 | #define __UINT16_C(c) c
      |         ^
In file included from /Users/gjonesblackcyton/Documents/src/klausscpu-runtime/zephyr-ws/zephyr/kernel/atomic_c.c:21:
In file included from /Users/gjonesblackcyton/Documents/src/klausscpu-runtime/zephyr-ws/zephyr/include/zephyr/toolchain.h:48:
/Users/gjonesblackcyton/Documents/src/klausscpu-runtime/zephyr-ws/zephyr/include/zephyr/toolchain/llvm.h:119:9: warning: '__INT8_C' macro redefined [-Wmacro-redefined]
  119 | #define __INT8_C(x)     int_c(x, __int_least8_c_suffix__)
      |         ^
<built-in>:179:9: note: previous definition is here
  179 | #define __INT8_C(c) c
      |         ^
In file included from /Users/gjonesblackcyton/Documents/src/klausscpu-runtime/zephyr-ws/zephyr/kernel/atomic_c.c:21:
In file included from /Users/gjonesblackcyton/Documents/src/klausscpu-runtime/zephyr-ws/zephyr/include/zephyr/toolchain.h:48:
/Users/gjonesblackcyton/Documents/src/klausscpu-runtime/zephyr-ws/zephyr/include/zephyr/toolchain/llvm.h:120:9: warning: '__UINT8_C' macro redefined [-Wmacro-redefined]
  120 | #define __UINT8_C(x)    uint_c(x, __int_least8_c_suffix__)
      |         ^
<built-in>:201:9: note: previous definition is here
  201 | #define __UINT8_C(c) c
      |         ^
In file included from /Users/gjonesblackcyton/Documents/src/klausscpu-runtime/zephyr-ws/zephyr/kernel/atomic_c.c:21:
In file included from /Users/gjonesblackcyton/Documents/src/klausscpu-runtime/zephyr-ws/zephyr/include/zephyr/toolchain.h:48:
/Users/gjonesblackcyton/Documents/src/klausscpu-runtime/zephyr-ws/zephyr/include/zephyr/toolchain/llvm.h:127:9: warning: '__INTMAX_C' macro redefined [-Wmacro-redefined]
  127 | #define __INTMAX_C(x)   int_c(x, __INTMAX_C_SUFFIX__)
      |         ^
<built-in>:98:9: note: previous definition is here
   98 | #define __INTMAX_C(c) c##L
      |         ^
In file included from /Users/gjonesblackcyton/Documents/src/klausscpu-runtime/zephyr-ws/zephyr/kernel/atomic_c.c:21:
In file included from /Users/gjonesblackcyton/Documents/src/klausscpu-runtime/zephyr-ws/zephyr/include/zephyr/toolchain.h:48:
/Users/gjonesblackcyton/Documents/src/klausscpu-runtime/zephyr-ws/zephyr/include/zephyr/toolchain/llvm.h:128:9: warning: '__UINTMAX_C' macro redefined [-Wmacro-redefined]
  128 | #define __UINTMAX_C(x)  int_c(x, __UINTMAX_C_SUFFIX__)
      |         ^
<built-in>:105:9: note: previous definition is here
  105 | #define __UINTMAX_C(c) c##UL
      |         ^
6 warnings generated.
[320/346] Building C object zephyr/kernel/CMakeFiles/kernel.dir/thread.c.obj
In file included from /Users/gjonesblackcyton/Documents/src/klausscpu-runtime/zephyr-ws/zephyr/kernel/thread.c:14:
In file included from /Users/gjonesblackcyton/Documents/src/klausscpu-runtime/zephyr-ws/zephyr/include/zephyr/kernel.h:17:
In file included from /Users/gjonesblackcyton/Documents/src/klausscpu-runtime/zephyr-ws/zephyr/include/zephyr/kernel_includes.h:23:
In file included from /Users/gjonesblackcyton/Documents/src/klausscpu-runtime/zephyr-ws/zephyr/include/zephyr/toolchain.h:48:
/Users/gjonesblackcyton/Documents/src/klausscpu-runtime/zephyr-ws/zephyr/include/zephyr/toolchain/llvm.h:102:9: warning: '__INT16_C' macro redefined [-Wmacro-redefined]
  102 | #define __INT16_C(x)    int_c(x, __int_least16_c_suffix__)
      |         ^
<built-in>:184:9: note: previous definition is here
  184 | #define __INT16_C(c) c
      |         ^
In file included from /Users/gjonesblackcyton/Documents/src/klausscpu-runtime/zephyr-ws/zephyr/kernel/thread.c:14:
In file included from /Users/gjonesblackcyton/Documents/src/klausscpu-runtime/zephyr-ws/zephyr/include/zephyr/kernel.h:17:
In file included from /Users/gjonesblackcyton/Documents/src/klausscpu-runtime/zephyr-ws/zephyr/include/zephyr/kernel_includes.h:23:
In file included from /Users/gjonesblackcyton/Documents/src/klausscpu-runtime/zephyr-ws/zephyr/include/zephyr/toolchain.h:48:
/Users/gjonesblackcyton/Documents/src/klausscpu-runtime/zephyr-ws/zephyr/include/zephyr/toolchain/llvm.h:103:9: warning: '__UINT16_C' macro redefined [-Wmacro-redefined]
  103 | #define __UINT16_C(x)   uint_c(x, __int_least16_c_suffix__)
      |         ^
<built-in>:210:9: note: previous definition is here
  210 | #define __UINT16_C(c) c
      |         ^
In file included from /Users/gjonesblackcyton/Documents/src/klausscpu-runtime/zephyr-ws/zephyr/kernel/thread.c:14:
In file included from /Users/gjonesblackcyton/Documents/src/klausscpu-runtime/zephyr-ws/zephyr/include/zephyr/kernel.h:17:
In file included from /Users/gjonesblackcyton/Documents/src/klausscpu-runtime/zephyr-ws/zephyr/include/zephyr/kernel_includes.h:23:
In file included from /Users/gjonesblackcyton/Documents/src/klausscpu-runtime/zephyr-ws/zephyr/include/zephyr/toolchain.h:48:
/Users/gjonesblackcyton/Documents/src/klausscpu-runtime/zephyr-ws/zephyr/include/zephyr/toolchain/llvm.h:119:9: warning: '__INT8_C' macro redefined [-Wmacro-redefined]
  119 | #define __INT8_C(x)     int_c(x, __int_least8_c_suffix__)
      |         ^
<built-in>:179:9: note: previous definition is here
  179 | #define __INT8_C(c) c
      |         ^
In file included from /Users/gjonesblackcyton/Documents/src/klausscpu-runtime/zephyr-ws/zephyr/kernel/thread.c:14:
In file included from /Users/gjonesblackcyton/Documents/src/klausscpu-runtime/zephyr-ws/zephyr/include/zephyr/kernel.h:17:
In file included from /Users/gjonesblackcyton/Documents/src/klausscpu-runtime/zephyr-ws/zephyr/include/zephyr/kernel_includes.h:23:
In file included from /Users/gjonesblackcyton/Documents/src/klausscpu-runtime/zephyr-ws/zephyr/include/zephyr/toolchain.h:48:
/Users/gjonesblackcyton/Documents/src/klausscpu-runtime/zephyr-ws/zephyr/include/zephyr/toolchain/llvm.h:120:9: warning: '__UINT8_C' macro redefined [-Wmacro-redefined]
  120 | #define __UINT8_C(x)    uint_c(x, __int_least8_c_suffix__)
      |         ^
<built-in>:201:9: note: previous definition is here
  201 | #define __UINT8_C(c) c
      |         ^
In file included from /Users/gjonesblackcyton/Documents/src/klausscpu-runtime/zephyr-ws/zephyr/kernel/thread.c:14:
In file included from /Users/gjonesblackcyton/Documents/src/klausscpu-runtime/zephyr-ws/zephyr/include/zephyr/kernel.h:17:
In file included from /Users/gjonesblackcyton/Documents/src/klausscpu-runtime/zephyr-ws/zephyr/include/zephyr/kernel_includes.h:23:
In file included from /Users/gjonesblackcyton/Documents/src/klausscpu-runtime/zephyr-ws/zephyr/include/zephyr/toolchain.h:48:
/Users/gjonesblackcyton/Documents/src/klausscpu-runtime/zephyr-ws/zephyr/include/zephyr/toolchain/llvm.h:127:9: warning: '__INTMAX_C' macro redefined [-Wmacro-redefined]
  127 | #define __INTMAX_C(x)   int_c(x, __INTMAX_C_SUFFIX__)
      |         ^
<built-in>:98:9: note: previous definition is here
   98 | #define __INTMAX_C(c) c##L
      |         ^
In file included from /Users/gjonesblackcyton/Documents/src/klausscpu-runtime/zephyr-ws/zephyr/kernel/thread.c:14:
In file included from /Users/gjonesblackcyton/Documents/src/klausscpu-runtime/zephyr-ws/zephyr/include/zephyr/kernel.h:17:
In file included from /Users/gjonesblackcyton/Documents/src/klausscpu-runtime/zephyr-ws/zephyr/include/zephyr/kernel_includes.h:23:
In file included from /Users/gjonesblackcyton/Documents/src/klausscpu-runtime/zephyr-ws/zephyr/include/zephyr/toolchain.h:48:
/Users/gjonesblackcyton/Documents/src/klausscpu-runtime/zephyr-ws/zephyr/include/zephyr/toolchain/llvm.h:128:9: warning: '__UINTMAX_C' macro redefined [-Wmacro-redefined]
  128 | #define __UINTMAX_C(x)  int_c(x, __UINTMAX_C_SUFFIX__)
      |         ^
<built-in>:105:9: note: previous definition is here
  105 | #define __UINTMAX_C(c) c##UL
      |         ^
In file included from /Users/gjonesblackcyton/Documents/src/klausscpu-runtime/zephyr-ws/zephyr/kernel/thread.c:18:
In file included from /Users/gjonesblackcyton/Documents/src/klausscpu-runtime/zephyr-ws/zephyr/kernel/include/ksched.h:11:
In file included from /Users/gjonesblackcyton/Documents/src/klausscpu-runtime/zephyr-ws/zephyr/kernel/include/kernel_internal.h:18:
/Users/gjonesblackcyton/Documents/src/klausscpu-runtime/zephyr-ws/zephyr/kernel/include/kernel_arch_interface.h:131:20: warning: function 'arch_switch' has internal linkage but is not defined [-Wundefined-internal]
  131 | static inline void arch_switch(void *switch_to, void **switched_from);
      |                    ^
/Users/gjonesblackcyton/Documents/src/klausscpu-runtime/zephyr-ws/zephyr/kernel/include/kswap.h:167:3: note: used here
  167 |                 arch_switch(newsh, &old_thread->switch_handle);
      |                 ^
7 warnings generated.
[321/346] Linking C static library app/libapp.a
[322/346] Building C object zephyr/kernel/CMakeFiles/kernel.dir/work.c.obj
In file included from /Users/gjonesblackcyton/Documents/src/klausscpu-runtime/zephyr-ws/zephyr/kernel/work.c:13:
In file included from /Users/gjonesblackcyton/Documents/src/klausscpu-runtime/zephyr-ws/zephyr/include/zephyr/kernel.h:17:
In file included from /Users/gjonesblackcyton/Documents/src/klausscpu-runtime/zephyr-ws/zephyr/include/zephyr/kernel_includes.h:23:
In file included from /Users/gjonesblackcyton/Documents/src/klausscpu-runtime/zephyr-ws/zephyr/include/zephyr/toolchain.h:48:
/Users/gjonesblackcyton/Documents/src/klausscpu-runtime/zephyr-ws/zephyr/include/zephyr/toolchain/llvm.h:102:9: warning: '__INT16_C' macro redefined [-Wmacro-redefined]
  102 | #define __INT16_C(x)    int_c(x, __int_least16_c_suffix__)
      |         ^
<built-in>:184:9: note: previous definition is here
  184 | #define __INT16_C(c) c
      |         ^
In file included from /Users/gjonesblackcyton/Documents/src/klausscpu-runtime/zephyr-ws/zephyr/kernel/work.c:13:
In file included from /Users/gjonesblackcyton/Documents/src/klausscpu-runtime/zephyr-ws/zephyr/include/zephyr/kernel.h:17:
In file included from /Users/gjonesblackcyton/Documents/src/klausscpu-runtime/zephyr-ws/zephyr/include/zephyr/kernel_includes.h:23:
In file included from /Users/gjonesblackcyton/Documents/src/klausscpu-runtime/zephyr-ws/zephyr/include/zephyr/toolchain.h:48:
/Users/gjonesblackcyton/Documents/src/klausscpu-runtime/zephyr-ws/zephyr/include/zephyr/toolchain/llvm.h:103:9: warning: '__UINT16_C' macro redefined [-Wmacro-redefined]
  103 | #define __UINT16_C(x)   uint_c(x, __int_least16_c_suffix__)
      |         ^
<built-in>:210:9: note: previous definition is here
  210 | #define __UINT16_C(c) c
      |         ^
In file included from /Users/gjonesblackcyton/Documents/src/klausscpu-runtime/zephyr-ws/zephyr/kernel/work.c:13:
In file included from /Users/gjonesblackcyton/Documents/src/klausscpu-runtime/zephyr-ws/zephyr/include/zephyr/kernel.h:17:
In file included from /Users/gjonesblackcyton/Documents/src/klausscpu-runtime/zephyr-ws/zephyr/include/zephyr/kernel_includes.h:23:
In file included from /Users/gjonesblackcyton/Documents/src/klausscpu-runtime/zephyr-ws/zephyr/include/zephyr/toolchain.h:48:
/Users/gjonesblackcyton/Documents/src/klausscpu-runtime/zephyr-ws/zephyr/include/zephyr/toolchain/llvm.h:119:9: warning: '__INT8_C' macro redefined [-Wmacro-redefined]
  119 | #define __INT8_C(x)     int_c(x, __int_least8_c_suffix__)
      |         ^
<built-in>:179:9: note: previous definition is here
  179 | #define __INT8_C(c) c
      |         ^
In file included from /Users/gjonesblackcyton/Documents/src/klausscpu-runtime/zephyr-ws/zephyr/kernel/work.c:13:
In file included from /Users/gjonesblackcyton/Documents/src/klausscpu-runtime/zephyr-ws/zephyr/include/zephyr/kernel.h:17:
In file included from /Users/gjonesblackcyton/Documents/src/klausscpu-runtime/zephyr-ws/zephyr/include/zephyr/kernel_includes.h:23:
In file included from /Users/gjonesblackcyton/Documents/src/klausscpu-runtime/zephyr-ws/zephyr/include/zephyr/toolchain.h:48:
/Users/gjonesblackcyton/Documents/src/klausscpu-runtime/zephyr-ws/zephyr/include/zephyr/toolchain/llvm.h:120:9: warning: '__UINT8_C' macro redefined [-Wmacro-redefined]
  120 | #define __UINT8_C(x)    uint_c(x, __int_least8_c_suffix__)
      |         ^
<built-in>:201:9: note: previous definition is here
  201 | #define __UINT8_C(c) c
      |         ^
In file included from /Users/gjonesblackcyton/Documents/src/klausscpu-runtime/zephyr-ws/zephyr/kernel/work.c:13:
In file included from /Users/gjonesblackcyton/Documents/src/klausscpu-runtime/zephyr-ws/zephyr/include/zephyr/kernel.h:17:
In file included from /Users/gjonesblackcyton/Documents/src/klausscpu-runtime/zephyr-ws/zephyr/include/zephyr/kernel_includes.h:23:
In file included from /Users/gjonesblackcyton/Documents/src/klausscpu-runtime/zephyr-ws/zephyr/include/zephyr/toolchain.h:48:
/Users/gjonesblackcyton/Documents/src/klausscpu-runtime/zephyr-ws/zephyr/include/zephyr/toolchain/llvm.h:127:9: warning: '__INTMAX_C' macro redefined [-Wmacro-redefined]
  127 | #define __INTMAX_C(x)   int_c(x, __INTMAX_C_SUFFIX__)
      |         ^
<built-in>:98:9: note: previous definition is here
   98 | #define __INTMAX_C(c) c##L
      |         ^
In file included from /Users/gjonesblackcyton/Documents/src/klausscpu-runtime/zephyr-ws/zephyr/kernel/work.c:13:
In file included from /Users/gjonesblackcyton/Documents/src/klausscpu-runtime/zephyr-ws/zephyr/include/zephyr/kernel.h:17:
In file included from /Users/gjonesblackcyton/Documents/src/klausscpu-runtime/zephyr-ws/zephyr/include/zephyr/kernel_includes.h:23:
In file included from /Users/gjonesblackcyton/Documents/src/klausscpu-runtime/zephyr-ws/zephyr/include/zephyr/toolchain.h:48:
/Users/gjonesblackcyton/Documents/src/klausscpu-runtime/zephyr-ws/zephyr/include/zephyr/toolchain/llvm.h:128:9: warning: '__UINTMAX_C' macro redefined [-Wmacro-redefined]
  128 | #define __UINTMAX_C(x)  int_c(x, __UINTMAX_C_SUFFIX__)
      |         ^
<built-in>:105:9: note: previous definition is here
  105 | #define __UINTMAX_C(c) c##UL
      |         ^
6 warnings generated.
[323/346] Linking C static library zephyr/libzephyr.a
[324/346] Linking C static library zephyr/arch/arch/klausscpu/core/lib..__klausscpu-zephyr__arch__klausscpu__core.a
[325/346] Building C object zephyr/kernel/CMakeFiles/kernel.dir/timeout.c.obj
In file included from /Users/gjonesblackcyton/Documents/src/klausscpu-runtime/zephyr-ws/zephyr/kernel/timeout.c:7:
In file included from /Users/gjonesblackcyton/Documents/src/klausscpu-runtime/zephyr-ws/zephyr/include/zephyr/kernel.h:17:
In file included from /Users/gjonesblackcyton/Documents/src/klausscpu-runtime/zephyr-ws/zephyr/include/zephyr/kernel_includes.h:23:
In file included from /Users/gjonesblackcyton/Documents/src/klausscpu-runtime/zephyr-ws/zephyr/include/zephyr/toolchain.h:48:
/Users/gjonesblackcyton/Documents/src/klausscpu-runtime/zephyr-ws/zephyr/include/zephyr/toolchain/llvm.h:102:9: warning: '__INT16_C' macro redefined [-Wmacro-redefined]
  102 | #define __INT16_C(x)    int_c(x, __int_least16_c_suffix__)
      |         ^
<built-in>:184:9: note: previous definition is here
  184 | #define __INT16_C(c) c
      |         ^
In file included from /Users/gjonesblackcyton/Documents/src/klausscpu-runtime/zephyr-ws/zephyr/kernel/timeout.c:7:
In file included from /Users/gjonesblackcyton/Documents/src/klausscpu-runtime/zephyr-ws/zephyr/include/zephyr/kernel.h:17:
In file included from /Users/gjonesblackcyton/Documents/src/klausscpu-runtime/zephyr-ws/zephyr/include/zephyr/kernel_includes.h:23:
In file included from /Users/gjonesblackcyton/Documents/src/klausscpu-runtime/zephyr-ws/zephyr/include/zephyr/toolchain.h:48:
/Users/gjonesblackcyton/Documents/src/klausscpu-runtime/zephyr-ws/zephyr/include/zephyr/toolchain/llvm.h:103:9: warning: '__UINT16_C' macro redefined [-Wmacro-redefined]
  103 | #define __UINT16_C(x)   uint_c(x, __int_least16_c_suffix__)
      |         ^
<built-in>:210:9: note: previous definition is here
  210 | #define __UINT16_C(c) c
      |         ^
In file included from /Users/gjonesblackcyton/Documents/src/klausscpu-runtime/zephyr-ws/zephyr/kernel/timeout.c:7:
In file included from /Users/gjonesblackcyton/Documents/src/klausscpu-runtime/zephyr-ws/zephyr/include/zephyr/kernel.h:17:
In file included from /Users/gjonesblackcyton/Documents/src/klausscpu-runtime/zephyr-ws/zephyr/include/zephyr/kernel_includes.h:23:
In file included from /Users/gjonesblackcyton/Documents/src/klausscpu-runtime/zephyr-ws/zephyr/include/zephyr/toolchain.h:48:
/Users/gjonesblackcyton/Documents/src/klausscpu-runtime/zephyr-ws/zephyr/include/zephyr/toolchain/llvm.h:119:9: warning: '__INT8_C' macro redefined [-Wmacro-redefined]
  119 | #define __INT8_C(x)     int_c(x, __int_least8_c_suffix__)
      |         ^
<built-in>:179:9: note: previous definition is here
  179 | #define __INT8_C(c) c
      |         ^
In file included from /Users/gjonesblackcyton/Documents/src/klausscpu-runtime/zephyr-ws/zephyr/kernel/timeout.c:7:
In file included from /Users/gjonesblackcyton/Documents/src/klausscpu-runtime/zephyr-ws/zephyr/include/zephyr/kernel.h:17:
In file included from /Users/gjonesblackcyton/Documents/src/klausscpu-runtime/zephyr-ws/zephyr/include/zephyr/kernel_includes.h:23:
In file included from /Users/gjonesblackcyton/Documents/src/klausscpu-runtime/zephyr-ws/zephyr/include/zephyr/toolchain.h:48:
/Users/gjonesblackcyton/Documents/src/klausscpu-runtime/zephyr-ws/zephyr/include/zephyr/toolchain/llvm.h:120:9: warning: '__UINT8_C' macro redefined [-Wmacro-redefined]
  120 | #define __UINT8_C(x)    uint_c(x, __int_least8_c_suffix__)
      |         ^
<built-in>:201:9: note: previous definition is here
  201 | #define __UINT8_C(c) c
      |         ^
In file included from /Users/gjonesblackcyton/Documents/src/klausscpu-runtime/zephyr-ws/zephyr/kernel/timeout.c:7:
In file included from /Users/gjonesblackcyton/Documents/src/klausscpu-runtime/zephyr-ws/zephyr/include/zephyr/kernel.h:17:
In file included from /Users/gjonesblackcyton/Documents/src/klausscpu-runtime/zephyr-ws/zephyr/include/zephyr/kernel_includes.h:23:
In file included from /Users/gjonesblackcyton/Documents/src/klausscpu-runtime/zephyr-ws/zephyr/include/zephyr/toolchain.h:48:
/Users/gjonesblackcyton/Documents/src/klausscpu-runtime/zephyr-ws/zephyr/include/zephyr/toolchain/llvm.h:127:9: warning: '__INTMAX_C' macro redefined [-Wmacro-redefined]
  127 | #define __INTMAX_C(x)   int_c(x, __INTMAX_C_SUFFIX__)
      |         ^
<built-in>:98:9: note: previous definition is here
   98 | #define __INTMAX_C(c) c##L
      |         ^
In file included from /Users/gjonesblackcyton/Documents/src/klausscpu-runtime/zephyr-ws/zephyr/kernel/timeout.c:7:
In file included from /Users/gjonesblackcyton/Documents/src/klausscpu-runtime/zephyr-ws/zephyr/include/zephyr/kernel.h:17:
In file included from /Users/gjonesblackcyton/Documents/src/klausscpu-runtime/zephyr-ws/zephyr/include/zephyr/kernel_includes.h:23:
In file included from /Users/gjonesblackcyton/Documents/src/klausscpu-runtime/zephyr-ws/zephyr/include/zephyr/toolchain.h:48:
/Users/gjonesblackcyton/Documents/src/klausscpu-runtime/zephyr-ws/zephyr/include/zephyr/toolchain/llvm.h:128:9: warning: '__UINTMAX_C' macro redefined [-Wmacro-redefined]
  128 | #define __UINTMAX_C(x)  int_c(x, __UINTMAX_C_SUFFIX__)
      |         ^
<built-in>:105:9: note: previous definition is here
  105 | #define __UINTMAX_C(c) c##UL
      |         ^
6 warnings generated.
[326/346] Building C object zephyr/kernel/CMakeFiles/kernel.dir/timer.c.obj
In file included from /Users/gjonesblackcyton/Documents/src/klausscpu-runtime/zephyr-ws/zephyr/kernel/timer.c:7:
In file included from /Users/gjonesblackcyton/Documents/src/klausscpu-runtime/zephyr-ws/zephyr/include/zephyr/kernel.h:17:
In file included from /Users/gjonesblackcyton/Documents/src/klausscpu-runtime/zephyr-ws/zephyr/include/zephyr/kernel_includes.h:23:
In file included from /Users/gjonesblackcyton/Documents/src/klausscpu-runtime/zephyr-ws/zephyr/include/zephyr/toolchain.h:48:
/Users/gjonesblackcyton/Documents/src/klausscpu-runtime/zephyr-ws/zephyr/include/zephyr/toolchain/llvm.h:102:9: warning: '__INT16_C' macro redefined [-Wmacro-redefined]
  102 | #define __INT16_C(x)    int_c(x, __int_least16_c_suffix__)
      |         ^
<built-in>:184:9: note: previous definition is here
  184 | #define __INT16_C(c) c
      |         ^
In file included from /Users/gjonesblackcyton/Documents/src/klausscpu-runtime/zephyr-ws/zephyr/kernel/timer.c:7:
In file included from /Users/gjonesblackcyton/Documents/src/klausscpu-runtime/zephyr-ws/zephyr/include/zephyr/kernel.h:17:
In file included from /Users/gjonesblackcyton/Documents/src/klausscpu-runtime/zephyr-ws/zephyr/include/zephyr/kernel_includes.h:23:
In file included from /Users/gjonesblackcyton/Documents/src/klausscpu-runtime/zephyr-ws/zephyr/include/zephyr/toolchain.h:48:
/Users/gjonesblackcyton/Documents/src/klausscpu-runtime/zephyr-ws/zephyr/include/zephyr/toolchain/llvm.h:103:9: warning: '__UINT16_C' macro redefined [-Wmacro-redefined]
  103 | #define __UINT16_C(x)   uint_c(x, __int_least16_c_suffix__)
      |         ^
<built-in>:210:9: note: previous definition is here
  210 | #define __UINT16_C(c) c
      |         ^
In file included from /Users/gjonesblackcyton/Documents/src/klausscpu-runtime/zephyr-ws/zephyr/kernel/timer.c:7:
In file included from /Users/gjonesblackcyton/Documents/src/klausscpu-runtime/zephyr-ws/zephyr/include/zephyr/kernel.h:17:
In file included from /Users/gjonesblackcyton/Documents/src/klausscpu-runtime/zephyr-ws/zephyr/include/zephyr/kernel_includes.h:23:
In file included from /Users/gjonesblackcyton/Documents/src/klausscpu-runtime/zephyr-ws/zephyr/include/zephyr/toolchain.h:48:
/Users/gjonesblackcyton/Documents/src/klausscpu-runtime/zephyr-ws/zephyr/include/zephyr/toolchain/llvm.h:119:9: warning: '__INT8_C' macro redefined [-Wmacro-redefined]
  119 | #define __INT8_C(x)     int_c(x, __int_least8_c_suffix__)
      |         ^
<built-in>:179:9: note: previous definition is here
  179 | #define __INT8_C(c) c
      |         ^
In file included from /Users/gjonesblackcyton/Documents/src/klausscpu-runtime/zephyr-ws/zephyr/kernel/timer.c:7:
In file included from /Users/gjonesblackcyton/Documents/src/klausscpu-runtime/zephyr-ws/zephyr/include/zephyr/kernel.h:17:
In file included from /Users/gjonesblackcyton/Documents/src/klausscpu-runtime/zephyr-ws/zephyr/include/zephyr/kernel_includes.h:23:
In file included from /Users/gjonesblackcyton/Documents/src/klausscpu-runtime/zephyr-ws/zephyr/include/zephyr/toolchain.h:48:
/Users/gjonesblackcyton/Documents/src/klausscpu-runtime/zephyr-ws/zephyr/include/zephyr/toolchain/llvm.h:120:9: warning: '__UINT8_C' macro redefined [-Wmacro-redefined]
  120 | #define __UINT8_C(x)    uint_c(x, __int_least8_c_suffix__)
      |         ^
<built-in>:201:9: note: previous definition is here
  201 | #define __UINT8_C(c) c
      |         ^
In file included from /Users/gjonesblackcyton/Documents/src/klausscpu-runtime/zephyr-ws/zephyr/kernel/timer.c:7:
In file included from /Users/gjonesblackcyton/Documents/src/klausscpu-runtime/zephyr-ws/zephyr/include/zephyr/kernel.h:17:
In file included from /Users/gjonesblackcyton/Documents/src/klausscpu-runtime/zephyr-ws/zephyr/include/zephyr/kernel_includes.h:23:
In file included from /Users/gjonesblackcyton/Documents/src/klausscpu-runtime/zephyr-ws/zephyr/include/zephyr/toolchain.h:48:
/Users/gjonesblackcyton/Documents/src/klausscpu-runtime/zephyr-ws/zephyr/include/zephyr/toolchain/llvm.h:127:9: warning: '__INTMAX_C' macro redefined [-Wmacro-redefined]
  127 | #define __INTMAX_C(x)   int_c(x, __INTMAX_C_SUFFIX__)
      |         ^
<built-in>:98:9: note: previous definition is here
   98 | #define __INTMAX_C(c) c##L
      |         ^
In file included from /Users/gjonesblackcyton/Documents/src/klausscpu-runtime/zephyr-ws/zephyr/kernel/timer.c:7:
In file included from /Users/gjonesblackcyton/Documents/src/klausscpu-runtime/zephyr-ws/zephyr/include/zephyr/kernel.h:17:
In file included from /Users/gjonesblackcyton/Documents/src/klausscpu-runtime/zephyr-ws/zephyr/include/zephyr/kernel_includes.h:23:
In file included from /Users/gjonesblackcyton/Documents/src/klausscpu-runtime/zephyr-ws/zephyr/include/zephyr/toolchain.h:48:
/Users/gjonesblackcyton/Documents/src/klausscpu-runtime/zephyr-ws/zephyr/include/zephyr/toolchain/llvm.h:128:9: warning: '__UINTMAX_C' macro redefined [-Wmacro-redefined]
  128 | #define __UINTMAX_C(x)  int_c(x, __UINTMAX_C_SUFFIX__)
      |         ^
<built-in>:105:9: note: previous definition is here
  105 | #define __UINTMAX_C(c) c##UL
      |         ^
6 warnings generated.
[327/346] Linking C static library zephyr/lib/libc/minimal/liblib__libc__minimal.a
[328/346] Linking C static library zephyr/lib/libc/common/liblib__libc__common.a
[329/346] Linking C static library zephyr/subsys/net/libsubsys__net.a
[330/346] Linking C static library zephyr/subsys/net/l2/ethernet/libsubsys__net__l2__ethernet.a
[331/346] Building C object zephyr/CMakeFiles/zephyr_pre0.dir/misc/empty_file.c.obj
[332/346] Linking C static library zephyr/subsys/net/lib/dhcpv4/libsubsys__net__lib__dhcpv4.a
[333/346] Linking C static library modules/klausscpu-zephyr/drivers/timer/lib..__klausscpu-zephyr__drivers__timer.a
[334/346] Linking C static library zephyr/drivers/console/libdrivers__console.a
[335/346] Linking C static library zephyr/subsys/net/ip/libsubsys__net__ip.a
[336/346] Linking C static library modules/klausscpu-zephyr/drivers/serial/lib..__klausscpu-zephyr__drivers__serial.a
[337/346] Linking C static library zephyr/drivers/timer/libdrivers__timer.a
[338/346] Building C object zephyr/kernel/CMakeFiles/kernel.dir/mempool.c.obj
In file included from /Users/gjonesblackcyton/Documents/src/klausscpu-runtime/zephyr-ws/zephyr/kernel/mempool.c:7:
In file included from /Users/gjonesblackcyton/Documents/src/klausscpu-runtime/zephyr-ws/zephyr/include/zephyr/kernel.h:17:
In file included from /Users/gjonesblackcyton/Documents/src/klausscpu-runtime/zephyr-ws/zephyr/include/zephyr/kernel_includes.h:23:
In file included from /Users/gjonesblackcyton/Documents/src/klausscpu-runtime/zephyr-ws/zephyr/include/zephyr/toolchain.h:48:
/Users/gjonesblackcyton/Documents/src/klausscpu-runtime/zephyr-ws/zephyr/include/zephyr/toolchain/llvm.h:102:9: warning: '__INT16_C' macro redefined [-Wmacro-redefined]
  102 | #define __INT16_C(x)    int_c(x, __int_least16_c_suffix__)
      |         ^
<built-in>:184:9: note: previous definition is here
  184 | #define __INT16_C(c) c
      |         ^
In file included from /Users/gjonesblackcyton/Documents/src/klausscpu-runtime/zephyr-ws/zephyr/kernel/mempool.c:7:
In file included from /Users/gjonesblackcyton/Documents/src/klausscpu-runtime/zephyr-ws/zephyr/include/zephyr/kernel.h:17:
In file included from /Users/gjonesblackcyton/Documents/src/klausscpu-runtime/zephyr-ws/zephyr/include/zephyr/kernel_includes.h:23:
In file included from /Users/gjonesblackcyton/Documents/src/klausscpu-runtime/zephyr-ws/zephyr/include/zephyr/toolchain.h:48:
/Users/gjonesblackcyton/Documents/src/klausscpu-runtime/zephyr-ws/zephyr/include/zephyr/toolchain/llvm.h:103:9: warning: '__UINT16_C' macro redefined [-Wmacro-redefined]
  103 | #define __UINT16_C(x)   uint_c(x, __int_least16_c_suffix__)
      |         ^
<built-in>:210:9: note: previous definition is here
  210 | #define __UINT16_C(c) c
      |         ^
In file included from /Users/gjonesblackcyton/Documents/src/klausscpu-runtime/zephyr-ws/zephyr/kernel/mempool.c:7:
In file included from /Users/gjonesblackcyton/Documents/src/klausscpu-runtime/zephyr-ws/zephyr/include/zephyr/kernel.h:17:
In file included from /Users/gjonesblackcyton/Documents/src/klausscpu-runtime/zephyr-ws/zephyr/include/zephyr/kernel_includes.h:23:
In file included from /Users/gjonesblackcyton/Documents/src/klausscpu-runtime/zephyr-ws/zephyr/include/zephyr/toolchain.h:48:
/Users/gjonesblackcyton/Documents/src/klausscpu-runtime/zephyr-ws/zephyr/include/zephyr/toolchain/llvm.h:119:9: warning: '__INT8_C' macro redefined [-Wmacro-redefined]
  119 | #define __INT8_C(x)     int_c(x, __int_least8_c_suffix__)
      |         ^
<built-in>:179:9: note: previous definition is here
  179 | #define __INT8_C(c) c
      |         ^
In file included from /Users/gjonesblackcyton/Documents/src/klausscpu-runtime/zephyr-ws/zephyr/kernel/mempool.c:7:
In file included from /Users/gjonesblackcyton/Documents/src/klausscpu-runtime/zephyr-ws/zephyr/include/zephyr/kernel.h:17:
In file included from /Users/gjonesblackcyton/Documents/src/klausscpu-runtime/zephyr-ws/zephyr/include/zephyr/kernel_includes.h:23:
In file included from /Users/gjonesblackcyton/Documents/src/klausscpu-runtime/zephyr-ws/zephyr/include/zephyr/toolchain.h:48:
/Users/gjonesblackcyton/Documents/src/klausscpu-runtime/zephyr-ws/zephyr/include/zephyr/toolchain/llvm.h:120:9: warning: '__UINT8_C' macro redefined [-Wmacro-redefined]
  120 | #define __UINT8_C(x)    uint_c(x, __int_least8_c_suffix__)
      |         ^
<built-in>:201:9: note: previous definition is here
  201 | #define __UINT8_C(c) c
      |         ^
In file included from /Users/gjonesblackcyton/Documents/src/klausscpu-runtime/zephyr-ws/zephyr/kernel/mempool.c:7:
In file included from /Users/gjonesblackcyton/Documents/src/klausscpu-runtime/zephyr-ws/zephyr/include/zephyr/kernel.h:17:
In file included from /Users/gjonesblackcyton/Documents/src/klausscpu-runtime/zephyr-ws/zephyr/include/zephyr/kernel_includes.h:23:
In file included from /Users/gjonesblackcyton/Documents/src/klausscpu-runtime/zephyr-ws/zephyr/include/zephyr/toolchain.h:48:
/Users/gjonesblackcyton/Documents/src/klausscpu-runtime/zephyr-ws/zephyr/include/zephyr/toolchain/llvm.h:127:9: warning: '__INTMAX_C' macro redefined [-Wmacro-redefined]
  127 | #define __INTMAX_C(x)   int_c(x, __INTMAX_C_SUFFIX__)
      |         ^
<built-in>:98:9: note: previous definition is here
   98 | #define __INTMAX_C(c) c##L
      |         ^
In file included from /Users/gjonesblackcyton/Documents/src/klausscpu-runtime/zephyr-ws/zephyr/kernel/mempool.c:7:
In file included from /Users/gjonesblackcyton/Documents/src/klausscpu-runtime/zephyr-ws/zephyr/include/zephyr/kernel.h:17:
In file included from /Users/gjonesblackcyton/Documents/src/klausscpu-runtime/zephyr-ws/zephyr/include/zephyr/kernel_includes.h:23:
In file included from /Users/gjonesblackcyton/Documents/src/klausscpu-runtime/zephyr-ws/zephyr/include/zephyr/toolchain.h:48:
/Users/gjonesblackcyton/Documents/src/klausscpu-runtime/zephyr-ws/zephyr/include/zephyr/toolchain/llvm.h:128:9: warning: '__UINTMAX_C' macro redefined [-Wmacro-redefined]
  128 | #define __UINTMAX_C(x)  int_c(x, __UINTMAX_C_SUFFIX__)
      |         ^
<built-in>:105:9: note: previous definition is here
  105 | #define __UINTMAX_C(c) c##UL
      |         ^
6 warnings generated.
[339/346] Linking C static library modules/klausscpu-zephyr/drivers/ethernet/lib..__klausscpu-zephyr__drivers__ethernet.a
[340/346] Building C object zephyr/kernel/CMakeFiles/kernel.dir/dynamic_disabled.c.obj
[341/346] Linking C static library modules/klausscpu-zephyr/vnc/lib..__klausscpu-zephyr__vnc.a
[342/346] Linking C static library modules/lvgl/libmodules__lvgl.a
[343/346] Building C object zephyr/kernel/CMakeFiles/kernel.dir/poll.c.obj
In file included from /Users/gjonesblackcyton/Documents/src/klausscpu-runtime/zephyr-ws/zephyr/kernel/poll.c:18:
In file included from /Users/gjonesblackcyton/Documents/src/klausscpu-runtime/zephyr-ws/zephyr/include/zephyr/kernel.h:17:
In file included from /Users/gjonesblackcyton/Documents/src/klausscpu-runtime/zephyr-ws/zephyr/include/zephyr/kernel_includes.h:23:
In file included from /Users/gjonesblackcyton/Documents/src/klausscpu-runtime/zephyr-ws/zephyr/include/zephyr/toolchain.h:48:
/Users/gjonesblackcyton/Documents/src/klausscpu-runtime/zephyr-ws/zephyr/include/zephyr/toolchain/llvm.h:102:9: warning: '__INT16_C' macro redefined [-Wmacro-redefined]
  102 | #define __INT16_C(x)    int_c(x, __int_least16_c_suffix__)
      |         ^
<built-in>:184:9: note: previous definition is here
  184 | #define __INT16_C(c) c
      |         ^
In file included from /Users/gjonesblackcyton/Documents/src/klausscpu-runtime/zephyr-ws/zephyr/kernel/poll.c:18:
In file included from /Users/gjonesblackcyton/Documents/src/klausscpu-runtime/zephyr-ws/zephyr/include/zephyr/kernel.h:17:
In file included from /Users/gjonesblackcyton/Documents/src/klausscpu-runtime/zephyr-ws/zephyr/include/zephyr/kernel_includes.h:23:
In file included from /Users/gjonesblackcyton/Documents/src/klausscpu-runtime/zephyr-ws/zephyr/include/zephyr/toolchain.h:48:
/Users/gjonesblackcyton/Documents/src/klausscpu-runtime/zephyr-ws/zephyr/include/zephyr/toolchain/llvm.h:103:9: warning: '__UINT16_C' macro redefined [-Wmacro-redefined]
  103 | #define __UINT16_C(x)   uint_c(x, __int_least16_c_suffix__)
      |         ^
<built-in>:210:9: note: previous definition is here
  210 | #define __UINT16_C(c) c
      |         ^
In file included from /Users/gjonesblackcyton/Documents/src/klausscpu-runtime/zephyr-ws/zephyr/kernel/poll.c:18:
In file included from /Users/gjonesblackcyton/Documents/src/klausscpu-runtime/zephyr-ws/zephyr/include/zephyr/kernel.h:17:
In file included from /Users/gjonesblackcyton/Documents/src/klausscpu-runtime/zephyr-ws/zephyr/include/zephyr/kernel_includes.h:23:
In file included from /Users/gjonesblackcyton/Documents/src/klausscpu-runtime/zephyr-ws/zephyr/include/zephyr/toolchain.h:48:
/Users/gjonesblackcyton/Documents/src/klausscpu-runtime/zephyr-ws/zephyr/include/zephyr/toolchain/llvm.h:119:9: warning: '__INT8_C' macro redefined [-Wmacro-redefined]
  119 | #define __INT8_C(x)     int_c(x, __int_least8_c_suffix__)
      |         ^
<built-in>:179:9: note: previous definition is here
  179 | #define __INT8_C(c) c
      |         ^
In file included from /Users/gjonesblackcyton/Documents/src/klausscpu-runtime/zephyr-ws/zephyr/kernel/poll.c:18:
In file included from /Users/gjonesblackcyton/Documents/src/klausscpu-runtime/zephyr-ws/zephyr/include/zephyr/kernel.h:17:
In file included from /Users/gjonesblackcyton/Documents/src/klausscpu-runtime/zephyr-ws/zephyr/include/zephyr/kernel_includes.h:23:
In file included from /Users/gjonesblackcyton/Documents/src/klausscpu-runtime/zephyr-ws/zephyr/include/zephyr/toolchain.h:48:
/Users/gjonesblackcyton/Documents/src/klausscpu-runtime/zephyr-ws/zephyr/include/zephyr/toolchain/llvm.h:120:9: warning: '__UINT8_C' macro redefined [-Wmacro-redefined]
  120 | #define __UINT8_C(x)    uint_c(x, __int_least8_c_suffix__)
      |         ^
<built-in>:201:9: note: previous definition is here
  201 | #define __UINT8_C(c) c
      |         ^
In file included from /Users/gjonesblackcyton/Documents/src/klausscpu-runtime/zephyr-ws/zephyr/kernel/poll.c:18:
In file included from /Users/gjonesblackcyton/Documents/src/klausscpu-runtime/zephyr-ws/zephyr/include/zephyr/kernel.h:17:
In file included from /Users/gjonesblackcyton/Documents/src/klausscpu-runtime/zephyr-ws/zephyr/include/zephyr/kernel_includes.h:23:
In file included from /Users/gjonesblackcyton/Documents/src/klausscpu-runtime/zephyr-ws/zephyr/include/zephyr/toolchain.h:48:
/Users/gjonesblackcyton/Documents/src/klausscpu-runtime/zephyr-ws/zephyr/include/zephyr/toolchain/llvm.h:127:9: warning: '__INTMAX_C' macro redefined [-Wmacro-redefined]
  127 | #define __INTMAX_C(x)   int_c(x, __INTMAX_C_SUFFIX__)
      |         ^
<built-in>:98:9: note: previous definition is here
   98 | #define __INTMAX_C(c) c##L
      |         ^
In file included from /Users/gjonesblackcyton/Documents/src/klausscpu-runtime/zephyr-ws/zephyr/kernel/poll.c:18:
In file included from /Users/gjonesblackcyton/Documents/src/klausscpu-runtime/zephyr-ws/zephyr/include/zephyr/kernel.h:17:
In file included from /Users/gjonesblackcyton/Documents/src/klausscpu-runtime/zephyr-ws/zephyr/include/zephyr/kernel_includes.h:23:
In file included from /Users/gjonesblackcyton/Documents/src/klausscpu-runtime/zephyr-ws/zephyr/include/zephyr/toolchain.h:48:
/Users/gjonesblackcyton/Documents/src/klausscpu-runtime/zephyr-ws/zephyr/include/zephyr/toolchain/llvm.h:128:9: warning: '__UINTMAX_C' macro redefined [-Wmacro-redefined]
  128 | #define __UINTMAX_C(x)  int_c(x, __UINTMAX_C_SUFFIX__)
      |         ^
<built-in>:105:9: note: previous definition is here
  105 | #define __UINTMAX_C(c) c##UL
      |         ^
6 warnings generated.
[344/346] Building C object zephyr/kernel/CMakeFiles/kernel.dir/sched.c.obj
In file included from /Users/gjonesblackcyton/Documents/src/klausscpu-runtime/zephyr-ws/zephyr/kernel/sched.c:6:
In file included from /Users/gjonesblackcyton/Documents/src/klausscpu-runtime/zephyr-ws/zephyr/include/zephyr/kernel.h:17:
In file included from /Users/gjonesblackcyton/Documents/src/klausscpu-runtime/zephyr-ws/zephyr/include/zephyr/kernel_includes.h:23:
In file included from /Users/gjonesblackcyton/Documents/src/klausscpu-runtime/zephyr-ws/zephyr/include/zephyr/toolchain.h:48:
/Users/gjonesblackcyton/Documents/src/klausscpu-runtime/zephyr-ws/zephyr/include/zephyr/toolchain/llvm.h:102:9: warning: '__INT16_C' macro redefined [-Wmacro-redefined]
  102 | #define __INT16_C(x)    int_c(x, __int_least16_c_suffix__)
      |         ^
<built-in>:184:9: note: previous definition is here
  184 | #define __INT16_C(c) c
      |         ^
In file included from /Users/gjonesblackcyton/Documents/src/klausscpu-runtime/zephyr-ws/zephyr/kernel/sched.c:6:
In file included from /Users/gjonesblackcyton/Documents/src/klausscpu-runtime/zephyr-ws/zephyr/include/zephyr/kernel.h:17:
In file included from /Users/gjonesblackcyton/Documents/src/klausscpu-runtime/zephyr-ws/zephyr/include/zephyr/kernel_includes.h:23:
In file included from /Users/gjonesblackcyton/Documents/src/klausscpu-runtime/zephyr-ws/zephyr/include/zephyr/toolchain.h:48:
/Users/gjonesblackcyton/Documents/src/klausscpu-runtime/zephyr-ws/zephyr/include/zephyr/toolchain/llvm.h:103:9: warning: '__UINT16_C' macro redefined [-Wmacro-redefined]
  103 | #define __UINT16_C(x)   uint_c(x, __int_least16_c_suffix__)
      |         ^
<built-in>:210:9: note: previous definition is here
  210 | #define __UINT16_C(c) c
      |         ^
In file included from /Users/gjonesblackcyton/Documents/src/klausscpu-runtime/zephyr-ws/zephyr/kernel/sched.c:6:
In file included from /Users/gjonesblackcyton/Documents/src/klausscpu-runtime/zephyr-ws/zephyr/include/zephyr/kernel.h:17:
In file included from /Users/gjonesblackcyton/Documents/src/klausscpu-runtime/zephyr-ws/zephyr/include/zephyr/kernel_includes.h:23:
In file included from /Users/gjonesblackcyton/Documents/src/klausscpu-runtime/zephyr-ws/zephyr/include/zephyr/toolchain.h:48:
/Users/gjonesblackcyton/Documents/src/klausscpu-runtime/zephyr-ws/zephyr/include/zephyr/toolchain/llvm.h:119:9: warning: '__INT8_C' macro redefined [-Wmacro-redefined]
  119 | #define __INT8_C(x)     int_c(x, __int_least8_c_suffix__)
      |         ^
<built-in>:179:9: note: previous definition is here
  179 | #define __INT8_C(c) c
      |         ^
In file included from /Users/gjonesblackcyton/Documents/src/klausscpu-runtime/zephyr-ws/zephyr/kernel/sched.c:6:
In file included from /Users/gjonesblackcyton/Documents/src/klausscpu-runtime/zephyr-ws/zephyr/include/zephyr/kernel.h:17:
In file included from /Users/gjonesblackcyton/Documents/src/klausscpu-runtime/zephyr-ws/zephyr/include/zephyr/kernel_includes.h:23:
In file included from /Users/gjonesblackcyton/Documents/src/klausscpu-runtime/zephyr-ws/zephyr/include/zephyr/toolchain.h:48:
/Users/gjonesblackcyton/Documents/src/klausscpu-runtime/zephyr-ws/zephyr/include/zephyr/toolchain/llvm.h:120:9: warning: '__UINT8_C' macro redefined [-Wmacro-redefined]
  120 | #define __UINT8_C(x)    uint_c(x, __int_least8_c_suffix__)
      |         ^
<built-in>:201:9: note: previous definition is here
  201 | #define __UINT8_C(c) c
      |         ^
In file included from /Users/gjonesblackcyton/Documents/src/klausscpu-runtime/zephyr-ws/zephyr/kernel/sched.c:6:
In file included from /Users/gjonesblackcyton/Documents/src/klausscpu-runtime/zephyr-ws/zephyr/include/zephyr/kernel.h:17:
In file included from /Users/gjonesblackcyton/Documents/src/klausscpu-runtime/zephyr-ws/zephyr/include/zephyr/kernel_includes.h:23:
In file included from /Users/gjonesblackcyton/Documents/src/klausscpu-runtime/zephyr-ws/zephyr/include/zephyr/toolchain.h:48:
/Users/gjonesblackcyton/Documents/src/klausscpu-runtime/zephyr-ws/zephyr/include/zephyr/toolchain/llvm.h:127:9: warning: '__INTMAX_C' macro redefined [-Wmacro-redefined]
  127 | #define __INTMAX_C(x)   int_c(x, __INTMAX_C_SUFFIX__)
      |         ^
<built-in>:98:9: note: previous definition is here
   98 | #define __INTMAX_C(c) c##L
      |         ^
In file included from /Users/gjonesblackcyton/Documents/src/klausscpu-runtime/zephyr-ws/zephyr/kernel/sched.c:6:
In file included from /Users/gjonesblackcyton/Documents/src/klausscpu-runtime/zephyr-ws/zephyr/include/zephyr/kernel.h:17:
In file included from /Users/gjonesblackcyton/Documents/src/klausscpu-runtime/zephyr-ws/zephyr/include/zephyr/kernel_includes.h:23:
In file included from /Users/gjonesblackcyton/Documents/src/klausscpu-runtime/zephyr-ws/zephyr/include/zephyr/toolchain.h:48:
/Users/gjonesblackcyton/Documents/src/klausscpu-runtime/zephyr-ws/zephyr/include/zephyr/toolchain/llvm.h:128:9: warning: '__UINTMAX_C' macro redefined [-Wmacro-redefined]
  128 | #define __UINTMAX_C(x)  int_c(x, __UINTMAX_C_SUFFIX__)
      |         ^
<built-in>:105:9: note: previous definition is here
  105 | #define __UINTMAX_C(c) c##UL
      |         ^
In file included from /Users/gjonesblackcyton/Documents/src/klausscpu-runtime/zephyr-ws/zephyr/kernel/sched.c:7:
In file included from /Users/gjonesblackcyton/Documents/src/klausscpu-runtime/zephyr-ws/zephyr/kernel/include/ksched.h:11:
In file included from /Users/gjonesblackcyton/Documents/src/klausscpu-runtime/zephyr-ws/zephyr/kernel/include/kernel_internal.h:18:
/Users/gjonesblackcyton/Documents/src/klausscpu-runtime/zephyr-ws/zephyr/kernel/include/kernel_arch_interface.h:131:20: warning: function 'arch_switch' has internal linkage but is not defined [-Wundefined-internal]
  131 | static inline void arch_switch(void *switch_to, void **switched_from);
      |                    ^
/Users/gjonesblackcyton/Documents/src/klausscpu-runtime/zephyr-ws/zephyr/kernel/include/kswap.h:167:3: note: used here
  167 |                 arch_switch(newsh, &old_thread->switch_handle);
      |                 ^
7 warnings generated.
[345/346] Linking C static library zephyr/kernel/libkernel.a
[346/346] Linking C executable zephyr/zephyr.elf; Logical command for additional byproducts on target: zephyr_pre0
ld.lld: warning: zephyr/CMakeFiles/zephyr_pre0.dir/misc/empty_file.c.obj:(.comment) is being placed in '.comment'
ld.lld: warning: zephyr/CMakeFiles/offsets.dir/./Users/gjonesblackcyton/Documents/src/klausscpu-runtime/zephyr-ws/klausscpu-zephyr/arch/klausscpu/core/offsets/offsets.c.obj:(.debug_abbrev) is being placed in '.debug_abbrev'
ld.lld: warning: zephyr/CMakeFiles/offsets.dir/./Users/gjonesblackcyton/Documents/src/klausscpu-runtime/zephyr-ws/klausscpu-zephyr/arch/klausscpu/core/offsets/offsets.c.obj:(.debug_info) is being placed in '.debug_info'
ld.lld: warning: zephyr/CMakeFiles/offsets.dir/./Users/gjonesblackcyton/Documents/src/klausscpu-runtime/zephyr-ws/klausscpu-zephyr/arch/klausscpu/core/offsets/offsets.c.obj:(.debug_str) is being placed in '.debug_str'
ld.lld: warning: zephyr/CMakeFiles/offsets.dir/./Users/gjonesblackcyton/Documents/src/klausscpu-runtime/zephyr-ws/klausscpu-zephyr/arch/klausscpu/core/offsets/offsets.c.obj:(.comment) is being placed in '.comment'
ld.lld: warning: zephyr/CMakeFiles/offsets.dir/./Users/gjonesblackcyton/Documents/src/klausscpu-runtime/zephyr-ws/klausscpu-zephyr/arch/klausscpu/core/offsets/offsets.c.obj:(.debug_frame) is being placed in '.debug_frame'
ld.lld: warning: zephyr/CMakeFiles/offsets.dir/./Users/gjonesblackcyton/Documents/src/klausscpu-runtime/zephyr-ws/klausscpu-zephyr/arch/klausscpu/core/offsets/offsets.c.obj:(.debug_line) is being placed in '.debug_line'
ld.lld: warning: app/libapp.a(main.c.obj):(.debug_loc) is being placed in '.debug_loc'
ld.lld: warning: app/libapp.a(main.c.obj):(.debug_abbrev) is being placed in '.debug_abbrev'
ld.lld: warning: app/libapp.a(main.c.obj):(.debug_info) is being placed in '.debug_info'
ld.lld: warning: app/libapp.a(main.c.obj):(.debug_ranges) is being placed in '.debug_ranges'
ld.lld: warning: app/libapp.a(main.c.obj):(.debug_str) is being placed in '.debug_str'
ld.lld: warning: app/libapp.a(main.c.obj):(.comment) is being placed in '.comment'
ld.lld: warning: app/libapp.a(main.c.obj):(.debug_frame) is being placed in '.debug_frame'
ld.lld: warning: app/libapp.a(main.c.obj):(.debug_line) is being placed in '.debug_line'
ld.lld: warning: zephyr/libzephyr.a(heap.c.obj):(.debug_loc) is being placed in '.debug_loc'
ld.lld: warning: zephyr/libzephyr.a(heap.c.obj):(.debug_abbrev) is being placed in '.debug_abbrev'
ld.lld: warning: zephyr/libzephyr.a(heap.c.obj):(.debug_info) is being placed in '.debug_info'
ld.lld: warning: zephyr/libzephyr.a(heap.c.obj):(.debug_ranges) is being placed in '.debug_ranges'
ld.lld: warning: zephyr/libzephyr.a(heap.c.obj):(.debug_str) is being placed in '.debug_str'
ld.lld: warning: zephyr/libzephyr.a(heap.c.obj):(.comment) is being placed in '.comment'
ld.lld: warning: zephyr/libzephyr.a(heap.c.obj):(.debug_frame) is being placed in '.debug_frame'
ld.lld: warning: zephyr/libzephyr.a(heap.c.obj):(.debug_line) is being placed in '.debug_line'
ld.lld: warning: zephyr/libzephyr.a(heap_info.c.obj):(.debug_loc) is being placed in '.debug_loc'
ld.lld: warning: zephyr/libzephyr.a(heap_info.c.obj):(.debug_abbrev) is being placed in '.debug_abbrev'
ld.lld: warning: zephyr/libzephyr.a(heap_info.c.obj):(.debug_info) is being placed in '.debug_info'
ld.lld: warning: zephyr/libzephyr.a(heap_info.c.obj):(.debug_ranges) is being placed in '.debug_ranges'
ld.lld: warning: zephyr/libzephyr.a(heap_info.c.obj):(.debug_str) is being placed in '.debug_str'
ld.lld: warning: zephyr/libzephyr.a(heap_info.c.obj):(.comment) is being placed in '.comment'
ld.lld: warning: zephyr/libzephyr.a(heap_info.c.obj):(.debug_frame) is being placed in '.debug_frame'
ld.lld: warning: zephyr/libzephyr.a(heap_info.c.obj):(.debug_line) is being placed in '.debug_line'
ld.lld: warning: zephyr/libzephyr.a(cbprintf_packaged.c.obj):(.debug_loc) is being placed in '.debug_loc'
ld.lld: warning: zephyr/libzephyr.a(cbprintf_packaged.c.obj):(.debug_abbrev) is being placed in '.debug_abbrev'
ld.lld: warning: zephyr/libzephyr.a(cbprintf_packaged.c.obj):(.debug_info) is being placed in '.debug_info'
ld.lld: warning: zephyr/libzephyr.a(cbprintf_packaged.c.obj):(.debug_ranges) is being placed in '.debug_ranges'
ld.lld: warning: zephyr/libzephyr.a(cbprintf_packaged.c.obj):(.debug_str) is being placed in '.debug_str'
ld.lld: warning: zephyr/libzephyr.a(cbprintf_packaged.c.obj):(.comment) is being placed in '.comment'
ld.lld: warning: zephyr/libzephyr.a(cbprintf_packaged.c.obj):(.debug_frame) is being placed in '.debug_frame'
ld.lld: warning: zephyr/libzephyr.a(cbprintf_packaged.c.obj):(.debug_line) is being placed in '.debug_line'
ld.lld: warning: zephyr/libzephyr.a(printk.c.obj):(.debug_loc) is being placed in '.debug_loc'
ld.lld: warning: zephyr/libzephyr.a(printk.c.obj):(.debug_abbrev) is being placed in '.debug_abbrev'
ld.lld: warning: zephyr/libzephyr.a(printk.c.obj):(.debug_info) is being placed in '.debug_info'
ld.lld: warning: zephyr/libzephyr.a(printk.c.obj):(.debug_ranges) is being placed in '.debug_ranges'
ld.lld: warning: zephyr/libzephyr.a(printk.c.obj):(.debug_str) is being placed in '.debug_str'
ld.lld: warning: zephyr/libzephyr.a(printk.c.obj):(.comment) is being placed in '.comment'
ld.lld: warning: zephyr/libzephyr.a(printk.c.obj):(.debug_frame) is being placed in '.debug_frame'
ld.lld: warning: zephyr/libzephyr.a(printk.c.obj):(.debug_line) is being placed in '.debug_line'
ld.lld: warning: zephyr/libzephyr.a(sem.c.obj):(.debug_loc) is being placed in '.debug_loc'
ld.lld: warning: zephyr/libzephyr.a(sem.c.obj):(.debug_abbrev) is being placed in '.debug_abbrev'
ld.lld: warning: zephyr/libzephyr.a(sem.c.obj):(.debug_info) is being placed in '.debug_info'
ld.lld: warning: zephyr/libzephyr.a(sem.c.obj):(.debug_ranges) is being placed in '.debug_ranges'
ld.lld: warning: zephyr/libzephyr.a(sem.c.obj):(.debug_str) is being placed in '.debug_str'
ld.lld: warning: zephyr/libzephyr.a(sem.c.obj):(.comment) is being placed in '.comment'
ld.lld: warning: zephyr/libzephyr.a(sem.c.obj):(.debug_frame) is being placed in '.debug_frame'
ld.lld: warning: zephyr/libzephyr.a(sem.c.obj):(.debug_line) is being placed in '.debug_line'
ld.lld: warning: zephyr/libzephyr.a(thread_entry.c.obj):(.debug_loc) is being placed in '.debug_loc'
ld.lld: warning: zephyr/libzephyr.a(thread_entry.c.obj):(.debug_abbrev) is being placed in '.debug_abbrev'
ld.lld: warning: zephyr/libzephyr.a(thread_entry.c.obj):(.debug_info) is being placed in '.debug_info'
ld.lld: warning: zephyr/libzephyr.a(thread_entry.c.obj):(.debug_ranges) is being placed in '.debug_ranges'
ld.lld: warning: zephyr/libzephyr.a(thread_entry.c.obj):(.debug_str) is being placed in '.debug_str'
ld.lld: warning: zephyr/libzephyr.a(thread_entry.c.obj):(.comment) is being placed in '.comment'
ld.lld: warning: zephyr/libzephyr.a(thread_entry.c.obj):(.debug_frame) is being placed in '.debug_frame'
ld.lld: warning: zephyr/libzephyr.a(thread_entry.c.obj):(.debug_line) is being placed in '.debug_line'
ld.lld: warning: zephyr/libzephyr.a(fdtable.c.obj):(.debug_loc) is being placed in '.debug_loc'
ld.lld: warning: zephyr/libzephyr.a(fdtable.c.obj):(.debug_abbrev) is being placed in '.debug_abbrev'
ld.lld: warning: zephyr/libzephyr.a(fdtable.c.obj):(.debug_info) is being placed in '.debug_info'
ld.lld: warning: zephyr/libzephyr.a(fdtable.c.obj):(.debug_ranges) is being placed in '.debug_ranges'
ld.lld: warning: zephyr/libzephyr.a(fdtable.c.obj):(.debug_str) is being placed in '.debug_str'
ld.lld: warning: zephyr/libzephyr.a(fdtable.c.obj):(.comment) is being placed in '.comment'
ld.lld: warning: zephyr/libzephyr.a(fdtable.c.obj):(.debug_frame) is being placed in '.debug_frame'
ld.lld: warning: zephyr/libzephyr.a(fdtable.c.obj):(.debug_line) is being placed in '.debug_line'
ld.lld: warning: zephyr/libzephyr.a(cbprintf_complete.c.obj):(.debug_loc) is being placed in '.debug_loc'
ld.lld: warning: zephyr/libzephyr.a(cbprintf_complete.c.obj):(.debug_abbrev) is being placed in '.debug_abbrev'
ld.lld: warning: zephyr/libzephyr.a(cbprintf_complete.c.obj):(.debug_info) is being placed in '.debug_info'
ld.lld: warning: zephyr/libzephyr.a(cbprintf_complete.c.obj):(.debug_ranges) is being placed in '.debug_ranges'
ld.lld: warning: zephyr/libzephyr.a(cbprintf_complete.c.obj):(.debug_str) is being placed in '.debug_str'
ld.lld: warning: zephyr/libzephyr.a(cbprintf_complete.c.obj):(.comment) is being placed in '.comment'
ld.lld: warning: zephyr/libzephyr.a(cbprintf_complete.c.obj):(.debug_frame) is being placed in '.debug_frame'
ld.lld: warning: zephyr/libzephyr.a(cbprintf_complete.c.obj):(.debug_line) is being placed in '.debug_line'
ld.lld: warning: zephyr/libzephyr.a(cbprintf.c.obj):(.debug_loc) is being placed in '.debug_loc'
ld.lld: warning: zephyr/libzephyr.a(cbprintf.c.obj):(.debug_abbrev) is being placed in '.debug_abbrev'
ld.lld: warning: zephyr/libzephyr.a(cbprintf.c.obj):(.debug_info) is being placed in '.debug_info'
ld.lld: warning: zephyr/libzephyr.a(cbprintf.c.obj):(.debug_str) is being placed in '.debug_str'
ld.lld: warning: zephyr/libzephyr.a(cbprintf.c.obj):(.comment) is being placed in '.comment'
ld.lld: warning: zephyr/libzephyr.a(cbprintf.c.obj):(.debug_frame) is being placed in '.debug_frame'
ld.lld: warning: zephyr/libzephyr.a(cbprintf.c.obj):(.debug_line) is being placed in '.debug_line'
ld.lld: warning: zephyr/libzephyr.a(assert.c.obj):(.debug_loc) is being placed in '.debug_loc'
ld.lld: warning: zephyr/libzephyr.a(assert.c.obj):(.debug_abbrev) is being placed in '.debug_abbrev'
ld.lld: warning: zephyr/libzephyr.a(assert.c.obj):(.debug_info) is being placed in '.debug_info'
ld.lld: warning: zephyr/libzephyr.a(assert.c.obj):(.debug_ranges) is being placed in '.debug_ranges'
ld.lld: warning: zephyr/libzephyr.a(assert.c.obj):(.debug_str) is being placed in '.debug_str'
ld.lld: warning: zephyr/libzephyr.a(assert.c.obj):(.comment) is being placed in '.comment'
ld.lld: warning: zephyr/libzephyr.a(assert.c.obj):(.debug_frame) is being placed in '.debug_frame'
ld.lld: warning: zephyr/libzephyr.a(assert.c.obj):(.debug_line) is being placed in '.debug_line'
ld.lld: warning: zephyr/libzephyr.a(dec.c.obj):(.debug_loc) is being placed in '.debug_loc'
ld.lld: warning: zephyr/libzephyr.a(dec.c.obj):(.debug_abbrev) is being placed in '.debug_abbrev'
ld.lld: warning: zephyr/libzephyr.a(dec.c.obj):(.debug_info) is being placed in '.debug_info'
ld.lld: warning: zephyr/libzephyr.a(dec.c.obj):(.debug_str) is being placed in '.debug_str'
ld.lld: warning: zephyr/libzephyr.a(dec.c.obj):(.comment) is being placed in '.comment'
ld.lld: warning: zephyr/libzephyr.a(dec.c.obj):(.debug_frame) is being placed in '.debug_frame'
ld.lld: warning: zephyr/libzephyr.a(dec.c.obj):(.debug_line) is being placed in '.debug_line'
ld.lld: warning: zephyr/libzephyr.a(hex.c.obj):(.debug_loc) is being placed in '.debug_loc'
ld.lld: warning: zephyr/libzephyr.a(hex.c.obj):(.debug_abbrev) is being placed in '.debug_abbrev'
ld.lld: warning: zephyr/libzephyr.a(hex.c.obj):(.debug_info) is being placed in '.debug_info'
ld.lld: warning: zephyr/libzephyr.a(hex.c.obj):(.debug_ranges) is being placed in '.debug_ranges'
ld.lld: warning: zephyr/libzephyr.a(hex.c.obj):(.debug_str) is being placed in '.debug_str'
ld.lld: warning: zephyr/libzephyr.a(hex.c.obj):(.comment) is being placed in '.comment'
ld.lld: warning: zephyr/libzephyr.a(hex.c.obj):(.debug_frame) is being placed in '.debug_frame'
ld.lld: warning: zephyr/libzephyr.a(hex.c.obj):(.debug_line) is being placed in '.debug_line'
ld.lld: warning: zephyr/libzephyr.a(rb.c.obj):(.debug_loc) is being placed in '.debug_loc'
ld.lld: warning: zephyr/libzephyr.a(rb.c.obj):(.debug_abbrev) is being placed in '.debug_abbrev'
ld.lld: warning: zephyr/libzephyr.a(rb.c.obj):(.debug_info) is being placed in '.debug_info'
ld.lld: warning: zephyr/libzephyr.a(rb.c.obj):(.debug_ranges) is being placed in '.debug_ranges'
ld.lld: warning: zephyr/libzephyr.a(rb.c.obj):(.debug_str) is being placed in '.debug_str'
ld.lld: warning: zephyr/libzephyr.a(rb.c.obj):(.comment) is being placed in '.comment'
ld.lld: warning: zephyr/libzephyr.a(rb.c.obj):(.debug_frame) is being placed in '.debug_frame'
ld.lld: warning: zephyr/libzephyr.a(rb.c.obj):(.debug_line) is being placed in '.debug_line'
ld.lld: warning: zephyr/libzephyr.a(timeutil.c.obj):(.debug_loc) is being placed in '.debug_loc'
ld.lld: warning: zephyr/libzephyr.a(timeutil.c.obj):(.debug_abbrev) is being placed in '.debug_abbrev'
ld.lld: warning: zephyr/libzephyr.a(timeutil.c.obj):(.debug_info) is being placed in '.debug_info'
ld.lld: warning: zephyr/libzephyr.a(timeutil.c.obj):(.debug_ranges) is being placed in '.debug_ranges'
ld.lld: warning: zephyr/libzephyr.a(timeutil.c.obj):(.debug_str) is being placed in '.debug_str'
ld.lld: warning: zephyr/libzephyr.a(timeutil.c.obj):(.comment) is being placed in '.comment'
ld.lld: warning: zephyr/libzephyr.a(timeutil.c.obj):(.debug_frame) is being placed in '.debug_frame'
ld.lld: warning: zephyr/libzephyr.a(timeutil.c.obj):(.debug_line) is being placed in '.debug_line'
ld.lld: warning: zephyr/libzephyr.a(bitarray.c.obj):(.debug_loc) is being placed in '.debug_loc'
ld.lld: warning: zephyr/libzephyr.a(bitarray.c.obj):(.debug_abbrev) is being placed in '.debug_abbrev'
ld.lld: warning: zephyr/libzephyr.a(bitarray.c.obj):(.debug_info) is being placed in '.debug_info'
ld.lld: warning: zephyr/libzephyr.a(bitarray.c.obj):(.debug_ranges) is being placed in '.debug_ranges'
ld.lld: warning: zephyr/libzephyr.a(bitarray.c.obj):(.debug_str) is being placed in '.debug_str'
ld.lld: warning: zephyr/libzephyr.a(bitarray.c.obj):(.comment) is being placed in '.comment'
ld.lld: warning: zephyr/libzephyr.a(bitarray.c.obj):(.debug_frame) is being placed in '.debug_frame'
ld.lld: warning: zephyr/libzephyr.a(bitarray.c.obj):(.debug_line) is being placed in '.debug_line'
ld.lld: warning: zephyr/libzephyr.a(configs.c.obj):(.debug_abbrev) is being placed in '.debug_abbrev'
ld.lld: warning: zephyr/libzephyr.a(configs.c.obj):(.debug_info) is being placed in '.debug_info'
ld.lld: warning: zephyr/libzephyr.a(configs.c.obj):(.debug_str) is being placed in '.debug_str'
ld.lld: warning: zephyr/libzephyr.a(configs.c.obj):(.comment) is being placed in '.comment'
ld.lld: warning: zephyr/libzephyr.a(configs.c.obj):(.debug_frame) is being placed in '.debug_frame'
ld.lld: warning: zephyr/libzephyr.a(configs.c.obj):(.debug_line) is being placed in '.debug_line'
ld.lld: warning: zephyr/libzephyr.a(log_core.c.obj):(.debug_loc) is being placed in '.debug_loc'
ld.lld: warning: zephyr/libzephyr.a(log_core.c.obj):(.debug_abbrev) is being placed in '.debug_abbrev'
ld.lld: warning: zephyr/libzephyr.a(log_core.c.obj):(.debug_info) is being placed in '.debug_info'
ld.lld: warning: zephyr/libzephyr.a(log_core.c.obj):(.debug_ranges) is being placed in '.debug_ranges'
ld.lld: warning: zephyr/libzephyr.a(log_core.c.obj):(.debug_str) is being placed in '.debug_str'
ld.lld: warning: zephyr/libzephyr.a(log_core.c.obj):(.comment) is being placed in '.comment'
ld.lld: warning: zephyr/libzephyr.a(log_core.c.obj):(.debug_frame) is being placed in '.debug_frame'
ld.lld: warning: zephyr/libzephyr.a(log_core.c.obj):(.debug_line) is being placed in '.debug_line'
ld.lld: warning: zephyr/libzephyr.a(log_mgmt.c.obj):(.debug_loc) is being placed in '.debug_loc'
ld.lld: warning: zephyr/libzephyr.a(log_mgmt.c.obj):(.debug_abbrev) is being placed in '.debug_abbrev'
ld.lld: warning: zephyr/libzephyr.a(log_mgmt.c.obj):(.debug_info) is being placed in '.debug_info'
ld.lld: warning: zephyr/libzephyr.a(log_mgmt.c.obj):(.debug_ranges) is being placed in '.debug_ranges'
ld.lld: warning: zephyr/libzephyr.a(log_mgmt.c.obj):(.debug_str) is being placed in '.debug_str'
ld.lld: warning: zephyr/libzephyr.a(log_mgmt.c.obj):(.comment) is being placed in '.comment'
ld.lld: warning: zephyr/libzephyr.a(log_mgmt.c.obj):(.debug_frame) is being placed in '.debug_frame'
ld.lld: warning: zephyr/libzephyr.a(log_mgmt.c.obj):(.debug_line) is being placed in '.debug_line'
ld.lld: warning: zephyr/libzephyr.a(log_cache.c.obj):(.debug_loc) is being placed in '.debug_loc'
ld.lld: warning: zephyr/libzephyr.a(log_cache.c.obj):(.debug_abbrev) is being placed in '.debug_abbrev'
ld.lld: warning: zephyr/libzephyr.a(log_cache.c.obj):(.debug_info) is being placed in '.debug_info'
ld.lld: warning: zephyr/libzephyr.a(log_cache.c.obj):(.debug_ranges) is being placed in '.debug_ranges'
ld.lld: warning: zephyr/libzephyr.a(log_cache.c.obj):(.debug_str) is being placed in '.debug_str'
ld.lld: warning: zephyr/libzephyr.a(log_cache.c.obj):(.comment) is being placed in '.comment'
ld.lld: warning: zephyr/libzephyr.a(log_cache.c.obj):(.debug_frame) is being placed in '.debug_frame'
ld.lld: warning: zephyr/libzephyr.a(log_cache.c.obj):(.debug_line) is being placed in '.debug_line'
ld.lld: warning: zephyr/libzephyr.a(log_msg.c.obj):(.debug_loc) is being placed in '.debug_loc'
ld.lld: warning: zephyr/libzephyr.a(log_msg.c.obj):(.debug_abbrev) is being placed in '.debug_abbrev'
ld.lld: warning: zephyr/libzephyr.a(log_msg.c.obj):(.debug_info) is being placed in '.debug_info'
ld.lld: warning: zephyr/libzephyr.a(log_msg.c.obj):(.debug_ranges) is being placed in '.debug_ranges'
ld.lld: warning: zephyr/libzephyr.a(log_msg.c.obj):(.debug_str) is being placed in '.debug_str'
ld.lld: warning: zephyr/libzephyr.a(log_msg.c.obj):(.comment) is being placed in '.comment'
ld.lld: warning: zephyr/libzephyr.a(log_msg.c.obj):(.debug_frame) is being placed in '.debug_frame'
ld.lld: warning: zephyr/libzephyr.a(log_msg.c.obj):(.debug_line) is being placed in '.debug_line'
ld.lld: warning: zephyr/libzephyr.a(log_output.c.obj):(.debug_loc) is being placed in '.debug_loc'
ld.lld: warning: zephyr/libzephyr.a(log_output.c.obj):(.debug_abbrev) is being placed in '.debug_abbrev'
ld.lld: warning: zephyr/libzephyr.a(log_output.c.obj):(.debug_info) is being placed in '.debug_info'
ld.lld: warning: zephyr/libzephyr.a(log_output.c.obj):(.debug_ranges) is being placed in '.debug_ranges'
ld.lld: warning: zephyr/libzephyr.a(log_output.c.obj):(.debug_str) is being placed in '.debug_str'
ld.lld: warning: zephyr/libzephyr.a(log_output.c.obj):(.comment) is being placed in '.comment'
ld.lld: warning: zephyr/libzephyr.a(log_output.c.obj):(.debug_frame) is being placed in '.debug_frame'
ld.lld: warning: zephyr/libzephyr.a(log_output.c.obj):(.debug_line) is being placed in '.debug_line'
ld.lld: warning: zephyr/libzephyr.a(log_backend_uart.c.obj):(.debug_loc) is being placed in '.debug_loc'
ld.lld: warning: zephyr/libzephyr.a(log_backend_uart.c.obj):(.debug_abbrev) is being placed in '.debug_abbrev'
ld.lld: warning: zephyr/libzephyr.a(log_backend_uart.c.obj):(.debug_info) is being placed in '.debug_info'
ld.lld: warning: zephyr/libzephyr.a(log_backend_uart.c.obj):(.debug_ranges) is being placed in '.debug_ranges'
ld.lld: warning: zephyr/libzephyr.a(log_backend_uart.c.obj):(.debug_str) is being placed in '.debug_str'
ld.lld: warning: zephyr/libzephyr.a(log_backend_uart.c.obj):(.comment) is being placed in '.comment'
ld.lld: warning: zephyr/libzephyr.a(log_backend_uart.c.obj):(.debug_frame) is being placed in '.debug_frame'
ld.lld: warning: zephyr/libzephyr.a(log_backend_uart.c.obj):(.debug_line) is being placed in '.debug_line'
ld.lld: warning: zephyr/libzephyr.a(tracing_none.c.obj):(.debug_abbrev) is being placed in '.debug_abbrev'
ld.lld: warning: zephyr/libzephyr.a(tracing_none.c.obj):(.debug_info) is being placed in '.debug_info'
ld.lld: warning: zephyr/libzephyr.a(tracing_none.c.obj):(.debug_ranges) is being placed in '.debug_ranges'
ld.lld: warning: zephyr/libzephyr.a(tracing_none.c.obj):(.debug_str) is being placed in '.debug_str'
ld.lld: warning: zephyr/libzephyr.a(tracing_none.c.obj):(.comment) is being placed in '.comment'
ld.lld: warning: zephyr/libzephyr.a(tracing_none.c.obj):(.debug_frame) is being placed in '.debug_frame'
ld.lld: warning: zephyr/libzephyr.a(tracing_none.c.obj):(.debug_line) is being placed in '.debug_line'
ld.lld: warning: zephyr/libzephyr.a(addr_utils.c.obj):(.debug_loc) is being placed in '.debug_loc'
ld.lld: warning: zephyr/libzephyr.a(addr_utils.c.obj):(.debug_abbrev) is being placed in '.debug_abbrev'
ld.lld: warning: zephyr/libzephyr.a(addr_utils.c.obj):(.debug_info) is being placed in '.debug_info'
ld.lld: warning: zephyr/libzephyr.a(addr_utils.c.obj):(.debug_ranges) is being placed in '.debug_ranges'
ld.lld: warning: zephyr/libzephyr.a(addr_utils.c.obj):(.debug_str) is being placed in '.debug_str'
ld.lld: warning: zephyr/libzephyr.a(addr_utils.c.obj):(.comment) is being placed in '.comment'
ld.lld: warning: zephyr/libzephyr.a(addr_utils.c.obj):(.debug_frame) is being placed in '.debug_frame'
ld.lld: warning: zephyr/libzephyr.a(addr_utils.c.obj):(.debug_line) is being placed in '.debug_line'
ld.lld: warning: zephyr/arch/arch/klausscpu/core/lib..__klausscpu-zephyr__arch__klausscpu__core.a(thread.c.obj):(.debug_loc) is being placed in '.debug_loc'
ld.lld: warning: zephyr/arch/arch/klausscpu/core/lib..__klausscpu-zephyr__arch__klausscpu__core.a(thread.c.obj):(.debug_abbrev) is being placed in '.debug_abbrev'
ld.lld: warning: zephyr/arch/arch/klausscpu/core/lib..__klausscpu-zephyr__arch__klausscpu__core.a(thread.c.obj):(.debug_info) is being placed in '.debug_info'
ld.lld: warning: zephyr/arch/arch/klausscpu/core/lib..__klausscpu-zephyr__arch__klausscpu__core.a(thread.c.obj):(.debug_ranges) is being placed in '.debug_ranges'
ld.lld: warning: zephyr/arch/arch/klausscpu/core/lib..__klausscpu-zephyr__arch__klausscpu__core.a(thread.c.obj):(.debug_str) is being placed in '.debug_str'
ld.lld: warning: zephyr/arch/arch/klausscpu/core/lib..__klausscpu-zephyr__arch__klausscpu__core.a(thread.c.obj):(.comment) is being placed in '.comment'
ld.lld: warning: zephyr/arch/arch/klausscpu/core/lib..__klausscpu-zephyr__arch__klausscpu__core.a(thread.c.obj):(.debug_frame) is being placed in '.debug_frame'
ld.lld: warning: zephyr/arch/arch/klausscpu/core/lib..__klausscpu-zephyr__arch__klausscpu__core.a(thread.c.obj):(.debug_line) is being placed in '.debug_line'
ld.lld: warning: zephyr/arch/arch/klausscpu/core/lib..__klausscpu-zephyr__arch__klausscpu__core.a(irq.c.obj):(.debug_loc) is being placed in '.debug_loc'
ld.lld: warning: zephyr/arch/arch/klausscpu/core/lib..__klausscpu-zephyr__arch__klausscpu__core.a(irq.c.obj):(.debug_abbrev) is being placed in '.debug_abbrev'
ld.lld: warning: zephyr/arch/arch/klausscpu/core/lib..__klausscpu-zephyr__arch__klausscpu__core.a(irq.c.obj):(.debug_info) is being placed in '.debug_info'
ld.lld: warning: zephyr/arch/arch/klausscpu/core/lib..__klausscpu-zephyr__arch__klausscpu__core.a(irq.c.obj):(.debug_ranges) is being placed in '.debug_ranges'
ld.lld: warning: zephyr/arch/arch/klausscpu/core/lib..__klausscpu-zephyr__arch__klausscpu__core.a(irq.c.obj):(.debug_str) is being placed in '.debug_str'
ld.lld: warning: zephyr/arch/arch/klausscpu/core/lib..__klausscpu-zephyr__arch__klausscpu__core.a(irq.c.obj):(.comment) is being placed in '.comment'
ld.lld: warning: zephyr/arch/arch/klausscpu/core/lib..__klausscpu-zephyr__arch__klausscpu__core.a(irq.c.obj):(.debug_frame) is being placed in '.debug_frame'
ld.lld: warning: zephyr/arch/arch/klausscpu/core/lib..__klausscpu-zephyr__arch__klausscpu__core.a(irq.c.obj):(.debug_line) is being placed in '.debug_line'
ld.lld: warning: zephyr/arch/arch/klausscpu/core/lib..__klausscpu-zephyr__arch__klausscpu__core.a(fatal.c.obj):(.debug_loc) is being placed in '.debug_loc'
ld.lld: warning: zephyr/arch/arch/klausscpu/core/lib..__klausscpu-zephyr__arch__klausscpu__core.a(fatal.c.obj):(.debug_abbrev) is being placed in '.debug_abbrev'
ld.lld: warning: zephyr/arch/arch/klausscpu/core/lib..__klausscpu-zephyr__arch__klausscpu__core.a(fatal.c.obj):(.debug_info) is being placed in '.debug_info'
ld.lld: warning: zephyr/arch/arch/klausscpu/core/lib..__klausscpu-zephyr__arch__klausscpu__core.a(fatal.c.obj):(.debug_ranges) is being placed in '.debug_ranges'
ld.lld: warning: zephyr/arch/arch/klausscpu/core/lib..__klausscpu-zephyr__arch__klausscpu__core.a(fatal.c.obj):(.debug_str) is being placed in '.debug_str'
ld.lld: warning: zephyr/arch/arch/klausscpu/core/lib..__klausscpu-zephyr__arch__klausscpu__core.a(fatal.c.obj):(.comment) is being placed in '.comment'
ld.lld: warning: zephyr/arch/arch/klausscpu/core/lib..__klausscpu-zephyr__arch__klausscpu__core.a(fatal.c.obj):(.debug_frame) is being placed in '.debug_frame'
ld.lld: warning: zephyr/arch/arch/klausscpu/core/lib..__klausscpu-zephyr__arch__klausscpu__core.a(fatal.c.obj):(.debug_line) is being placed in '.debug_line'
ld.lld: warning: zephyr/arch/arch/klausscpu/core/lib..__klausscpu-zephyr__arch__klausscpu__core.a(swap.S.obj):(.debug_info) is being placed in '.debug_info'
ld.lld: warning: zephyr/arch/arch/klausscpu/core/lib..__klausscpu-zephyr__arch__klausscpu__core.a(swap.S.obj):(.debug_abbrev) is being placed in '.debug_abbrev'
ld.lld: warning: zephyr/arch/arch/klausscpu/core/lib..__klausscpu-zephyr__arch__klausscpu__core.a(swap.S.obj):(.debug_aranges) is being placed in '.debug_aranges'
ld.lld: warning: zephyr/arch/arch/klausscpu/core/lib..__klausscpu-zephyr__arch__klausscpu__core.a(swap.S.obj):(.debug_ranges) is being placed in '.debug_ranges'
ld.lld: warning: zephyr/arch/arch/klausscpu/core/lib..__klausscpu-zephyr__arch__klausscpu__core.a(swap.S.obj):(.debug_line) is being placed in '.debug_line'
ld.lld: warning: zephyr/lib/libc/minimal/liblib__libc__minimal.a(atoi.c.obj):(.debug_loc) is being placed in '.debug_loc'
ld.lld: warning: zephyr/lib/libc/minimal/liblib__libc__minimal.a(atoi.c.obj):(.debug_abbrev) is being placed in '.debug_abbrev'
ld.lld: warning: zephyr/lib/libc/minimal/liblib__libc__minimal.a(atoi.c.obj):(.debug_info) is being placed in '.debug_info'
ld.lld: warning: zephyr/lib/libc/minimal/liblib__libc__minimal.a(atoi.c.obj):(.debug_ranges) is being placed in '.debug_ranges'
ld.lld: warning: zephyr/lib/libc/minimal/liblib__libc__minimal.a(atoi.c.obj):(.debug_str) is being placed in '.debug_str'
ld.lld: warning: zephyr/lib/libc/minimal/liblib__libc__minimal.a(atoi.c.obj):(.comment) is being placed in '.comment'
ld.lld: warning: zephyr/lib/libc/minimal/liblib__libc__minimal.a(atoi.c.obj):(.debug_frame) is being placed in '.debug_frame'
ld.lld: warning: zephyr/lib/libc/minimal/liblib__libc__minimal.a(atoi.c.obj):(.debug_line) is being placed in '.debug_line'
ld.lld: warning: zephyr/lib/libc/minimal/liblib__libc__minimal.a(strtol.c.obj):(.debug_loc) is being placed in '.debug_loc'
ld.lld: warning: zephyr/lib/libc/minimal/liblib__libc__minimal.a(strtol.c.obj):(.debug_abbrev) is being placed in '.debug_abbrev'
ld.lld: warning: zephyr/lib/libc/minimal/liblib__libc__minimal.a(strtol.c.obj):(.debug_info) is being placed in '.debug_info'
ld.lld: warning: zephyr/lib/libc/minimal/liblib__libc__minimal.a(strtol.c.obj):(.debug_str) is being placed in '.debug_str'
ld.lld: warning: zephyr/lib/libc/minimal/liblib__libc__minimal.a(strtol.c.obj):(.comment) is being placed in '.comment'
ld.lld: warning: zephyr/lib/libc/minimal/liblib__libc__minimal.a(strtol.c.obj):(.debug_frame) is being placed in '.debug_frame'
ld.lld: warning: zephyr/lib/libc/minimal/liblib__libc__minimal.a(strtol.c.obj):(.debug_line) is being placed in '.debug_line'
ld.lld: warning: zephyr/lib/libc/minimal/liblib__libc__minimal.a(strtoul.c.obj):(.debug_loc) is being placed in '.debug_loc'
ld.lld: warning: zephyr/lib/libc/minimal/liblib__libc__minimal.a(strtoul.c.obj):(.debug_abbrev) is being placed in '.debug_abbrev'
ld.lld: warning: zephyr/lib/libc/minimal/liblib__libc__minimal.a(strtoul.c.obj):(.debug_info) is being placed in '.debug_info'
ld.lld: warning: zephyr/lib/libc/minimal/liblib__libc__minimal.a(strtoul.c.obj):(.debug_str) is being placed in '.debug_str'
ld.lld: warning: zephyr/lib/libc/minimal/liblib__libc__minimal.a(strtoul.c.obj):(.comment) is being placed in '.comment'
ld.lld: warning: zephyr/lib/libc/minimal/liblib__libc__minimal.a(strtoul.c.obj):(.debug_frame) is being placed in '.debug_frame'
ld.lld: warning: zephyr/lib/libc/minimal/liblib__libc__minimal.a(strtoul.c.obj):(.debug_line) is being placed in '.debug_line'
ld.lld: warning: zephyr/lib/libc/minimal/liblib__libc__minimal.a(strtoll.c.obj):(.debug_loc) is being placed in '.debug_loc'
ld.lld: warning: zephyr/lib/libc/minimal/liblib__libc__minimal.a(strtoll.c.obj):(.debug_abbrev) is being placed in '.debug_abbrev'
ld.lld: warning: zephyr/lib/libc/minimal/liblib__libc__minimal.a(strtoll.c.obj):(.debug_info) is being placed in '.debug_info'
ld.lld: warning: zephyr/lib/libc/minimal/liblib__libc__minimal.a(strtoll.c.obj):(.debug_str) is being placed in '.debug_str'
ld.lld: warning: zephyr/lib/libc/minimal/liblib__libc__minimal.a(strtoll.c.obj):(.comment) is being placed in '.comment'
ld.lld: warning: zephyr/lib/libc/minimal/liblib__libc__minimal.a(strtoll.c.obj):(.debug_frame) is being placed in '.debug_frame'
ld.lld: warning: zephyr/lib/libc/minimal/liblib__libc__minimal.a(strtoll.c.obj):(.debug_line) is being placed in '.debug_line'
ld.lld: warning: zephyr/lib/libc/minimal/liblib__libc__minimal.a(strtoull.c.obj):(.debug_loc) is being placed in '.debug_loc'
ld.lld: warning: zephyr/lib/libc/minimal/liblib__libc__minimal.a(strtoull.c.obj):(.debug_abbrev) is being placed in '.debug_abbrev'
ld.lld: warning: zephyr/lib/libc/minimal/liblib__libc__minimal.a(strtoull.c.obj):(.debug_info) is being placed in '.debug_info'
ld.lld: warning: zephyr/lib/libc/minimal/liblib__libc__minimal.a(strtoull.c.obj):(.debug_str) is being placed in '.debug_str'
ld.lld: warning: zephyr/lib/libc/minimal/liblib__libc__minimal.a(strtoull.c.obj):(.comment) is being placed in '.comment'
ld.lld: warning: zephyr/lib/libc/minimal/liblib__libc__minimal.a(strtoull.c.obj):(.debug_frame) is being placed in '.debug_frame'
ld.lld: warning: zephyr/lib/libc/minimal/liblib__libc__minimal.a(strtoull.c.obj):(.debug_line) is being placed in '.debug_line'
ld.lld: warning: zephyr/lib/libc/minimal/liblib__libc__minimal.a(bsearch.c.obj):(.debug_loc) is being placed in '.debug_loc'
ld.lld: warning: zephyr/lib/libc/minimal/liblib__libc__minimal.a(bsearch.c.obj):(.debug_abbrev) is being placed in '.debug_abbrev'
ld.lld: warning: zephyr/lib/libc/minimal/liblib__libc__minimal.a(bsearch.c.obj):(.debug_info) is being placed in '.debug_info'
ld.lld: warning: zephyr/lib/libc/minimal/liblib__libc__minimal.a(bsearch.c.obj):(.debug_str) is being placed in '.debug_str'
ld.lld: warning: zephyr/lib/libc/minimal/liblib__libc__minimal.a(bsearch.c.obj):(.comment) is being placed in '.comment'
ld.lld: warning: zephyr/lib/libc/minimal/liblib__libc__minimal.a(bsearch.c.obj):(.debug_frame) is being placed in '.debug_frame'
ld.lld: warning: zephyr/lib/libc/minimal/liblib__libc__minimal.a(bsearch.c.obj):(.debug_line) is being placed in '.debug_line'
ld.lld: warning: zephyr/lib/libc/minimal/liblib__libc__minimal.a(exit.c.obj):(.debug_loc) is being placed in '.debug_loc'
ld.lld: warning: zephyr/lib/libc/minimal/liblib__libc__minimal.a(exit.c.obj):(.debug_abbrev) is being placed in '.debug_abbrev'
ld.lld: warning: zephyr/lib/libc/minimal/liblib__libc__minimal.a(exit.c.obj):(.debug_info) is being placed in '.debug_info'
ld.lld: warning: zephyr/lib/libc/minimal/liblib__libc__minimal.a(exit.c.obj):(.debug_str) is being placed in '.debug_str'
ld.lld: warning: zephyr/lib/libc/minimal/liblib__libc__minimal.a(exit.c.obj):(.comment) is being placed in '.comment'
ld.lld: warning: zephyr/lib/libc/minimal/liblib__libc__minimal.a(exit.c.obj):(.debug_frame) is being placed in '.debug_frame'
ld.lld: warning: zephyr/lib/libc/minimal/liblib__libc__minimal.a(exit.c.obj):(.debug_line) is being placed in '.debug_line'
ld.lld: warning: zephyr/lib/libc/minimal/liblib__libc__minimal.a(qsort.c.obj):(.debug_loc) is being placed in '.debug_loc'
ld.lld: warning: zephyr/lib/libc/minimal/liblib__libc__minimal.a(qsort.c.obj):(.debug_abbrev) is being placed in '.debug_abbrev'
ld.lld: warning: zephyr/lib/libc/minimal/liblib__libc__minimal.a(qsort.c.obj):(.debug_info) is being placed in '.debug_info'
ld.lld: warning: zephyr/lib/libc/minimal/liblib__libc__minimal.a(qsort.c.obj):(.debug_ranges) is being placed in '.debug_ranges'
ld.lld: warning: zephyr/lib/libc/minimal/liblib__libc__minimal.a(qsort.c.obj):(.debug_str) is being placed in '.debug_str'
ld.lld: warning: zephyr/lib/libc/minimal/liblib__libc__minimal.a(qsort.c.obj):(.comment) is being placed in '.comment'
ld.lld: warning: zephyr/lib/libc/minimal/liblib__libc__minimal.a(qsort.c.obj):(.debug_frame) is being placed in '.debug_frame'
ld.lld: warning: zephyr/lib/libc/minimal/liblib__libc__minimal.a(qsort.c.obj):(.debug_line) is being placed in '.debug_line'
ld.lld: warning: zephyr/lib/libc/minimal/liblib__libc__minimal.a(strerror.c.obj):(.debug_loc) is being placed in '.debug_loc'
ld.lld: warning: zephyr/lib/libc/minimal/liblib__libc__minimal.a(strerror.c.obj):(.debug_abbrev) is being placed in '.debug_abbrev'
ld.lld: warning: zephyr/lib/libc/minimal/liblib__libc__minimal.a(strerror.c.obj):(.debug_info) is being placed in '.debug_info'
ld.lld: warning: zephyr/lib/libc/minimal/liblib__libc__minimal.a(strerror.c.obj):(.debug_ranges) is being placed in '.debug_ranges'
ld.lld: warning: zephyr/lib/libc/minimal/liblib__libc__minimal.a(strerror.c.obj):(.debug_str) is being placed in '.debug_str'
ld.lld: warning: zephyr/lib/libc/minimal/liblib__libc__minimal.a(strerror.c.obj):(.comment) is being placed in '.comment'
ld.lld: warning: zephyr/lib/libc/minimal/liblib__libc__minimal.a(strerror.c.obj):(.debug_frame) is being placed in '.debug_frame'
ld.lld: warning: zephyr/lib/libc/minimal/liblib__libc__minimal.a(strerror.c.obj):(.debug_line) is being placed in '.debug_line'
ld.lld: warning: zephyr/lib/libc/minimal/liblib__libc__minimal.a(strncasecmp.c.obj):(.debug_loc) is being placed in '.debug_loc'
ld.lld: warning: zephyr/lib/libc/minimal/liblib__libc__minimal.a(strncasecmp.c.obj):(.debug_abbrev) is being placed in '.debug_abbrev'
ld.lld: warning: zephyr/lib/libc/minimal/liblib__libc__minimal.a(strncasecmp.c.obj):(.debug_info) is being placed in '.debug_info'
ld.lld: warning: zephyr/lib/libc/minimal/liblib__libc__minimal.a(strncasecmp.c.obj):(.debug_str) is being placed in '.debug_str'
ld.lld: warning: zephyr/lib/libc/minimal/liblib__libc__minimal.a(strncasecmp.c.obj):(.comment) is being placed in '.comment'
ld.lld: warning: zephyr/lib/libc/minimal/liblib__libc__minimal.a(strncasecmp.c.obj):(.debug_frame) is being placed in '.debug_frame'
ld.lld: warning: zephyr/lib/libc/minimal/liblib__libc__minimal.a(strncasecmp.c.obj):(.debug_line) is being placed in '.debug_line'
ld.lld: warning: zephyr/lib/libc/minimal/liblib__libc__minimal.a(strstr.c.obj):(.debug_loc) is being placed in '.debug_loc'
ld.lld: warning: zephyr/lib/libc/minimal/liblib__libc__minimal.a(strstr.c.obj):(.debug_abbrev) is being placed in '.debug_abbrev'
ld.lld: warning: zephyr/lib/libc/minimal/liblib__libc__minimal.a(strstr.c.obj):(.debug_info) is being placed in '.debug_info'
ld.lld: warning: zephyr/lib/libc/minimal/liblib__libc__minimal.a(strstr.c.obj):(.debug_str) is being placed in '.debug_str'
ld.lld: warning: zephyr/lib/libc/minimal/liblib__libc__minimal.a(strstr.c.obj):(.comment) is being placed in '.comment'
ld.lld: warning: zephyr/lib/libc/minimal/liblib__libc__minimal.a(strstr.c.obj):(.debug_frame) is being placed in '.debug_frame'
ld.lld: warning: zephyr/lib/libc/minimal/liblib__libc__minimal.a(strstr.c.obj):(.debug_line) is being placed in '.debug_line'
ld.lld: warning: zephyr/lib/libc/minimal/liblib__libc__minimal.a(string.c.obj):(.debug_loc) is being placed in '.debug_loc'
ld.lld: warning: zephyr/lib/libc/minimal/liblib__libc__minimal.a(string.c.obj):(.debug_abbrev) is being placed in '.debug_abbrev'
ld.lld: warning: zephyr/lib/libc/minimal/liblib__libc__minimal.a(string.c.obj):(.debug_info) is being placed in '.debug_info'
ld.lld: warning: zephyr/lib/libc/minimal/liblib__libc__minimal.a(string.c.obj):(.debug_ranges) is being placed in '.debug_ranges'
ld.lld: warning: zephyr/lib/libc/minimal/liblib__libc__minimal.a(string.c.obj):(.debug_str) is being placed in '.debug_str'
ld.lld: warning: zephyr/lib/libc/minimal/liblib__libc__minimal.a(string.c.obj):(.comment) is being placed in '.comment'
ld.lld: warning: zephyr/lib/libc/minimal/liblib__libc__minimal.a(string.c.obj):(.debug_frame) is being placed in '.debug_frame'
ld.lld: warning: zephyr/lib/libc/minimal/liblib__libc__minimal.a(string.c.obj):(.debug_line) is being placed in '.debug_line'
ld.lld: warning: zephyr/lib/libc/minimal/liblib__libc__minimal.a(strspn.c.obj):(.debug_loc) is being placed in '.debug_loc'
ld.lld: warning: zephyr/lib/libc/minimal/liblib__libc__minimal.a(strspn.c.obj):(.debug_abbrev) is being placed in '.debug_abbrev'
ld.lld: warning: zephyr/lib/libc/minimal/liblib__libc__minimal.a(strspn.c.obj):(.debug_info) is being placed in '.debug_info'
ld.lld: warning: zephyr/lib/libc/minimal/liblib__libc__minimal.a(strspn.c.obj):(.debug_ranges) is being placed in '.debug_ranges'
ld.lld: warning: zephyr/lib/libc/minimal/liblib__libc__minimal.a(strspn.c.obj):(.debug_str) is being placed in '.debug_str'
ld.lld: warning: zephyr/lib/libc/minimal/liblib__libc__minimal.a(strspn.c.obj):(.comment) is being placed in '.comment'
ld.lld: warning: zephyr/lib/libc/minimal/liblib__libc__minimal.a(strspn.c.obj):(.debug_frame) is being placed in '.debug_frame'
ld.lld: warning: zephyr/lib/libc/minimal/liblib__libc__minimal.a(strspn.c.obj):(.debug_line) is being placed in '.debug_line'
ld.lld: warning: zephyr/lib/libc/minimal/liblib__libc__minimal.a(stdout_console.c.obj):(.debug_loc) is being placed in '.debug_loc'
ld.lld: warning: zephyr/lib/libc/minimal/liblib__libc__minimal.a(stdout_console.c.obj):(.debug_abbrev) is being placed in '.debug_abbrev'
ld.lld: warning: zephyr/lib/libc/minimal/liblib__libc__minimal.a(stdout_console.c.obj):(.debug_info) is being placed in '.debug_info'
ld.lld: warning: zephyr/lib/libc/minimal/liblib__libc__minimal.a(stdout_console.c.obj):(.debug_ranges) is being placed in '.debug_ranges'
ld.lld: warning: zephyr/lib/libc/minimal/liblib__libc__minimal.a(stdout_console.c.obj):(.debug_str) is being placed in '.debug_str'
ld.lld: warning: zephyr/lib/libc/minimal/liblib__libc__minimal.a(stdout_console.c.obj):(.comment) is being placed in '.comment'
ld.lld: warning: zephyr/lib/libc/minimal/liblib__libc__minimal.a(stdout_console.c.obj):(.debug_frame) is being placed in '.debug_frame'
ld.lld: warning: zephyr/lib/libc/minimal/liblib__libc__minimal.a(stdout_console.c.obj):(.debug_line) is being placed in '.debug_line'
ld.lld: warning: zephyr/lib/libc/minimal/liblib__libc__minimal.a(sprintf.c.obj):(.debug_loc) is being placed in '.debug_loc'
ld.lld: warning: zephyr/lib/libc/minimal/liblib__libc__minimal.a(sprintf.c.obj):(.debug_abbrev) is being placed in '.debug_abbrev'
ld.lld: warning: zephyr/lib/libc/minimal/liblib__libc__minimal.a(sprintf.c.obj):(.debug_info) is being placed in '.debug_info'
ld.lld: warning: zephyr/lib/libc/minimal/liblib__libc__minimal.a(sprintf.c.obj):(.debug_ranges) is being placed in '.debug_ranges'
ld.lld: warning: zephyr/lib/libc/minimal/liblib__libc__minimal.a(sprintf.c.obj):(.debug_str) is being placed in '.debug_str'
ld.lld: warning: zephyr/lib/libc/minimal/liblib__libc__minimal.a(sprintf.c.obj):(.comment) is being placed in '.comment'
ld.lld: warning: zephyr/lib/libc/minimal/liblib__libc__minimal.a(sprintf.c.obj):(.debug_frame) is being placed in '.debug_frame'
ld.lld: warning: zephyr/lib/libc/minimal/liblib__libc__minimal.a(sprintf.c.obj):(.debug_line) is being placed in '.debug_line'
ld.lld: warning: zephyr/lib/libc/minimal/liblib__libc__minimal.a(fprintf.c.obj):(.debug_loc) is being placed in '.debug_loc'
ld.lld: warning: zephyr/lib/libc/minimal/liblib__libc__minimal.a(fprintf.c.obj):(.debug_abbrev) is being placed in '.debug_abbrev'
ld.lld: warning: zephyr/lib/libc/minimal/liblib__libc__minimal.a(fprintf.c.obj):(.debug_info) is being placed in '.debug_info'
ld.lld: warning: zephyr/lib/libc/minimal/liblib__libc__minimal.a(fprintf.c.obj):(.debug_ranges) is being placed in '.debug_ranges'
ld.lld: warning: zephyr/lib/libc/minimal/liblib__libc__minimal.a(fprintf.c.obj):(.debug_str) is being placed in '.debug_str'
ld.lld: warning: zephyr/lib/libc/minimal/liblib__libc__minimal.a(fprintf.c.obj):(.comment) is being placed in '.comment'
ld.lld: warning: zephyr/lib/libc/minimal/liblib__libc__minimal.a(fprintf.c.obj):(.debug_frame) is being placed in '.debug_frame'
ld.lld: warning: zephyr/lib/libc/minimal/liblib__libc__minimal.a(fprintf.c.obj):(.debug_line) is being placed in '.debug_line'
ld.lld: warning: zephyr/lib/libc/minimal/liblib__libc__minimal.a(sqrtf.c.obj):(.debug_loc) is being placed in '.debug_loc'
ld.lld: warning: zephyr/lib/libc/minimal/liblib__libc__minimal.a(sqrtf.c.obj):(.debug_abbrev) is being placed in '.debug_abbrev'
ld.lld: warning: zephyr/lib/libc/minimal/liblib__libc__minimal.a(sqrtf.c.obj):(.debug_info) is being placed in '.debug_info'
ld.lld: warning: zephyr/lib/libc/minimal/liblib__libc__minimal.a(sqrtf.c.obj):(.debug_str) is being placed in '.debug_str'
ld.lld: warning: zephyr/lib/libc/minimal/liblib__libc__minimal.a(sqrtf.c.obj):(.comment) is being placed in '.comment'
ld.lld: warning: zephyr/lib/libc/minimal/liblib__libc__minimal.a(sqrtf.c.obj):(.debug_frame) is being placed in '.debug_frame'
ld.lld: warning: zephyr/lib/libc/minimal/liblib__libc__minimal.a(sqrtf.c.obj):(.debug_line) is being placed in '.debug_line'
ld.lld: warning: zephyr/lib/libc/minimal/liblib__libc__minimal.a(sqrt.c.obj):(.debug_loc) is being placed in '.debug_loc'
ld.lld: warning: zephyr/lib/libc/minimal/liblib__libc__minimal.a(sqrt.c.obj):(.debug_abbrev) is being placed in '.debug_abbrev'
ld.lld: warning: zephyr/lib/libc/minimal/liblib__libc__minimal.a(sqrt.c.obj):(.debug_info) is being placed in '.debug_info'
ld.lld: warning: zephyr/lib/libc/minimal/liblib__libc__minimal.a(sqrt.c.obj):(.debug_str) is being placed in '.debug_str'
ld.lld: warning: zephyr/lib/libc/minimal/liblib__libc__minimal.a(sqrt.c.obj):(.comment) is being placed in '.comment'
ld.lld: warning: zephyr/lib/libc/minimal/liblib__libc__minimal.a(sqrt.c.obj):(.debug_frame) is being placed in '.debug_frame'
ld.lld: warning: zephyr/lib/libc/minimal/liblib__libc__minimal.a(sqrt.c.obj):(.debug_line) is being placed in '.debug_line'
ld.lld: warning: zephyr/lib/libc/minimal/liblib__libc__minimal.a(gmtime.c.obj):(.debug_loc) is being placed in '.debug_loc'
ld.lld: warning: zephyr/lib/libc/minimal/liblib__libc__minimal.a(gmtime.c.obj):(.debug_abbrev) is being placed in '.debug_abbrev'
ld.lld: warning: zephyr/lib/libc/minimal/liblib__libc__minimal.a(gmtime.c.obj):(.debug_info) is being placed in '.debug_info'
ld.lld: warning: zephyr/lib/libc/minimal/liblib__libc__minimal.a(gmtime.c.obj):(.debug_str) is being placed in '.debug_str'
ld.lld: warning: zephyr/lib/libc/minimal/liblib__libc__minimal.a(gmtime.c.obj):(.comment) is being placed in '.comment'
ld.lld: warning: zephyr/lib/libc/minimal/liblib__libc__minimal.a(gmtime.c.obj):(.debug_frame) is being placed in '.debug_frame'
ld.lld: warning: zephyr/lib/libc/minimal/liblib__libc__minimal.a(gmtime.c.obj):(.debug_line) is being placed in '.debug_line'
ld.lld: warning: zephyr/lib/libc/common/liblib__libc__common.a(abort.c.obj):(.debug_abbrev) is being placed in '.debug_abbrev'
ld.lld: warning: zephyr/lib/libc/common/liblib__libc__common.a(abort.c.obj):(.debug_info) is being placed in '.debug_info'
ld.lld: warning: zephyr/lib/libc/common/liblib__libc__common.a(abort.c.obj):(.debug_str) is being placed in '.debug_str'
ld.lld: warning: zephyr/lib/libc/common/liblib__libc__common.a(abort.c.obj):(.comment) is being placed in '.comment'
ld.lld: warning: zephyr/lib/libc/common/liblib__libc__common.a(abort.c.obj):(.debug_frame) is being placed in '.debug_frame'
ld.lld: warning: zephyr/lib/libc/common/liblib__libc__common.a(abort.c.obj):(.debug_line) is being placed in '.debug_line'
ld.lld: warning: zephyr/lib/libc/common/liblib__libc__common.a(gmtime_r.c.obj):(.debug_loc) is being placed in '.debug_loc'
ld.lld: warning: zephyr/lib/libc/common/liblib__libc__common.a(gmtime_r.c.obj):(.debug_abbrev) is being placed in '.debug_abbrev'
ld.lld: warning: zephyr/lib/libc/common/liblib__libc__common.a(gmtime_r.c.obj):(.debug_info) is being placed in '.debug_info'
ld.lld: warning: zephyr/lib/libc/common/liblib__libc__common.a(gmtime_r.c.obj):(.debug_ranges) is being placed in '.debug_ranges'
ld.lld: warning: zephyr/lib/libc/common/liblib__libc__common.a(gmtime_r.c.obj):(.debug_str) is being placed in '.debug_str'
ld.lld: warning: zephyr/lib/libc/common/liblib__libc__common.a(gmtime_r.c.obj):(.comment) is being placed in '.comment'
ld.lld: warning: zephyr/lib/libc/common/liblib__libc__common.a(gmtime_r.c.obj):(.debug_frame) is being placed in '.debug_frame'
ld.lld: warning: zephyr/lib/libc/common/liblib__libc__common.a(gmtime_r.c.obj):(.debug_line) is being placed in '.debug_line'
ld.lld: warning: zephyr/lib/libc/common/liblib__libc__common.a(malloc.c.obj):(.debug_loc) is being placed in '.debug_loc'
ld.lld: warning: zephyr/lib/libc/common/liblib__libc__common.a(malloc.c.obj):(.debug_abbrev) is being placed in '.debug_abbrev'
ld.lld: warning: zephyr/lib/libc/common/liblib__libc__common.a(malloc.c.obj):(.debug_info) is being placed in '.debug_info'
ld.lld: warning: zephyr/lib/libc/common/liblib__libc__common.a(malloc.c.obj):(.debug_ranges) is being placed in '.debug_ranges'
ld.lld: warning: zephyr/lib/libc/common/liblib__libc__common.a(malloc.c.obj):(.debug_str) is being placed in '.debug_str'
ld.lld: warning: zephyr/lib/libc/common/liblib__libc__common.a(malloc.c.obj):(.comment) is being placed in '.comment'
ld.lld: warning: zephyr/lib/libc/common/liblib__libc__common.a(malloc.c.obj):(.debug_frame) is being placed in '.debug_frame'
ld.lld: warning: zephyr/lib/libc/common/liblib__libc__common.a(malloc.c.obj):(.debug_line) is being placed in '.debug_line'
ld.lld: warning: zephyr/lib/libc/common/liblib__libc__common.a(strnlen.c.obj):(.debug_loc) is being placed in '.debug_loc'
ld.lld: warning: zephyr/lib/libc/common/liblib__libc__common.a(strnlen.c.obj):(.debug_abbrev) is being placed in '.debug_abbrev'
ld.lld: warning: zephyr/lib/libc/common/liblib__libc__common.a(strnlen.c.obj):(.debug_info) is being placed in '.debug_info'
ld.lld: warning: zephyr/lib/libc/common/liblib__libc__common.a(strnlen.c.obj):(.debug_str) is being placed in '.debug_str'
ld.lld: warning: zephyr/lib/libc/common/liblib__libc__common.a(strnlen.c.obj):(.comment) is being placed in '.comment'
ld.lld: warning: zephyr/lib/libc/common/liblib__libc__common.a(strnlen.c.obj):(.debug_frame) is being placed in '.debug_frame'
ld.lld: warning: zephyr/lib/libc/common/liblib__libc__common.a(strnlen.c.obj):(.debug_line) is being placed in '.debug_line'
ld.lld: warning: zephyr/subsys/net/libsubsys__net.a(buf.c.obj):(.debug_loc) is being placed in '.debug_loc'
ld.lld: warning: zephyr/subsys/net/libsubsys__net.a(buf.c.obj):(.debug_abbrev) is being placed in '.debug_abbrev'
ld.lld: warning: zephyr/subsys/net/libsubsys__net.a(buf.c.obj):(.debug_info) is being placed in '.debug_info'
ld.lld: warning: zephyr/subsys/net/libsubsys__net.a(buf.c.obj):(.debug_ranges) is being placed in '.debug_ranges'
ld.lld: warning: zephyr/subsys/net/libsubsys__net.a(buf.c.obj):(.debug_str) is being placed in '.debug_str'
ld.lld: warning: zephyr/subsys/net/libsubsys__net.a(buf.c.obj):(.comment) is being placed in '.comment'
ld.lld: warning: zephyr/subsys/net/libsubsys__net.a(buf.c.obj):(.debug_frame) is being placed in '.debug_frame'
ld.lld: warning: zephyr/subsys/net/libsubsys__net.a(buf.c.obj):(.debug_line) is being placed in '.debug_line'
ld.lld: warning: zephyr/subsys/net/libsubsys__net.a(buf_simple.c.obj):(.debug_loc) is being placed in '.debug_loc'
ld.lld: warning: zephyr/subsys/net/libsubsys__net.a(buf_simple.c.obj):(.debug_abbrev) is being placed in '.debug_abbrev'
ld.lld: warning: zephyr/subsys/net/libsubsys__net.a(buf_simple.c.obj):(.debug_info) is being placed in '.debug_info'
ld.lld: warning: zephyr/subsys/net/libsubsys__net.a(buf_simple.c.obj):(.debug_ranges) is being placed in '.debug_ranges'
ld.lld: warning: zephyr/subsys/net/libsubsys__net.a(buf_simple.c.obj):(.debug_str) is being placed in '.debug_str'
ld.lld: warning: zephyr/subsys/net/libsubsys__net.a(buf_simple.c.obj):(.comment) is being placed in '.comment'
ld.lld: warning: zephyr/subsys/net/libsubsys__net.a(buf_simple.c.obj):(.debug_frame) is being placed in '.debug_frame'
ld.lld: warning: zephyr/subsys/net/libsubsys__net.a(buf_simple.c.obj):(.debug_line) is being placed in '.debug_line'
ld.lld: warning: zephyr/subsys/net/libsubsys__net.a(getaddrinfo.c.obj):(.debug_loc) is being placed in '.debug_loc'
ld.lld: warning: zephyr/subsys/net/libsubsys__net.a(getaddrinfo.c.obj):(.debug_abbrev) is being placed in '.debug_abbrev'
ld.lld: warning: zephyr/subsys/net/libsubsys__net.a(getaddrinfo.c.obj):(.debug_info) is being placed in '.debug_info'
ld.lld: warning: zephyr/subsys/net/libsubsys__net.a(getaddrinfo.c.obj):(.debug_ranges) is being placed in '.debug_ranges'
ld.lld: warning: zephyr/subsys/net/libsubsys__net.a(getaddrinfo.c.obj):(.debug_str) is being placed in '.debug_str'
ld.lld: warning: zephyr/subsys/net/libsubsys__net.a(getaddrinfo.c.obj):(.comment) is being placed in '.comment'
ld.lld: warning: zephyr/subsys/net/libsubsys__net.a(getaddrinfo.c.obj):(.debug_frame) is being placed in '.debug_frame'
ld.lld: warning: zephyr/subsys/net/libsubsys__net.a(getaddrinfo.c.obj):(.debug_line) is being placed in '.debug_line'
ld.lld: warning: zephyr/subsys/net/libsubsys__net.a(sockets.c.obj):(.debug_loc) is being placed in '.debug_loc'
ld.lld: warning: zephyr/subsys/net/libsubsys__net.a(sockets.c.obj):(.debug_abbrev) is being placed in '.debug_abbrev'
ld.lld: warning: zephyr/subsys/net/libsubsys__net.a(sockets.c.obj):(.debug_info) is being placed in '.debug_info'
ld.lld: warning: zephyr/subsys/net/libsubsys__net.a(sockets.c.obj):(.debug_ranges) is being placed in '.debug_ranges'
ld.lld: warning: zephyr/subsys/net/libsubsys__net.a(sockets.c.obj):(.debug_str) is being placed in '.debug_str'
ld.lld: warning: zephyr/subsys/net/libsubsys__net.a(sockets.c.obj):(.comment) is being placed in '.comment'
ld.lld: warning: zephyr/subsys/net/libsubsys__net.a(sockets.c.obj):(.debug_frame) is being placed in '.debug_frame'
ld.lld: warning: zephyr/subsys/net/libsubsys__net.a(sockets.c.obj):(.debug_line) is being placed in '.debug_line'
ld.lld: warning: zephyr/subsys/net/libsubsys__net.a(sockets_select.c.obj):(.debug_loc) is being placed in '.debug_loc'
ld.lld: warning: zephyr/subsys/net/libsubsys__net.a(sockets_select.c.obj):(.debug_abbrev) is being placed in '.debug_abbrev'
ld.lld: warning: zephyr/subsys/net/libsubsys__net.a(sockets_select.c.obj):(.debug_info) is being placed in '.debug_info'
ld.lld: warning: zephyr/subsys/net/libsubsys__net.a(sockets_select.c.obj):(.debug_ranges) is being placed in '.debug_ranges'
ld.lld: warning: zephyr/subsys/net/libsubsys__net.a(sockets_select.c.obj):(.debug_str) is being placed in '.debug_str'
ld.lld: warning: zephyr/subsys/net/libsubsys__net.a(sockets_select.c.obj):(.comment) is being placed in '.comment'
ld.lld: warning: zephyr/subsys/net/libsubsys__net.a(sockets_select.c.obj):(.debug_frame) is being placed in '.debug_frame'
ld.lld: warning: zephyr/subsys/net/libsubsys__net.a(sockets_select.c.obj):(.debug_line) is being placed in '.debug_line'
ld.lld: warning: zephyr/subsys/net/libsubsys__net.a(getnameinfo.c.obj):(.debug_loc) is being placed in '.debug_loc'
ld.lld: warning: zephyr/subsys/net/libsubsys__net.a(getnameinfo.c.obj):(.debug_abbrev) is being placed in '.debug_abbrev'
ld.lld: warning: zephyr/subsys/net/libsubsys__net.a(getnameinfo.c.obj):(.debug_info) is being placed in '.debug_info'
ld.lld: warning: zephyr/subsys/net/libsubsys__net.a(getnameinfo.c.obj):(.debug_ranges) is being placed in '.debug_ranges'
ld.lld: warning: zephyr/subsys/net/libsubsys__net.a(getnameinfo.c.obj):(.debug_str) is being placed in '.debug_str'
ld.lld: warning: zephyr/subsys/net/libsubsys__net.a(getnameinfo.c.obj):(.comment) is being placed in '.comment'
ld.lld: warning: zephyr/subsys/net/libsubsys__net.a(getnameinfo.c.obj):(.debug_frame) is being placed in '.debug_frame'
ld.lld: warning: zephyr/subsys/net/libsubsys__net.a(getnameinfo.c.obj):(.debug_line) is being placed in '.debug_line'
ld.lld: warning: zephyr/subsys/net/libsubsys__net.a(sockets_misc.c.obj):(.debug_loc) is being placed in '.debug_loc'
ld.lld: warning: zephyr/subsys/net/libsubsys__net.a(sockets_misc.c.obj):(.debug_abbrev) is being placed in '.debug_abbrev'
ld.lld: warning: zephyr/subsys/net/libsubsys__net.a(sockets_misc.c.obj):(.debug_info) is being placed in '.debug_info'
ld.lld: warning: zephyr/subsys/net/libsubsys__net.a(sockets_misc.c.obj):(.debug_str) is being placed in '.debug_str'
ld.lld: warning: zephyr/subsys/net/libsubsys__net.a(sockets_misc.c.obj):(.comment) is being placed in '.comment'
ld.lld: warning: zephyr/subsys/net/libsubsys__net.a(sockets_misc.c.obj):(.debug_frame) is being placed in '.debug_frame'
ld.lld: warning: zephyr/subsys/net/libsubsys__net.a(sockets_misc.c.obj):(.debug_line) is being placed in '.debug_line'
ld.lld: warning: zephyr/subsys/net/l2/ethernet/libsubsys__net__l2__ethernet.a(ethernet.c.obj):(.debug_loc) is being placed in '.debug_loc'
ld.lld: warning: zephyr/subsys/net/l2/ethernet/libsubsys__net__l2__ethernet.a(ethernet.c.obj):(.debug_abbrev) is being placed in '.debug_abbrev'
ld.lld: warning: zephyr/subsys/net/l2/ethernet/libsubsys__net__l2__ethernet.a(ethernet.c.obj):(.debug_info) is being placed in '.debug_info'
ld.lld: warning: zephyr/subsys/net/l2/ethernet/libsubsys__net__l2__ethernet.a(ethernet.c.obj):(.debug_ranges) is being placed in '.debug_ranges'
ld.lld: warning: zephyr/subsys/net/l2/ethernet/libsubsys__net__l2__ethernet.a(ethernet.c.obj):(.debug_str) is being placed in '.debug_str'
ld.lld: warning: zephyr/subsys/net/l2/ethernet/libsubsys__net__l2__ethernet.a(ethernet.c.obj):(.comment) is being placed in '.comment'
ld.lld: warning: zephyr/subsys/net/l2/ethernet/libsubsys__net__l2__ethernet.a(ethernet.c.obj):(.debug_frame) is being placed in '.debug_frame'
ld.lld: warning: zephyr/subsys/net/l2/ethernet/libsubsys__net__l2__ethernet.a(ethernet.c.obj):(.debug_line) is being placed in '.debug_line'
ld.lld: warning: zephyr/subsys/net/l2/ethernet/libsubsys__net__l2__ethernet.a(arp.c.obj):(.debug_loc) is being placed in '.debug_loc'
ld.lld: warning: zephyr/subsys/net/l2/ethernet/libsubsys__net__l2__ethernet.a(arp.c.obj):(.debug_abbrev) is being placed in '.debug_abbrev'
ld.lld: warning: zephyr/subsys/net/l2/ethernet/libsubsys__net__l2__ethernet.a(arp.c.obj):(.debug_info) is being placed in '.debug_info'
ld.lld: warning: zephyr/subsys/net/l2/ethernet/libsubsys__net__l2__ethernet.a(arp.c.obj):(.debug_ranges) is being placed in '.debug_ranges'
ld.lld: warning: zephyr/subsys/net/l2/ethernet/libsubsys__net__l2__ethernet.a(arp.c.obj):(.debug_str) is being placed in '.debug_str'
ld.lld: warning: zephyr/subsys/net/l2/ethernet/libsubsys__net__l2__ethernet.a(arp.c.obj):(.comment) is being placed in '.comment'
ld.lld: warning: zephyr/subsys/net/l2/ethernet/libsubsys__net__l2__ethernet.a(arp.c.obj):(.debug_frame) is being placed in '.debug_frame'
ld.lld: warning: zephyr/subsys/net/l2/ethernet/libsubsys__net__l2__ethernet.a(arp.c.obj):(.debug_line) is being placed in '.debug_line'
ld.lld: warning: zephyr/subsys/net/ip/libsubsys__net__ip.a(net_core.c.obj):(.debug_loc) is being placed in '.debug_loc'
ld.lld: warning: zephyr/subsys/net/ip/libsubsys__net__ip.a(net_core.c.obj):(.debug_abbrev) is being placed in '.debug_abbrev'
ld.lld: warning: zephyr/subsys/net/ip/libsubsys__net__ip.a(net_core.c.obj):(.debug_info) is being placed in '.debug_info'
ld.lld: warning: zephyr/subsys/net/ip/libsubsys__net__ip.a(net_core.c.obj):(.debug_ranges) is being placed in '.debug_ranges'
ld.lld: warning: zephyr/subsys/net/ip/libsubsys__net__ip.a(net_core.c.obj):(.debug_str) is being placed in '.debug_str'
ld.lld: warning: zephyr/subsys/net/ip/libsubsys__net__ip.a(net_core.c.obj):(.comment) is being placed in '.comment'
ld.lld: warning: zephyr/subsys/net/ip/libsubsys__net__ip.a(net_core.c.obj):(.debug_frame) is being placed in '.debug_frame'
ld.lld: warning: zephyr/subsys/net/ip/libsubsys__net__ip.a(net_core.c.obj):(.debug_line) is being placed in '.debug_line'
ld.lld: warning: zephyr/subsys/net/ip/libsubsys__net__ip.a(net_if.c.obj):(.debug_loc) is being placed in '.debug_loc'
ld.lld: warning: zephyr/subsys/net/ip/libsubsys__net__ip.a(net_if.c.obj):(.debug_abbrev) is being placed in '.debug_abbrev'
ld.lld: warning: zephyr/subsys/net/ip/libsubsys__net__ip.a(net_if.c.obj):(.debug_info) is being placed in '.debug_info'
ld.lld: warning: zephyr/subsys/net/ip/libsubsys__net__ip.a(net_if.c.obj):(.debug_ranges) is being placed in '.debug_ranges'
ld.lld: warning: zephyr/subsys/net/ip/libsubsys__net__ip.a(net_if.c.obj):(.debug_str) is being placed in '.debug_str'
ld.lld: warning: zephyr/subsys/net/ip/libsubsys__net__ip.a(net_if.c.obj):(.comment) is being placed in '.comment'
ld.lld: warning: zephyr/subsys/net/ip/libsubsys__net__ip.a(net_if.c.obj):(.debug_frame) is being placed in '.debug_frame'
ld.lld: warning: zephyr/subsys/net/ip/libsubsys__net__ip.a(net_if.c.obj):(.debug_line) is being placed in '.debug_line'
ld.lld: warning: zephyr/subsys/net/ip/libsubsys__net__ip.a(net_timeout.c.obj):(.debug_loc) is being placed in '.debug_loc'
ld.lld: warning: zephyr/subsys/net/ip/libsubsys__net__ip.a(net_timeout.c.obj):(.debug_abbrev) is being placed in '.debug_abbrev'
ld.lld: warning: zephyr/subsys/net/ip/libsubsys__net__ip.a(net_timeout.c.obj):(.debug_info) is being placed in '.debug_info'
ld.lld: warning: zephyr/subsys/net/ip/libsubsys__net__ip.a(net_timeout.c.obj):(.debug_ranges) is being placed in '.debug_ranges'
ld.lld: warning: zephyr/subsys/net/ip/libsubsys__net__ip.a(net_timeout.c.obj):(.debug_str) is being placed in '.debug_str'
ld.lld: warning: zephyr/subsys/net/ip/libsubsys__net__ip.a(net_timeout.c.obj):(.comment) is being placed in '.comment'
ld.lld: warning: zephyr/subsys/net/ip/libsubsys__net__ip.a(net_timeout.c.obj):(.debug_frame) is being placed in '.debug_frame'
ld.lld: warning: zephyr/subsys/net/ip/libsubsys__net__ip.a(net_timeout.c.obj):(.debug_line) is being placed in '.debug_line'
ld.lld: warning: zephyr/subsys/net/ip/libsubsys__net__ip.a(utils.c.obj):(.debug_loc) is being placed in '.debug_loc'
ld.lld: warning: zephyr/subsys/net/ip/libsubsys__net__ip.a(utils.c.obj):(.debug_abbrev) is being placed in '.debug_abbrev'
ld.lld: warning: zephyr/subsys/net/ip/libsubsys__net__ip.a(utils.c.obj):(.debug_info) is being placed in '.debug_info'
ld.lld: warning: zephyr/subsys/net/ip/libsubsys__net__ip.a(utils.c.obj):(.debug_ranges) is being placed in '.debug_ranges'
ld.lld: warning: zephyr/subsys/net/ip/libsubsys__net__ip.a(utils.c.obj):(.debug_str) is being placed in '.debug_str'
ld.lld: warning: zephyr/subsys/net/ip/libsubsys__net__ip.a(utils.c.obj):(.comment) is being placed in '.comment'
ld.lld: warning: zephyr/subsys/net/ip/libsubsys__net__ip.a(utils.c.obj):(.debug_frame) is being placed in '.debug_frame'
ld.lld: warning: zephyr/subsys/net/ip/libsubsys__net__ip.a(utils.c.obj):(.debug_line) is being placed in '.debug_line'
ld.lld: warning: zephyr/subsys/net/ip/libsubsys__net__ip.a(net_mgmt.c.obj):(.debug_loc) is being placed in '.debug_loc'
ld.lld: warning: zephyr/subsys/net/ip/libsubsys__net__ip.a(net_mgmt.c.obj):(.debug_abbrev) is being placed in '.debug_abbrev'
ld.lld: warning: zephyr/subsys/net/ip/libsubsys__net__ip.a(net_mgmt.c.obj):(.debug_info) is being placed in '.debug_info'
ld.lld: warning: zephyr/subsys/net/ip/libsubsys__net__ip.a(net_mgmt.c.obj):(.debug_ranges) is being placed in '.debug_ranges'
ld.lld: warning: zephyr/subsys/net/ip/libsubsys__net__ip.a(net_mgmt.c.obj):(.debug_str) is being placed in '.debug_str'
ld.lld: warning: zephyr/subsys/net/ip/libsubsys__net__ip.a(net_mgmt.c.obj):(.comment) is being placed in '.comment'
ld.lld: warning: zephyr/subsys/net/ip/libsubsys__net__ip.a(net_mgmt.c.obj):(.debug_frame) is being placed in '.debug_frame'
ld.lld: warning: zephyr/subsys/net/ip/libsubsys__net__ip.a(net_mgmt.c.obj):(.debug_line) is being placed in '.debug_line'
ld.lld: warning: zephyr/subsys/net/ip/libsubsys__net__ip.a(net_context.c.obj):(.debug_loc) is being placed in '.debug_loc'
ld.lld: warning: zephyr/subsys/net/ip/libsubsys__net__ip.a(net_context.c.obj):(.debug_abbrev) is being placed in '.debug_abbrev'
ld.lld: warning: zephyr/subsys/net/ip/libsubsys__net__ip.a(net_context.c.obj):(.debug_info) is being placed in '.debug_info'
ld.lld: warning: zephyr/subsys/net/ip/libsubsys__net__ip.a(net_context.c.obj):(.debug_ranges) is being placed in '.debug_ranges'
ld.lld: warning: zephyr/subsys/net/ip/libsubsys__net__ip.a(net_context.c.obj):(.debug_str) is being placed in '.debug_str'
ld.lld: warning: zephyr/subsys/net/ip/libsubsys__net__ip.a(net_context.c.obj):(.comment) is being placed in '.comment'
ld.lld: warning: zephyr/subsys/net/ip/libsubsys__net__ip.a(net_context.c.obj):(.debug_frame) is being placed in '.debug_frame'
ld.lld: warning: zephyr/subsys/net/ip/libsubsys__net__ip.a(net_context.c.obj):(.debug_line) is being placed in '.debug_line'
ld.lld: warning: zephyr/subsys/net/ip/libsubsys__net__ip.a(net_pkt.c.obj):(.debug_loc) is being placed in '.debug_loc'
ld.lld: warning: zephyr/subsys/net/ip/libsubsys__net__ip.a(net_pkt.c.obj):(.debug_abbrev) is being placed in '.debug_abbrev'
ld.lld: warning: zephyr/subsys/net/ip/libsubsys__net__ip.a(net_pkt.c.obj):(.debug_info) is being placed in '.debug_info'
ld.lld: warning: zephyr/subsys/net/ip/libsubsys__net__ip.a(net_pkt.c.obj):(.debug_ranges) is being placed in '.debug_ranges'
ld.lld: warning: zephyr/subsys/net/ip/libsubsys__net__ip.a(net_pkt.c.obj):(.debug_str) is being placed in '.debug_str'
ld.lld: warning: zephyr/subsys/net/ip/libsubsys__net__ip.a(net_pkt.c.obj):(.comment) is being placed in '.comment'
ld.lld: warning: zephyr/subsys/net/ip/libsubsys__net__ip.a(net_pkt.c.obj):(.debug_frame) is being placed in '.debug_frame'
ld.lld: warning: zephyr/subsys/net/ip/libsubsys__net__ip.a(net_pkt.c.obj):(.debug_line) is being placed in '.debug_line'
ld.lld: warning: zephyr/subsys/net/ip/libsubsys__net__ip.a(net_tc.c.obj):(.debug_loc) is being placed in '.debug_loc'
ld.lld: warning: zephyr/subsys/net/ip/libsubsys__net__ip.a(net_tc.c.obj):(.debug_abbrev) is being placed in '.debug_abbrev'
ld.lld: warning: zephyr/subsys/net/ip/libsubsys__net__ip.a(net_tc.c.obj):(.debug_info) is being placed in '.debug_info'
ld.lld: warning: zephyr/subsys/net/ip/libsubsys__net__ip.a(net_tc.c.obj):(.debug_ranges) is being placed in '.debug_ranges'
ld.lld: warning: zephyr/subsys/net/ip/libsubsys__net__ip.a(net_tc.c.obj):(.debug_str) is being placed in '.debug_str'
ld.lld: warning: zephyr/subsys/net/ip/libsubsys__net__ip.a(net_tc.c.obj):(.comment) is being placed in '.comment'
ld.lld: warning: zephyr/subsys/net/ip/libsubsys__net__ip.a(net_tc.c.obj):(.debug_frame) is being placed in '.debug_frame'
ld.lld: warning: zephyr/subsys/net/ip/libsubsys__net__ip.a(net_tc.c.obj):(.debug_line) is being placed in '.debug_line'
ld.lld: warning: zephyr/subsys/net/ip/libsubsys__net__ip.a(icmp.c.obj):(.debug_loc) is being placed in '.debug_loc'
ld.lld: warning: zephyr/subsys/net/ip/libsubsys__net__ip.a(icmp.c.obj):(.debug_abbrev) is being placed in '.debug_abbrev'
ld.lld: warning: zephyr/subsys/net/ip/libsubsys__net__ip.a(icmp.c.obj):(.debug_info) is being placed in '.debug_info'
ld.lld: warning: zephyr/subsys/net/ip/libsubsys__net__ip.a(icmp.c.obj):(.debug_ranges) is being placed in '.debug_ranges'
ld.lld: warning: zephyr/subsys/net/ip/libsubsys__net__ip.a(icmp.c.obj):(.debug_str) is being placed in '.debug_str'
ld.lld: warning: zephyr/subsys/net/ip/libsubsys__net__ip.a(icmp.c.obj):(.comment) is being placed in '.comment'
ld.lld: warning: zephyr/subsys/net/ip/libsubsys__net__ip.a(icmp.c.obj):(.debug_frame) is being placed in '.debug_frame'
ld.lld: warning: zephyr/subsys/net/ip/libsubsys__net__ip.a(icmp.c.obj):(.debug_line) is being placed in '.debug_line'
ld.lld: warning: zephyr/subsys/net/ip/libsubsys__net__ip.a(connection.c.obj):(.debug_loc) is being placed in '.debug_loc'
ld.lld: warning: zephyr/subsys/net/ip/libsubsys__net__ip.a(connection.c.obj):(.debug_abbrev) is being placed in '.debug_abbrev'
ld.lld: warning: zephyr/subsys/net/ip/libsubsys__net__ip.a(connection.c.obj):(.debug_info) is being placed in '.debug_info'
ld.lld: warning: zephyr/subsys/net/ip/libsubsys__net__ip.a(connection.c.obj):(.debug_ranges) is being placed in '.debug_ranges'
ld.lld: warning: zephyr/subsys/net/ip/libsubsys__net__ip.a(connection.c.obj):(.debug_str) is being placed in '.debug_str'
ld.lld: warning: zephyr/subsys/net/ip/libsubsys__net__ip.a(connection.c.obj):(.comment) is being placed in '.comment'
ld.lld: warning: zephyr/subsys/net/ip/libsubsys__net__ip.a(connection.c.obj):(.debug_frame) is being placed in '.debug_frame'
ld.lld: warning: zephyr/subsys/net/ip/libsubsys__net__ip.a(connection.c.obj):(.debug_line) is being placed in '.debug_line'
ld.lld: warning: zephyr/subsys/net/ip/libsubsys__net__ip.a(icmpv4.c.obj):(.debug_loc) is being placed in '.debug_loc'
ld.lld: warning: zephyr/subsys/net/ip/libsubsys__net__ip.a(icmpv4.c.obj):(.debug_abbrev) is being placed in '.debug_abbrev'
ld.lld: warning: zephyr/subsys/net/ip/libsubsys__net__ip.a(icmpv4.c.obj):(.debug_info) is being placed in '.debug_info'
ld.lld: warning: zephyr/subsys/net/ip/libsubsys__net__ip.a(icmpv4.c.obj):(.debug_ranges) is being placed in '.debug_ranges'
ld.lld: warning: zephyr/subsys/net/ip/libsubsys__net__ip.a(icmpv4.c.obj):(.debug_str) is being placed in '.debug_str'
ld.lld: warning: zephyr/subsys/net/ip/libsubsys__net__ip.a(icmpv4.c.obj):(.comment) is being placed in '.comment'
ld.lld: warning: zephyr/subsys/net/ip/libsubsys__net__ip.a(icmpv4.c.obj):(.debug_frame) is being placed in '.debug_frame'
ld.lld: warning: zephyr/subsys/net/ip/libsubsys__net__ip.a(icmpv4.c.obj):(.debug_line) is being placed in '.debug_line'
ld.lld: warning: zephyr/subsys/net/ip/libsubsys__net__ip.a(ipv4.c.obj):(.debug_loc) is being placed in '.debug_loc'
ld.lld: warning: zephyr/subsys/net/ip/libsubsys__net__ip.a(ipv4.c.obj):(.debug_abbrev) is being placed in '.debug_abbrev'
ld.lld: warning: zephyr/subsys/net/ip/libsubsys__net__ip.a(ipv4.c.obj):(.debug_info) is being placed in '.debug_info'
ld.lld: warning: zephyr/subsys/net/ip/libsubsys__net__ip.a(ipv4.c.obj):(.debug_ranges) is being placed in '.debug_ranges'
ld.lld: warning: zephyr/subsys/net/ip/libsubsys__net__ip.a(ipv4.c.obj):(.debug_str) is being placed in '.debug_str'
ld.lld: warning: zephyr/subsys/net/ip/libsubsys__net__ip.a(ipv4.c.obj):(.comment) is being placed in '.comment'
ld.lld: warning: zephyr/subsys/net/ip/libsubsys__net__ip.a(ipv4.c.obj):(.debug_frame) is being placed in '.debug_frame'
ld.lld: warning: zephyr/subsys/net/ip/libsubsys__net__ip.a(ipv4.c.obj):(.debug_line) is being placed in '.debug_line'
ld.lld: warning: zephyr/subsys/net/ip/libsubsys__net__ip.a(tcp.c.obj):(.debug_loc) is being placed in '.debug_loc'
ld.lld: warning: zephyr/subsys/net/ip/libsubsys__net__ip.a(tcp.c.obj):(.debug_abbrev) is being placed in '.debug_abbrev'
ld.lld: warning: zephyr/subsys/net/ip/libsubsys__net__ip.a(tcp.c.obj):(.debug_info) is being placed in '.debug_info'
ld.lld: warning: zephyr/subsys/net/ip/libsubsys__net__ip.a(tcp.c.obj):(.debug_ranges) is being placed in '.debug_ranges'
ld.lld: warning: zephyr/subsys/net/ip/libsubsys__net__ip.a(tcp.c.obj):(.debug_str) is being placed in '.debug_str'
ld.lld: warning: zephyr/subsys/net/ip/libsubsys__net__ip.a(tcp.c.obj):(.comment) is being placed in '.comment'
ld.lld: warning: zephyr/subsys/net/ip/libsubsys__net__ip.a(tcp.c.obj):(.debug_frame) is being placed in '.debug_frame'
ld.lld: warning: zephyr/subsys/net/ip/libsubsys__net__ip.a(tcp.c.obj):(.debug_line) is being placed in '.debug_line'
ld.lld: warning: zephyr/subsys/net/ip/libsubsys__net__ip.a(udp.c.obj):(.debug_loc) is being placed in '.debug_loc'
ld.lld: warning: zephyr/subsys/net/ip/libsubsys__net__ip.a(udp.c.obj):(.debug_abbrev) is being placed in '.debug_abbrev'
ld.lld: warning: zephyr/subsys/net/ip/libsubsys__net__ip.a(udp.c.obj):(.debug_info) is being placed in '.debug_info'
ld.lld: warning: zephyr/subsys/net/ip/libsubsys__net__ip.a(udp.c.obj):(.debug_ranges) is being placed in '.debug_ranges'
ld.lld: warning: zephyr/subsys/net/ip/libsubsys__net__ip.a(udp.c.obj):(.debug_str) is being placed in '.debug_str'
ld.lld: warning: zephyr/subsys/net/ip/libsubsys__net__ip.a(udp.c.obj):(.comment) is being placed in '.comment'
ld.lld: warning: zephyr/subsys/net/ip/libsubsys__net__ip.a(udp.c.obj):(.debug_frame) is being placed in '.debug_frame'
ld.lld: warning: zephyr/subsys/net/ip/libsubsys__net__ip.a(udp.c.obj):(.debug_line) is being placed in '.debug_line'
ld.lld: warning: zephyr/subsys/net/lib/dhcpv4/libsubsys__net__lib__dhcpv4.a(dhcpv4.c.obj):(.debug_loc) is being placed in '.debug_loc'
ld.lld: warning: zephyr/subsys/net/lib/dhcpv4/libsubsys__net__lib__dhcpv4.a(dhcpv4.c.obj):(.debug_abbrev) is being placed in '.debug_abbrev'
ld.lld: warning: zephyr/subsys/net/lib/dhcpv4/libsubsys__net__lib__dhcpv4.a(dhcpv4.c.obj):(.debug_info) is being placed in '.debug_info'
ld.lld: warning: zephyr/subsys/net/lib/dhcpv4/libsubsys__net__lib__dhcpv4.a(dhcpv4.c.obj):(.debug_ranges) is being placed in '.debug_ranges'
ld.lld: warning: zephyr/subsys/net/lib/dhcpv4/libsubsys__net__lib__dhcpv4.a(dhcpv4.c.obj):(.debug_str) is being placed in '.debug_str'
ld.lld: warning: zephyr/subsys/net/lib/dhcpv4/libsubsys__net__lib__dhcpv4.a(dhcpv4.c.obj):(.comment) is being placed in '.comment'
ld.lld: warning: zephyr/subsys/net/lib/dhcpv4/libsubsys__net__lib__dhcpv4.a(dhcpv4.c.obj):(.debug_frame) is being placed in '.debug_frame'
ld.lld: warning: zephyr/subsys/net/lib/dhcpv4/libsubsys__net__lib__dhcpv4.a(dhcpv4.c.obj):(.debug_line) is being placed in '.debug_line'
ld.lld: warning: zephyr/drivers/console/libdrivers__console.a(uart_console.c.obj):(.debug_loc) is being placed in '.debug_loc'
ld.lld: warning: zephyr/drivers/console/libdrivers__console.a(uart_console.c.obj):(.debug_abbrev) is being placed in '.debug_abbrev'
ld.lld: warning: zephyr/drivers/console/libdrivers__console.a(uart_console.c.obj):(.debug_info) is being placed in '.debug_info'
ld.lld: warning: zephyr/drivers/console/libdrivers__console.a(uart_console.c.obj):(.debug_ranges) is being placed in '.debug_ranges'
ld.lld: warning: zephyr/drivers/console/libdrivers__console.a(uart_console.c.obj):(.debug_str) is being placed in '.debug_str'
ld.lld: warning: zephyr/drivers/console/libdrivers__console.a(uart_console.c.obj):(.comment) is being placed in '.comment'
ld.lld: warning: zephyr/drivers/console/libdrivers__console.a(uart_console.c.obj):(.debug_frame) is being placed in '.debug_frame'
ld.lld: warning: zephyr/drivers/console/libdrivers__console.a(uart_console.c.obj):(.debug_line) is being placed in '.debug_line'
ld.lld: warning: zephyr/drivers/timer/libdrivers__timer.a(sys_clock_init.c.obj):(.debug_abbrev) is being placed in '.debug_abbrev'
ld.lld: warning: zephyr/drivers/timer/libdrivers__timer.a(sys_clock_init.c.obj):(.debug_info) is being placed in '.debug_info'
ld.lld: warning: zephyr/drivers/timer/libdrivers__timer.a(sys_clock_init.c.obj):(.debug_ranges) is being placed in '.debug_ranges'
ld.lld: warning: zephyr/drivers/timer/libdrivers__timer.a(sys_clock_init.c.obj):(.debug_str) is being placed in '.debug_str'
ld.lld: warning: zephyr/drivers/timer/libdrivers__timer.a(sys_clock_init.c.obj):(.comment) is being placed in '.comment'
ld.lld: warning: zephyr/drivers/timer/libdrivers__timer.a(sys_clock_init.c.obj):(.debug_frame) is being placed in '.debug_frame'
ld.lld: warning: zephyr/drivers/timer/libdrivers__timer.a(sys_clock_init.c.obj):(.debug_line) is being placed in '.debug_line'
ld.lld: warning: modules/klausscpu-zephyr/drivers/serial/lib..__klausscpu-zephyr__drivers__serial.a(uart_klausscpu.c.obj):(.debug_loc) is being placed in '.debug_loc'
ld.lld: warning: modules/klausscpu-zephyr/drivers/serial/lib..__klausscpu-zephyr__drivers__serial.a(uart_klausscpu.c.obj):(.debug_abbrev) is being placed in '.debug_abbrev'
ld.lld: warning: modules/klausscpu-zephyr/drivers/serial/lib..__klausscpu-zephyr__drivers__serial.a(uart_klausscpu.c.obj):(.debug_info) is being placed in '.debug_info'
ld.lld: warning: modules/klausscpu-zephyr/drivers/serial/lib..__klausscpu-zephyr__drivers__serial.a(uart_klausscpu.c.obj):(.debug_ranges) is being placed in '.debug_ranges'
ld.lld: warning: modules/klausscpu-zephyr/drivers/serial/lib..__klausscpu-zephyr__drivers__serial.a(uart_klausscpu.c.obj):(.debug_str) is being placed in '.debug_str'
ld.lld: warning: modules/klausscpu-zephyr/drivers/serial/lib..__klausscpu-zephyr__drivers__serial.a(uart_klausscpu.c.obj):(.comment) is being placed in '.comment'
ld.lld: warning: modules/klausscpu-zephyr/drivers/serial/lib..__klausscpu-zephyr__drivers__serial.a(uart_klausscpu.c.obj):(.debug_frame) is being placed in '.debug_frame'
ld.lld: warning: modules/klausscpu-zephyr/drivers/serial/lib..__klausscpu-zephyr__drivers__serial.a(uart_klausscpu.c.obj):(.debug_line) is being placed in '.debug_line'
ld.lld: warning: modules/klausscpu-zephyr/drivers/timer/lib..__klausscpu-zephyr__drivers__timer.a(klausscpu_timer.c.obj):(.debug_loc) is being placed in '.debug_loc'
ld.lld: warning: modules/klausscpu-zephyr/drivers/timer/lib..__klausscpu-zephyr__drivers__timer.a(klausscpu_timer.c.obj):(.debug_abbrev) is being placed in '.debug_abbrev'
ld.lld: warning: modules/klausscpu-zephyr/drivers/timer/lib..__klausscpu-zephyr__drivers__timer.a(klausscpu_timer.c.obj):(.debug_info) is being placed in '.debug_info'
ld.lld: warning: modules/klausscpu-zephyr/drivers/timer/lib..__klausscpu-zephyr__drivers__timer.a(klausscpu_timer.c.obj):(.debug_ranges) is being placed in '.debug_ranges'
ld.lld: warning: modules/klausscpu-zephyr/drivers/timer/lib..__klausscpu-zephyr__drivers__timer.a(klausscpu_timer.c.obj):(.debug_str) is being placed in '.debug_str'
ld.lld: warning: modules/klausscpu-zephyr/drivers/timer/lib..__klausscpu-zephyr__drivers__timer.a(klausscpu_timer.c.obj):(.comment) is being placed in '.comment'
ld.lld: warning: modules/klausscpu-zephyr/drivers/timer/lib..__klausscpu-zephyr__drivers__timer.a(klausscpu_timer.c.obj):(.debug_frame) is being placed in '.debug_frame'
ld.lld: warning: modules/klausscpu-zephyr/drivers/timer/lib..__klausscpu-zephyr__drivers__timer.a(klausscpu_timer.c.obj):(.debug_line) is being placed in '.debug_line'
ld.lld: warning: modules/klausscpu-zephyr/drivers/ethernet/lib..__klausscpu-zephyr__drivers__ethernet.a(eth_klausscpu.c.obj):(.debug_loc) is being placed in '.debug_loc'
ld.lld: warning: modules/klausscpu-zephyr/drivers/ethernet/lib..__klausscpu-zephyr__drivers__ethernet.a(eth_klausscpu.c.obj):(.debug_abbrev) is being placed in '.debug_abbrev'
ld.lld: warning: modules/klausscpu-zephyr/drivers/ethernet/lib..__klausscpu-zephyr__drivers__ethernet.a(eth_klausscpu.c.obj):(.debug_info) is being placed in '.debug_info'
ld.lld: warning: modules/klausscpu-zephyr/drivers/ethernet/lib..__klausscpu-zephyr__drivers__ethernet.a(eth_klausscpu.c.obj):(.debug_ranges) is being placed in '.debug_ranges'
ld.lld: warning: modules/klausscpu-zephyr/drivers/ethernet/lib..__klausscpu-zephyr__drivers__ethernet.a(eth_klausscpu.c.obj):(.debug_str) is being placed in '.debug_str'
ld.lld: warning: modules/klausscpu-zephyr/drivers/ethernet/lib..__klausscpu-zephyr__drivers__ethernet.a(eth_klausscpu.c.obj):(.comment) is being placed in '.comment'
ld.lld: warning: modules/klausscpu-zephyr/drivers/ethernet/lib..__klausscpu-zephyr__drivers__ethernet.a(eth_klausscpu.c.obj):(.debug_frame) is being placed in '.debug_frame'
ld.lld: warning: modules/klausscpu-zephyr/drivers/ethernet/lib..__klausscpu-zephyr__drivers__ethernet.a(eth_klausscpu.c.obj):(.debug_line) is being placed in '.debug_line'
ld.lld: warning: modules/klausscpu-zephyr/vnc/lib..__klausscpu-zephyr__vnc.a(vnc_server.c.obj):(.debug_loc) is being placed in '.debug_loc'
ld.lld: warning: modules/klausscpu-zephyr/vnc/lib..__klausscpu-zephyr__vnc.a(vnc_server.c.obj):(.debug_abbrev) is being placed in '.debug_abbrev'
ld.lld: warning: modules/klausscpu-zephyr/vnc/lib..__klausscpu-zephyr__vnc.a(vnc_server.c.obj):(.debug_info) is being placed in '.debug_info'
ld.lld: warning: modules/klausscpu-zephyr/vnc/lib..__klausscpu-zephyr__vnc.a(vnc_server.c.obj):(.debug_ranges) is being placed in '.debug_ranges'
ld.lld: warning: modules/klausscpu-zephyr/vnc/lib..__klausscpu-zephyr__vnc.a(vnc_server.c.obj):(.debug_str) is being placed in '.debug_str'
ld.lld: warning: modules/klausscpu-zephyr/vnc/lib..__klausscpu-zephyr__vnc.a(vnc_server.c.obj):(.comment) is being placed in '.comment'
ld.lld: warning: modules/klausscpu-zephyr/vnc/lib..__klausscpu-zephyr__vnc.a(vnc_server.c.obj):(.debug_frame) is being placed in '.debug_frame'
ld.lld: warning: modules/klausscpu-zephyr/vnc/lib..__klausscpu-zephyr__vnc.a(vnc_server.c.obj):(.debug_line) is being placed in '.debug_line'
ld.lld: warning: modules/klausscpu-zephyr/vnc/lib..__klausscpu-zephyr__vnc.a(framebuffer.c.obj):(.debug_loc) is being placed in '.debug_loc'
ld.lld: warning: modules/klausscpu-zephyr/vnc/lib..__klausscpu-zephyr__vnc.a(framebuffer.c.obj):(.debug_abbrev) is being placed in '.debug_abbrev'
ld.lld: warning: modules/klausscpu-zephyr/vnc/lib..__klausscpu-zephyr__vnc.a(framebuffer.c.obj):(.debug_info) is being placed in '.debug_info'
ld.lld: warning: modules/klausscpu-zephyr/vnc/lib..__klausscpu-zephyr__vnc.a(framebuffer.c.obj):(.debug_ranges) is being placed in '.debug_ranges'
ld.lld: warning: modules/klausscpu-zephyr/vnc/lib..__klausscpu-zephyr__vnc.a(framebuffer.c.obj):(.debug_str) is being placed in '.debug_str'
ld.lld: warning: modules/klausscpu-zephyr/vnc/lib..__klausscpu-zephyr__vnc.a(framebuffer.c.obj):(.comment) is being placed in '.comment'
ld.lld: warning: modules/klausscpu-zephyr/vnc/lib..__klausscpu-zephyr__vnc.a(framebuffer.c.obj):(.debug_frame) is being placed in '.debug_frame'
ld.lld: warning: modules/klausscpu-zephyr/vnc/lib..__klausscpu-zephyr__vnc.a(framebuffer.c.obj):(.debug_line) is being placed in '.debug_line'
ld.lld: warning: modules/klausscpu-zephyr/vnc/lib..__klausscpu-zephyr__vnc.a(display_vnc.c.obj):(.debug_loc) is being placed in '.debug_loc'
ld.lld: warning: modules/klausscpu-zephyr/vnc/lib..__klausscpu-zephyr__vnc.a(display_vnc.c.obj):(.debug_abbrev) is being placed in '.debug_abbrev'
ld.lld: warning: modules/klausscpu-zephyr/vnc/lib..__klausscpu-zephyr__vnc.a(display_vnc.c.obj):(.debug_info) is being placed in '.debug_info'
ld.lld: warning: modules/klausscpu-zephyr/vnc/lib..__klausscpu-zephyr__vnc.a(display_vnc.c.obj):(.debug_ranges) is being placed in '.debug_ranges'
ld.lld: warning: modules/klausscpu-zephyr/vnc/lib..__klausscpu-zephyr__vnc.a(display_vnc.c.obj):(.debug_str) is being placed in '.debug_str'
ld.lld: warning: modules/klausscpu-zephyr/vnc/lib..__klausscpu-zephyr__vnc.a(display_vnc.c.obj):(.comment) is being placed in '.comment'
ld.lld: warning: modules/klausscpu-zephyr/vnc/lib..__klausscpu-zephyr__vnc.a(display_vnc.c.obj):(.debug_frame) is being placed in '.debug_frame'
ld.lld: warning: modules/klausscpu-zephyr/vnc/lib..__klausscpu-zephyr__vnc.a(display_vnc.c.obj):(.debug_line) is being placed in '.debug_line'
ld.lld: warning: modules/lvgl/libmodules__lvgl.a(lv_disp.c.obj):(.debug_loc) is being placed in '.debug_loc'
ld.lld: warning: modules/lvgl/libmodules__lvgl.a(lv_disp.c.obj):(.debug_abbrev) is being placed in '.debug_abbrev'
ld.lld: warning: modules/lvgl/libmodules__lvgl.a(lv_disp.c.obj):(.debug_info) is being placed in '.debug_info'
ld.lld: warning: modules/lvgl/libmodules__lvgl.a(lv_disp.c.obj):(.debug_ranges) is being placed in '.debug_ranges'
ld.lld: warning: modules/lvgl/libmodules__lvgl.a(lv_disp.c.obj):(.debug_str) is being placed in '.debug_str'
ld.lld: warning: modules/lvgl/libmodules__lvgl.a(lv_disp.c.obj):(.comment) is being placed in '.comment'
ld.lld: warning: modules/lvgl/libmodules__lvgl.a(lv_disp.c.obj):(.debug_frame) is being placed in '.debug_frame'
ld.lld: warning: modules/lvgl/libmodules__lvgl.a(lv_disp.c.obj):(.debug_line) is being placed in '.debug_line'
ld.lld: warning: modules/lvgl/libmodules__lvgl.a(lv_event.c.obj):(.debug_loc) is being placed in '.debug_loc'
ld.lld: warning: modules/lvgl/libmodules__lvgl.a(lv_event.c.obj):(.debug_abbrev) is being placed in '.debug_abbrev'
ld.lld: warning: modules/lvgl/libmodules__lvgl.a(lv_event.c.obj):(.debug_info) is being placed in '.debug_info'
ld.lld: warning: modules/lvgl/libmodules__lvgl.a(lv_event.c.obj):(.debug_ranges) is being placed in '.debug_ranges'
ld.lld: warning: modules/lvgl/libmodules__lvgl.a(lv_event.c.obj):(.debug_str) is being placed in '.debug_str'
ld.lld: warning: modules/lvgl/libmodules__lvgl.a(lv_event.c.obj):(.comment) is being placed in '.comment'
ld.lld: warning: modules/lvgl/libmodules__lvgl.a(lv_event.c.obj):(.debug_frame) is being placed in '.debug_frame'
ld.lld: warning: modules/lvgl/libmodules__lvgl.a(lv_event.c.obj):(.debug_line) is being placed in '.debug_line'
ld.lld: warning: modules/lvgl/libmodules__lvgl.a(lv_group.c.obj):(.debug_loc) is being placed in '.debug_loc'
ld.lld: warning: modules/lvgl/libmodules__lvgl.a(lv_group.c.obj):(.debug_abbrev) is being placed in '.debug_abbrev'
ld.lld: warning: modules/lvgl/libmodules__lvgl.a(lv_group.c.obj):(.debug_info) is being placed in '.debug_info'
ld.lld: warning: modules/lvgl/libmodules__lvgl.a(lv_group.c.obj):(.debug_ranges) is being placed in '.debug_ranges'
ld.lld: warning: modules/lvgl/libmodules__lvgl.a(lv_group.c.obj):(.debug_str) is being placed in '.debug_str'
ld.lld: warning: modules/lvgl/libmodules__lvgl.a(lv_group.c.obj):(.comment) is being placed in '.comment'
ld.lld: warning: modules/lvgl/libmodules__lvgl.a(lv_group.c.obj):(.debug_frame) is being placed in '.debug_frame'
ld.lld: warning: modules/lvgl/libmodules__lvgl.a(lv_group.c.obj):(.debug_line) is being placed in '.debug_line'
ld.lld: warning: modules/lvgl/libmodules__lvgl.a(lv_indev.c.obj):(.debug_loc) is being placed in '.debug_loc'
ld.lld: warning: modules/lvgl/libmodules__lvgl.a(lv_indev.c.obj):(.debug_abbrev) is being placed in '.debug_abbrev'
ld.lld: warning: modules/lvgl/libmodules__lvgl.a(lv_indev.c.obj):(.debug_info) is being placed in '.debug_info'
ld.lld: warning: modules/lvgl/libmodules__lvgl.a(lv_indev.c.obj):(.debug_ranges) is being placed in '.debug_ranges'
ld.lld: warning: modules/lvgl/libmodules__lvgl.a(lv_indev.c.obj):(.debug_str) is being placed in '.debug_str'
ld.lld: warning: modules/lvgl/libmodules__lvgl.a(lv_indev.c.obj):(.comment) is being placed in '.comment'
ld.lld: warning: modules/lvgl/libmodules__lvgl.a(lv_indev.c.obj):(.debug_frame) is being placed in '.debug_frame'
ld.lld: warning: modules/lvgl/libmodules__lvgl.a(lv_indev.c.obj):(.debug_line) is being placed in '.debug_line'
ld.lld: warning: modules/lvgl/libmodules__lvgl.a(lv_indev_scroll.c.obj):(.debug_loc) is being placed in '.debug_loc'
ld.lld: warning: modules/lvgl/libmodules__lvgl.a(lv_indev_scroll.c.obj):(.debug_abbrev) is being placed in '.debug_abbrev'
ld.lld: warning: modules/lvgl/libmodules__lvgl.a(lv_indev_scroll.c.obj):(.debug_info) is being placed in '.debug_info'
ld.lld: warning: modules/lvgl/libmodules__lvgl.a(lv_indev_scroll.c.obj):(.debug_ranges) is being placed in '.debug_ranges'
ld.lld: warning: modules/lvgl/libmodules__lvgl.a(lv_indev_scroll.c.obj):(.debug_str) is being placed in '.debug_str'
ld.lld: warning: modules/lvgl/libmodules__lvgl.a(lv_indev_scroll.c.obj):(.comment) is being placed in '.comment'
ld.lld: warning: modules/lvgl/libmodules__lvgl.a(lv_indev_scroll.c.obj):(.debug_frame) is being placed in '.debug_frame'
ld.lld: warning: modules/lvgl/libmodules__lvgl.a(lv_indev_scroll.c.obj):(.debug_line) is being placed in '.debug_line'
ld.lld: warning: modules/lvgl/libmodules__lvgl.a(lv_obj.c.obj):(.debug_loc) is being placed in '.debug_loc'
ld.lld: warning: modules/lvgl/libmodules__lvgl.a(lv_obj.c.obj):(.debug_abbrev) is being placed in '.debug_abbrev'
ld.lld: warning: modules/lvgl/libmodules__lvgl.a(lv_obj.c.obj):(.debug_info) is being placed in '.debug_info'
ld.lld: warning: modules/lvgl/libmodules__lvgl.a(lv_obj.c.obj):(.debug_ranges) is being placed in '.debug_ranges'
ld.lld: warning: modules/lvgl/libmodules__lvgl.a(lv_obj.c.obj):(.debug_str) is being placed in '.debug_str'
ld.lld: warning: modules/lvgl/libmodules__lvgl.a(lv_obj.c.obj):(.comment) is being placed in '.comment'
ld.lld: warning: modules/lvgl/libmodules__lvgl.a(lv_obj.c.obj):(.debug_frame) is being placed in '.debug_frame'
ld.lld: warning: modules/lvgl/libmodules__lvgl.a(lv_obj.c.obj):(.debug_line) is being placed in '.debug_line'
ld.lld: warning: modules/lvgl/libmodules__lvgl.a(lv_obj_class.c.obj):(.debug_loc) is being placed in '.debug_loc'
ld.lld: warning: modules/lvgl/libmodules__lvgl.a(lv_obj_class.c.obj):(.debug_abbrev) is being placed in '.debug_abbrev'
ld.lld: warning: modules/lvgl/libmodules__lvgl.a(lv_obj_class.c.obj):(.debug_info) is being placed in '.debug_info'
ld.lld: warning: modules/lvgl/libmodules__lvgl.a(lv_obj_class.c.obj):(.debug_ranges) is being placed in '.debug_ranges'
ld.lld: warning: modules/lvgl/libmodules__lvgl.a(lv_obj_class.c.obj):(.debug_str) is being placed in '.debug_str'
ld.lld: warning: modules/lvgl/libmodules__lvgl.a(lv_obj_class.c.obj):(.comment) is being placed in '.comment'
ld.lld: warning: modules/lvgl/libmodules__lvgl.a(lv_obj_class.c.obj):(.debug_frame) is being placed in '.debug_frame'
ld.lld: warning: modules/lvgl/libmodules__lvgl.a(lv_obj_class.c.obj):(.debug_line) is being placed in '.debug_line'
ld.lld: warning: modules/lvgl/libmodules__lvgl.a(lv_obj_draw.c.obj):(.debug_loc) is being placed in '.debug_loc'
ld.lld: warning: modules/lvgl/libmodules__lvgl.a(lv_obj_draw.c.obj):(.debug_abbrev) is being placed in '.debug_abbrev'
ld.lld: warning: modules/lvgl/libmodules__lvgl.a(lv_obj_draw.c.obj):(.debug_info) is being placed in '.debug_info'
ld.lld: warning: modules/lvgl/libmodules__lvgl.a(lv_obj_draw.c.obj):(.debug_ranges) is being placed in '.debug_ranges'
ld.lld: warning: modules/lvgl/libmodules__lvgl.a(lv_obj_draw.c.obj):(.debug_str) is being placed in '.debug_str'
ld.lld: warning: modules/lvgl/libmodules__lvgl.a(lv_obj_draw.c.obj):(.comment) is being placed in '.comment'
ld.lld: warning: modules/lvgl/libmodules__lvgl.a(lv_obj_draw.c.obj):(.debug_frame) is being placed in '.debug_frame'
ld.lld: warning: modules/lvgl/libmodules__lvgl.a(lv_obj_draw.c.obj):(.debug_line) is being placed in '.debug_line'
ld.lld: warning: modules/lvgl/libmodules__lvgl.a(lv_obj_pos.c.obj):(.debug_loc) is being placed in '.debug_loc'
ld.lld: warning: modules/lvgl/libmodules__lvgl.a(lv_obj_pos.c.obj):(.debug_abbrev) is being placed in '.debug_abbrev'
ld.lld: warning: modules/lvgl/libmodules__lvgl.a(lv_obj_pos.c.obj):(.debug_info) is being placed in '.debug_info'
ld.lld: warning: modules/lvgl/libmodules__lvgl.a(lv_obj_pos.c.obj):(.debug_ranges) is being placed in '.debug_ranges'
ld.lld: warning: modules/lvgl/libmodules__lvgl.a(lv_obj_pos.c.obj):(.debug_str) is being placed in '.debug_str'
ld.lld: warning: modules/lvgl/libmodules__lvgl.a(lv_obj_pos.c.obj):(.comment) is being placed in '.comment'
ld.lld: warning: modules/lvgl/libmodules__lvgl.a(lv_obj_pos.c.obj):(.debug_frame) is being placed in '.debug_frame'
ld.lld: warning: modules/lvgl/libmodules__lvgl.a(lv_obj_pos.c.obj):(.debug_line) is being placed in '.debug_line'
ld.lld: warning: modules/lvgl/libmodules__lvgl.a(lv_obj_scroll.c.obj):(.debug_loc) is being placed in '.debug_loc'
ld.lld: warning: modules/lvgl/libmodules__lvgl.a(lv_obj_scroll.c.obj):(.debug_abbrev) is being placed in '.debug_abbrev'
ld.lld: warning: modules/lvgl/libmodules__lvgl.a(lv_obj_scroll.c.obj):(.debug_info) is being placed in '.debug_info'
ld.lld: warning: modules/lvgl/libmodules__lvgl.a(lv_obj_scroll.c.obj):(.debug_ranges) is being placed in '.debug_ranges'
ld.lld: warning: modules/lvgl/libmodules__lvgl.a(lv_obj_scroll.c.obj):(.debug_str) is being placed in '.debug_str'
ld.lld: warning: modules/lvgl/libmodules__lvgl.a(lv_obj_scroll.c.obj):(.comment) is being placed in '.comment'
ld.lld: warning: modules/lvgl/libmodules__lvgl.a(lv_obj_scroll.c.obj):(.debug_frame) is being placed in '.debug_frame'
ld.lld: warning: modules/lvgl/libmodules__lvgl.a(lv_obj_scroll.c.obj):(.debug_line) is being placed in '.debug_line'
ld.lld: warning: modules/lvgl/libmodules__lvgl.a(lv_obj_style.c.obj):(.debug_loc) is being placed in '.debug_loc'
ld.lld: warning: modules/lvgl/libmodules__lvgl.a(lv_obj_style.c.obj):(.debug_abbrev) is being placed in '.debug_abbrev'
ld.lld: warning: modules/lvgl/libmodules__lvgl.a(lv_obj_style.c.obj):(.debug_info) is being placed in '.debug_info'
ld.lld: warning: modules/lvgl/libmodules__lvgl.a(lv_obj_style.c.obj):(.debug_ranges) is being placed in '.debug_ranges'
ld.lld: warning: modules/lvgl/libmodules__lvgl.a(lv_obj_style.c.obj):(.debug_str) is being placed in '.debug_str'
ld.lld: warning: modules/lvgl/libmodules__lvgl.a(lv_obj_style.c.obj):(.comment) is being placed in '.comment'
ld.lld: warning: modules/lvgl/libmodules__lvgl.a(lv_obj_style.c.obj):(.debug_frame) is being placed in '.debug_frame'
ld.lld: warning: modules/lvgl/libmodules__lvgl.a(lv_obj_style.c.obj):(.debug_line) is being placed in '.debug_line'
ld.lld: warning: modules/lvgl/libmodules__lvgl.a(lv_obj_style_gen.c.obj):(.debug_loc) is being placed in '.debug_loc'
ld.lld: warning: modules/lvgl/libmodules__lvgl.a(lv_obj_style_gen.c.obj):(.debug_abbrev) is being placed in '.debug_abbrev'
ld.lld: warning: modules/lvgl/libmodules__lvgl.a(lv_obj_style_gen.c.obj):(.debug_info) is being placed in '.debug_info'
ld.lld: warning: modules/lvgl/libmodules__lvgl.a(lv_obj_style_gen.c.obj):(.debug_ranges) is being placed in '.debug_ranges'
ld.lld: warning: modules/lvgl/libmodules__lvgl.a(lv_obj_style_gen.c.obj):(.debug_str) is being placed in '.debug_str'
ld.lld: warning: modules/lvgl/libmodules__lvgl.a(lv_obj_style_gen.c.obj):(.comment) is being placed in '.comment'
ld.lld: warning: modules/lvgl/libmodules__lvgl.a(lv_obj_style_gen.c.obj):(.debug_frame) is being placed in '.debug_frame'
ld.lld: warning: modules/lvgl/libmodules__lvgl.a(lv_obj_style_gen.c.obj):(.debug_line) is being placed in '.debug_line'
ld.lld: warning: modules/lvgl/libmodules__lvgl.a(lv_obj_tree.c.obj):(.debug_loc) is being placed in '.debug_loc'
ld.lld: warning: modules/lvgl/libmodules__lvgl.a(lv_obj_tree.c.obj):(.debug_abbrev) is being placed in '.debug_abbrev'
ld.lld: warning: modules/lvgl/libmodules__lvgl.a(lv_obj_tree.c.obj):(.debug_info) is being placed in '.debug_info'
ld.lld: warning: modules/lvgl/libmodules__lvgl.a(lv_obj_tree.c.obj):(.debug_ranges) is being placed in '.debug_ranges'
ld.lld: warning: modules/lvgl/libmodules__lvgl.a(lv_obj_tree.c.obj):(.debug_str) is being placed in '.debug_str'
ld.lld: warning: modules/lvgl/libmodules__lvgl.a(lv_obj_tree.c.obj):(.comment) is being placed in '.comment'
ld.lld: warning: modules/lvgl/libmodules__lvgl.a(lv_obj_tree.c.obj):(.debug_frame) is being placed in '.debug_frame'
ld.lld: warning: modules/lvgl/libmodules__lvgl.a(lv_obj_tree.c.obj):(.debug_line) is being placed in '.debug_line'
ld.lld: warning: modules/lvgl/libmodules__lvgl.a(lv_refr.c.obj):(.debug_loc) is being placed in '.debug_loc'
ld.lld: warning: modules/lvgl/libmodules__lvgl.a(lv_refr.c.obj):(.debug_abbrev) is being placed in '.debug_abbrev'
ld.lld: warning: modules/lvgl/libmodules__lvgl.a(lv_refr.c.obj):(.debug_info) is being placed in '.debug_info'
ld.lld: warning: modules/lvgl/libmodules__lvgl.a(lv_refr.c.obj):(.debug_ranges) is being placed in '.debug_ranges'
ld.lld: warning: modules/lvgl/libmodules__lvgl.a(lv_refr.c.obj):(.debug_str) is being placed in '.debug_str'
ld.lld: warning: modules/lvgl/libmodules__lvgl.a(lv_refr.c.obj):(.comment) is being placed in '.comment'
ld.lld: warning: modules/lvgl/libmodules__lvgl.a(lv_refr.c.obj):(.debug_frame) is being placed in '.debug_frame'
ld.lld: warning: modules/lvgl/libmodules__lvgl.a(lv_refr.c.obj):(.debug_line) is being placed in '.debug_line'
ld.lld: warning: modules/lvgl/libmodules__lvgl.a(lv_theme.c.obj):(.debug_loc) is being placed in '.debug_loc'
ld.lld: warning: modules/lvgl/libmodules__lvgl.a(lv_theme.c.obj):(.debug_abbrev) is being placed in '.debug_abbrev'
ld.lld: warning: modules/lvgl/libmodules__lvgl.a(lv_theme.c.obj):(.debug_info) is being placed in '.debug_info'
ld.lld: warning: modules/lvgl/libmodules__lvgl.a(lv_theme.c.obj):(.debug_ranges) is being placed in '.debug_ranges'
ld.lld: warning: modules/lvgl/libmodules__lvgl.a(lv_theme.c.obj):(.debug_str) is being placed in '.debug_str'
ld.lld: warning: modules/lvgl/libmodules__lvgl.a(lv_theme.c.obj):(.comment) is being placed in '.comment'
ld.lld: warning: modules/lvgl/libmodules__lvgl.a(lv_theme.c.obj):(.debug_frame) is being placed in '.debug_frame'
ld.lld: warning: modules/lvgl/libmodules__lvgl.a(lv_theme.c.obj):(.debug_line) is being placed in '.debug_line'
ld.lld: warning: modules/lvgl/libmodules__lvgl.a(lv_gpu_arm2d.c.obj):(.comment) is being placed in '.comment'
ld.lld: warning: modules/lvgl/libmodules__lvgl.a(lv_draw_arc.c.obj):(.debug_loc) is being placed in '.debug_loc'
ld.lld: warning: modules/lvgl/libmodules__lvgl.a(lv_draw_arc.c.obj):(.debug_abbrev) is being placed in '.debug_abbrev'
ld.lld: warning: modules/lvgl/libmodules__lvgl.a(lv_draw_arc.c.obj):(.debug_info) is being placed in '.debug_info'
ld.lld: warning: modules/lvgl/libmodules__lvgl.a(lv_draw_arc.c.obj):(.debug_ranges) is being placed in '.debug_ranges'
ld.lld: warning: modules/lvgl/libmodules__lvgl.a(lv_draw_arc.c.obj):(.debug_str) is being placed in '.debug_str'
ld.lld: warning: modules/lvgl/libmodules__lvgl.a(lv_draw_arc.c.obj):(.comment) is being placed in '.comment'
ld.lld: warning: modules/lvgl/libmodules__lvgl.a(lv_draw_arc.c.obj):(.debug_frame) is being placed in '.debug_frame'
ld.lld: warning: modules/lvgl/libmodules__lvgl.a(lv_draw_arc.c.obj):(.debug_line) is being placed in '.debug_line'
ld.lld: warning: modules/lvgl/libmodules__lvgl.a(lv_draw.c.obj):(.debug_loc) is being placed in '.debug_loc'
ld.lld: warning: modules/lvgl/libmodules__lvgl.a(lv_draw.c.obj):(.debug_abbrev) is being placed in '.debug_abbrev'
ld.lld: warning: modules/lvgl/libmodules__lvgl.a(lv_draw.c.obj):(.debug_info) is being placed in '.debug_info'
ld.lld: warning: modules/lvgl/libmodules__lvgl.a(lv_draw.c.obj):(.debug_ranges) is being placed in '.debug_ranges'
ld.lld: warning: modules/lvgl/libmodules__lvgl.a(lv_draw.c.obj):(.debug_str) is being placed in '.debug_str'
ld.lld: warning: modules/lvgl/libmodules__lvgl.a(lv_draw.c.obj):(.comment) is being placed in '.comment'
ld.lld: warning: modules/lvgl/libmodules__lvgl.a(lv_draw.c.obj):(.debug_frame) is being placed in '.debug_frame'
ld.lld: warning: modules/lvgl/libmodules__lvgl.a(lv_draw.c.obj):(.debug_line) is being placed in '.debug_line'
ld.lld: warning: modules/lvgl/libmodules__lvgl.a(lv_draw_img.c.obj):(.debug_loc) is being placed in '.debug_loc'
ld.lld: warning: modules/lvgl/libmodules__lvgl.a(lv_draw_img.c.obj):(.debug_abbrev) is being placed in '.debug_abbrev'
ld.lld: warning: modules/lvgl/libmodules__lvgl.a(lv_draw_img.c.obj):(.debug_info) is being placed in '.debug_info'
ld.lld: warning: modules/lvgl/libmodules__lvgl.a(lv_draw_img.c.obj):(.debug_ranges) is being placed in '.debug_ranges'
ld.lld: warning: modules/lvgl/libmodules__lvgl.a(lv_draw_img.c.obj):(.debug_str) is being placed in '.debug_str'
ld.lld: warning: modules/lvgl/libmodules__lvgl.a(lv_draw_img.c.obj):(.comment) is being placed in '.comment'
ld.lld: warning: modules/lvgl/libmodules__lvgl.a(lv_draw_img.c.obj):(.debug_frame) is being placed in '.debug_frame'
ld.lld: warning: modules/lvgl/libmodules__lvgl.a(lv_draw_img.c.obj):(.debug_line) is being placed in '.debug_line'
ld.lld: warning: modules/lvgl/libmodules__lvgl.a(lv_draw_label.c.obj):(.debug_loc) is being placed in '.debug_loc'
ld.lld: warning: modules/lvgl/libmodules__lvgl.a(lv_draw_label.c.obj):(.debug_abbrev) is being placed in '.debug_abbrev'
ld.lld: warning: modules/lvgl/libmodules__lvgl.a(lv_draw_label.c.obj):(.debug_info) is being placed in '.debug_info'
ld.lld: warning: modules/lvgl/libmodules__lvgl.a(lv_draw_label.c.obj):(.debug_ranges) is being placed in '.debug_ranges'
ld.lld: warning: modules/lvgl/libmodules__lvgl.a(lv_draw_label.c.obj):(.debug_str) is being placed in '.debug_str'
ld.lld: warning: modules/lvgl/libmodules__lvgl.a(lv_draw_label.c.obj):(.comment) is being placed in '.comment'
ld.lld: warning: modules/lvgl/libmodules__lvgl.a(lv_draw_label.c.obj):(.debug_frame) is being placed in '.debug_frame'
ld.lld: warning: modules/lvgl/libmodules__lvgl.a(lv_draw_label.c.obj):(.debug_line) is being placed in '.debug_line'
ld.lld: warning: modules/lvgl/libmodules__lvgl.a(lv_draw_layer.c.obj):(.debug_loc) is being placed in '.debug_loc'
ld.lld: warning: modules/lvgl/libmodules__lvgl.a(lv_draw_layer.c.obj):(.debug_abbrev) is being placed in '.debug_abbrev'
ld.lld: warning: modules/lvgl/libmodules__lvgl.a(lv_draw_layer.c.obj):(.debug_info) is being placed in '.debug_info'
ld.lld: warning: modules/lvgl/libmodules__lvgl.a(lv_draw_layer.c.obj):(.debug_ranges) is being placed in '.debug_ranges'
ld.lld: warning: modules/lvgl/libmodules__lvgl.a(lv_draw_layer.c.obj):(.debug_str) is being placed in '.debug_str'
ld.lld: warning: modules/lvgl/libmodules__lvgl.a(lv_draw_layer.c.obj):(.comment) is being placed in '.comment'
ld.lld: warning: modules/lvgl/libmodules__lvgl.a(lv_draw_layer.c.obj):(.debug_frame) is being placed in '.debug_frame'
ld.lld: warning: modules/lvgl/libmodules__lvgl.a(lv_draw_layer.c.obj):(.debug_line) is being placed in '.debug_line'
ld.lld: warning: modules/lvgl/libmodules__lvgl.a(lv_draw_line.c.obj):(.debug_loc) is being placed in '.debug_loc'
ld.lld: warning: modules/lvgl/libmodules__lvgl.a(lv_draw_line.c.obj):(.debug_abbrev) is being placed in '.debug_abbrev'
ld.lld: warning: modules/lvgl/libmodules__lvgl.a(lv_draw_line.c.obj):(.debug_info) is being placed in '.debug_info'
ld.lld: warning: modules/lvgl/libmodules__lvgl.a(lv_draw_line.c.obj):(.debug_ranges) is being placed in '.debug_ranges'
ld.lld: warning: modules/lvgl/libmodules__lvgl.a(lv_draw_line.c.obj):(.debug_str) is being placed in '.debug_str'
ld.lld: warning: modules/lvgl/libmodules__lvgl.a(lv_draw_line.c.obj):(.comment) is being placed in '.comment'
ld.lld: warning: modules/lvgl/libmodules__lvgl.a(lv_draw_line.c.obj):(.debug_frame) is being placed in '.debug_frame'
ld.lld: warning: modules/lvgl/libmodules__lvgl.a(lv_draw_line.c.obj):(.debug_line) is being placed in '.debug_line'
ld.lld: warning: modules/lvgl/libmodules__lvgl.a(lv_draw_mask.c.obj):(.debug_loc) is being placed in '.debug_loc'
ld.lld: warning: modules/lvgl/libmodules__lvgl.a(lv_draw_mask.c.obj):(.debug_abbrev) is being placed in '.debug_abbrev'
ld.lld: warning: modules/lvgl/libmodules__lvgl.a(lv_draw_mask.c.obj):(.debug_info) is being placed in '.debug_info'
ld.lld: warning: modules/lvgl/libmodules__lvgl.a(lv_draw_mask.c.obj):(.debug_ranges) is being placed in '.debug_ranges'
ld.lld: warning: modules/lvgl/libmodules__lvgl.a(lv_draw_mask.c.obj):(.debug_str) is being placed in '.debug_str'
ld.lld: warning: modules/lvgl/libmodules__lvgl.a(lv_draw_mask.c.obj):(.comment) is being placed in '.comment'
ld.lld: warning: modules/lvgl/libmodules__lvgl.a(lv_draw_mask.c.obj):(.debug_frame) is being placed in '.debug_frame'
ld.lld: warning: modules/lvgl/libmodules__lvgl.a(lv_draw_mask.c.obj):(.debug_line) is being placed in '.debug_line'
ld.lld: warning: modules/lvgl/libmodules__lvgl.a(lv_draw_rect.c.obj):(.debug_loc) is being placed in '.debug_loc'
ld.lld: warning: modules/lvgl/libmodules__lvgl.a(lv_draw_rect.c.obj):(.debug_abbrev) is being placed in '.debug_abbrev'
ld.lld: warning: modules/lvgl/libmodules__lvgl.a(lv_draw_rect.c.obj):(.debug_info) is being placed in '.debug_info'
ld.lld: warning: modules/lvgl/libmodules__lvgl.a(lv_draw_rect.c.obj):(.debug_ranges) is being placed in '.debug_ranges'
ld.lld: warning: modules/lvgl/libmodules__lvgl.a(lv_draw_rect.c.obj):(.debug_str) is being placed in '.debug_str'
ld.lld: warning: modules/lvgl/libmodules__lvgl.a(lv_draw_rect.c.obj):(.comment) is being placed in '.comment'
ld.lld: warning: modules/lvgl/libmodules__lvgl.a(lv_draw_rect.c.obj):(.debug_frame) is being placed in '.debug_frame'
ld.lld: warning: modules/lvgl/libmodules__lvgl.a(lv_draw_rect.c.obj):(.debug_line) is being placed in '.debug_line'
ld.lld: warning: modules/lvgl/libmodules__lvgl.a(lv_draw_transform.c.obj):(.debug_loc) is being placed in '.debug_loc'
ld.lld: warning: modules/lvgl/libmodules__lvgl.a(lv_draw_transform.c.obj):(.debug_abbrev) is being placed in '.debug_abbrev'
ld.lld: warning: modules/lvgl/libmodules__lvgl.a(lv_draw_transform.c.obj):(.debug_info) is being placed in '.debug_info'
ld.lld: warning: modules/lvgl/libmodules__lvgl.a(lv_draw_transform.c.obj):(.debug_str) is being placed in '.debug_str'
ld.lld: warning: modules/lvgl/libmodules__lvgl.a(lv_draw_transform.c.obj):(.comment) is being placed in '.comment'
ld.lld: warning: modules/lvgl/libmodules__lvgl.a(lv_draw_transform.c.obj):(.debug_frame) is being placed in '.debug_frame'
ld.lld: warning: modules/lvgl/libmodules__lvgl.a(lv_draw_transform.c.obj):(.debug_line) is being placed in '.debug_line'
ld.lld: warning: modules/lvgl/libmodules__lvgl.a(lv_draw_triangle.c.obj):(.debug_loc) is being placed in '.debug_loc'
ld.lld: warning: modules/lvgl/libmodules__lvgl.a(lv_draw_triangle.c.obj):(.debug_abbrev) is being placed in '.debug_abbrev'
ld.lld: warning: modules/lvgl/libmodules__lvgl.a(lv_draw_triangle.c.obj):(.debug_info) is being placed in '.debug_info'
ld.lld: warning: modules/lvgl/libmodules__lvgl.a(lv_draw_triangle.c.obj):(.debug_ranges) is being placed in '.debug_ranges'
ld.lld: warning: modules/lvgl/libmodules__lvgl.a(lv_draw_triangle.c.obj):(.debug_str) is being placed in '.debug_str'
ld.lld: warning: modules/lvgl/libmodules__lvgl.a(lv_draw_triangle.c.obj):(.comment) is being placed in '.comment'
ld.lld: warning: modules/lvgl/libmodules__lvgl.a(lv_draw_triangle.c.obj):(.debug_frame) is being placed in '.debug_frame'
ld.lld: warning: modules/lvgl/libmodules__lvgl.a(lv_draw_triangle.c.obj):(.debug_line) is being placed in '.debug_line'
ld.lld: warning: modules/lvgl/libmodules__lvgl.a(lv_img_buf.c.obj):(.debug_loc) is being placed in '.debug_loc'
ld.lld: warning: modules/lvgl/libmodules__lvgl.a(lv_img_buf.c.obj):(.debug_abbrev) is being placed in '.debug_abbrev'
ld.lld: warning: modules/lvgl/libmodules__lvgl.a(lv_img_buf.c.obj):(.debug_info) is being placed in '.debug_info'
ld.lld: warning: modules/lvgl/libmodules__lvgl.a(lv_img_buf.c.obj):(.debug_ranges) is being placed in '.debug_ranges'
ld.lld: warning: modules/lvgl/libmodules__lvgl.a(lv_img_buf.c.obj):(.debug_str) is being placed in '.debug_str'
ld.lld: warning: modules/lvgl/libmodules__lvgl.a(lv_img_buf.c.obj):(.comment) is being placed in '.comment'
ld.lld: warning: modules/lvgl/libmodules__lvgl.a(lv_img_buf.c.obj):(.debug_frame) is being placed in '.debug_frame'
ld.lld: warning: modules/lvgl/libmodules__lvgl.a(lv_img_buf.c.obj):(.debug_line) is being placed in '.debug_line'
ld.lld: warning: modules/lvgl/libmodules__lvgl.a(lv_img_cache.c.obj):(.debug_loc) is being placed in '.debug_loc'
ld.lld: warning: modules/lvgl/libmodules__lvgl.a(lv_img_cache.c.obj):(.debug_abbrev) is being placed in '.debug_abbrev'
ld.lld: warning: modules/lvgl/libmodules__lvgl.a(lv_img_cache.c.obj):(.debug_info) is being placed in '.debug_info'
ld.lld: warning: modules/lvgl/libmodules__lvgl.a(lv_img_cache.c.obj):(.debug_ranges) is being placed in '.debug_ranges'
ld.lld: warning: modules/lvgl/libmodules__lvgl.a(lv_img_cache.c.obj):(.debug_str) is being placed in '.debug_str'
ld.lld: warning: modules/lvgl/libmodules__lvgl.a(lv_img_cache.c.obj):(.comment) is being placed in '.comment'
ld.lld: warning: modules/lvgl/libmodules__lvgl.a(lv_img_cache.c.obj):(.debug_frame) is being placed in '.debug_frame'
ld.lld: warning: modules/lvgl/libmodules__lvgl.a(lv_img_cache.c.obj):(.debug_line) is being placed in '.debug_line'
ld.lld: warning: modules/lvgl/libmodules__lvgl.a(lv_img_decoder.c.obj):(.debug_loc) is being placed in '.debug_loc'
ld.lld: warning: modules/lvgl/libmodules__lvgl.a(lv_img_decoder.c.obj):(.debug_abbrev) is being placed in '.debug_abbrev'
ld.lld: warning: modules/lvgl/libmodules__lvgl.a(lv_img_decoder.c.obj):(.debug_info) is being placed in '.debug_info'
ld.lld: warning: modules/lvgl/libmodules__lvgl.a(lv_img_decoder.c.obj):(.debug_ranges) is being placed in '.debug_ranges'
ld.lld: warning: modules/lvgl/libmodules__lvgl.a(lv_img_decoder.c.obj):(.debug_str) is being placed in '.debug_str'
ld.lld: warning: modules/lvgl/libmodules__lvgl.a(lv_img_decoder.c.obj):(.comment) is being placed in '.comment'
ld.lld: warning: modules/lvgl/libmodules__lvgl.a(lv_img_decoder.c.obj):(.debug_frame) is being placed in '.debug_frame'
ld.lld: warning: modules/lvgl/libmodules__lvgl.a(lv_img_decoder.c.obj):(.debug_line) is being placed in '.debug_line'
ld.lld: warning: modules/lvgl/libmodules__lvgl.a(lv_draw_pxp_blend.c.obj):(.comment) is being placed in '.comment'
ld.lld: warning: modules/lvgl/libmodules__lvgl.a(lv_draw_pxp.c.obj):(.comment) is being placed in '.comment'
ld.lld: warning: modules/lvgl/libmodules__lvgl.a(lv_gpu_nxp_pxp.c.obj):(.comment) is being placed in '.comment'
ld.lld: warning: modules/lvgl/libmodules__lvgl.a(lv_gpu_nxp_pxp_osa.c.obj):(.comment) is being placed in '.comment'
ld.lld: warning: modules/lvgl/libmodules__lvgl.a(lv_draw_vglite_arc.c.obj):(.comment) is being placed in '.comment'
ld.lld: warning: modules/lvgl/libmodules__lvgl.a(lv_draw_vglite_blend.c.obj):(.comment) is being placed in '.comment'
ld.lld: warning: modules/lvgl/libmodules__lvgl.a(lv_draw_vglite.c.obj):(.comment) is being placed in '.comment'
ld.lld: warning: modules/lvgl/libmodules__lvgl.a(lv_draw_vglite_line.c.obj):(.comment) is being placed in '.comment'
ld.lld: warning: modules/lvgl/libmodules__lvgl.a(lv_draw_vglite_rect.c.obj):(.comment) is being placed in '.comment'
ld.lld: warning: modules/lvgl/libmodules__lvgl.a(lv_vglite_buf.c.obj):(.comment) is being placed in '.comment'
ld.lld: warning: modules/lvgl/libmodules__lvgl.a(lv_vglite_utils.c.obj):(.comment) is being placed in '.comment'
ld.lld: warning: modules/lvgl/libmodules__lvgl.a(lv_gpu_d2_draw_label.c.obj):(.comment) is being placed in '.comment'
ld.lld: warning: modules/lvgl/libmodules__lvgl.a(lv_gpu_d2_ra6m3.c.obj):(.comment) is being placed in '.comment'
ld.lld: warning: modules/lvgl/libmodules__lvgl.a(lv_draw_sdl_arc.c.obj):(.comment) is being placed in '.comment'
ld.lld: warning: modules/lvgl/libmodules__lvgl.a(lv_draw_sdl_bg.c.obj):(.comment) is being placed in '.comment'
ld.lld: warning: modules/lvgl/libmodules__lvgl.a(lv_draw_sdl.c.obj):(.comment) is being placed in '.comment'
ld.lld: warning: modules/lvgl/libmodules__lvgl.a(lv_draw_sdl_composite.c.obj):(.comment) is being placed in '.comment'
ld.lld: warning: modules/lvgl/libmodules__lvgl.a(lv_draw_sdl_img.c.obj):(.comment) is being placed in '.comment'
ld.lld: warning: modules/lvgl/libmodules__lvgl.a(lv_draw_sdl_label.c.obj):(.comment) is being placed in '.comment'
ld.lld: warning: modules/lvgl/libmodules__lvgl.a(lv_draw_sdl_layer.c.obj):(.comment) is being placed in '.comment'
ld.lld: warning: modules/lvgl/libmodules__lvgl.a(lv_draw_sdl_line.c.obj):(.comment) is being placed in '.comment'
ld.lld: warning: modules/lvgl/libmodules__lvgl.a(lv_draw_sdl_mask.c.obj):(.comment) is being placed in '.comment'
ld.lld: warning: modules/lvgl/libmodules__lvgl.a(lv_draw_sdl_polygon.c.obj):(.comment) is being placed in '.comment'
ld.lld: warning: modules/lvgl/libmodules__lvgl.a(lv_draw_sdl_rect.c.obj):(.comment) is being placed in '.comment'
ld.lld: warning: modules/lvgl/libmodules__lvgl.a(lv_draw_sdl_stack_blur.c.obj):(.comment) is being placed in '.comment'
ld.lld: warning: modules/lvgl/libmodules__lvgl.a(lv_draw_sdl_texture_cache.c.obj):(.comment) is being placed in '.comment'
ld.lld: warning: modules/lvgl/libmodules__lvgl.a(lv_draw_sdl_utils.c.obj):(.comment) is being placed in '.comment'
ld.lld: warning: modules/lvgl/libmodules__lvgl.a(lv_gpu_stm32_dma2d.c.obj):(.comment) is being placed in '.comment'
ld.lld: warning: modules/lvgl/libmodules__lvgl.a(lv_draw_sw_arc.c.obj):(.debug_loc) is being placed in '.debug_loc'
ld.lld: warning: modules/lvgl/libmodules__lvgl.a(lv_draw_sw_arc.c.obj):(.debug_abbrev) is being placed in '.debug_abbrev'
ld.lld: warning: modules/lvgl/libmodules__lvgl.a(lv_draw_sw_arc.c.obj):(.debug_info) is being placed in '.debug_info'
ld.lld: warning: modules/lvgl/libmodules__lvgl.a(lv_draw_sw_arc.c.obj):(.debug_ranges) is being placed in '.debug_ranges'
ld.lld: warning: modules/lvgl/libmodules__lvgl.a(lv_draw_sw_arc.c.obj):(.debug_str) is being placed in '.debug_str'
ld.lld: warning: modules/lvgl/libmodules__lvgl.a(lv_draw_sw_arc.c.obj):(.comment) is being placed in '.comment'
ld.lld: warning: modules/lvgl/libmodules__lvgl.a(lv_draw_sw_arc.c.obj):(.debug_frame) is being placed in '.debug_frame'
ld.lld: warning: modules/lvgl/libmodules__lvgl.a(lv_draw_sw_arc.c.obj):(.debug_line) is being placed in '.debug_line'
ld.lld: warning: modules/lvgl/libmodules__lvgl.a(lv_draw_sw_blend.c.obj):(.debug_loc) is being placed in '.debug_loc'
ld.lld: warning: modules/lvgl/libmodules__lvgl.a(lv_draw_sw_blend.c.obj):(.debug_abbrev) is being placed in '.debug_abbrev'
ld.lld: warning: modules/lvgl/libmodules__lvgl.a(lv_draw_sw_blend.c.obj):(.debug_info) is being placed in '.debug_info'
ld.lld: warning: modules/lvgl/libmodules__lvgl.a(lv_draw_sw_blend.c.obj):(.debug_ranges) is being placed in '.debug_ranges'
ld.lld: warning: modules/lvgl/libmodules__lvgl.a(lv_draw_sw_blend.c.obj):(.debug_str) is being placed in '.debug_str'
ld.lld: warning: modules/lvgl/libmodules__lvgl.a(lv_draw_sw_blend.c.obj):(.comment) is being placed in '.comment'
ld.lld: warning: modules/lvgl/libmodules__lvgl.a(lv_draw_sw_blend.c.obj):(.debug_frame) is being placed in '.debug_frame'
ld.lld: warning: modules/lvgl/libmodules__lvgl.a(lv_draw_sw_blend.c.obj):(.debug_line) is being placed in '.debug_line'
ld.lld: warning: modules/lvgl/libmodules__lvgl.a(lv_draw_sw.c.obj):(.debug_loc) is being placed in '.debug_loc'
ld.lld: warning: modules/lvgl/libmodules__lvgl.a(lv_draw_sw.c.obj):(.debug_abbrev) is being placed in '.debug_abbrev'
ld.lld: warning: modules/lvgl/libmodules__lvgl.a(lv_draw_sw.c.obj):(.debug_info) is being placed in '.debug_info'
ld.lld: warning: modules/lvgl/libmodules__lvgl.a(lv_draw_sw.c.obj):(.debug_ranges) is being placed in '.debug_ranges'
ld.lld: warning: modules/lvgl/libmodules__lvgl.a(lv_draw_sw.c.obj):(.debug_str) is being placed in '.debug_str'
ld.lld: warning: modules/lvgl/libmodules__lvgl.a(lv_draw_sw.c.obj):(.comment) is being placed in '.comment'
ld.lld: warning: modules/lvgl/libmodules__lvgl.a(lv_draw_sw.c.obj):(.debug_frame) is being placed in '.debug_frame'
ld.lld: warning: modules/lvgl/libmodules__lvgl.a(lv_draw_sw.c.obj):(.debug_line) is being placed in '.debug_line'
ld.lld: warning: modules/lvgl/libmodules__lvgl.a(lv_draw_sw_dither.c.obj):(.comment) is being placed in '.comment'
ld.lld: warning: modules/lvgl/libmodules__lvgl.a(lv_draw_sw_gradient.c.obj):(.debug_loc) is being placed in '.debug_loc'
ld.lld: warning: modules/lvgl/libmodules__lvgl.a(lv_draw_sw_gradient.c.obj):(.debug_abbrev) is being placed in '.debug_abbrev'
ld.lld: warning: modules/lvgl/libmodules__lvgl.a(lv_draw_sw_gradient.c.obj):(.debug_info) is being placed in '.debug_info'
ld.lld: warning: modules/lvgl/libmodules__lvgl.a(lv_draw_sw_gradient.c.obj):(.debug_ranges) is being placed in '.debug_ranges'
ld.lld: warning: modules/lvgl/libmodules__lvgl.a(lv_draw_sw_gradient.c.obj):(.debug_str) is being placed in '.debug_str'
ld.lld: warning: modules/lvgl/libmodules__lvgl.a(lv_draw_sw_gradient.c.obj):(.comment) is being placed in '.comment'
ld.lld: warning: modules/lvgl/libmodules__lvgl.a(lv_draw_sw_gradient.c.obj):(.debug_frame) is being placed in '.debug_frame'
ld.lld: warning: modules/lvgl/libmodules__lvgl.a(lv_draw_sw_gradient.c.obj):(.debug_line) is being placed in '.debug_line'
ld.lld: warning: modules/lvgl/libmodules__lvgl.a(lv_draw_sw_img.c.obj):(.debug_loc) is being placed in '.debug_loc'
ld.lld: warning: modules/lvgl/libmodules__lvgl.a(lv_draw_sw_img.c.obj):(.debug_abbrev) is being placed in '.debug_abbrev'
ld.lld: warning: modules/lvgl/libmodules__lvgl.a(lv_draw_sw_img.c.obj):(.debug_info) is being placed in '.debug_info'
ld.lld: warning: modules/lvgl/libmodules__lvgl.a(lv_draw_sw_img.c.obj):(.debug_ranges) is being placed in '.debug_ranges'
ld.lld: warning: modules/lvgl/libmodules__lvgl.a(lv_draw_sw_img.c.obj):(.debug_str) is being placed in '.debug_str'
ld.lld: warning: modules/lvgl/libmodules__lvgl.a(lv_draw_sw_img.c.obj):(.comment) is being placed in '.comment'
ld.lld: warning: modules/lvgl/libmodules__lvgl.a(lv_draw_sw_img.c.obj):(.debug_frame) is being placed in '.debug_frame'
ld.lld: warning: modules/lvgl/libmodules__lvgl.a(lv_draw_sw_img.c.obj):(.debug_line) is being placed in '.debug_line'
ld.lld: warning: modules/lvgl/libmodules__lvgl.a(lv_draw_sw_layer.c.obj):(.debug_loc) is being placed in '.debug_loc'
ld.lld: warning: modules/lvgl/libmodules__lvgl.a(lv_draw_sw_layer.c.obj):(.debug_abbrev) is being placed in '.debug_abbrev'
ld.lld: warning: modules/lvgl/libmodules__lvgl.a(lv_draw_sw_layer.c.obj):(.debug_info) is being placed in '.debug_info'
ld.lld: warning: modules/lvgl/libmodules__lvgl.a(lv_draw_sw_layer.c.obj):(.debug_ranges) is being placed in '.debug_ranges'
ld.lld: warning: modules/lvgl/libmodules__lvgl.a(lv_draw_sw_layer.c.obj):(.debug_str) is being placed in '.debug_str'
ld.lld: warning: modules/lvgl/libmodules__lvgl.a(lv_draw_sw_layer.c.obj):(.comment) is being placed in '.comment'
ld.lld: warning: modules/lvgl/libmodules__lvgl.a(lv_draw_sw_layer.c.obj):(.debug_frame) is being placed in '.debug_frame'
ld.lld: warning: modules/lvgl/libmodules__lvgl.a(lv_draw_sw_layer.c.obj):(.debug_line) is being placed in '.debug_line'
ld.lld: warning: modules/lvgl/libmodules__lvgl.a(lv_draw_sw_letter.c.obj):(.debug_loc) is being placed in '.debug_loc'
ld.lld: warning: modules/lvgl/libmodules__lvgl.a(lv_draw_sw_letter.c.obj):(.debug_abbrev) is being placed in '.debug_abbrev'
ld.lld: warning: modules/lvgl/libmodules__lvgl.a(lv_draw_sw_letter.c.obj):(.debug_info) is being placed in '.debug_info'
ld.lld: warning: modules/lvgl/libmodules__lvgl.a(lv_draw_sw_letter.c.obj):(.debug_ranges) is being placed in '.debug_ranges'
ld.lld: warning: modules/lvgl/libmodules__lvgl.a(lv_draw_sw_letter.c.obj):(.debug_str) is being placed in '.debug_str'
ld.lld: warning: modules/lvgl/libmodules__lvgl.a(lv_draw_sw_letter.c.obj):(.comment) is being placed in '.comment'
ld.lld: warning: modules/lvgl/libmodules__lvgl.a(lv_draw_sw_letter.c.obj):(.debug_frame) is being placed in '.debug_frame'
ld.lld: warning: modules/lvgl/libmodules__lvgl.a(lv_draw_sw_letter.c.obj):(.debug_line) is being placed in '.debug_line'
ld.lld: warning: modules/lvgl/libmodules__lvgl.a(lv_draw_sw_line.c.obj):(.debug_loc) is being placed in '.debug_loc'
ld.lld: warning: modules/lvgl/libmodules__lvgl.a(lv_draw_sw_line.c.obj):(.debug_abbrev) is being placed in '.debug_abbrev'
ld.lld: warning: modules/lvgl/libmodules__lvgl.a(lv_draw_sw_line.c.obj):(.debug_info) is being placed in '.debug_info'
ld.lld: warning: modules/lvgl/libmodules__lvgl.a(lv_draw_sw_line.c.obj):(.debug_ranges) is being placed in '.debug_ranges'
ld.lld: warning: modules/lvgl/libmodules__lvgl.a(lv_draw_sw_line.c.obj):(.debug_str) is being placed in '.debug_str'
ld.lld: warning: modules/lvgl/libmodules__lvgl.a(lv_draw_sw_line.c.obj):(.comment) is being placed in '.comment'
ld.lld: warning: modules/lvgl/libmodules__lvgl.a(lv_draw_sw_line.c.obj):(.debug_frame) is being placed in '.debug_frame'
ld.lld: warning: modules/lvgl/libmodules__lvgl.a(lv_draw_sw_line.c.obj):(.debug_line) is being placed in '.debug_line'
ld.lld: warning: modules/lvgl/libmodules__lvgl.a(lv_draw_sw_polygon.c.obj):(.debug_loc) is being placed in '.debug_loc'
ld.lld: warning: modules/lvgl/libmodules__lvgl.a(lv_draw_sw_polygon.c.obj):(.debug_abbrev) is being placed in '.debug_abbrev'
ld.lld: warning: modules/lvgl/libmodules__lvgl.a(lv_draw_sw_polygon.c.obj):(.debug_info) is being placed in '.debug_info'
ld.lld: warning: modules/lvgl/libmodules__lvgl.a(lv_draw_sw_polygon.c.obj):(.debug_str) is being placed in '.debug_str'
ld.lld: warning: modules/lvgl/libmodules__lvgl.a(lv_draw_sw_polygon.c.obj):(.comment) is being placed in '.comment'
ld.lld: warning: modules/lvgl/libmodules__lvgl.a(lv_draw_sw_polygon.c.obj):(.debug_frame) is being placed in '.debug_frame'
ld.lld: warning: modules/lvgl/libmodules__lvgl.a(lv_draw_sw_polygon.c.obj):(.debug_line) is being placed in '.debug_line'
ld.lld: warning: modules/lvgl/libmodules__lvgl.a(lv_draw_sw_rect.c.obj):(.debug_loc) is being placed in '.debug_loc'
ld.lld: warning: modules/lvgl/libmodules__lvgl.a(lv_draw_sw_rect.c.obj):(.debug_abbrev) is being placed in '.debug_abbrev'
ld.lld: warning: modules/lvgl/libmodules__lvgl.a(lv_draw_sw_rect.c.obj):(.debug_info) is being placed in '.debug_info'
ld.lld: warning: modules/lvgl/libmodules__lvgl.a(lv_draw_sw_rect.c.obj):(.debug_ranges) is being placed in '.debug_ranges'
ld.lld: warning: modules/lvgl/libmodules__lvgl.a(lv_draw_sw_rect.c.obj):(.debug_str) is being placed in '.debug_str'
ld.lld: warning: modules/lvgl/libmodules__lvgl.a(lv_draw_sw_rect.c.obj):(.comment) is being placed in '.comment'
ld.lld: warning: modules/lvgl/libmodules__lvgl.a(lv_draw_sw_rect.c.obj):(.debug_frame) is being placed in '.debug_frame'
ld.lld: warning: modules/lvgl/libmodules__lvgl.a(lv_draw_sw_rect.c.obj):(.debug_line) is being placed in '.debug_line'
ld.lld: warning: modules/lvgl/libmodules__lvgl.a(lv_draw_sw_transform.c.obj):(.debug_loc) is being placed in '.debug_loc'
ld.lld: warning: modules/lvgl/libmodules__lvgl.a(lv_draw_sw_transform.c.obj):(.debug_abbrev) is being placed in '.debug_abbrev'
ld.lld: warning: modules/lvgl/libmodules__lvgl.a(lv_draw_sw_transform.c.obj):(.debug_info) is being placed in '.debug_info'
ld.lld: warning: modules/lvgl/libmodules__lvgl.a(lv_draw_sw_transform.c.obj):(.debug_ranges) is being placed in '.debug_ranges'
ld.lld: warning: modules/lvgl/libmodules__lvgl.a(lv_draw_sw_transform.c.obj):(.debug_str) is being placed in '.debug_str'
ld.lld: warning: modules/lvgl/libmodules__lvgl.a(lv_draw_sw_transform.c.obj):(.comment) is being placed in '.comment'
ld.lld: warning: modules/lvgl/libmodules__lvgl.a(lv_draw_sw_transform.c.obj):(.debug_frame) is being placed in '.debug_frame'
ld.lld: warning: modules/lvgl/libmodules__lvgl.a(lv_draw_sw_transform.c.obj):(.debug_line) is being placed in '.debug_line'
ld.lld: warning: modules/lvgl/libmodules__lvgl.a(lv_gpu_swm341_dma2d.c.obj):(.comment) is being placed in '.comment'
ld.lld: warning: modules/lvgl/libmodules__lvgl.a(lv_flex.c.obj):(.debug_loc) is being placed in '.debug_loc'
ld.lld: warning: modules/lvgl/libmodules__lvgl.a(lv_flex.c.obj):(.debug_abbrev) is being placed in '.debug_abbrev'
ld.lld: warning: modules/lvgl/libmodules__lvgl.a(lv_flex.c.obj):(.debug_info) is being placed in '.debug_info'
ld.lld: warning: modules/lvgl/libmodules__lvgl.a(lv_flex.c.obj):(.debug_ranges) is being placed in '.debug_ranges'
ld.lld: warning: modules/lvgl/libmodules__lvgl.a(lv_flex.c.obj):(.debug_str) is being placed in '.debug_str'
ld.lld: warning: modules/lvgl/libmodules__lvgl.a(lv_flex.c.obj):(.comment) is being placed in '.comment'
ld.lld: warning: modules/lvgl/libmodules__lvgl.a(lv_flex.c.obj):(.debug_frame) is being placed in '.debug_frame'
ld.lld: warning: modules/lvgl/libmodules__lvgl.a(lv_flex.c.obj):(.debug_line) is being placed in '.debug_line'
ld.lld: warning: modules/lvgl/libmodules__lvgl.a(lv_grid.c.obj):(.debug_loc) is being placed in '.debug_loc'
ld.lld: warning: modules/lvgl/libmodules__lvgl.a(lv_grid.c.obj):(.debug_abbrev) is being placed in '.debug_abbrev'
ld.lld: warning: modules/lvgl/libmodules__lvgl.a(lv_grid.c.obj):(.debug_info) is being placed in '.debug_info'
ld.lld: warning: modules/lvgl/libmodules__lvgl.a(lv_grid.c.obj):(.debug_ranges) is being placed in '.debug_ranges'
ld.lld: warning: modules/lvgl/libmodules__lvgl.a(lv_grid.c.obj):(.debug_str) is being placed in '.debug_str'
ld.lld: warning: modules/lvgl/libmodules__lvgl.a(lv_grid.c.obj):(.comment) is being placed in '.comment'
ld.lld: warning: modules/lvgl/libmodules__lvgl.a(lv_grid.c.obj):(.debug_frame) is being placed in '.debug_frame'
ld.lld: warning: modules/lvgl/libmodules__lvgl.a(lv_grid.c.obj):(.debug_line) is being placed in '.debug_line'
ld.lld: warning: modules/lvgl/libmodules__lvgl.a(lv_bmp.c.obj):(.comment) is being placed in '.comment'
ld.lld: warning: modules/lvgl/libmodules__lvgl.a(lv_ffmpeg.c.obj):(.comment) is being placed in '.comment'
ld.lld: warning: modules/lvgl/libmodules__lvgl.a(lv_freetype.c.obj):(.comment) is being placed in '.comment'
ld.lld: warning: modules/lvgl/libmodules__lvgl.a(lv_fs_fatfs.c.obj):(.comment) is being placed in '.comment'
ld.lld: warning: modules/lvgl/libmodules__lvgl.a(lv_fs_littlefs.c.obj):(.comment) is being placed in '.comment'
ld.lld: warning: modules/lvgl/libmodules__lvgl.a(lv_fs_posix.c.obj):(.comment) is being placed in '.comment'
ld.lld: warning: modules/lvgl/libmodules__lvgl.a(lv_fs_stdio.c.obj):(.comment) is being placed in '.comment'
ld.lld: warning: modules/lvgl/libmodules__lvgl.a(lv_fs_win32.c.obj):(.comment) is being placed in '.comment'
ld.lld: warning: modules/lvgl/libmodules__lvgl.a(gifdec.c.obj):(.comment) is being placed in '.comment'
ld.lld: warning: modules/lvgl/libmodules__lvgl.a(lv_gif.c.obj):(.comment) is being placed in '.comment'
ld.lld: warning: modules/lvgl/libmodules__lvgl.a(lodepng.c.obj):(.comment) is being placed in '.comment'
ld.lld: warning: modules/lvgl/libmodules__lvgl.a(lv_png.c.obj):(.comment) is being placed in '.comment'
ld.lld: warning: modules/lvgl/libmodules__lvgl.a(lv_qrcode.c.obj):(.comment) is being placed in '.comment'
ld.lld: warning: modules/lvgl/libmodules__lvgl.a(qrcodegen.c.obj):(.debug_loc) is being placed in '.debug_loc'
ld.lld: warning: modules/lvgl/libmodules__lvgl.a(qrcodegen.c.obj):(.debug_abbrev) is being placed in '.debug_abbrev'
ld.lld: warning: modules/lvgl/libmodules__lvgl.a(qrcodegen.c.obj):(.debug_info) is being placed in '.debug_info'
ld.lld: warning: modules/lvgl/libmodules__lvgl.a(qrcodegen.c.obj):(.debug_ranges) is being placed in '.debug_ranges'
ld.lld: warning: modules/lvgl/libmodules__lvgl.a(qrcodegen.c.obj):(.debug_str) is being placed in '.debug_str'
ld.lld: warning: modules/lvgl/libmodules__lvgl.a(qrcodegen.c.obj):(.comment) is being placed in '.comment'
ld.lld: warning: modules/lvgl/libmodules__lvgl.a(qrcodegen.c.obj):(.debug_frame) is being placed in '.debug_frame'
ld.lld: warning: modules/lvgl/libmodules__lvgl.a(qrcodegen.c.obj):(.debug_line) is being placed in '.debug_line'
ld.lld: warning: modules/lvgl/libmodules__lvgl.a(lv_rlottie.c.obj):(.comment) is being placed in '.comment'
ld.lld: warning: modules/lvgl/libmodules__lvgl.a(lv_sjpg.c.obj):(.comment) is being placed in '.comment'
ld.lld: warning: modules/lvgl/libmodules__lvgl.a(tjpgd.c.obj):(.comment) is being placed in '.comment'
ld.lld: warning: modules/lvgl/libmodules__lvgl.a(lv_tiny_ttf.c.obj):(.comment) is being placed in '.comment'
ld.lld: warning: modules/lvgl/libmodules__lvgl.a(lv_extra.c.obj):(.debug_abbrev) is being placed in '.debug_abbrev'
ld.lld: warning: modules/lvgl/libmodules__lvgl.a(lv_extra.c.obj):(.debug_info) is being placed in '.debug_info'
ld.lld: warning: modules/lvgl/libmodules__lvgl.a(lv_extra.c.obj):(.debug_str) is being placed in '.debug_str'
ld.lld: warning: modules/lvgl/libmodules__lvgl.a(lv_extra.c.obj):(.comment) is being placed in '.comment'
ld.lld: warning: modules/lvgl/libmodules__lvgl.a(lv_extra.c.obj):(.debug_frame) is being placed in '.debug_frame'
ld.lld: warning: modules/lvgl/libmodules__lvgl.a(lv_extra.c.obj):(.debug_line) is being placed in '.debug_line'
ld.lld: warning: modules/lvgl/libmodules__lvgl.a(lv_fragment.c.obj):(.comment) is being placed in '.comment'
ld.lld: warning: modules/lvgl/libmodules__lvgl.a(lv_fragment_manager.c.obj):(.comment) is being placed in '.comment'
ld.lld: warning: modules/lvgl/libmodules__lvgl.a(lv_gridnav.c.obj):(.comment) is being placed in '.comment'
ld.lld: warning: modules/lvgl/libmodules__lvgl.a(lv_ime_pinyin.c.obj):(.comment) is being placed in '.comment'
ld.lld: warning: modules/lvgl/libmodules__lvgl.a(lv_imgfont.c.obj):(.comment) is being placed in '.comment'
ld.lld: warning: modules/lvgl/libmodules__lvgl.a(lv_monkey.c.obj):(.comment) is being placed in '.comment'
ld.lld: warning: modules/lvgl/libmodules__lvgl.a(lv_msg.c.obj):(.comment) is being placed in '.comment'
ld.lld: warning: modules/lvgl/libmodules__lvgl.a(lv_snapshot.c.obj):(.debug_loc) is being placed in '.debug_loc'
ld.lld: warning: modules/lvgl/libmodules__lvgl.a(lv_snapshot.c.obj):(.debug_abbrev) is being placed in '.debug_abbrev'
ld.lld: warning: modules/lvgl/libmodules__lvgl.a(lv_snapshot.c.obj):(.debug_info) is being placed in '.debug_info'
ld.lld: warning: modules/lvgl/libmodules__lvgl.a(lv_snapshot.c.obj):(.debug_ranges) is being placed in '.debug_ranges'
ld.lld: warning: modules/lvgl/libmodules__lvgl.a(lv_snapshot.c.obj):(.debug_str) is being placed in '.debug_str'
ld.lld: warning: modules/lvgl/libmodules__lvgl.a(lv_snapshot.c.obj):(.comment) is being placed in '.comment'
ld.lld: warning: modules/lvgl/libmodules__lvgl.a(lv_snapshot.c.obj):(.debug_frame) is being placed in '.debug_frame'
ld.lld: warning: modules/lvgl/libmodules__lvgl.a(lv_snapshot.c.obj):(.debug_line) is being placed in '.debug_line'
ld.lld: warning: modules/lvgl/libmodules__lvgl.a(lv_theme_basic.c.obj):(.debug_loc) is being placed in '.debug_loc'
ld.lld: warning: modules/lvgl/libmodules__lvgl.a(lv_theme_basic.c.obj):(.debug_abbrev) is being placed in '.debug_abbrev'
ld.lld: warning: modules/lvgl/libmodules__lvgl.a(lv_theme_basic.c.obj):(.debug_info) is being placed in '.debug_info'
ld.lld: warning: modules/lvgl/libmodules__lvgl.a(lv_theme_basic.c.obj):(.debug_ranges) is being placed in '.debug_ranges'
ld.lld: warning: modules/lvgl/libmodules__lvgl.a(lv_theme_basic.c.obj):(.debug_str) is being placed in '.debug_str'
ld.lld: warning: modules/lvgl/libmodules__lvgl.a(lv_theme_basic.c.obj):(.comment) is being placed in '.comment'
ld.lld: warning: modules/lvgl/libmodules__lvgl.a(lv_theme_basic.c.obj):(.debug_frame) is being placed in '.debug_frame'
ld.lld: warning: modules/lvgl/libmodules__lvgl.a(lv_theme_basic.c.obj):(.debug_line) is being placed in '.debug_line'
ld.lld: warning: modules/lvgl/libmodules__lvgl.a(lv_theme_default.c.obj):(.debug_loc) is being placed in '.debug_loc'
ld.lld: warning: modules/lvgl/libmodules__lvgl.a(lv_theme_default.c.obj):(.debug_abbrev) is being placed in '.debug_abbrev'
ld.lld: warning: modules/lvgl/libmodules__lvgl.a(lv_theme_default.c.obj):(.debug_info) is being placed in '.debug_info'
ld.lld: warning: modules/lvgl/libmodules__lvgl.a(lv_theme_default.c.obj):(.debug_ranges) is being placed in '.debug_ranges'
ld.lld: warning: modules/lvgl/libmodules__lvgl.a(lv_theme_default.c.obj):(.debug_str) is being placed in '.debug_str'
ld.lld: warning: modules/lvgl/libmodules__lvgl.a(lv_theme_default.c.obj):(.comment) is being placed in '.comment'
ld.lld: warning: modules/lvgl/libmodules__lvgl.a(lv_theme_default.c.obj):(.debug_frame) is being placed in '.debug_frame'
ld.lld: warning: modules/lvgl/libmodules__lvgl.a(lv_theme_default.c.obj):(.debug_line) is being placed in '.debug_line'
ld.lld: warning: modules/lvgl/libmodules__lvgl.a(lv_theme_mono.c.obj):(.comment) is being placed in '.comment'
ld.lld: warning: modules/lvgl/libmodules__lvgl.a(lv_animimg.c.obj):(.debug_loc) is being placed in '.debug_loc'
ld.lld: warning: modules/lvgl/libmodules__lvgl.a(lv_animimg.c.obj):(.debug_abbrev) is being placed in '.debug_abbrev'
ld.lld: warning: modules/lvgl/libmodules__lvgl.a(lv_animimg.c.obj):(.debug_info) is being placed in '.debug_info'
ld.lld: warning: modules/lvgl/libmodules__lvgl.a(lv_animimg.c.obj):(.debug_ranges) is being placed in '.debug_ranges'
ld.lld: warning: modules/lvgl/libmodules__lvgl.a(lv_animimg.c.obj):(.debug_str) is being placed in '.debug_str'
ld.lld: warning: modules/lvgl/libmodules__lvgl.a(lv_animimg.c.obj):(.comment) is being placed in '.comment'
ld.lld: warning: modules/lvgl/libmodules__lvgl.a(lv_animimg.c.obj):(.debug_frame) is being placed in '.debug_frame'
ld.lld: warning: modules/lvgl/libmodules__lvgl.a(lv_animimg.c.obj):(.debug_line) is being placed in '.debug_line'
ld.lld: warning: modules/lvgl/libmodules__lvgl.a(lv_calendar.c.obj):(.debug_loc) is being placed in '.debug_loc'
ld.lld: warning: modules/lvgl/libmodules__lvgl.a(lv_calendar.c.obj):(.debug_abbrev) is being placed in '.debug_abbrev'
ld.lld: warning: modules/lvgl/libmodules__lvgl.a(lv_calendar.c.obj):(.debug_info) is being placed in '.debug_info'
ld.lld: warning: modules/lvgl/libmodules__lvgl.a(lv_calendar.c.obj):(.debug_ranges) is being placed in '.debug_ranges'
ld.lld: warning: modules/lvgl/libmodules__lvgl.a(lv_calendar.c.obj):(.debug_str) is being placed in '.debug_str'
ld.lld: warning: modules/lvgl/libmodules__lvgl.a(lv_calendar.c.obj):(.comment) is being placed in '.comment'
ld.lld: warning: modules/lvgl/libmodules__lvgl.a(lv_calendar.c.obj):(.debug_frame) is being placed in '.debug_frame'
ld.lld: warning: modules/lvgl/libmodules__lvgl.a(lv_calendar.c.obj):(.debug_line) is being placed in '.debug_line'
ld.lld: warning: modules/lvgl/libmodules__lvgl.a(lv_calendar_header_arrow.c.obj):(.debug_loc) is being placed in '.debug_loc'
ld.lld: warning: modules/lvgl/libmodules__lvgl.a(lv_calendar_header_arrow.c.obj):(.debug_abbrev) is being placed in '.debug_abbrev'
ld.lld: warning: modules/lvgl/libmodules__lvgl.a(lv_calendar_header_arrow.c.obj):(.debug_info) is being placed in '.debug_info'
ld.lld: warning: modules/lvgl/libmodules__lvgl.a(lv_calendar_header_arrow.c.obj):(.debug_ranges) is being placed in '.debug_ranges'
ld.lld: warning: modules/lvgl/libmodules__lvgl.a(lv_calendar_header_arrow.c.obj):(.debug_str) is being placed in '.debug_str'
ld.lld: warning: modules/lvgl/libmodules__lvgl.a(lv_calendar_header_arrow.c.obj):(.comment) is being placed in '.comment'
ld.lld: warning: modules/lvgl/libmodules__lvgl.a(lv_calendar_header_arrow.c.obj):(.debug_frame) is being placed in '.debug_frame'
ld.lld: warning: modules/lvgl/libmodules__lvgl.a(lv_calendar_header_arrow.c.obj):(.debug_line) is being placed in '.debug_line'
ld.lld: warning: modules/lvgl/libmodules__lvgl.a(lv_calendar_header_dropdown.c.obj):(.debug_loc) is being placed in '.debug_loc'
ld.lld: warning: modules/lvgl/libmodules__lvgl.a(lv_calendar_header_dropdown.c.obj):(.debug_abbrev) is being placed in '.debug_abbrev'
ld.lld: warning: modules/lvgl/libmodules__lvgl.a(lv_calendar_header_dropdown.c.obj):(.debug_info) is being placed in '.debug_info'
ld.lld: warning: modules/lvgl/libmodules__lvgl.a(lv_calendar_header_dropdown.c.obj):(.debug_ranges) is being placed in '.debug_ranges'
ld.lld: warning: modules/lvgl/libmodules__lvgl.a(lv_calendar_header_dropdown.c.obj):(.debug_str) is being placed in '.debug_str'
ld.lld: warning: modules/lvgl/libmodules__lvgl.a(lv_calendar_header_dropdown.c.obj):(.comment) is being placed in '.comment'
ld.lld: warning: modules/lvgl/libmodules__lvgl.a(lv_calendar_header_dropdown.c.obj):(.debug_frame) is being placed in '.debug_frame'
ld.lld: warning: modules/lvgl/libmodules__lvgl.a(lv_calendar_header_dropdown.c.obj):(.debug_line) is being placed in '.debug_line'
ld.lld: warning: modules/lvgl/libmodules__lvgl.a(lv_chart.c.obj):(.debug_loc) is being placed in '.debug_loc'
ld.lld: warning: modules/lvgl/libmodules__lvgl.a(lv_chart.c.obj):(.debug_abbrev) is being placed in '.debug_abbrev'
ld.lld: warning: modules/lvgl/libmodules__lvgl.a(lv_chart.c.obj):(.debug_info) is being placed in '.debug_info'
ld.lld: warning: modules/lvgl/libmodules__lvgl.a(lv_chart.c.obj):(.debug_ranges) is being placed in '.debug_ranges'
ld.lld: warning: modules/lvgl/libmodules__lvgl.a(lv_chart.c.obj):(.debug_str) is being placed in '.debug_str'
ld.lld: warning: modules/lvgl/libmodules__lvgl.a(lv_chart.c.obj):(.comment) is being placed in '.comment'
ld.lld: warning: modules/lvgl/libmodules__lvgl.a(lv_chart.c.obj):(.debug_frame) is being placed in '.debug_frame'
ld.lld: warning: modules/lvgl/libmodules__lvgl.a(lv_chart.c.obj):(.debug_line) is being placed in '.debug_line'
ld.lld: warning: modules/lvgl/libmodules__lvgl.a(lv_colorwheel.c.obj):(.debug_loc) is being placed in '.debug_loc'
ld.lld: warning: modules/lvgl/libmodules__lvgl.a(lv_colorwheel.c.obj):(.debug_abbrev) is being placed in '.debug_abbrev'
ld.lld: warning: modules/lvgl/libmodules__lvgl.a(lv_colorwheel.c.obj):(.debug_info) is being placed in '.debug_info'
ld.lld: warning: modules/lvgl/libmodules__lvgl.a(lv_colorwheel.c.obj):(.debug_ranges) is being placed in '.debug_ranges'
ld.lld: warning: modules/lvgl/libmodules__lvgl.a(lv_colorwheel.c.obj):(.debug_str) is being placed in '.debug_str'
ld.lld: warning: modules/lvgl/libmodules__lvgl.a(lv_colorwheel.c.obj):(.comment) is being placed in '.comment'
ld.lld: warning: modules/lvgl/libmodules__lvgl.a(lv_colorwheel.c.obj):(.debug_frame) is being placed in '.debug_frame'
ld.lld: warning: modules/lvgl/libmodules__lvgl.a(lv_colorwheel.c.obj):(.debug_line) is being placed in '.debug_line'
ld.lld: warning: modules/lvgl/libmodules__lvgl.a(lv_imgbtn.c.obj):(.debug_loc) is being placed in '.debug_loc'
ld.lld: warning: modules/lvgl/libmodules__lvgl.a(lv_imgbtn.c.obj):(.debug_abbrev) is being placed in '.debug_abbrev'
ld.lld: warning: modules/lvgl/libmodules__lvgl.a(lv_imgbtn.c.obj):(.debug_info) is being placed in '.debug_info'
ld.lld: warning: modules/lvgl/libmodules__lvgl.a(lv_imgbtn.c.obj):(.debug_ranges) is being placed in '.debug_ranges'
ld.lld: warning: modules/lvgl/libmodules__lvgl.a(lv_imgbtn.c.obj):(.debug_str) is being placed in '.debug_str'
ld.lld: warning: modules/lvgl/libmodules__lvgl.a(lv_imgbtn.c.obj):(.comment) is being placed in '.comment'
ld.lld: warning: modules/lvgl/libmodules__lvgl.a(lv_imgbtn.c.obj):(.debug_frame) is being placed in '.debug_frame'
ld.lld: warning: modules/lvgl/libmodules__lvgl.a(lv_imgbtn.c.obj):(.debug_line) is being placed in '.debug_line'
ld.lld: warning: modules/lvgl/libmodules__lvgl.a(lv_keyboard.c.obj):(.debug_loc) is being placed in '.debug_loc'
ld.lld: warning: modules/lvgl/libmodules__lvgl.a(lv_keyboard.c.obj):(.debug_abbrev) is being placed in '.debug_abbrev'
ld.lld: warning: modules/lvgl/libmodules__lvgl.a(lv_keyboard.c.obj):(.debug_info) is being placed in '.debug_info'
ld.lld: warning: modules/lvgl/libmodules__lvgl.a(lv_keyboard.c.obj):(.debug_ranges) is being placed in '.debug_ranges'
ld.lld: warning: modules/lvgl/libmodules__lvgl.a(lv_keyboard.c.obj):(.debug_str) is being placed in '.debug_str'
ld.lld: warning: modules/lvgl/libmodules__lvgl.a(lv_keyboard.c.obj):(.comment) is being placed in '.comment'
ld.lld: warning: modules/lvgl/libmodules__lvgl.a(lv_keyboard.c.obj):(.debug_frame) is being placed in '.debug_frame'
ld.lld: warning: modules/lvgl/libmodules__lvgl.a(lv_keyboard.c.obj):(.debug_line) is being placed in '.debug_line'
ld.lld: warning: modules/lvgl/libmodules__lvgl.a(lv_led.c.obj):(.debug_loc) is being placed in '.debug_loc'
ld.lld: warning: modules/lvgl/libmodules__lvgl.a(lv_led.c.obj):(.debug_abbrev) is being placed in '.debug_abbrev'
ld.lld: warning: modules/lvgl/libmodules__lvgl.a(lv_led.c.obj):(.debug_info) is being placed in '.debug_info'
ld.lld: warning: modules/lvgl/libmodules__lvgl.a(lv_led.c.obj):(.debug_ranges) is being placed in '.debug_ranges'
ld.lld: warning: modules/lvgl/libmodules__lvgl.a(lv_led.c.obj):(.debug_str) is being placed in '.debug_str'
ld.lld: warning: modules/lvgl/libmodules__lvgl.a(lv_led.c.obj):(.comment) is being placed in '.comment'
ld.lld: warning: modules/lvgl/libmodules__lvgl.a(lv_led.c.obj):(.debug_frame) is being placed in '.debug_frame'
ld.lld: warning: modules/lvgl/libmodules__lvgl.a(lv_led.c.obj):(.debug_line) is being placed in '.debug_line'
ld.lld: warning: modules/lvgl/libmodules__lvgl.a(lv_list.c.obj):(.debug_loc) is being placed in '.debug_loc'
ld.lld: warning: modules/lvgl/libmodules__lvgl.a(lv_list.c.obj):(.debug_abbrev) is being placed in '.debug_abbrev'
ld.lld: warning: modules/lvgl/libmodules__lvgl.a(lv_list.c.obj):(.debug_info) is being placed in '.debug_info'
ld.lld: warning: modules/lvgl/libmodules__lvgl.a(lv_list.c.obj):(.debug_ranges) is being placed in '.debug_ranges'
ld.lld: warning: modules/lvgl/libmodules__lvgl.a(lv_list.c.obj):(.debug_str) is being placed in '.debug_str'
ld.lld: warning: modules/lvgl/libmodules__lvgl.a(lv_list.c.obj):(.comment) is being placed in '.comment'
ld.lld: warning: modules/lvgl/libmodules__lvgl.a(lv_list.c.obj):(.debug_frame) is being placed in '.debug_frame'
ld.lld: warning: modules/lvgl/libmodules__lvgl.a(lv_list.c.obj):(.debug_line) is being placed in '.debug_line'
ld.lld: warning: modules/lvgl/libmodules__lvgl.a(lv_menu.c.obj):(.debug_loc) is being placed in '.debug_loc'
ld.lld: warning: modules/lvgl/libmodules__lvgl.a(lv_menu.c.obj):(.debug_abbrev) is being placed in '.debug_abbrev'
ld.lld: warning: modules/lvgl/libmodules__lvgl.a(lv_menu.c.obj):(.debug_info) is being placed in '.debug_info'
ld.lld: warning: modules/lvgl/libmodules__lvgl.a(lv_menu.c.obj):(.debug_ranges) is being placed in '.debug_ranges'
ld.lld: warning: modules/lvgl/libmodules__lvgl.a(lv_menu.c.obj):(.debug_str) is being placed in '.debug_str'
ld.lld: warning: modules/lvgl/libmodules__lvgl.a(lv_menu.c.obj):(.comment) is being placed in '.comment'
ld.lld: warning: modules/lvgl/libmodules__lvgl.a(lv_menu.c.obj):(.debug_frame) is being placed in '.debug_frame'
ld.lld: warning: modules/lvgl/libmodules__lvgl.a(lv_menu.c.obj):(.debug_line) is being placed in '.debug_line'
ld.lld: warning: modules/lvgl/libmodules__lvgl.a(lv_meter.c.obj):(.debug_loc) is being placed in '.debug_loc'
ld.lld: warning: modules/lvgl/libmodules__lvgl.a(lv_meter.c.obj):(.debug_abbrev) is being placed in '.debug_abbrev'
ld.lld: warning: modules/lvgl/libmodules__lvgl.a(lv_meter.c.obj):(.debug_info) is being placed in '.debug_info'
ld.lld: warning: modules/lvgl/libmodules__lvgl.a(lv_meter.c.obj):(.debug_ranges) is being placed in '.debug_ranges'
ld.lld: warning: modules/lvgl/libmodules__lvgl.a(lv_meter.c.obj):(.debug_str) is being placed in '.debug_str'
ld.lld: warning: modules/lvgl/libmodules__lvgl.a(lv_meter.c.obj):(.comment) is being placed in '.comment'
ld.lld: warning: modules/lvgl/libmodules__lvgl.a(lv_meter.c.obj):(.debug_frame) is being placed in '.debug_frame'
ld.lld: warning: modules/lvgl/libmodules__lvgl.a(lv_meter.c.obj):(.debug_line) is being placed in '.debug_line'
ld.lld: warning: modules/lvgl/libmodules__lvgl.a(lv_msgbox.c.obj):(.debug_loc) is being placed in '.debug_loc'
ld.lld: warning: modules/lvgl/libmodules__lvgl.a(lv_msgbox.c.obj):(.debug_abbrev) is being placed in '.debug_abbrev'
ld.lld: warning: modules/lvgl/libmodules__lvgl.a(lv_msgbox.c.obj):(.debug_info) is being placed in '.debug_info'
ld.lld: warning: modules/lvgl/libmodules__lvgl.a(lv_msgbox.c.obj):(.debug_ranges) is being placed in '.debug_ranges'
ld.lld: warning: modules/lvgl/libmodules__lvgl.a(lv_msgbox.c.obj):(.debug_str) is being placed in '.debug_str'
ld.lld: warning: modules/lvgl/libmodules__lvgl.a(lv_msgbox.c.obj):(.comment) is being placed in '.comment'
ld.lld: warning: modules/lvgl/libmodules__lvgl.a(lv_msgbox.c.obj):(.debug_frame) is being placed in '.debug_frame'
ld.lld: warning: modules/lvgl/libmodules__lvgl.a(lv_msgbox.c.obj):(.debug_line) is being placed in '.debug_line'
ld.lld: warning: modules/lvgl/libmodules__lvgl.a(lv_span.c.obj):(.debug_loc) is being placed in '.debug_loc'
ld.lld: warning: modules/lvgl/libmodules__lvgl.a(lv_span.c.obj):(.debug_abbrev) is being placed in '.debug_abbrev'
ld.lld: warning: modules/lvgl/libmodules__lvgl.a(lv_span.c.obj):(.debug_info) is being placed in '.debug_info'
ld.lld: warning: modules/lvgl/libmodules__lvgl.a(lv_span.c.obj):(.debug_ranges) is being placed in '.debug_ranges'
ld.lld: warning: modules/lvgl/libmodules__lvgl.a(lv_span.c.obj):(.debug_str) is being placed in '.debug_str'
ld.lld: warning: modules/lvgl/libmodules__lvgl.a(lv_span.c.obj):(.comment) is being placed in '.comment'
ld.lld: warning: modules/lvgl/libmodules__lvgl.a(lv_span.c.obj):(.debug_frame) is being placed in '.debug_frame'
ld.lld: warning: modules/lvgl/libmodules__lvgl.a(lv_span.c.obj):(.debug_line) is being placed in '.debug_line'
ld.lld: warning: modules/lvgl/libmodules__lvgl.a(lv_spinbox.c.obj):(.debug_loc) is being placed in '.debug_loc'
ld.lld: warning: modules/lvgl/libmodules__lvgl.a(lv_spinbox.c.obj):(.debug_abbrev) is being placed in '.debug_abbrev'
ld.lld: warning: modules/lvgl/libmodules__lvgl.a(lv_spinbox.c.obj):(.debug_info) is being placed in '.debug_info'
ld.lld: warning: modules/lvgl/libmodules__lvgl.a(lv_spinbox.c.obj):(.debug_ranges) is being placed in '.debug_ranges'
ld.lld: warning: modules/lvgl/libmodules__lvgl.a(lv_spinbox.c.obj):(.debug_str) is being placed in '.debug_str'
ld.lld: warning: modules/lvgl/libmodules__lvgl.a(lv_spinbox.c.obj):(.comment) is being placed in '.comment'
ld.lld: warning: modules/lvgl/libmodules__lvgl.a(lv_spinbox.c.obj):(.debug_frame) is being placed in '.debug_frame'
ld.lld: warning: modules/lvgl/libmodules__lvgl.a(lv_spinbox.c.obj):(.debug_line) is being placed in '.debug_line'
ld.lld: warning: modules/lvgl/libmodules__lvgl.a(lv_spinner.c.obj):(.debug_loc) is being placed in '.debug_loc'
ld.lld: warning: modules/lvgl/libmodules__lvgl.a(lv_spinner.c.obj):(.debug_abbrev) is being placed in '.debug_abbrev'
ld.lld: warning: modules/lvgl/libmodules__lvgl.a(lv_spinner.c.obj):(.debug_info) is being placed in '.debug_info'
ld.lld: warning: modules/lvgl/libmodules__lvgl.a(lv_spinner.c.obj):(.debug_ranges) is being placed in '.debug_ranges'
ld.lld: warning: modules/lvgl/libmodules__lvgl.a(lv_spinner.c.obj):(.debug_str) is being placed in '.debug_str'
ld.lld: warning: modules/lvgl/libmodules__lvgl.a(lv_spinner.c.obj):(.comment) is being placed in '.comment'
ld.lld: warning: modules/lvgl/libmodules__lvgl.a(lv_spinner.c.obj):(.debug_frame) is being placed in '.debug_frame'
ld.lld: warning: modules/lvgl/libmodules__lvgl.a(lv_spinner.c.obj):(.debug_line) is being placed in '.debug_line'
ld.lld: warning: modules/lvgl/libmodules__lvgl.a(lv_tabview.c.obj):(.debug_loc) is being placed in '.debug_loc'
ld.lld: warning: modules/lvgl/libmodules__lvgl.a(lv_tabview.c.obj):(.debug_abbrev) is being placed in '.debug_abbrev'
ld.lld: warning: modules/lvgl/libmodules__lvgl.a(lv_tabview.c.obj):(.debug_info) is being placed in '.debug_info'
ld.lld: warning: modules/lvgl/libmodules__lvgl.a(lv_tabview.c.obj):(.debug_ranges) is being placed in '.debug_ranges'
ld.lld: warning: modules/lvgl/libmodules__lvgl.a(lv_tabview.c.obj):(.debug_str) is being placed in '.debug_str'
ld.lld: warning: modules/lvgl/libmodules__lvgl.a(lv_tabview.c.obj):(.comment) is being placed in '.comment'
ld.lld: warning: modules/lvgl/libmodules__lvgl.a(lv_tabview.c.obj):(.debug_frame) is being placed in '.debug_frame'
ld.lld: warning: modules/lvgl/libmodules__lvgl.a(lv_tabview.c.obj):(.debug_line) is being placed in '.debug_line'
ld.lld: warning: modules/lvgl/libmodules__lvgl.a(lv_tileview.c.obj):(.debug_loc) is being placed in '.debug_loc'
ld.lld: warning: modules/lvgl/libmodules__lvgl.a(lv_tileview.c.obj):(.debug_abbrev) is being placed in '.debug_abbrev'
ld.lld: warning: modules/lvgl/libmodules__lvgl.a(lv_tileview.c.obj):(.debug_info) is being placed in '.debug_info'
ld.lld: warning: modules/lvgl/libmodules__lvgl.a(lv_tileview.c.obj):(.debug_ranges) is being placed in '.debug_ranges'
ld.lld: warning: modules/lvgl/libmodules__lvgl.a(lv_tileview.c.obj):(.debug_str) is being placed in '.debug_str'
ld.lld: warning: modules/lvgl/libmodules__lvgl.a(lv_tileview.c.obj):(.comment) is being placed in '.comment'
ld.lld: warning: modules/lvgl/libmodules__lvgl.a(lv_tileview.c.obj):(.debug_frame) is being placed in '.debug_frame'
ld.lld: warning: modules/lvgl/libmodules__lvgl.a(lv_tileview.c.obj):(.debug_line) is being placed in '.debug_line'
ld.lld: warning: modules/lvgl/libmodules__lvgl.a(lv_win.c.obj):(.debug_loc) is being placed in '.debug_loc'
ld.lld: warning: modules/lvgl/libmodules__lvgl.a(lv_win.c.obj):(.debug_abbrev) is being placed in '.debug_abbrev'
ld.lld: warning: modules/lvgl/libmodules__lvgl.a(lv_win.c.obj):(.debug_info) is being placed in '.debug_info'
ld.lld: warning: modules/lvgl/libmodules__lvgl.a(lv_win.c.obj):(.debug_ranges) is being placed in '.debug_ranges'
ld.lld: warning: modules/lvgl/libmodules__lvgl.a(lv_win.c.obj):(.debug_str) is being placed in '.debug_str'
ld.lld: warning: modules/lvgl/libmodules__lvgl.a(lv_win.c.obj):(.comment) is being placed in '.comment'
ld.lld: warning: modules/lvgl/libmodules__lvgl.a(lv_win.c.obj):(.debug_frame) is being placed in '.debug_frame'
ld.lld: warning: modules/lvgl/libmodules__lvgl.a(lv_win.c.obj):(.debug_line) is being placed in '.debug_line'
ld.lld: warning: modules/lvgl/libmodules__lvgl.a(lv_font.c.obj):(.debug_loc) is being placed in '.debug_loc'
ld.lld: warning: modules/lvgl/libmodules__lvgl.a(lv_font.c.obj):(.debug_abbrev) is being placed in '.debug_abbrev'
ld.lld: warning: modules/lvgl/libmodules__lvgl.a(lv_font.c.obj):(.debug_info) is being placed in '.debug_info'
ld.lld: warning: modules/lvgl/libmodules__lvgl.a(lv_font.c.obj):(.debug_ranges) is being placed in '.debug_ranges'
ld.lld: warning: modules/lvgl/libmodules__lvgl.a(lv_font.c.obj):(.debug_str) is being placed in '.debug_str'
ld.lld: warning: modules/lvgl/libmodules__lvgl.a(lv_font.c.obj):(.comment) is being placed in '.comment'
ld.lld: warning: modules/lvgl/libmodules__lvgl.a(lv_font.c.obj):(.debug_frame) is being placed in '.debug_frame'
ld.lld: warning: modules/lvgl/libmodules__lvgl.a(lv_font.c.obj):(.debug_line) is being placed in '.debug_line'
ld.lld: warning: modules/lvgl/libmodules__lvgl.a(lv_font_dejavu_16_persian_hebrew.c.obj):(.comment) is being placed in '.comment'
ld.lld: warning: modules/lvgl/libmodules__lvgl.a(lv_font_fmt_txt.c.obj):(.debug_loc) is being placed in '.debug_loc'
ld.lld: warning: modules/lvgl/libmodules__lvgl.a(lv_font_fmt_txt.c.obj):(.debug_abbrev) is being placed in '.debug_abbrev'
ld.lld: warning: modules/lvgl/libmodules__lvgl.a(lv_font_fmt_txt.c.obj):(.debug_info) is being placed in '.debug_info'
ld.lld: warning: modules/lvgl/libmodules__lvgl.a(lv_font_fmt_txt.c.obj):(.debug_ranges) is being placed in '.debug_ranges'
ld.lld: warning: modules/lvgl/libmodules__lvgl.a(lv_font_fmt_txt.c.obj):(.debug_str) is being placed in '.debug_str'
ld.lld: warning: modules/lvgl/libmodules__lvgl.a(lv_font_fmt_txt.c.obj):(.comment) is being placed in '.comment'
ld.lld: warning: modules/lvgl/libmodules__lvgl.a(lv_font_fmt_txt.c.obj):(.debug_frame) is being placed in '.debug_frame'
ld.lld: warning: modules/lvgl/libmodules__lvgl.a(lv_font_fmt_txt.c.obj):(.debug_line) is being placed in '.debug_line'
ld.lld: warning: modules/lvgl/libmodules__lvgl.a(lv_font_loader.c.obj):(.debug_loc) is being placed in '.debug_loc'
ld.lld: warning: modules/lvgl/libmodules__lvgl.a(lv_font_loader.c.obj):(.debug_abbrev) is being placed in '.debug_abbrev'
ld.lld: warning: modules/lvgl/libmodules__lvgl.a(lv_font_loader.c.obj):(.debug_info) is being placed in '.debug_info'
ld.lld: warning: modules/lvgl/libmodules__lvgl.a(lv_font_loader.c.obj):(.debug_ranges) is being placed in '.debug_ranges'
ld.lld: warning: modules/lvgl/libmodules__lvgl.a(lv_font_loader.c.obj):(.debug_str) is being placed in '.debug_str'
ld.lld: warning: modules/lvgl/libmodules__lvgl.a(lv_font_loader.c.obj):(.comment) is being placed in '.comment'
ld.lld: warning: modules/lvgl/libmodules__lvgl.a(lv_font_loader.c.obj):(.debug_frame) is being placed in '.debug_frame'
ld.lld: warning: modules/lvgl/libmodules__lvgl.a(lv_font_loader.c.obj):(.debug_line) is being placed in '.debug_line'
ld.lld: warning: modules/lvgl/libmodules__lvgl.a(lv_font_montserrat_10.c.obj):(.comment) is being placed in '.comment'
ld.lld: warning: modules/lvgl/libmodules__lvgl.a(lv_font_montserrat_12.c.obj):(.comment) is being placed in '.comment'
ld.lld: warning: modules/lvgl/libmodules__lvgl.a(lv_font_montserrat_12_subpx.c.obj):(.comment) is being placed in '.comment'
ld.lld: warning: modules/lvgl/libmodules__lvgl.a(lv_font_montserrat_14.c.obj):(.debug_abbrev) is being placed in '.debug_abbrev'
ld.lld: warning: modules/lvgl/libmodules__lvgl.a(lv_font_montserrat_14.c.obj):(.debug_info) is being placed in '.debug_info'
ld.lld: warning: modules/lvgl/libmodules__lvgl.a(lv_font_montserrat_14.c.obj):(.debug_str) is being placed in '.debug_str'
ld.lld: warning: modules/lvgl/libmodules__lvgl.a(lv_font_montserrat_14.c.obj):(.comment) is being placed in '.comment'
ld.lld: warning: modules/lvgl/libmodules__lvgl.a(lv_font_montserrat_14.c.obj):(.debug_line) is being placed in '.debug_line'
ld.lld: warning: modules/lvgl/libmodules__lvgl.a(lv_font_montserrat_16.c.obj):(.comment) is being placed in '.comment'
ld.lld: warning: modules/lvgl/libmodules__lvgl.a(lv_font_montserrat_18.c.obj):(.comment) is being placed in '.comment'
ld.lld: warning: modules/lvgl/libmodules__lvgl.a(lv_font_montserrat_20.c.obj):(.comment) is being placed in '.comment'
ld.lld: warning: modules/lvgl/libmodules__lvgl.a(lv_font_montserrat_22.c.obj):(.comment) is being placed in '.comment'
ld.lld: warning: modules/lvgl/libmodules__lvgl.a(lv_font_montserrat_24.c.obj):(.comment) is being placed in '.comment'
ld.lld: warning: modules/lvgl/libmodules__lvgl.a(lv_font_montserrat_26.c.obj):(.comment) is being placed in '.comment'
ld.lld: warning: modules/lvgl/libmodules__lvgl.a(lv_font_montserrat_28.c.obj):(.debug_abbrev) is being placed in '.debug_abbrev'
ld.lld: warning: modules/lvgl/libmodules__lvgl.a(lv_font_montserrat_28.c.obj):(.debug_info) is being placed in '.debug_info'
ld.lld: warning: modules/lvgl/libmodules__lvgl.a(lv_font_montserrat_28.c.obj):(.debug_str) is being placed in '.debug_str'
ld.lld: warning: modules/lvgl/libmodules__lvgl.a(lv_font_montserrat_28.c.obj):(.comment) is being placed in '.comment'
ld.lld: warning: modules/lvgl/libmodules__lvgl.a(lv_font_montserrat_28.c.obj):(.debug_line) is being placed in '.debug_line'
ld.lld: warning: modules/lvgl/libmodules__lvgl.a(lv_font_montserrat_28_compressed.c.obj):(.comment) is being placed in '.comment'
ld.lld: warning: modules/lvgl/libmodules__lvgl.a(lv_font_montserrat_30.c.obj):(.comment) is being placed in '.comment'
ld.lld: warning: modules/lvgl/libmodules__lvgl.a(lv_font_montserrat_32.c.obj):(.comment) is being placed in '.comment'
ld.lld: warning: modules/lvgl/libmodules__lvgl.a(lv_font_montserrat_34.c.obj):(.comment) is being placed in '.comment'
ld.lld: warning: modules/lvgl/libmodules__lvgl.a(lv_font_montserrat_36.c.obj):(.comment) is being placed in '.comment'
ld.lld: warning: modules/lvgl/libmodules__lvgl.a(lv_font_montserrat_38.c.obj):(.comment) is being placed in '.comment'
ld.lld: warning: modules/lvgl/libmodules__lvgl.a(lv_font_montserrat_40.c.obj):(.comment) is being placed in '.comment'
ld.lld: warning: modules/lvgl/libmodules__lvgl.a(lv_font_montserrat_42.c.obj):(.comment) is being placed in '.comment'
ld.lld: warning: modules/lvgl/libmodules__lvgl.a(lv_font_montserrat_44.c.obj):(.comment) is being placed in '.comment'
ld.lld: warning: modules/lvgl/libmodules__lvgl.a(lv_font_montserrat_46.c.obj):(.comment) is being placed in '.comment'
ld.lld: warning: modules/lvgl/libmodules__lvgl.a(lv_font_montserrat_48.c.obj):(.comment) is being placed in '.comment'
ld.lld: warning: modules/lvgl/libmodules__lvgl.a(lv_font_montserrat_8.c.obj):(.comment) is being placed in '.comment'
ld.lld: warning: modules/lvgl/libmodules__lvgl.a(lv_font_simsun_16_cjk.c.obj):(.comment) is being placed in '.comment'
ld.lld: warning: modules/lvgl/libmodules__lvgl.a(lv_font_unscii_16.c.obj):(.comment) is being placed in '.comment'
ld.lld: warning: modules/lvgl/libmodules__lvgl.a(lv_font_unscii_8.c.obj):(.comment) is being placed in '.comment'
ld.lld: warning: modules/lvgl/libmodules__lvgl.a(lv_hal_disp.c.obj):(.debug_loc) is being placed in '.debug_loc'
ld.lld: warning: modules/lvgl/libmodules__lvgl.a(lv_hal_disp.c.obj):(.debug_abbrev) is being placed in '.debug_abbrev'
ld.lld: warning: modules/lvgl/libmodules__lvgl.a(lv_hal_disp.c.obj):(.debug_info) is being placed in '.debug_info'
ld.lld: warning: modules/lvgl/libmodules__lvgl.a(lv_hal_disp.c.obj):(.debug_ranges) is being placed in '.debug_ranges'
ld.lld: warning: modules/lvgl/libmodules__lvgl.a(lv_hal_disp.c.obj):(.debug_str) is being placed in '.debug_str'
ld.lld: warning: modules/lvgl/libmodules__lvgl.a(lv_hal_disp.c.obj):(.comment) is being placed in '.comment'
ld.lld: warning: modules/lvgl/libmodules__lvgl.a(lv_hal_disp.c.obj):(.debug_frame) is being placed in '.debug_frame'
ld.lld: warning: modules/lvgl/libmodules__lvgl.a(lv_hal_disp.c.obj):(.debug_line) is being placed in '.debug_line'
ld.lld: warning: modules/lvgl/libmodules__lvgl.a(lv_hal_indev.c.obj):(.debug_loc) is being placed in '.debug_loc'
ld.lld: warning: modules/lvgl/libmodules__lvgl.a(lv_hal_indev.c.obj):(.debug_abbrev) is being placed in '.debug_abbrev'
ld.lld: warning: modules/lvgl/libmodules__lvgl.a(lv_hal_indev.c.obj):(.debug_info) is being placed in '.debug_info'
ld.lld: warning: modules/lvgl/libmodules__lvgl.a(lv_hal_indev.c.obj):(.debug_ranges) is being placed in '.debug_ranges'
ld.lld: warning: modules/lvgl/libmodules__lvgl.a(lv_hal_indev.c.obj):(.debug_str) is being placed in '.debug_str'
ld.lld: warning: modules/lvgl/libmodules__lvgl.a(lv_hal_indev.c.obj):(.comment) is being placed in '.comment'
ld.lld: warning: modules/lvgl/libmodules__lvgl.a(lv_hal_indev.c.obj):(.debug_frame) is being placed in '.debug_frame'
ld.lld: warning: modules/lvgl/libmodules__lvgl.a(lv_hal_indev.c.obj):(.debug_line) is being placed in '.debug_line'
ld.lld: warning: modules/lvgl/libmodules__lvgl.a(lv_hal_tick.c.obj):(.debug_loc) is being placed in '.debug_loc'
ld.lld: warning: modules/lvgl/libmodules__lvgl.a(lv_hal_tick.c.obj):(.debug_abbrev) is being placed in '.debug_abbrev'
ld.lld: warning: modules/lvgl/libmodules__lvgl.a(lv_hal_tick.c.obj):(.debug_info) is being placed in '.debug_info'
ld.lld: warning: modules/lvgl/libmodules__lvgl.a(lv_hal_tick.c.obj):(.debug_ranges) is being placed in '.debug_ranges'
ld.lld: warning: modules/lvgl/libmodules__lvgl.a(lv_hal_tick.c.obj):(.debug_str) is being placed in '.debug_str'
ld.lld: warning: modules/lvgl/libmodules__lvgl.a(lv_hal_tick.c.obj):(.comment) is being placed in '.comment'
ld.lld: warning: modules/lvgl/libmodules__lvgl.a(lv_hal_tick.c.obj):(.debug_frame) is being placed in '.debug_frame'
ld.lld: warning: modules/lvgl/libmodules__lvgl.a(lv_hal_tick.c.obj):(.debug_line) is being placed in '.debug_line'
ld.lld: warning: modules/lvgl/libmodules__lvgl.a(lv_anim.c.obj):(.debug_loc) is being placed in '.debug_loc'
ld.lld: warning: modules/lvgl/libmodules__lvgl.a(lv_anim.c.obj):(.debug_abbrev) is being placed in '.debug_abbrev'
ld.lld: warning: modules/lvgl/libmodules__lvgl.a(lv_anim.c.obj):(.debug_info) is being placed in '.debug_info'
ld.lld: warning: modules/lvgl/libmodules__lvgl.a(lv_anim.c.obj):(.debug_ranges) is being placed in '.debug_ranges'
ld.lld: warning: modules/lvgl/libmodules__lvgl.a(lv_anim.c.obj):(.debug_str) is being placed in '.debug_str'
ld.lld: warning: modules/lvgl/libmodules__lvgl.a(lv_anim.c.obj):(.comment) is being placed in '.comment'
ld.lld: warning: modules/lvgl/libmodules__lvgl.a(lv_anim.c.obj):(.debug_frame) is being placed in '.debug_frame'
ld.lld: warning: modules/lvgl/libmodules__lvgl.a(lv_anim.c.obj):(.debug_line) is being placed in '.debug_line'
ld.lld: warning: modules/lvgl/libmodules__lvgl.a(lv_anim_timeline.c.obj):(.debug_loc) is being placed in '.debug_loc'
ld.lld: warning: modules/lvgl/libmodules__lvgl.a(lv_anim_timeline.c.obj):(.debug_abbrev) is being placed in '.debug_abbrev'
ld.lld: warning: modules/lvgl/libmodules__lvgl.a(lv_anim_timeline.c.obj):(.debug_info) is being placed in '.debug_info'
ld.lld: warning: modules/lvgl/libmodules__lvgl.a(lv_anim_timeline.c.obj):(.debug_ranges) is being placed in '.debug_ranges'
ld.lld: warning: modules/lvgl/libmodules__lvgl.a(lv_anim_timeline.c.obj):(.debug_str) is being placed in '.debug_str'
ld.lld: warning: modules/lvgl/libmodules__lvgl.a(lv_anim_timeline.c.obj):(.comment) is being placed in '.comment'
ld.lld: warning: modules/lvgl/libmodules__lvgl.a(lv_anim_timeline.c.obj):(.debug_frame) is being placed in '.debug_frame'
ld.lld: warning: modules/lvgl/libmodules__lvgl.a(lv_anim_timeline.c.obj):(.debug_line) is being placed in '.debug_line'
ld.lld: warning: modules/lvgl/libmodules__lvgl.a(lv_area.c.obj):(.debug_loc) is being placed in '.debug_loc'
ld.lld: warning: modules/lvgl/libmodules__lvgl.a(lv_area.c.obj):(.debug_abbrev) is being placed in '.debug_abbrev'
ld.lld: warning: modules/lvgl/libmodules__lvgl.a(lv_area.c.obj):(.debug_info) is being placed in '.debug_info'
ld.lld: warning: modules/lvgl/libmodules__lvgl.a(lv_area.c.obj):(.debug_ranges) is being placed in '.debug_ranges'
ld.lld: warning: modules/lvgl/libmodules__lvgl.a(lv_area.c.obj):(.debug_str) is being placed in '.debug_str'
ld.lld: warning: modules/lvgl/libmodules__lvgl.a(lv_area.c.obj):(.comment) is being placed in '.comment'
ld.lld: warning: modules/lvgl/libmodules__lvgl.a(lv_area.c.obj):(.debug_frame) is being placed in '.debug_frame'
ld.lld: warning: modules/lvgl/libmodules__lvgl.a(lv_area.c.obj):(.debug_line) is being placed in '.debug_line'
ld.lld: warning: modules/lvgl/libmodules__lvgl.a(lv_async.c.obj):(.debug_loc) is being placed in '.debug_loc'
ld.lld: warning: modules/lvgl/libmodules__lvgl.a(lv_async.c.obj):(.debug_abbrev) is being placed in '.debug_abbrev'
ld.lld: warning: modules/lvgl/libmodules__lvgl.a(lv_async.c.obj):(.debug_info) is being placed in '.debug_info'
ld.lld: warning: modules/lvgl/libmodules__lvgl.a(lv_async.c.obj):(.debug_ranges) is being placed in '.debug_ranges'
ld.lld: warning: modules/lvgl/libmodules__lvgl.a(lv_async.c.obj):(.debug_str) is being placed in '.debug_str'
ld.lld: warning: modules/lvgl/libmodules__lvgl.a(lv_async.c.obj):(.comment) is being placed in '.comment'
ld.lld: warning: modules/lvgl/libmodules__lvgl.a(lv_async.c.obj):(.debug_frame) is being placed in '.debug_frame'
ld.lld: warning: modules/lvgl/libmodules__lvgl.a(lv_async.c.obj):(.debug_line) is being placed in '.debug_line'
ld.lld: warning: modules/lvgl/libmodules__lvgl.a(lv_bidi.c.obj):(.comment) is being placed in '.comment'
ld.lld: warning: modules/lvgl/libmodules__lvgl.a(lv_color.c.obj):(.debug_loc) is being placed in '.debug_loc'
ld.lld: warning: modules/lvgl/libmodules__lvgl.a(lv_color.c.obj):(.debug_abbrev) is being placed in '.debug_abbrev'
ld.lld: warning: modules/lvgl/libmodules__lvgl.a(lv_color.c.obj):(.debug_info) is being placed in '.debug_info'
ld.lld: warning: modules/lvgl/libmodules__lvgl.a(lv_color.c.obj):(.debug_ranges) is being placed in '.debug_ranges'
ld.lld: warning: modules/lvgl/libmodules__lvgl.a(lv_color.c.obj):(.debug_str) is being placed in '.debug_str'
ld.lld: warning: modules/lvgl/libmodules__lvgl.a(lv_color.c.obj):(.comment) is being placed in '.comment'
ld.lld: warning: modules/lvgl/libmodules__lvgl.a(lv_color.c.obj):(.debug_frame) is being placed in '.debug_frame'
ld.lld: warning: modules/lvgl/libmodules__lvgl.a(lv_color.c.obj):(.debug_line) is being placed in '.debug_line'
ld.lld: warning: modules/lvgl/libmodules__lvgl.a(lv_fs.c.obj):(.debug_loc) is being placed in '.debug_loc'
ld.lld: warning: modules/lvgl/libmodules__lvgl.a(lv_fs.c.obj):(.debug_abbrev) is being placed in '.debug_abbrev'
ld.lld: warning: modules/lvgl/libmodules__lvgl.a(lv_fs.c.obj):(.debug_info) is being placed in '.debug_info'
ld.lld: warning: modules/lvgl/libmodules__lvgl.a(lv_fs.c.obj):(.debug_ranges) is being placed in '.debug_ranges'
ld.lld: warning: modules/lvgl/libmodules__lvgl.a(lv_fs.c.obj):(.debug_str) is being placed in '.debug_str'
ld.lld: warning: modules/lvgl/libmodules__lvgl.a(lv_fs.c.obj):(.comment) is being placed in '.comment'
ld.lld: warning: modules/lvgl/libmodules__lvgl.a(lv_fs.c.obj):(.debug_frame) is being placed in '.debug_frame'
ld.lld: warning: modules/lvgl/libmodules__lvgl.a(lv_fs.c.obj):(.debug_line) is being placed in '.debug_line'
ld.lld: warning: modules/lvgl/libmodules__lvgl.a(lv_gc.c.obj):(.debug_loc) is being placed in '.debug_loc'
ld.lld: warning: modules/lvgl/libmodules__lvgl.a(lv_gc.c.obj):(.debug_abbrev) is being placed in '.debug_abbrev'
ld.lld: warning: modules/lvgl/libmodules__lvgl.a(lv_gc.c.obj):(.debug_info) is being placed in '.debug_info'
ld.lld: warning: modules/lvgl/libmodules__lvgl.a(lv_gc.c.obj):(.debug_str) is being placed in '.debug_str'
ld.lld: warning: modules/lvgl/libmodules__lvgl.a(lv_gc.c.obj):(.comment) is being placed in '.comment'
ld.lld: warning: modules/lvgl/libmodules__lvgl.a(lv_gc.c.obj):(.debug_frame) is being placed in '.debug_frame'
ld.lld: warning: modules/lvgl/libmodules__lvgl.a(lv_gc.c.obj):(.debug_line) is being placed in '.debug_line'
ld.lld: warning: modules/lvgl/libmodules__lvgl.a(lv_ll.c.obj):(.debug_loc) is being placed in '.debug_loc'
ld.lld: warning: modules/lvgl/libmodules__lvgl.a(lv_ll.c.obj):(.debug_abbrev) is being placed in '.debug_abbrev'
ld.lld: warning: modules/lvgl/libmodules__lvgl.a(lv_ll.c.obj):(.debug_info) is being placed in '.debug_info'
ld.lld: warning: modules/lvgl/libmodules__lvgl.a(lv_ll.c.obj):(.debug_ranges) is being placed in '.debug_ranges'
ld.lld: warning: modules/lvgl/libmodules__lvgl.a(lv_ll.c.obj):(.debug_str) is being placed in '.debug_str'
ld.lld: warning: modules/lvgl/libmodules__lvgl.a(lv_ll.c.obj):(.comment) is being placed in '.comment'
ld.lld: warning: modules/lvgl/libmodules__lvgl.a(lv_ll.c.obj):(.debug_frame) is being placed in '.debug_frame'
ld.lld: warning: modules/lvgl/libmodules__lvgl.a(lv_ll.c.obj):(.debug_line) is being placed in '.debug_line'
ld.lld: warning: modules/lvgl/libmodules__lvgl.a(lv_log.c.obj):(.comment) is being placed in '.comment'
ld.lld: warning: modules/lvgl/libmodules__lvgl.a(lv_lru.c.obj):(.debug_loc) is being placed in '.debug_loc'
ld.lld: warning: modules/lvgl/libmodules__lvgl.a(lv_lru.c.obj):(.debug_abbrev) is being placed in '.debug_abbrev'
ld.lld: warning: modules/lvgl/libmodules__lvgl.a(lv_lru.c.obj):(.debug_info) is being placed in '.debug_info'
ld.lld: warning: modules/lvgl/libmodules__lvgl.a(lv_lru.c.obj):(.debug_ranges) is being placed in '.debug_ranges'
ld.lld: warning: modules/lvgl/libmodules__lvgl.a(lv_lru.c.obj):(.debug_str) is being placed in '.debug_str'
ld.lld: warning: modules/lvgl/libmodules__lvgl.a(lv_lru.c.obj):(.comment) is being placed in '.comment'
ld.lld: warning: modules/lvgl/libmodules__lvgl.a(lv_lru.c.obj):(.debug_frame) is being placed in '.debug_frame'
ld.lld: warning: modules/lvgl/libmodules__lvgl.a(lv_lru.c.obj):(.debug_line) is being placed in '.debug_line'
ld.lld: warning: modules/lvgl/libmodules__lvgl.a(lv_math.c.obj):(.debug_loc) is being placed in '.debug_loc'
ld.lld: warning: modules/lvgl/libmodules__lvgl.a(lv_math.c.obj):(.debug_abbrev) is being placed in '.debug_abbrev'
ld.lld: warning: modules/lvgl/libmodules__lvgl.a(lv_math.c.obj):(.debug_info) is being placed in '.debug_info'
ld.lld: warning: modules/lvgl/libmodules__lvgl.a(lv_math.c.obj):(.debug_ranges) is being placed in '.debug_ranges'
ld.lld: warning: modules/lvgl/libmodules__lvgl.a(lv_math.c.obj):(.debug_str) is being placed in '.debug_str'
ld.lld: warning: modules/lvgl/libmodules__lvgl.a(lv_math.c.obj):(.comment) is being placed in '.comment'
ld.lld: warning: modules/lvgl/libmodules__lvgl.a(lv_math.c.obj):(.debug_frame) is being placed in '.debug_frame'
ld.lld: warning: modules/lvgl/libmodules__lvgl.a(lv_math.c.obj):(.debug_line) is being placed in '.debug_line'
ld.lld: warning: modules/lvgl/libmodules__lvgl.a(lv_mem.c.obj):(.debug_loc) is being placed in '.debug_loc'
ld.lld: warning: modules/lvgl/libmodules__lvgl.a(lv_mem.c.obj):(.debug_abbrev) is being placed in '.debug_abbrev'
ld.lld: warning: modules/lvgl/libmodules__lvgl.a(lv_mem.c.obj):(.debug_info) is being placed in '.debug_info'
ld.lld: warning: modules/lvgl/libmodules__lvgl.a(lv_mem.c.obj):(.debug_ranges) is being placed in '.debug_ranges'
ld.lld: warning: modules/lvgl/libmodules__lvgl.a(lv_mem.c.obj):(.debug_str) is being placed in '.debug_str'
ld.lld: warning: modules/lvgl/libmodules__lvgl.a(lv_mem.c.obj):(.comment) is being placed in '.comment'
ld.lld: warning: modules/lvgl/libmodules__lvgl.a(lv_mem.c.obj):(.debug_frame) is being placed in '.debug_frame'
ld.lld: warning: modules/lvgl/libmodules__lvgl.a(lv_mem.c.obj):(.debug_line) is being placed in '.debug_line'
ld.lld: warning: modules/lvgl/libmodules__lvgl.a(lv_printf.c.obj):(.comment) is being placed in '.comment'
ld.lld: warning: modules/lvgl/libmodules__lvgl.a(lv_style.c.obj):(.debug_loc) is being placed in '.debug_loc'
ld.lld: warning: modules/lvgl/libmodules__lvgl.a(lv_style.c.obj):(.debug_abbrev) is being placed in '.debug_abbrev'
ld.lld: warning: modules/lvgl/libmodules__lvgl.a(lv_style.c.obj):(.debug_info) is being placed in '.debug_info'
ld.lld: warning: modules/lvgl/libmodules__lvgl.a(lv_style.c.obj):(.debug_ranges) is being placed in '.debug_ranges'
ld.lld: warning: modules/lvgl/libmodules__lvgl.a(lv_style.c.obj):(.debug_str) is being placed in '.debug_str'
ld.lld: warning: modules/lvgl/libmodules__lvgl.a(lv_style.c.obj):(.comment) is being placed in '.comment'
ld.lld: warning: modules/lvgl/libmodules__lvgl.a(lv_style.c.obj):(.debug_frame) is being placed in '.debug_frame'
ld.lld: warning: modules/lvgl/libmodules__lvgl.a(lv_style.c.obj):(.debug_line) is being placed in '.debug_line'
ld.lld: warning: modules/lvgl/libmodules__lvgl.a(lv_style_gen.c.obj):(.debug_loc) is being placed in '.debug_loc'
ld.lld: warning: modules/lvgl/libmodules__lvgl.a(lv_style_gen.c.obj):(.debug_abbrev) is being placed in '.debug_abbrev'
ld.lld: warning: modules/lvgl/libmodules__lvgl.a(lv_style_gen.c.obj):(.debug_info) is being placed in '.debug_info'
ld.lld: warning: modules/lvgl/libmodules__lvgl.a(lv_style_gen.c.obj):(.debug_ranges) is being placed in '.debug_ranges'
ld.lld: warning: modules/lvgl/libmodules__lvgl.a(lv_style_gen.c.obj):(.debug_str) is being placed in '.debug_str'
ld.lld: warning: modules/lvgl/libmodules__lvgl.a(lv_style_gen.c.obj):(.comment) is being placed in '.comment'
ld.lld: warning: modules/lvgl/libmodules__lvgl.a(lv_style_gen.c.obj):(.debug_frame) is being placed in '.debug_frame'
ld.lld: warning: modules/lvgl/libmodules__lvgl.a(lv_style_gen.c.obj):(.debug_line) is being placed in '.debug_line'
ld.lld: warning: modules/lvgl/libmodules__lvgl.a(lv_templ.c.obj):(.comment) is being placed in '.comment'
ld.lld: warning: modules/lvgl/libmodules__lvgl.a(lv_timer.c.obj):(.debug_loc) is being placed in '.debug_loc'
ld.lld: warning: modules/lvgl/libmodules__lvgl.a(lv_timer.c.obj):(.debug_abbrev) is being placed in '.debug_abbrev'
ld.lld: warning: modules/lvgl/libmodules__lvgl.a(lv_timer.c.obj):(.debug_info) is being placed in '.debug_info'
ld.lld: warning: modules/lvgl/libmodules__lvgl.a(lv_timer.c.obj):(.debug_ranges) is being placed in '.debug_ranges'
ld.lld: warning: modules/lvgl/libmodules__lvgl.a(lv_timer.c.obj):(.debug_str) is being placed in '.debug_str'
ld.lld: warning: modules/lvgl/libmodules__lvgl.a(lv_timer.c.obj):(.comment) is being placed in '.comment'
ld.lld: warning: modules/lvgl/libmodules__lvgl.a(lv_timer.c.obj):(.debug_frame) is being placed in '.debug_frame'
ld.lld: warning: modules/lvgl/libmodules__lvgl.a(lv_timer.c.obj):(.debug_line) is being placed in '.debug_line'
ld.lld: warning: modules/lvgl/libmodules__lvgl.a(lv_tlsf.c.obj):(.comment) is being placed in '.comment'
ld.lld: warning: modules/lvgl/libmodules__lvgl.a(lv_txt_ap.c.obj):(.comment) is being placed in '.comment'
ld.lld: warning: modules/lvgl/libmodules__lvgl.a(lv_txt.c.obj):(.debug_loc) is being placed in '.debug_loc'
ld.lld: warning: modules/lvgl/libmodules__lvgl.a(lv_txt.c.obj):(.debug_abbrev) is being placed in '.debug_abbrev'
ld.lld: warning: modules/lvgl/libmodules__lvgl.a(lv_txt.c.obj):(.debug_info) is being placed in '.debug_info'
ld.lld: warning: modules/lvgl/libmodules__lvgl.a(lv_txt.c.obj):(.debug_ranges) is being placed in '.debug_ranges'
ld.lld: warning: modules/lvgl/libmodules__lvgl.a(lv_txt.c.obj):(.debug_str) is being placed in '.debug_str'
ld.lld: warning: modules/lvgl/libmodules__lvgl.a(lv_txt.c.obj):(.comment) is being placed in '.comment'
ld.lld: warning: modules/lvgl/libmodules__lvgl.a(lv_txt.c.obj):(.debug_frame) is being placed in '.debug_frame'
ld.lld: warning: modules/lvgl/libmodules__lvgl.a(lv_txt.c.obj):(.debug_line) is being placed in '.debug_line'
ld.lld: warning: modules/lvgl/libmodules__lvgl.a(lv_utils.c.obj):(.debug_loc) is being placed in '.debug_loc'
ld.lld: warning: modules/lvgl/libmodules__lvgl.a(lv_utils.c.obj):(.debug_abbrev) is being placed in '.debug_abbrev'
ld.lld: warning: modules/lvgl/libmodules__lvgl.a(lv_utils.c.obj):(.debug_info) is being placed in '.debug_info'
ld.lld: warning: modules/lvgl/libmodules__lvgl.a(lv_utils.c.obj):(.debug_str) is being placed in '.debug_str'
ld.lld: warning: modules/lvgl/libmodules__lvgl.a(lv_utils.c.obj):(.comment) is being placed in '.comment'
ld.lld: warning: modules/lvgl/libmodules__lvgl.a(lv_utils.c.obj):(.debug_frame) is being placed in '.debug_frame'
ld.lld: warning: modules/lvgl/libmodules__lvgl.a(lv_utils.c.obj):(.debug_line) is being placed in '.debug_line'
ld.lld: warning: modules/lvgl/libmodules__lvgl.a(lv_arc.c.obj):(.debug_loc) is being placed in '.debug_loc'
ld.lld: warning: modules/lvgl/libmodules__lvgl.a(lv_arc.c.obj):(.debug_abbrev) is being placed in '.debug_abbrev'
ld.lld: warning: modules/lvgl/libmodules__lvgl.a(lv_arc.c.obj):(.debug_info) is being placed in '.debug_info'
ld.lld: warning: modules/lvgl/libmodules__lvgl.a(lv_arc.c.obj):(.debug_ranges) is being placed in '.debug_ranges'
ld.lld: warning: modules/lvgl/libmodules__lvgl.a(lv_arc.c.obj):(.debug_str) is being placed in '.debug_str'
ld.lld: warning: modules/lvgl/libmodules__lvgl.a(lv_arc.c.obj):(.comment) is being placed in '.comment'
ld.lld: warning: modules/lvgl/libmodules__lvgl.a(lv_arc.c.obj):(.debug_frame) is being placed in '.debug_frame'
ld.lld: warning: modules/lvgl/libmodules__lvgl.a(lv_arc.c.obj):(.debug_line) is being placed in '.debug_line'
ld.lld: warning: modules/lvgl/libmodules__lvgl.a(lv_bar.c.obj):(.debug_loc) is being placed in '.debug_loc'
ld.lld: warning: modules/lvgl/libmodules__lvgl.a(lv_bar.c.obj):(.debug_abbrev) is being placed in '.debug_abbrev'
ld.lld: warning: modules/lvgl/libmodules__lvgl.a(lv_bar.c.obj):(.debug_info) is being placed in '.debug_info'
ld.lld: warning: modules/lvgl/libmodules__lvgl.a(lv_bar.c.obj):(.debug_ranges) is being placed in '.debug_ranges'
ld.lld: warning: modules/lvgl/libmodules__lvgl.a(lv_bar.c.obj):(.debug_str) is being placed in '.debug_str'
ld.lld: warning: modules/lvgl/libmodules__lvgl.a(lv_bar.c.obj):(.comment) is being placed in '.comment'
ld.lld: warning: modules/lvgl/libmodules__lvgl.a(lv_bar.c.obj):(.debug_frame) is being placed in '.debug_frame'
ld.lld: warning: modules/lvgl/libmodules__lvgl.a(lv_bar.c.obj):(.debug_line) is being placed in '.debug_line'
ld.lld: warning: modules/lvgl/libmodules__lvgl.a(lv_btn.c.obj):(.debug_loc) is being placed in '.debug_loc'
ld.lld: warning: modules/lvgl/libmodules__lvgl.a(lv_btn.c.obj):(.debug_abbrev) is being placed in '.debug_abbrev'
ld.lld: warning: modules/lvgl/libmodules__lvgl.a(lv_btn.c.obj):(.debug_info) is being placed in '.debug_info'
ld.lld: warning: modules/lvgl/libmodules__lvgl.a(lv_btn.c.obj):(.debug_ranges) is being placed in '.debug_ranges'
ld.lld: warning: modules/lvgl/libmodules__lvgl.a(lv_btn.c.obj):(.debug_str) is being placed in '.debug_str'
ld.lld: warning: modules/lvgl/libmodules__lvgl.a(lv_btn.c.obj):(.comment) is being placed in '.comment'
ld.lld: warning: modules/lvgl/libmodules__lvgl.a(lv_btn.c.obj):(.debug_frame) is being placed in '.debug_frame'
ld.lld: warning: modules/lvgl/libmodules__lvgl.a(lv_btn.c.obj):(.debug_line) is being placed in '.debug_line'
ld.lld: warning: modules/lvgl/libmodules__lvgl.a(lv_btnmatrix.c.obj):(.debug_loc) is being placed in '.debug_loc'
ld.lld: warning: modules/lvgl/libmodules__lvgl.a(lv_btnmatrix.c.obj):(.debug_abbrev) is being placed in '.debug_abbrev'
ld.lld: warning: modules/lvgl/libmodules__lvgl.a(lv_btnmatrix.c.obj):(.debug_info) is being placed in '.debug_info'
ld.lld: warning: modules/lvgl/libmodules__lvgl.a(lv_btnmatrix.c.obj):(.debug_ranges) is being placed in '.debug_ranges'
ld.lld: warning: modules/lvgl/libmodules__lvgl.a(lv_btnmatrix.c.obj):(.debug_str) is being placed in '.debug_str'
ld.lld: warning: modules/lvgl/libmodules__lvgl.a(lv_btnmatrix.c.obj):(.comment) is being placed in '.comment'
ld.lld: warning: modules/lvgl/libmodules__lvgl.a(lv_btnmatrix.c.obj):(.debug_frame) is being placed in '.debug_frame'
ld.lld: warning: modules/lvgl/libmodules__lvgl.a(lv_btnmatrix.c.obj):(.debug_line) is being placed in '.debug_line'
ld.lld: warning: modules/lvgl/libmodules__lvgl.a(lv_canvas.c.obj):(.debug_loc) is being placed in '.debug_loc'
ld.lld: warning: modules/lvgl/libmodules__lvgl.a(lv_canvas.c.obj):(.debug_abbrev) is being placed in '.debug_abbrev'
ld.lld: warning: modules/lvgl/libmodules__lvgl.a(lv_canvas.c.obj):(.debug_info) is being placed in '.debug_info'
ld.lld: warning: modules/lvgl/libmodules__lvgl.a(lv_canvas.c.obj):(.debug_ranges) is being placed in '.debug_ranges'
ld.lld: warning: modules/lvgl/libmodules__lvgl.a(lv_canvas.c.obj):(.debug_str) is being placed in '.debug_str'
ld.lld: warning: modules/lvgl/libmodules__lvgl.a(lv_canvas.c.obj):(.comment) is being placed in '.comment'
ld.lld: warning: modules/lvgl/libmodules__lvgl.a(lv_canvas.c.obj):(.debug_frame) is being placed in '.debug_frame'
ld.lld: warning: modules/lvgl/libmodules__lvgl.a(lv_canvas.c.obj):(.debug_line) is being placed in '.debug_line'
ld.lld: warning: modules/lvgl/libmodules__lvgl.a(lv_checkbox.c.obj):(.debug_loc) is being placed in '.debug_loc'
ld.lld: warning: modules/lvgl/libmodules__lvgl.a(lv_checkbox.c.obj):(.debug_abbrev) is being placed in '.debug_abbrev'
ld.lld: warning: modules/lvgl/libmodules__lvgl.a(lv_checkbox.c.obj):(.debug_info) is being placed in '.debug_info'
ld.lld: warning: modules/lvgl/libmodules__lvgl.a(lv_checkbox.c.obj):(.debug_ranges) is being placed in '.debug_ranges'
ld.lld: warning: modules/lvgl/libmodules__lvgl.a(lv_checkbox.c.obj):(.debug_str) is being placed in '.debug_str'
ld.lld: warning: modules/lvgl/libmodules__lvgl.a(lv_checkbox.c.obj):(.comment) is being placed in '.comment'
ld.lld: warning: modules/lvgl/libmodules__lvgl.a(lv_checkbox.c.obj):(.debug_frame) is being placed in '.debug_frame'
ld.lld: warning: modules/lvgl/libmodules__lvgl.a(lv_checkbox.c.obj):(.debug_line) is being placed in '.debug_line'
ld.lld: warning: modules/lvgl/libmodules__lvgl.a(lv_dropdown.c.obj):(.debug_loc) is being placed in '.debug_loc'
ld.lld: warning: modules/lvgl/libmodules__lvgl.a(lv_dropdown.c.obj):(.debug_abbrev) is being placed in '.debug_abbrev'
ld.lld: warning: modules/lvgl/libmodules__lvgl.a(lv_dropdown.c.obj):(.debug_info) is being placed in '.debug_info'
ld.lld: warning: modules/lvgl/libmodules__lvgl.a(lv_dropdown.c.obj):(.debug_ranges) is being placed in '.debug_ranges'
ld.lld: warning: modules/lvgl/libmodules__lvgl.a(lv_dropdown.c.obj):(.debug_str) is being placed in '.debug_str'
ld.lld: warning: modules/lvgl/libmodules__lvgl.a(lv_dropdown.c.obj):(.comment) is being placed in '.comment'
ld.lld: warning: modules/lvgl/libmodules__lvgl.a(lv_dropdown.c.obj):(.debug_frame) is being placed in '.debug_frame'
ld.lld: warning: modules/lvgl/libmodules__lvgl.a(lv_dropdown.c.obj):(.debug_line) is being placed in '.debug_line'
ld.lld: warning: modules/lvgl/libmodules__lvgl.a(lv_img.c.obj):(.debug_loc) is being placed in '.debug_loc'
ld.lld: warning: modules/lvgl/libmodules__lvgl.a(lv_img.c.obj):(.debug_abbrev) is being placed in '.debug_abbrev'
ld.lld: warning: modules/lvgl/libmodules__lvgl.a(lv_img.c.obj):(.debug_info) is being placed in '.debug_info'
ld.lld: warning: modules/lvgl/libmodules__lvgl.a(lv_img.c.obj):(.debug_ranges) is being placed in '.debug_ranges'
ld.lld: warning: modules/lvgl/libmodules__lvgl.a(lv_img.c.obj):(.debug_str) is being placed in '.debug_str'
ld.lld: warning: modules/lvgl/libmodules__lvgl.a(lv_img.c.obj):(.comment) is being placed in '.comment'
ld.lld: warning: modules/lvgl/libmodules__lvgl.a(lv_img.c.obj):(.debug_frame) is being placed in '.debug_frame'
ld.lld: warning: modules/lvgl/libmodules__lvgl.a(lv_img.c.obj):(.debug_line) is being placed in '.debug_line'
ld.lld: warning: modules/lvgl/libmodules__lvgl.a(lv_label.c.obj):(.debug_loc) is being placed in '.debug_loc'
ld.lld: warning: modules/lvgl/libmodules__lvgl.a(lv_label.c.obj):(.debug_abbrev) is being placed in '.debug_abbrev'
ld.lld: warning: modules/lvgl/libmodules__lvgl.a(lv_label.c.obj):(.debug_info) is being placed in '.debug_info'
ld.lld: warning: modules/lvgl/libmodules__lvgl.a(lv_label.c.obj):(.debug_ranges) is being placed in '.debug_ranges'
ld.lld: warning: modules/lvgl/libmodules__lvgl.a(lv_label.c.obj):(.debug_str) is being placed in '.debug_str'
ld.lld: warning: modules/lvgl/libmodules__lvgl.a(lv_label.c.obj):(.comment) is being placed in '.comment'
ld.lld: warning: modules/lvgl/libmodules__lvgl.a(lv_label.c.obj):(.debug_frame) is being placed in '.debug_frame'
ld.lld: warning: modules/lvgl/libmodules__lvgl.a(lv_label.c.obj):(.debug_line) is being placed in '.debug_line'
ld.lld: warning: modules/lvgl/libmodules__lvgl.a(lv_line.c.obj):(.debug_loc) is being placed in '.debug_loc'
ld.lld: warning: modules/lvgl/libmodules__lvgl.a(lv_line.c.obj):(.debug_abbrev) is being placed in '.debug_abbrev'
ld.lld: warning: modules/lvgl/libmodules__lvgl.a(lv_line.c.obj):(.debug_info) is being placed in '.debug_info'
ld.lld: warning: modules/lvgl/libmodules__lvgl.a(lv_line.c.obj):(.debug_ranges) is being placed in '.debug_ranges'
ld.lld: warning: modules/lvgl/libmodules__lvgl.a(lv_line.c.obj):(.debug_str) is being placed in '.debug_str'
ld.lld: warning: modules/lvgl/libmodules__lvgl.a(lv_line.c.obj):(.comment) is being placed in '.comment'
ld.lld: warning: modules/lvgl/libmodules__lvgl.a(lv_line.c.obj):(.debug_frame) is being placed in '.debug_frame'
ld.lld: warning: modules/lvgl/libmodules__lvgl.a(lv_line.c.obj):(.debug_line) is being placed in '.debug_line'
ld.lld: warning: modules/lvgl/libmodules__lvgl.a(lv_objx_templ.c.obj):(.comment) is being placed in '.comment'
ld.lld: warning: modules/lvgl/libmodules__lvgl.a(lv_roller.c.obj):(.debug_loc) is being placed in '.debug_loc'
ld.lld: warning: modules/lvgl/libmodules__lvgl.a(lv_roller.c.obj):(.debug_abbrev) is being placed in '.debug_abbrev'
ld.lld: warning: modules/lvgl/libmodules__lvgl.a(lv_roller.c.obj):(.debug_info) is being placed in '.debug_info'
ld.lld: warning: modules/lvgl/libmodules__lvgl.a(lv_roller.c.obj):(.debug_ranges) is being placed in '.debug_ranges'
ld.lld: warning: modules/lvgl/libmodules__lvgl.a(lv_roller.c.obj):(.debug_str) is being placed in '.debug_str'
ld.lld: warning: modules/lvgl/libmodules__lvgl.a(lv_roller.c.obj):(.comment) is being placed in '.comment'
ld.lld: warning: modules/lvgl/libmodules__lvgl.a(lv_roller.c.obj):(.debug_frame) is being placed in '.debug_frame'
ld.lld: warning: modules/lvgl/libmodules__lvgl.a(lv_roller.c.obj):(.debug_line) is being placed in '.debug_line'
ld.lld: warning: modules/lvgl/libmodules__lvgl.a(lv_slider.c.obj):(.debug_loc) is being placed in '.debug_loc'
ld.lld: warning: modules/lvgl/libmodules__lvgl.a(lv_slider.c.obj):(.debug_abbrev) is being placed in '.debug_abbrev'
ld.lld: warning: modules/lvgl/libmodules__lvgl.a(lv_slider.c.obj):(.debug_info) is being placed in '.debug_info'
ld.lld: warning: modules/lvgl/libmodules__lvgl.a(lv_slider.c.obj):(.debug_ranges) is being placed in '.debug_ranges'
ld.lld: warning: modules/lvgl/libmodules__lvgl.a(lv_slider.c.obj):(.debug_str) is being placed in '.debug_str'
ld.lld: warning: modules/lvgl/libmodules__lvgl.a(lv_slider.c.obj):(.comment) is being placed in '.comment'
ld.lld: warning: modules/lvgl/libmodules__lvgl.a(lv_slider.c.obj):(.debug_frame) is being placed in '.debug_frame'
ld.lld: warning: modules/lvgl/libmodules__lvgl.a(lv_slider.c.obj):(.debug_line) is being placed in '.debug_line'
ld.lld: warning: modules/lvgl/libmodules__lvgl.a(lv_switch.c.obj):(.debug_loc) is being placed in '.debug_loc'
ld.lld: warning: modules/lvgl/libmodules__lvgl.a(lv_switch.c.obj):(.debug_abbrev) is being placed in '.debug_abbrev'
ld.lld: warning: modules/lvgl/libmodules__lvgl.a(lv_switch.c.obj):(.debug_info) is being placed in '.debug_info'
ld.lld: warning: modules/lvgl/libmodules__lvgl.a(lv_switch.c.obj):(.debug_ranges) is being placed in '.debug_ranges'
ld.lld: warning: modules/lvgl/libmodules__lvgl.a(lv_switch.c.obj):(.debug_str) is being placed in '.debug_str'
ld.lld: warning: modules/lvgl/libmodules__lvgl.a(lv_switch.c.obj):(.comment) is being placed in '.comment'
ld.lld: warning: modules/lvgl/libmodules__lvgl.a(lv_switch.c.obj):(.debug_frame) is being placed in '.debug_frame'
ld.lld: warning: modules/lvgl/libmodules__lvgl.a(lv_switch.c.obj):(.debug_line) is being placed in '.debug_line'
ld.lld: warning: modules/lvgl/libmodules__lvgl.a(lv_table.c.obj):(.debug_loc) is being placed in '.debug_loc'
ld.lld: warning: modules/lvgl/libmodules__lvgl.a(lv_table.c.obj):(.debug_abbrev) is being placed in '.debug_abbrev'
ld.lld: warning: modules/lvgl/libmodules__lvgl.a(lv_table.c.obj):(.debug_info) is being placed in '.debug_info'
ld.lld: warning: modules/lvgl/libmodules__lvgl.a(lv_table.c.obj):(.debug_ranges) is being placed in '.debug_ranges'
ld.lld: warning: modules/lvgl/libmodules__lvgl.a(lv_table.c.obj):(.debug_str) is being placed in '.debug_str'
ld.lld: warning: modules/lvgl/libmodules__lvgl.a(lv_table.c.obj):(.comment) is being placed in '.comment'
ld.lld: warning: modules/lvgl/libmodules__lvgl.a(lv_table.c.obj):(.debug_frame) is being placed in '.debug_frame'
ld.lld: warning: modules/lvgl/libmodules__lvgl.a(lv_table.c.obj):(.debug_line) is being placed in '.debug_line'
ld.lld: warning: modules/lvgl/libmodules__lvgl.a(lv_textarea.c.obj):(.debug_loc) is being placed in '.debug_loc'
ld.lld: warning: modules/lvgl/libmodules__lvgl.a(lv_textarea.c.obj):(.debug_abbrev) is being placed in '.debug_abbrev'
ld.lld: warning: modules/lvgl/libmodules__lvgl.a(lv_textarea.c.obj):(.debug_info) is being placed in '.debug_info'
ld.lld: warning: modules/lvgl/libmodules__lvgl.a(lv_textarea.c.obj):(.debug_ranges) is being placed in '.debug_ranges'
ld.lld: warning: modules/lvgl/libmodules__lvgl.a(lv_textarea.c.obj):(.debug_str) is being placed in '.debug_str'
ld.lld: warning: modules/lvgl/libmodules__lvgl.a(lv_textarea.c.obj):(.comment) is being placed in '.comment'
ld.lld: warning: modules/lvgl/libmodules__lvgl.a(lv_textarea.c.obj):(.debug_frame) is being placed in '.debug_frame'
ld.lld: warning: modules/lvgl/libmodules__lvgl.a(lv_textarea.c.obj):(.debug_line) is being placed in '.debug_line'
ld.lld: warning: modules/lvgl/libmodules__lvgl.a(lvgl.c.obj):(.debug_loc) is being placed in '.debug_loc'
ld.lld: warning: modules/lvgl/libmodules__lvgl.a(lvgl.c.obj):(.debug_abbrev) is being placed in '.debug_abbrev'
ld.lld: warning: modules/lvgl/libmodules__lvgl.a(lvgl.c.obj):(.debug_info) is being placed in '.debug_info'
ld.lld: warning: modules/lvgl/libmodules__lvgl.a(lvgl.c.obj):(.debug_ranges) is being placed in '.debug_ranges'
ld.lld: warning: modules/lvgl/libmodules__lvgl.a(lvgl.c.obj):(.debug_str) is being placed in '.debug_str'
ld.lld: warning: modules/lvgl/libmodules__lvgl.a(lvgl.c.obj):(.comment) is being placed in '.comment'
ld.lld: warning: modules/lvgl/libmodules__lvgl.a(lvgl.c.obj):(.debug_frame) is being placed in '.debug_frame'
ld.lld: warning: modules/lvgl/libmodules__lvgl.a(lvgl.c.obj):(.debug_line) is being placed in '.debug_line'
ld.lld: warning: modules/lvgl/libmodules__lvgl.a(lvgl_display.c.obj):(.debug_loc) is being placed in '.debug_loc'
ld.lld: warning: modules/lvgl/libmodules__lvgl.a(lvgl_display.c.obj):(.debug_abbrev) is being placed in '.debug_abbrev'
ld.lld: warning: modules/lvgl/libmodules__lvgl.a(lvgl_display.c.obj):(.debug_info) is being placed in '.debug_info'
ld.lld: warning: modules/lvgl/libmodules__lvgl.a(lvgl_display.c.obj):(.debug_ranges) is being placed in '.debug_ranges'
ld.lld: warning: modules/lvgl/libmodules__lvgl.a(lvgl_display.c.obj):(.debug_str) is being placed in '.debug_str'
ld.lld: warning: modules/lvgl/libmodules__lvgl.a(lvgl_display.c.obj):(.comment) is being placed in '.comment'
ld.lld: warning: modules/lvgl/libmodules__lvgl.a(lvgl_display.c.obj):(.debug_frame) is being placed in '.debug_frame'
ld.lld: warning: modules/lvgl/libmodules__lvgl.a(lvgl_display.c.obj):(.debug_line) is being placed in '.debug_line'
ld.lld: warning: modules/lvgl/libmodules__lvgl.a(lvgl_display_mono.c.obj):(.debug_loc) is being placed in '.debug_loc'
ld.lld: warning: modules/lvgl/libmodules__lvgl.a(lvgl_display_mono.c.obj):(.debug_abbrev) is being placed in '.debug_abbrev'
ld.lld: warning: modules/lvgl/libmodules__lvgl.a(lvgl_display_mono.c.obj):(.debug_info) is being placed in '.debug_info'
ld.lld: warning: modules/lvgl/libmodules__lvgl.a(lvgl_display_mono.c.obj):(.debug_ranges) is being placed in '.debug_ranges'
ld.lld: warning: modules/lvgl/libmodules__lvgl.a(lvgl_display_mono.c.obj):(.debug_str) is being placed in '.debug_str'
ld.lld: warning: modules/lvgl/libmodules__lvgl.a(lvgl_display_mono.c.obj):(.comment) is being placed in '.comment'
ld.lld: warning: modules/lvgl/libmodules__lvgl.a(lvgl_display_mono.c.obj):(.debug_frame) is being placed in '.debug_frame'
ld.lld: warning: modules/lvgl/libmodules__lvgl.a(lvgl_display_mono.c.obj):(.debug_line) is being placed in '.debug_line'
ld.lld: warning: modules/lvgl/libmodules__lvgl.a(lvgl_display_16bit.c.obj):(.debug_loc) is being placed in '.debug_loc'
ld.lld: warning: modules/lvgl/libmodules__lvgl.a(lvgl_display_16bit.c.obj):(.debug_abbrev) is being placed in '.debug_abbrev'
ld.lld: warning: modules/lvgl/libmodules__lvgl.a(lvgl_display_16bit.c.obj):(.debug_info) is being placed in '.debug_info'
ld.lld: warning: modules/lvgl/libmodules__lvgl.a(lvgl_display_16bit.c.obj):(.debug_str) is being placed in '.debug_str'
ld.lld: warning: modules/lvgl/libmodules__lvgl.a(lvgl_display_16bit.c.obj):(.comment) is being placed in '.comment'
ld.lld: warning: modules/lvgl/libmodules__lvgl.a(lvgl_display_16bit.c.obj):(.debug_frame) is being placed in '.debug_frame'
ld.lld: warning: modules/lvgl/libmodules__lvgl.a(lvgl_display_16bit.c.obj):(.debug_line) is being placed in '.debug_line'
ld.lld: warning: modules/lvgl/libmodules__lvgl.a(lvgl_display_24bit.c.obj):(.debug_loc) is being placed in '.debug_loc'
ld.lld: warning: modules/lvgl/libmodules__lvgl.a(lvgl_display_24bit.c.obj):(.debug_abbrev) is being placed in '.debug_abbrev'
ld.lld: warning: modules/lvgl/libmodules__lvgl.a(lvgl_display_24bit.c.obj):(.debug_info) is being placed in '.debug_info'
ld.lld: warning: modules/lvgl/libmodules__lvgl.a(lvgl_display_24bit.c.obj):(.debug_ranges) is being placed in '.debug_ranges'
ld.lld: warning: modules/lvgl/libmodules__lvgl.a(lvgl_display_24bit.c.obj):(.debug_str) is being placed in '.debug_str'
ld.lld: warning: modules/lvgl/libmodules__lvgl.a(lvgl_display_24bit.c.obj):(.comment) is being placed in '.comment'
ld.lld: warning: modules/lvgl/libmodules__lvgl.a(lvgl_display_24bit.c.obj):(.debug_frame) is being placed in '.debug_frame'
ld.lld: warning: modules/lvgl/libmodules__lvgl.a(lvgl_display_24bit.c.obj):(.debug_line) is being placed in '.debug_line'
ld.lld: warning: modules/lvgl/libmodules__lvgl.a(lvgl_display_32bit.c.obj):(.debug_loc) is being placed in '.debug_loc'
ld.lld: warning: modules/lvgl/libmodules__lvgl.a(lvgl_display_32bit.c.obj):(.debug_abbrev) is being placed in '.debug_abbrev'
ld.lld: warning: modules/lvgl/libmodules__lvgl.a(lvgl_display_32bit.c.obj):(.debug_info) is being placed in '.debug_info'
ld.lld: warning: modules/lvgl/libmodules__lvgl.a(lvgl_display_32bit.c.obj):(.debug_ranges) is being placed in '.debug_ranges'
ld.lld: warning: modules/lvgl/libmodules__lvgl.a(lvgl_display_32bit.c.obj):(.debug_str) is being placed in '.debug_str'
ld.lld: warning: modules/lvgl/libmodules__lvgl.a(lvgl_display_32bit.c.obj):(.comment) is being placed in '.comment'
ld.lld: warning: modules/lvgl/libmodules__lvgl.a(lvgl_display_32bit.c.obj):(.debug_frame) is being placed in '.debug_frame'
ld.lld: warning: modules/lvgl/libmodules__lvgl.a(lvgl_display_32bit.c.obj):(.debug_line) is being placed in '.debug_line'
ld.lld: warning: modules/lvgl/libmodules__lvgl.a(lvgl_mem.c.obj):(.debug_loc) is being placed in '.debug_loc'
ld.lld: warning: modules/lvgl/libmodules__lvgl.a(lvgl_mem.c.obj):(.debug_abbrev) is being placed in '.debug_abbrev'
ld.lld: warning: modules/lvgl/libmodules__lvgl.a(lvgl_mem.c.obj):(.debug_info) is being placed in '.debug_info'
ld.lld: warning: modules/lvgl/libmodules__lvgl.a(lvgl_mem.c.obj):(.debug_ranges) is being placed in '.debug_ranges'
ld.lld: warning: modules/lvgl/libmodules__lvgl.a(lvgl_mem.c.obj):(.debug_str) is being placed in '.debug_str'
ld.lld: warning: modules/lvgl/libmodules__lvgl.a(lvgl_mem.c.obj):(.comment) is being placed in '.comment'
ld.lld: warning: modules/lvgl/libmodules__lvgl.a(lvgl_mem.c.obj):(.debug_frame) is being placed in '.debug_frame'
ld.lld: warning: modules/lvgl/libmodules__lvgl.a(lvgl_mem.c.obj):(.debug_line) is being placed in '.debug_line'
ld.lld: warning: modules/lvgl/libmodules__lvgl.a(lvgl_common_input.c.obj):(.debug_loc) is being placed in '.debug_loc'
ld.lld: warning: modules/lvgl/libmodules__lvgl.a(lvgl_common_input.c.obj):(.debug_abbrev) is being placed in '.debug_abbrev'
ld.lld: warning: modules/lvgl/libmodules__lvgl.a(lvgl_common_input.c.obj):(.debug_info) is being placed in '.debug_info'
ld.lld: warning: modules/lvgl/libmodules__lvgl.a(lvgl_common_input.c.obj):(.debug_ranges) is being placed in '.debug_ranges'
ld.lld: warning: modules/lvgl/libmodules__lvgl.a(lvgl_common_input.c.obj):(.debug_str) is being placed in '.debug_str'
ld.lld: warning: modules/lvgl/libmodules__lvgl.a(lvgl_common_input.c.obj):(.comment) is being placed in '.comment'
ld.lld: warning: modules/lvgl/libmodules__lvgl.a(lvgl_common_input.c.obj):(.debug_frame) is being placed in '.debug_frame'
ld.lld: warning: modules/lvgl/libmodules__lvgl.a(lvgl_common_input.c.obj):(.debug_line) is being placed in '.debug_line'
ld.lld: warning: zephyr/kernel/libkernel.a(busy_wait.c.obj):(.debug_loc) is being placed in '.debug_loc'
ld.lld: warning: zephyr/kernel/libkernel.a(busy_wait.c.obj):(.debug_abbrev) is being placed in '.debug_abbrev'
ld.lld: warning: zephyr/kernel/libkernel.a(busy_wait.c.obj):(.debug_info) is being placed in '.debug_info'
ld.lld: warning: zephyr/kernel/libkernel.a(busy_wait.c.obj):(.debug_str) is being placed in '.debug_str'
ld.lld: warning: zephyr/kernel/libkernel.a(busy_wait.c.obj):(.comment) is being placed in '.comment'
ld.lld: warning: zephyr/kernel/libkernel.a(busy_wait.c.obj):(.debug_frame) is being placed in '.debug_frame'
ld.lld: warning: zephyr/kernel/libkernel.a(busy_wait.c.obj):(.debug_line) is being placed in '.debug_line'
ld.lld: warning: zephyr/kernel/libkernel.a(device.c.obj):(.debug_loc) is being placed in '.debug_loc'
ld.lld: warning: zephyr/kernel/libkernel.a(device.c.obj):(.debug_abbrev) is being placed in '.debug_abbrev'
ld.lld: warning: zephyr/kernel/libkernel.a(device.c.obj):(.debug_info) is being placed in '.debug_info'
ld.lld: warning: zephyr/kernel/libkernel.a(device.c.obj):(.debug_ranges) is being placed in '.debug_ranges'
ld.lld: warning: zephyr/kernel/libkernel.a(device.c.obj):(.debug_str) is being placed in '.debug_str'
ld.lld: warning: zephyr/kernel/libkernel.a(device.c.obj):(.comment) is being placed in '.comment'
ld.lld: warning: zephyr/kernel/libkernel.a(device.c.obj):(.debug_frame) is being placed in '.debug_frame'
ld.lld: warning: zephyr/kernel/libkernel.a(device.c.obj):(.debug_line) is being placed in '.debug_line'
ld.lld: warning: zephyr/kernel/libkernel.a(errno.c.obj):(.debug_abbrev) is being placed in '.debug_abbrev'
ld.lld: warning: zephyr/kernel/libkernel.a(errno.c.obj):(.debug_info) is being placed in '.debug_info'
ld.lld: warning: zephyr/kernel/libkernel.a(errno.c.obj):(.debug_str) is being placed in '.debug_str'
ld.lld: warning: zephyr/kernel/libkernel.a(errno.c.obj):(.comment) is being placed in '.comment'
ld.lld: warning: zephyr/kernel/libkernel.a(errno.c.obj):(.debug_frame) is being placed in '.debug_frame'
ld.lld: warning: zephyr/kernel/libkernel.a(errno.c.obj):(.debug_line) is being placed in '.debug_line'
ld.lld: warning: zephyr/kernel/libkernel.a(fatal.c.obj):(.debug_loc) is being placed in '.debug_loc'
ld.lld: warning: zephyr/kernel/libkernel.a(fatal.c.obj):(.debug_abbrev) is being placed in '.debug_abbrev'
ld.lld: warning: zephyr/kernel/libkernel.a(fatal.c.obj):(.debug_info) is being placed in '.debug_info'
ld.lld: warning: zephyr/kernel/libkernel.a(fatal.c.obj):(.debug_ranges) is being placed in '.debug_ranges'
ld.lld: warning: zephyr/kernel/libkernel.a(fatal.c.obj):(.debug_str) is being placed in '.debug_str'
ld.lld: warning: zephyr/kernel/libkernel.a(fatal.c.obj):(.comment) is being placed in '.comment'
ld.lld: warning: zephyr/kernel/libkernel.a(fatal.c.obj):(.debug_frame) is being placed in '.debug_frame'
ld.lld: warning: zephyr/kernel/libkernel.a(fatal.c.obj):(.debug_line) is being placed in '.debug_line'
ld.lld: warning: zephyr/kernel/libkernel.a(init.c.obj):(.debug_loc) is being placed in '.debug_loc'
ld.lld: warning: zephyr/kernel/libkernel.a(init.c.obj):(.debug_abbrev) is being placed in '.debug_abbrev'
ld.lld: warning: zephyr/kernel/libkernel.a(init.c.obj):(.debug_info) is being placed in '.debug_info'
ld.lld: warning: zephyr/kernel/libkernel.a(init.c.obj):(.debug_ranges) is being placed in '.debug_ranges'
ld.lld: warning: zephyr/kernel/libkernel.a(init.c.obj):(.debug_str) is being placed in '.debug_str'
ld.lld: warning: zephyr/kernel/libkernel.a(init.c.obj):(.comment) is being placed in '.comment'
ld.lld: warning: zephyr/kernel/libkernel.a(init.c.obj):(.debug_frame) is being placed in '.debug_frame'
ld.lld: warning: zephyr/kernel/libkernel.a(init.c.obj):(.debug_line) is being placed in '.debug_line'
ld.lld: warning: zephyr/kernel/libkernel.a(banner.c.obj):(.debug_abbrev) is being placed in '.debug_abbrev'
ld.lld: warning: zephyr/kernel/libkernel.a(banner.c.obj):(.debug_info) is being placed in '.debug_info'
ld.lld: warning: zephyr/kernel/libkernel.a(banner.c.obj):(.debug_str) is being placed in '.debug_str'
ld.lld: warning: zephyr/kernel/libkernel.a(banner.c.obj):(.comment) is being placed in '.comment'
ld.lld: warning: zephyr/kernel/libkernel.a(banner.c.obj):(.debug_frame) is being placed in '.debug_frame'
ld.lld: warning: zephyr/kernel/libkernel.a(banner.c.obj):(.debug_line) is being placed in '.debug_line'
ld.lld: warning: zephyr/kernel/libkernel.a(init_static.c.obj):(.debug_abbrev) is being placed in '.debug_abbrev'
ld.lld: warning: zephyr/kernel/libkernel.a(init_static.c.obj):(.debug_info) is being placed in '.debug_info'
ld.lld: warning: zephyr/kernel/libkernel.a(init_static.c.obj):(.debug_str) is being placed in '.debug_str'
ld.lld: warning: zephyr/kernel/libkernel.a(init_static.c.obj):(.comment) is being placed in '.comment'
ld.lld: warning: zephyr/kernel/libkernel.a(init_static.c.obj):(.debug_frame) is being placed in '.debug_frame'
ld.lld: warning: zephyr/kernel/libkernel.a(init_static.c.obj):(.debug_line) is being placed in '.debug_line'
ld.lld: warning: zephyr/kernel/libkernel.a(kheap.c.obj):(.debug_loc) is being placed in '.debug_loc'
ld.lld: warning: zephyr/kernel/libkernel.a(kheap.c.obj):(.debug_abbrev) is being placed in '.debug_abbrev'
ld.lld: warning: zephyr/kernel/libkernel.a(kheap.c.obj):(.debug_info) is being placed in '.debug_info'
ld.lld: warning: zephyr/kernel/libkernel.a(kheap.c.obj):(.debug_ranges) is being placed in '.debug_ranges'
ld.lld: warning: zephyr/kernel/libkernel.a(kheap.c.obj):(.debug_str) is being placed in '.debug_str'
ld.lld: warning: zephyr/kernel/libkernel.a(kheap.c.obj):(.comment) is being placed in '.comment'
ld.lld: warning: zephyr/kernel/libkernel.a(kheap.c.obj):(.debug_frame) is being placed in '.debug_frame'
ld.lld: warning: zephyr/kernel/libkernel.a(kheap.c.obj):(.debug_line) is being placed in '.debug_line'
ld.lld: warning: zephyr/kernel/libkernel.a(mem_slab.c.obj):(.debug_loc) is being placed in '.debug_loc'
ld.lld: warning: zephyr/kernel/libkernel.a(mem_slab.c.obj):(.debug_abbrev) is being placed in '.debug_abbrev'
ld.lld: warning: zephyr/kernel/libkernel.a(mem_slab.c.obj):(.debug_info) is being placed in '.debug_info'
ld.lld: warning: zephyr/kernel/libkernel.a(mem_slab.c.obj):(.debug_ranges) is being placed in '.debug_ranges'
ld.lld: warning: zephyr/kernel/libkernel.a(mem_slab.c.obj):(.debug_str) is being placed in '.debug_str'
ld.lld: warning: zephyr/kernel/libkernel.a(mem_slab.c.obj):(.comment) is being placed in '.comment'
ld.lld: warning: zephyr/kernel/libkernel.a(mem_slab.c.obj):(.debug_frame) is being placed in '.debug_frame'
ld.lld: warning: zephyr/kernel/libkernel.a(mem_slab.c.obj):(.debug_line) is being placed in '.debug_line'
ld.lld: warning: zephyr/kernel/libkernel.a(idle.c.obj):(.debug_loc) is being placed in '.debug_loc'
ld.lld: warning: zephyr/kernel/libkernel.a(idle.c.obj):(.debug_abbrev) is being placed in '.debug_abbrev'
ld.lld: warning: zephyr/kernel/libkernel.a(idle.c.obj):(.debug_info) is being placed in '.debug_info'
ld.lld: warning: zephyr/kernel/libkernel.a(idle.c.obj):(.debug_ranges) is being placed in '.debug_ranges'
ld.lld: warning: zephyr/kernel/libkernel.a(idle.c.obj):(.debug_str) is being placed in '.debug_str'
ld.lld: warning: zephyr/kernel/libkernel.a(idle.c.obj):(.comment) is being placed in '.comment'
ld.lld: warning: zephyr/kernel/libkernel.a(idle.c.obj):(.debug_frame) is being placed in '.debug_frame'
ld.lld: warning: zephyr/kernel/libkernel.a(idle.c.obj):(.debug_line) is being placed in '.debug_line'
ld.lld: warning: zephyr/kernel/libkernel.a(msg_q.c.obj):(.debug_loc) is being placed in '.debug_loc'
ld.lld: warning: zephyr/kernel/libkernel.a(msg_q.c.obj):(.debug_abbrev) is being placed in '.debug_abbrev'
ld.lld: warning: zephyr/kernel/libkernel.a(msg_q.c.obj):(.debug_info) is being placed in '.debug_info'
ld.lld: warning: zephyr/kernel/libkernel.a(msg_q.c.obj):(.debug_ranges) is being placed in '.debug_ranges'
ld.lld: warning: zephyr/kernel/libkernel.a(msg_q.c.obj):(.debug_str) is being placed in '.debug_str'
ld.lld: warning: zephyr/kernel/libkernel.a(msg_q.c.obj):(.comment) is being placed in '.comment'
ld.lld: warning: zephyr/kernel/libkernel.a(msg_q.c.obj):(.debug_frame) is being placed in '.debug_frame'
ld.lld: warning: zephyr/kernel/libkernel.a(msg_q.c.obj):(.debug_line) is being placed in '.debug_line'
ld.lld: warning: zephyr/kernel/libkernel.a(mutex.c.obj):(.debug_loc) is being placed in '.debug_loc'
ld.lld: warning: zephyr/kernel/libkernel.a(mutex.c.obj):(.debug_abbrev) is being placed in '.debug_abbrev'
ld.lld: warning: zephyr/kernel/libkernel.a(mutex.c.obj):(.debug_info) is being placed in '.debug_info'
ld.lld: warning: zephyr/kernel/libkernel.a(mutex.c.obj):(.debug_ranges) is being placed in '.debug_ranges'
ld.lld: warning: zephyr/kernel/libkernel.a(mutex.c.obj):(.debug_str) is being placed in '.debug_str'
ld.lld: warning: zephyr/kernel/libkernel.a(mutex.c.obj):(.comment) is being placed in '.comment'
ld.lld: warning: zephyr/kernel/libkernel.a(mutex.c.obj):(.debug_frame) is being placed in '.debug_frame'
ld.lld: warning: zephyr/kernel/libkernel.a(mutex.c.obj):(.debug_line) is being placed in '.debug_line'
ld.lld: warning: zephyr/kernel/libkernel.a(queue.c.obj):(.debug_loc) is being placed in '.debug_loc'
ld.lld: warning: zephyr/kernel/libkernel.a(queue.c.obj):(.debug_abbrev) is being placed in '.debug_abbrev'
ld.lld: warning: zephyr/kernel/libkernel.a(queue.c.obj):(.debug_info) is being placed in '.debug_info'
ld.lld: warning: zephyr/kernel/libkernel.a(queue.c.obj):(.debug_ranges) is being placed in '.debug_ranges'
ld.lld: warning: zephyr/kernel/libkernel.a(queue.c.obj):(.debug_str) is being placed in '.debug_str'
ld.lld: warning: zephyr/kernel/libkernel.a(queue.c.obj):(.comment) is being placed in '.comment'
ld.lld: warning: zephyr/kernel/libkernel.a(queue.c.obj):(.debug_frame) is being placed in '.debug_frame'
ld.lld: warning: zephyr/kernel/libkernel.a(queue.c.obj):(.debug_line) is being placed in '.debug_line'
ld.lld: warning: zephyr/kernel/libkernel.a(sem.c.obj):(.debug_loc) is being placed in '.debug_loc'
ld.lld: warning: zephyr/kernel/libkernel.a(sem.c.obj):(.debug_abbrev) is being placed in '.debug_abbrev'
ld.lld: warning: zephyr/kernel/libkernel.a(sem.c.obj):(.debug_info) is being placed in '.debug_info'
ld.lld: warning: zephyr/kernel/libkernel.a(sem.c.obj):(.debug_ranges) is being placed in '.debug_ranges'
ld.lld: warning: zephyr/kernel/libkernel.a(sem.c.obj):(.debug_str) is being placed in '.debug_str'
ld.lld: warning: zephyr/kernel/libkernel.a(sem.c.obj):(.comment) is being placed in '.comment'
ld.lld: warning: zephyr/kernel/libkernel.a(sem.c.obj):(.debug_frame) is being placed in '.debug_frame'
ld.lld: warning: zephyr/kernel/libkernel.a(sem.c.obj):(.debug_line) is being placed in '.debug_line'
ld.lld: warning: zephyr/kernel/libkernel.a(system_work_q.c.obj):(.debug_abbrev) is being placed in '.debug_abbrev'
ld.lld: warning: zephyr/kernel/libkernel.a(system_work_q.c.obj):(.debug_info) is being placed in '.debug_info'
ld.lld: warning: zephyr/kernel/libkernel.a(system_work_q.c.obj):(.debug_str) is being placed in '.debug_str'
ld.lld: warning: zephyr/kernel/libkernel.a(system_work_q.c.obj):(.comment) is being placed in '.comment'
ld.lld: warning: zephyr/kernel/libkernel.a(system_work_q.c.obj):(.debug_frame) is being placed in '.debug_frame'
ld.lld: warning: zephyr/kernel/libkernel.a(system_work_q.c.obj):(.debug_line) is being placed in '.debug_line'
ld.lld: warning: zephyr/kernel/libkernel.a(work.c.obj):(.debug_loc) is being placed in '.debug_loc'
ld.lld: warning: zephyr/kernel/libkernel.a(work.c.obj):(.debug_abbrev) is being placed in '.debug_abbrev'
ld.lld: warning: zephyr/kernel/libkernel.a(work.c.obj):(.debug_info) is being placed in '.debug_info'
ld.lld: warning: zephyr/kernel/libkernel.a(work.c.obj):(.debug_ranges) is being placed in '.debug_ranges'
ld.lld: warning: zephyr/kernel/libkernel.a(work.c.obj):(.debug_str) is being placed in '.debug_str'
ld.lld: warning: zephyr/kernel/libkernel.a(work.c.obj):(.comment) is being placed in '.comment'
ld.lld: warning: zephyr/kernel/libkernel.a(work.c.obj):(.debug_frame) is being placed in '.debug_frame'
ld.lld: warning: zephyr/kernel/libkernel.a(work.c.obj):(.debug_line) is being placed in '.debug_line'
ld.lld: warning: zephyr/kernel/libkernel.a(condvar.c.obj):(.debug_loc) is being placed in '.debug_loc'
ld.lld: warning: zephyr/kernel/libkernel.a(condvar.c.obj):(.debug_abbrev) is being placed in '.debug_abbrev'
ld.lld: warning: zephyr/kernel/libkernel.a(condvar.c.obj):(.debug_info) is being placed in '.debug_info'
ld.lld: warning: zephyr/kernel/libkernel.a(condvar.c.obj):(.debug_ranges) is being placed in '.debug_ranges'
ld.lld: warning: zephyr/kernel/libkernel.a(condvar.c.obj):(.debug_str) is being placed in '.debug_str'
ld.lld: warning: zephyr/kernel/libkernel.a(condvar.c.obj):(.comment) is being placed in '.comment'
ld.lld: warning: zephyr/kernel/libkernel.a(condvar.c.obj):(.debug_frame) is being placed in '.debug_frame'
ld.lld: warning: zephyr/kernel/libkernel.a(condvar.c.obj):(.debug_line) is being placed in '.debug_line'
ld.lld: warning: zephyr/kernel/libkernel.a(thread.c.obj):(.debug_loc) is being placed in '.debug_loc'
ld.lld: warning: zephyr/kernel/libkernel.a(thread.c.obj):(.debug_abbrev) is being placed in '.debug_abbrev'
ld.lld: warning: zephyr/kernel/libkernel.a(thread.c.obj):(.debug_info) is being placed in '.debug_info'
ld.lld: warning: zephyr/kernel/libkernel.a(thread.c.obj):(.debug_ranges) is being placed in '.debug_ranges'
ld.lld: warning: zephyr/kernel/libkernel.a(thread.c.obj):(.debug_str) is being placed in '.debug_str'
ld.lld: warning: zephyr/kernel/libkernel.a(thread.c.obj):(.comment) is being placed in '.comment'
ld.lld: warning: zephyr/kernel/libkernel.a(thread.c.obj):(.debug_frame) is being placed in '.debug_frame'
ld.lld: warning: zephyr/kernel/libkernel.a(thread.c.obj):(.debug_line) is being placed in '.debug_line'
ld.lld: warning: zephyr/kernel/libkernel.a(sched.c.obj):(.debug_loc) is being placed in '.debug_loc'
ld.lld: warning: zephyr/kernel/libkernel.a(sched.c.obj):(.debug_abbrev) is being placed in '.debug_abbrev'
ld.lld: warning: zephyr/kernel/libkernel.a(sched.c.obj):(.debug_info) is being placed in '.debug_info'
ld.lld: warning: zephyr/kernel/libkernel.a(sched.c.obj):(.debug_ranges) is being placed in '.debug_ranges'
ld.lld: warning: zephyr/kernel/libkernel.a(sched.c.obj):(.debug_str) is being placed in '.debug_str'
ld.lld: warning: zephyr/kernel/libkernel.a(sched.c.obj):(.comment) is being placed in '.comment'
ld.lld: warning: zephyr/kernel/libkernel.a(sched.c.obj):(.debug_frame) is being placed in '.debug_frame'
ld.lld: warning: zephyr/kernel/libkernel.a(sched.c.obj):(.debug_line) is being placed in '.debug_line'
ld.lld: warning: zephyr/kernel/libkernel.a(timeslicing.c.obj):(.debug_loc) is being placed in '.debug_loc'
ld.lld: warning: zephyr/kernel/libkernel.a(timeslicing.c.obj):(.debug_abbrev) is being placed in '.debug_abbrev'
ld.lld: warning: zephyr/kernel/libkernel.a(timeslicing.c.obj):(.debug_info) is being placed in '.debug_info'
ld.lld: warning: zephyr/kernel/libkernel.a(timeslicing.c.obj):(.debug_ranges) is being placed in '.debug_ranges'
ld.lld: warning: zephyr/kernel/libkernel.a(timeslicing.c.obj):(.debug_str) is being placed in '.debug_str'
ld.lld: warning: zephyr/kernel/libkernel.a(timeslicing.c.obj):(.comment) is being placed in '.comment'
ld.lld: warning: zephyr/kernel/libkernel.a(timeslicing.c.obj):(.debug_frame) is being placed in '.debug_frame'
ld.lld: warning: zephyr/kernel/libkernel.a(timeslicing.c.obj):(.debug_line) is being placed in '.debug_line'
ld.lld: warning: zephyr/kernel/libkernel.a(timeout.c.obj):(.debug_loc) is being placed in '.debug_loc'
ld.lld: warning: zephyr/kernel/libkernel.a(timeout.c.obj):(.debug_abbrev) is being placed in '.debug_abbrev'
ld.lld: warning: zephyr/kernel/libkernel.a(timeout.c.obj):(.debug_info) is being placed in '.debug_info'
ld.lld: warning: zephyr/kernel/libkernel.a(timeout.c.obj):(.debug_ranges) is being placed in '.debug_ranges'
ld.lld: warning: zephyr/kernel/libkernel.a(timeout.c.obj):(.debug_str) is being placed in '.debug_str'
ld.lld: warning: zephyr/kernel/libkernel.a(timeout.c.obj):(.comment) is being placed in '.comment'
ld.lld: warning: zephyr/kernel/libkernel.a(timeout.c.obj):(.debug_frame) is being placed in '.debug_frame'
ld.lld: warning: zephyr/kernel/libkernel.a(timeout.c.obj):(.debug_line) is being placed in '.debug_line'
ld.lld: warning: zephyr/kernel/libkernel.a(atomic_c.c.obj):(.debug_loc) is being placed in '.debug_loc'
ld.lld: warning: zephyr/kernel/libkernel.a(atomic_c.c.obj):(.debug_abbrev) is being placed in '.debug_abbrev'
ld.lld: warning: zephyr/kernel/libkernel.a(atomic_c.c.obj):(.debug_info) is being placed in '.debug_info'
ld.lld: warning: zephyr/kernel/libkernel.a(atomic_c.c.obj):(.debug_ranges) is being placed in '.debug_ranges'
ld.lld: warning: zephyr/kernel/libkernel.a(atomic_c.c.obj):(.debug_str) is being placed in '.debug_str'
ld.lld: warning: zephyr/kernel/libkernel.a(atomic_c.c.obj):(.comment) is being placed in '.comment'
ld.lld: warning: zephyr/kernel/libkernel.a(atomic_c.c.obj):(.debug_frame) is being placed in '.debug_frame'
ld.lld: warning: zephyr/kernel/libkernel.a(atomic_c.c.obj):(.debug_line) is being placed in '.debug_line'
ld.lld: warning: zephyr/kernel/libkernel.a(poll.c.obj):(.debug_loc) is being placed in '.debug_loc'
ld.lld: warning: zephyr/kernel/libkernel.a(poll.c.obj):(.debug_abbrev) is being placed in '.debug_abbrev'
ld.lld: warning: zephyr/kernel/libkernel.a(poll.c.obj):(.debug_info) is being placed in '.debug_info'
ld.lld: warning: zephyr/kernel/libkernel.a(poll.c.obj):(.debug_ranges) is being placed in '.debug_ranges'
ld.lld: warning: zephyr/kernel/libkernel.a(poll.c.obj):(.debug_str) is being placed in '.debug_str'
ld.lld: warning: zephyr/kernel/libkernel.a(poll.c.obj):(.comment) is being placed in '.comment'
ld.lld: warning: zephyr/kernel/libkernel.a(poll.c.obj):(.debug_frame) is being placed in '.debug_frame'
ld.lld: warning: zephyr/kernel/libkernel.a(poll.c.obj):(.debug_line) is being placed in '.debug_line'
ld.lld: warning: zephyr/kernel/libkernel.a(mempool.c.obj):(.debug_loc) is being placed in '.debug_loc'
ld.lld: warning: zephyr/kernel/libkernel.a(mempool.c.obj):(.debug_abbrev) is being placed in '.debug_abbrev'
ld.lld: warning: zephyr/kernel/libkernel.a(mempool.c.obj):(.debug_info) is being placed in '.debug_info'
ld.lld: warning: zephyr/kernel/libkernel.a(mempool.c.obj):(.debug_ranges) is being placed in '.debug_ranges'
ld.lld: warning: zephyr/kernel/libkernel.a(mempool.c.obj):(.debug_str) is being placed in '.debug_str'
ld.lld: warning: zephyr/kernel/libkernel.a(mempool.c.obj):(.comment) is being placed in '.comment'
ld.lld: warning: zephyr/kernel/libkernel.a(mempool.c.obj):(.debug_frame) is being placed in '.debug_frame'
ld.lld: warning: zephyr/kernel/libkernel.a(mempool.c.obj):(.debug_line) is being placed in '.debug_line'
ld.lld: warning: /Users/gjonesblackcyton/Documents/src/klausscpu-llvm/build/lib/clang/23/lib/klausscpu-unknown-unknown-elf/libclang_rt.builtins.a(adddf3.o):(.comment) is being placed in '.comment'
ld.lld: warning: /Users/gjonesblackcyton/Documents/src/klausscpu-llvm/build/lib/clang/23/lib/klausscpu-unknown-unknown-elf/libclang_rt.builtins.a(addsf3.o):(.comment) is being placed in '.comment'
ld.lld: warning: /Users/gjonesblackcyton/Documents/src/klausscpu-llvm/build/lib/clang/23/lib/klausscpu-unknown-unknown-elf/libclang_rt.builtins.a(comparedf2.o):(.comment) is being placed in '.comment'
ld.lld: warning: /Users/gjonesblackcyton/Documents/src/klausscpu-llvm/build/lib/clang/23/lib/klausscpu-unknown-unknown-elf/libclang_rt.builtins.a(comparesf2.o):(.comment) is being placed in '.comment'
ld.lld: warning: /Users/gjonesblackcyton/Documents/src/klausscpu-llvm/build/lib/clang/23/lib/klausscpu-unknown-unknown-elf/libclang_rt.builtins.a(divdf3.o):(.comment) is being placed in '.comment'
ld.lld: warning: /Users/gjonesblackcyton/Documents/src/klausscpu-llvm/build/lib/clang/23/lib/klausscpu-unknown-unknown-elf/libclang_rt.builtins.a(divsf3.o):(.comment) is being placed in '.comment'
ld.lld: warning: /Users/gjonesblackcyton/Documents/src/klausscpu-llvm/build/lib/clang/23/lib/klausscpu-unknown-unknown-elf/libclang_rt.builtins.a(extendsfdf2.o):(.comment) is being placed in '.comment'
ld.lld: warning: /Users/gjonesblackcyton/Documents/src/klausscpu-llvm/build/lib/clang/23/lib/klausscpu-unknown-unknown-elf/libclang_rt.builtins.a(fixdfdi.o):(.comment) is being placed in '.comment'
ld.lld: warning: /Users/gjonesblackcyton/Documents/src/klausscpu-llvm/build/lib/clang/23/lib/klausscpu-unknown-unknown-elf/libclang_rt.builtins.a(floatdidf.o):(.comment) is being placed in '.comment'
ld.lld: warning: /Users/gjonesblackcyton/Documents/src/klausscpu-llvm/build/lib/clang/23/lib/klausscpu-unknown-unknown-elf/libclang_rt.builtins.a(floatundidf.o):(.comment) is being placed in '.comment'
ld.lld: warning: /Users/gjonesblackcyton/Documents/src/klausscpu-llvm/build/lib/clang/23/lib/klausscpu-unknown-unknown-elf/libclang_rt.builtins.a(floatunsidf.o):(.comment) is being placed in '.comment'
ld.lld: warning: /Users/gjonesblackcyton/Documents/src/klausscpu-llvm/build/lib/clang/23/lib/klausscpu-unknown-unknown-elf/libclang_rt.builtins.a(fp_mode.o):(.comment) is being placed in '.comment'
ld.lld: warning: /Users/gjonesblackcyton/Documents/src/klausscpu-llvm/build/lib/clang/23/lib/klausscpu-unknown-unknown-elf/libclang_rt.builtins.a(muldf3.o):(.comment) is being placed in '.comment'
ld.lld: warning: /Users/gjonesblackcyton/Documents/src/klausscpu-llvm/build/lib/clang/23/lib/klausscpu-unknown-unknown-elf/libclang_rt.builtins.a(mulsf3.o):(.comment) is being placed in '.comment'
ld.lld: warning: /Users/gjonesblackcyton/Documents/src/klausscpu-llvm/build/lib/clang/23/lib/klausscpu-unknown-unknown-elf/libclang_rt.builtins.a(subdf3.o):(.comment) is being placed in '.comment'
ld.lld: warning: /Users/gjonesblackcyton/Documents/src/klausscpu-llvm/build/lib/clang/23/lib/klausscpu-unknown-unknown-elf/libclang_rt.builtins.a(subsf3.o):(.comment) is being placed in '.comment'
ld.lld: warning: /Users/gjonesblackcyton/Documents/src/klausscpu-llvm/build/lib/clang/23/lib/klausscpu-unknown-unknown-elf/libclang_rt.builtins.a(truncdfsf2.o):(.comment) is being placed in '.comment'
ld.lld: warning: <internal>:(.comment) is being placed in '.comment'
ld.lld: warning: <internal>:(.symtab) is being placed in '.symtab'
ld.lld: warning: <internal>:(.shstrtab) is being placed in '.shstrtab'
ld.lld: warning: <internal>:(.strtab) is being placed in '.strtab'
Memory region         Used Size  Region Size  %age Used
             RAM:     2655968 B  133169120 B      1.99%
           STACK:          0 GB         1 MB      0.00%
Generating files from /Users/gjonesblackcyton/Documents/src/klausscpu-runtime/zephyr-ws/build_lvgl/zephyr/zephyr.elf for board: nexys_a7
