-- west build: generating a build system
Loading Zephyr default modules (Zephyr base).
-- Application: /Users/gjonesblackcyton/Documents/src/klausscpu-runtime/zephyr-ws/klausscpu-zephyr/apps/gui_demo
-- CMake version: 4.3.2
-- Found Python3: /usr/local/opt/python@3.14/bin/python3.14 (found suitable version "3.14.5", minimum required is "3.8") found components: Interpreter
-- Cache files will be written to: /Users/gjonesblackcyton/Library/Caches/zephyr
-- Zephyr version: 3.7.0 (/Users/gjonesblackcyton/Documents/src/klausscpu-runtime/zephyr-ws/zephyr)
-- Found west (found suitable version "1.5.0", minimum required is "0.14.0")
-- Board: nexys_a7
-- KlaussCPU LLVM bin: /Users/gjonesblackcyton/Documents/src/klausscpu-llvm/build/bin
-- Could NOT find Dtc (missing: DTC) (Required is at least version "1.4.6")
Hint: The project() command has not yet been called.  It sets up system-specific search paths.
-- Found BOARD.dts: /Users/gjonesblackcyton/Documents/src/klausscpu-runtime/zephyr-ws/klausscpu-zephyr/boards/klausscpu/nexys_a7/nexys_a7.dts
node '/cpus/cpu@0' compatible 'klausscpu,klausscpu' has unknown vendor prefix 'klausscpu'
node '/uart@f0010000' compatible 'klausscpu,uart' has unknown vendor prefix 'klausscpu'
node '/timer@f00f0000' compatible 'klausscpu,timer' has unknown vendor prefix 'klausscpu'
node '/ethernet@f0060000' compatible 'klausscpu,ethernet' has unknown vendor prefix 'klausscpu'
node '/sd@f0000000' compatible 'klausscpu,sd' has unknown vendor prefix 'klausscpu'
-- Generated zephyr.dts: /Users/gjonesblackcyton/Documents/src/klausscpu-runtime/zephyr-ws/build_gui/zephyr/zephyr.dts
-- Generated devicetree_generated.h: /Users/gjonesblackcyton/Documents/src/klausscpu-runtime/zephyr-ws/build_gui/zephyr/include/generated/zephyr/devicetree_generated.h
-- Including generated dts.cmake file: /Users/gjonesblackcyton/Documents/src/klausscpu-runtime/zephyr-ws/build_gui/zephyr/dts.cmake

warning: NET_SOCKETS_SERVICE_STACK_SIZE (defined at subsys/net/lib/sockets/Kconfig:136) was assigned
the value '8192' but got the value ''. Check these unsatisfied dependencies: NET_SOCKETS_SERVICE
(=n). See http://docs.zephyrproject.org/latest/kconfig.html#CONFIG_NET_SOCKETS_SERVICE_STACK_SIZE
and/or look up NET_SOCKETS_SERVICE_STACK_SIZE in the menuconfig/guiconfig interface. The Application
Development Primer, Setting Configuration Values, and Kconfig - Tips and Best Practices sections of
the manual might be helpful too.

Parsing /Users/gjonesblackcyton/Documents/src/klausscpu-runtime/zephyr-ws/zephyr/Kconfig
Loaded configuration '/Users/gjonesblackcyton/Documents/src/klausscpu-runtime/zephyr-ws/klausscpu-zephyr/boards/klausscpu/nexys_a7/nexys_a7_defconfig'
Merged configuration '/Users/gjonesblackcyton/Documents/src/klausscpu-runtime/zephyr-ws/klausscpu-zephyr/apps/gui_demo/prj.conf'
Configuration saved to '/Users/gjonesblackcyton/Documents/src/klausscpu-runtime/zephyr-ws/build_gui/zephyr/.config'
Kconfig header saved to '/Users/gjonesblackcyton/Documents/src/klausscpu-runtime/zephyr-ws/build_gui/zephyr/include/generated/zephyr/autoconf.h'
-- Found LlvmLld: /Users/gjonesblackcyton/Documents/src/klausscpu-llvm/build/bin/ld.lld (found suitable version "23.0.0", minimum required is "14.0.0")
-- The C compiler identification is Clang 23.0.0
-- The CXX compiler identification is Clang 23.0.0
-- The ASM compiler identification is Clang with GNU-like command-line
-- Found assembler: /Users/gjonesblackcyton/Documents/src/klausscpu-llvm/build/bin/clang
CMake Deprecation Warning at /Users/gjonesblackcyton/Documents/src/klausscpu-runtime/zephyr-ws/zephyr/soc/CMakeLists.txt:15 (message):


            ---------------------------------------------------------------------
            --- WARNING: Functionality to describe SoCs in HWMv1 is           ---
            --- deprecated and should be replaced with HWMv2, including       ---
            --- boards. HWMv1 SoCs support remains only to ease the migration ---
            --- of out-of-tree SoCs and associated boards. It will not be     ---
            --- possible to build using HWMv1 SoCs at all in future releases. ---
            ---------------------------------------------------------------------


CMake Warning at /Users/gjonesblackcyton/Documents/src/klausscpu-runtime/zephyr-ws/zephyr/CMakeLists.txt:915 (message):
  No SOURCES given to Zephyr library:
  ..__klausscpu-zephyr__soc__klausscpu__nexys_a7

  Excluding target from build.


CMake Warning at /Users/gjonesblackcyton/Documents/src/klausscpu-runtime/zephyr-ws/zephyr/CMakeLists.txt:915 (message):
  No SOURCES given to Zephyr library: drivers__entropy

  Excluding target from build.


CMake Warning at /Users/gjonesblackcyton/Documents/src/klausscpu-runtime/zephyr-ws/zephyr/CMakeLists.txt:915 (message):
  No SOURCES given to Zephyr library: ..__klausscpu-zephyr__ssh

  Excluding target from build.


-- Configuring done (12.4s)
-- Generating done (0.5s)
-- Build files have been written to: /Users/gjonesblackcyton/Documents/src/klausscpu-runtime/zephyr-ws/build_gui
-- west build: building application
[1/144] Preparing syscall dependency handling

[2/144] Generating misc/generated/syscalls_subdirs.trigger
[3/144] Generating include/generated/zephyr/version.h
-- Zephyr version: 3.7.0 (/Users/gjonesblackcyton/Documents/src/klausscpu-runtime/zephyr-ws/zephyr), build: v3.7.0
[4/144] Generating misc/generated/syscalls.json, misc/generated/struct_tags.json
[5/144] Generating include/generated/zephyr/syscall_dispatch.c, include/generated/zephyr/syscall_list.h
[6/144] Generating include/generated/zephyr/kobj-types-enum.h, include/generated/zephyr/otype-to-str.h, include/generated/zephyr/otype-to-size.h
[7/144] Generating include/generated/zephyr/driver-validation.h
[8/144] Building C object zephyr/CMakeFiles/offsets.dir/Users/gjonesblackcyton/Documents/src/klausscpu-runtime/zephyr-ws/klausscpu-zephyr/arch/klausscpu/core/offsets/offsets.c.obj
In file included from /Users/gjonesblackcyton/Documents/src/klausscpu-runtime/zephyr-ws/klausscpu-zephyr/arch/klausscpu/core/offsets/offsets.c:5:
In file included from /Users/gjonesblackcyton/Documents/src/klausscpu-runtime/zephyr-ws/zephyr/include/zephyr/kernel.h:17:
In file included from /Users/gjonesblackcyton/Documents/src/klausscpu-runtime/zephyr-ws/zephyr/include/zephyr/kernel_includes.h:23:
In file included from /Users/gjonesblackcyton/Documents/src/klausscpu-runtime/zephyr-ws/zephyr/include/zephyr/toolchain.h:48:
/Users/gjonesblackcyton/Documents/src/klausscpu-runtime/zephyr-ws/zephyr/include/zephyr/toolchain/llvm.h:102:9: warning: '__INT16_C' macro redefined [-Wmacro-redefined]
  102 | #define __INT16_C(x)    int_c(x, __int_least16_c_suffix__)
      |         ^
<built-in>:184:9: note: previous definition is here
  184 | #define __INT16_C(c) c
      |         ^
In file included from /Users/gjonesblackcyton/Documents/src/klausscpu-runtime/zephyr-ws/klausscpu-zephyr/arch/klausscpu/core/offsets/offsets.c:5:
In file included from /Users/gjonesblackcyton/Documents/src/klausscpu-runtime/zephyr-ws/zephyr/include/zephyr/kernel.h:17:
In file included from /Users/gjonesblackcyton/Documents/src/klausscpu-runtime/zephyr-ws/zephyr/include/zephyr/kernel_includes.h:23:
In file included from /Users/gjonesblackcyton/Documents/src/klausscpu-runtime/zephyr-ws/zephyr/include/zephyr/toolchain.h:48:
/Users/gjonesblackcyton/Documents/src/klausscpu-runtime/zephyr-ws/zephyr/include/zephyr/toolchain/llvm.h:103:9: warning: '__UINT16_C' macro redefined [-Wmacro-redefined]
  103 | #define __UINT16_C(x)   uint_c(x, __int_least16_c_suffix__)
      |         ^
<built-in>:210:9: note: previous definition is here
  210 | #define __UINT16_C(c) c
      |         ^
In file included from /Users/gjonesblackcyton/Documents/src/klausscpu-runtime/zephyr-ws/klausscpu-zephyr/arch/klausscpu/core/offsets/offsets.c:5:
In file included from /Users/gjonesblackcyton/Documents/src/klausscpu-runtime/zephyr-ws/zephyr/include/zephyr/kernel.h:17:
In file included from /Users/gjonesblackcyton/Documents/src/klausscpu-runtime/zephyr-ws/zephyr/include/zephyr/kernel_includes.h:23:
In file included from /Users/gjonesblackcyton/Documents/src/klausscpu-runtime/zephyr-ws/zephyr/include/zephyr/toolchain.h:48:
/Users/gjonesblackcyton/Documents/src/klausscpu-runtime/zephyr-ws/zephyr/include/zephyr/toolchain/llvm.h:119:9: warning: '__INT8_C' macro redefined [-Wmacro-redefined]
  119 | #define __INT8_C(x)     int_c(x, __int_least8_c_suffix__)
      |         ^
<built-in>:179:9: note: previous definition is here
  179 | #define __INT8_C(c) c
      |         ^
In file included from /Users/gjonesblackcyton/Documents/src/klausscpu-runtime/zephyr-ws/klausscpu-zephyr/arch/klausscpu/core/offsets/offsets.c:5:
In file included from /Users/gjonesblackcyton/Documents/src/klausscpu-runtime/zephyr-ws/zephyr/include/zephyr/kernel.h:17:
In file included from /Users/gjonesblackcyton/Documents/src/klausscpu-runtime/zephyr-ws/zephyr/include/zephyr/kernel_includes.h:23:
In file included from /Users/gjonesblackcyton/Documents/src/klausscpu-runtime/zephyr-ws/zephyr/include/zephyr/toolchain.h:48:
/Users/gjonesblackcyton/Documents/src/klausscpu-runtime/zephyr-ws/zephyr/include/zephyr/toolchain/llvm.h:120:9: warning: '__UINT8_C' macro redefined [-Wmacro-redefined]
  120 | #define __UINT8_C(x)    uint_c(x, __int_least8_c_suffix__)
      |         ^
<built-in>:201:9: note: previous definition is here
  201 | #define __UINT8_C(c) c
      |         ^
In file included from /Users/gjonesblackcyton/Documents/src/klausscpu-runtime/zephyr-ws/klausscpu-zephyr/arch/klausscpu/core/offsets/offsets.c:5:
In file included from /Users/gjonesblackcyton/Documents/src/klausscpu-runtime/zephyr-ws/zephyr/include/zephyr/kernel.h:17:
In file included from /Users/gjonesblackcyton/Documents/src/klausscpu-runtime/zephyr-ws/zephyr/include/zephyr/kernel_includes.h:23:
In file included from /Users/gjonesblackcyton/Documents/src/klausscpu-runtime/zephyr-ws/zephyr/include/zephyr/toolchain.h:48:
/Users/gjonesblackcyton/Documents/src/klausscpu-runtime/zephyr-ws/zephyr/include/zephyr/toolchain/llvm.h:127:9: warning: '__INTMAX_C' macro redefined [-Wmacro-redefined]
  127 | #define __INTMAX_C(x)   int_c(x, __INTMAX_C_SUFFIX__)
      |         ^
<built-in>:98:9: note: previous definition is here
   98 | #define __INTMAX_C(c) c##L
      |         ^
In file included from /Users/gjonesblackcyton/Documents/src/klausscpu-runtime/zephyr-ws/klausscpu-zephyr/arch/klausscpu/core/offsets/offsets.c:5:
In file included from /Users/gjonesblackcyton/Documents/src/klausscpu-runtime/zephyr-ws/zephyr/include/zephyr/kernel.h:17:
In file included from /Users/gjonesblackcyton/Documents/src/klausscpu-runtime/zephyr-ws/zephyr/include/zephyr/kernel_includes.h:23:
In file included from /Users/gjonesblackcyton/Documents/src/klausscpu-runtime/zephyr-ws/zephyr/include/zephyr/toolchain.h:48:
/Users/gjonesblackcyton/Documents/src/klausscpu-runtime/zephyr-ws/zephyr/include/zephyr/toolchain/llvm.h:128:9: warning: '__UINTMAX_C' macro redefined [-Wmacro-redefined]
  128 | #define __UINTMAX_C(x)  int_c(x, __UINTMAX_C_SUFFIX__)
      |         ^
<built-in>:105:9: note: previous definition is here
  105 | #define __UINTMAX_C(c) c##UL
      |         ^
6 warnings generated.
[9/144] Generating include/generated/zephyr/offsets.h
[10/144] Generating ../../../include/generated/libc/minimal/strerror_table.h
[11/144] Building C object CMakeFiles/app.dir/src/gui.c.obj
[12/144] Building C object zephyr/CMakeFiles/zephyr.dir/lib/os/cbprintf.c.obj
In file included from /Users/gjonesblackcyton/Documents/src/klausscpu-runtime/zephyr-ws/zephyr/lib/os/cbprintf.c:9:
In file included from /Users/gjonesblackcyton/Documents/src/klausscpu-runtime/zephyr-ws/zephyr/include/zephyr/sys/cbprintf.h:13:
In file included from /Users/gjonesblackcyton/Documents/src/klausscpu-runtime/zephyr-ws/zephyr/include/zephyr/toolchain.h:48:
/Users/gjonesblackcyton/Documents/src/klausscpu-runtime/zephyr-ws/zephyr/include/zephyr/toolchain/llvm.h:102:9: warning: '__INT16_C' macro redefined [-Wmacro-redefined]
  102 | #define __INT16_C(x)    int_c(x, __int_least16_c_suffix__)
      |         ^
<built-in>:184:9: note: previous definition is here
  184 | #define __INT16_C(c) c
      |         ^
In file included from /Users/gjonesblackcyton/Documents/src/klausscpu-runtime/zephyr-ws/zephyr/lib/os/cbprintf.c:9:
In file included from /Users/gjonesblackcyton/Documents/src/klausscpu-runtime/zephyr-ws/zephyr/include/zephyr/sys/cbprintf.h:13:
In file included from /Users/gjonesblackcyton/Documents/src/klausscpu-runtime/zephyr-ws/zephyr/include/zephyr/toolchain.h:48:
/Users/gjonesblackcyton/Documents/src/klausscpu-runtime/zephyr-ws/zephyr/include/zephyr/toolchain/llvm.h:103:9: warning: '__UINT16_C' macro redefined [-Wmacro-redefined]
  103 | #define __UINT16_C(x)   uint_c(x, __int_least16_c_suffix__)
      |         ^
<built-in>:210:9: note: previous definition is here
  210 | #define __UINT16_C(c) c
      |         ^
In file included from /Users/gjonesblackcyton/Documents/src/klausscpu-runtime/zephyr-ws/zephyr/lib/os/cbprintf.c:9:
In file included from /Users/gjonesblackcyton/Documents/src/klausscpu-runtime/zephyr-ws/zephyr/include/zephyr/sys/cbprintf.h:13:
In file included from /Users/gjonesblackcyton/Documents/src/klausscpu-runtime/zephyr-ws/zephyr/include/zephyr/toolchain.h:48:
/Users/gjonesblackcyton/Documents/src/klausscpu-runtime/zephyr-ws/zephyr/include/zephyr/toolchain/llvm.h:119:9: warning: '__INT8_C' macro redefined [-Wmacro-redefined]
  119 | #define __INT8_C(x)     int_c(x, __int_least8_c_suffix__)
      |         ^
<built-in>:179:9: note: previous definition is here
  179 | #define __INT8_C(c) c
      |         ^
In file included from /Users/gjonesblackcyton/Documents/src/klausscpu-runtime/zephyr-ws/zephyr/lib/os/cbprintf.c:9:
In file included from /Users/gjonesblackcyton/Documents/src/klausscpu-runtime/zephyr-ws/zephyr/include/zephyr/sys/cbprintf.h:13:
In file included from /Users/gjonesblackcyton/Documents/src/klausscpu-runtime/zephyr-ws/zephyr/include/zephyr/toolchain.h:48:
/Users/gjonesblackcyton/Documents/src/klausscpu-runtime/zephyr-ws/zephyr/include/zephyr/toolchain/llvm.h:120:9: warning: '__UINT8_C' macro redefined [-Wmacro-redefined]
  120 | #define __UINT8_C(x)    uint_c(x, __int_least8_c_suffix__)
      |         ^
<built-in>:201:9: note: previous definition is here
  201 | #define __UINT8_C(c) c
      |         ^
In file included from /Users/gjonesblackcyton/Documents/src/klausscpu-runtime/zephyr-ws/zephyr/lib/os/cbprintf.c:9:
In file included from /Users/gjonesblackcyton/Documents/src/klausscpu-runtime/zephyr-ws/zephyr/include/zephyr/sys/cbprintf.h:13:
In file included from /Users/gjonesblackcyton/Documents/src/klausscpu-runtime/zephyr-ws/zephyr/include/zephyr/toolchain.h:48:
/Users/gjonesblackcyton/Documents/src/klausscpu-runtime/zephyr-ws/zephyr/include/zephyr/toolchain/llvm.h:127:9: warning: '__INTMAX_C' macro redefined [-Wmacro-redefined]
  127 | #define __INTMAX_C(x)   int_c(x, __INTMAX_C_SUFFIX__)
      |         ^
<built-in>:98:9: note: previous definition is here
   98 | #define __INTMAX_C(c) c##L
      |         ^
In file included from /Users/gjonesblackcyton/Documents/src/klausscpu-runtime/zephyr-ws/zephyr/lib/os/cbprintf.c:9:
In file included from /Users/gjonesblackcyton/Documents/src/klausscpu-runtime/zephyr-ws/zephyr/include/zephyr/sys/cbprintf.h:13:
In file included from /Users/gjonesblackcyton/Documents/src/klausscpu-runtime/zephyr-ws/zephyr/include/zephyr/toolchain.h:48:
/Users/gjonesblackcyton/Documents/src/klausscpu-runtime/zephyr-ws/zephyr/include/zephyr/toolchain/llvm.h:128:9: warning: '__UINTMAX_C' macro redefined [-Wmacro-redefined]
  128 | #define __UINTMAX_C(x)  int_c(x, __UINTMAX_C_SUFFIX__)
      |         ^
<built-in>:105:9: note: previous definition is here
  105 | #define __UINTMAX_C(c) c##UL
      |         ^
6 warnings generated.
[13/144] Building C object zephyr/CMakeFiles/zephyr.dir/lib/os/thread_entry.c.obj
In file included from /Users/gjonesblackcyton/Documents/src/klausscpu-runtime/zephyr-ws/zephyr/lib/os/thread_entry.c:14:
In file included from /Users/gjonesblackcyton/Documents/src/klausscpu-runtime/zephyr-ws/zephyr/include/zephyr/kernel.h:17:
In file included from /Users/gjonesblackcyton/Documents/src/klausscpu-runtime/zephyr-ws/zephyr/include/zephyr/kernel_includes.h:23:
In file included from /Users/gjonesblackcyton/Documents/src/klausscpu-runtime/zephyr-ws/zephyr/include/zephyr/toolchain.h:48:
/Users/gjonesblackcyton/Documents/src/klausscpu-runtime/zephyr-ws/zephyr/include/zephyr/toolchain/llvm.h:102:9: warning: '__INT16_C' macro redefined [-Wmacro-redefined]
  102 | #define __INT16_C(x)    int_c(x, __int_least16_c_suffix__)
      |         ^
<built-in>:184:9: note: previous definition is here
  184 | #define __INT16_C(c) c
      |         ^
In file included from /Users/gjonesblackcyton/Documents/src/klausscpu-runtime/zephyr-ws/zephyr/lib/os/thread_entry.c:14:
In file included from /Users/gjonesblackcyton/Documents/src/klausscpu-runtime/zephyr-ws/zephyr/include/zephyr/kernel.h:17:
In file included from /Users/gjonesblackcyton/Documents/src/klausscpu-runtime/zephyr-ws/zephyr/include/zephyr/kernel_includes.h:23:
In file included from /Users/gjonesblackcyton/Documents/src/klausscpu-runtime/zephyr-ws/zephyr/include/zephyr/toolchain.h:48:
/Users/gjonesblackcyton/Documents/src/klausscpu-runtime/zephyr-ws/zephyr/include/zephyr/toolchain/llvm.h:103:9: warning: '__UINT16_C' macro redefined [-Wmacro-redefined]
  103 | #define __UINT16_C(x)   uint_c(x, __int_least16_c_suffix__)
      |         ^
<built-in>:210:9: note: previous definition is here
  210 | #define __UINT16_C(c) c
      |         ^
In file included from /Users/gjonesblackcyton/Documents/src/klausscpu-runtime/zephyr-ws/zephyr/lib/os/thread_entry.c:14:
In file included from /Users/gjonesblackcyton/Documents/src/klausscpu-runtime/zephyr-ws/zephyr/include/zephyr/kernel.h:17:
In file included from /Users/gjonesblackcyton/Documents/src/klausscpu-runtime/zephyr-ws/zephyr/include/zephyr/kernel_includes.h:23:
In file included from /Users/gjonesblackcyton/Documents/src/klausscpu-runtime/zephyr-ws/zephyr/include/zephyr/toolchain.h:48:
/Users/gjonesblackcyton/Documents/src/klausscpu-runtime/zephyr-ws/zephyr/include/zephyr/toolchain/llvm.h:119:9: warning: '__INT8_C' macro redefined [-Wmacro-redefined]
  119 | #define __INT8_C(x)     int_c(x, __int_least8_c_suffix__)
      |         ^
<built-in>:179:9: note: previous definition is here
  179 | #define __INT8_C(c) c
      |         ^
In file included from /Users/gjonesblackcyton/Documents/src/klausscpu-runtime/zephyr-ws/zephyr/lib/os/thread_entry.c:14:
In file included from /Users/gjonesblackcyton/Documents/src/klausscpu-runtime/zephyr-ws/zephyr/include/zephyr/kernel.h:17:
In file included from /Users/gjonesblackcyton/Documents/src/klausscpu-runtime/zephyr-ws/zephyr/include/zephyr/kernel_includes.h:23:
In file included from /Users/gjonesblackcyton/Documents/src/klausscpu-runtime/zephyr-ws/zephyr/include/zephyr/toolchain.h:48:
/Users/gjonesblackcyton/Documents/src/klausscpu-runtime/zephyr-ws/zephyr/include/zephyr/toolchain/llvm.h:120:9: warning: '__UINT8_C' macro redefined [-Wmacro-redefined]
  120 | #define __UINT8_C(x)    uint_c(x, __int_least8_c_suffix__)
      |         ^
<built-in>:201:9: note: previous definition is here
  201 | #define __UINT8_C(c) c
      |         ^
In file included from /Users/gjonesblackcyton/Documents/src/klausscpu-runtime/zephyr-ws/zephyr/lib/os/thread_entry.c:14:
In file included from /Users/gjonesblackcyton/Documents/src/klausscpu-runtime/zephyr-ws/zephyr/include/zephyr/kernel.h:17:
In file included from /Users/gjonesblackcyton/Documents/src/klausscpu-runtime/zephyr-ws/zephyr/include/zephyr/kernel_includes.h:23:
In file included from /Users/gjonesblackcyton/Documents/src/klausscpu-runtime/zephyr-ws/zephyr/include/zephyr/toolchain.h:48:
/Users/gjonesblackcyton/Documents/src/klausscpu-runtime/zephyr-ws/zephyr/include/zephyr/toolchain/llvm.h:127:9: warning: '__INTMAX_C' macro redefined [-Wmacro-redefined]
  127 | #define __INTMAX_C(x)   int_c(x, __INTMAX_C_SUFFIX__)
      |         ^
<built-in>:98:9: note: previous definition is here
   98 | #define __INTMAX_C(c) c##L
      |         ^
In file included from /Users/gjonesblackcyton/Documents/src/klausscpu-runtime/zephyr-ws/zephyr/lib/os/thread_entry.c:14:
In file included from /Users/gjonesblackcyton/Documents/src/klausscpu-runtime/zephyr-ws/zephyr/include/zephyr/kernel.h:17:
In file included from /Users/gjonesblackcyton/Documents/src/klausscpu-runtime/zephyr-ws/zephyr/include/zephyr/kernel_includes.h:23:
In file included from /Users/gjonesblackcyton/Documents/src/klausscpu-runtime/zephyr-ws/zephyr/include/zephyr/toolchain.h:48:
/Users/gjonesblackcyton/Documents/src/klausscpu-runtime/zephyr-ws/zephyr/include/zephyr/toolchain/llvm.h:128:9: warning: '__UINTMAX_C' macro redefined [-Wmacro-redefined]
  128 | #define __UINTMAX_C(x)  int_c(x, __UINTMAX_C_SUFFIX__)
      |         ^
<built-in>:105:9: note: previous definition is here
  105 | #define __UINTMAX_C(c) c##UL
      |         ^
6 warnings generated.
[14/144] Building C object zephyr/CMakeFiles/zephyr.dir/lib/os/sem.c.obj
In file included from /Users/gjonesblackcyton/Documents/src/klausscpu-runtime/zephyr-ws/zephyr/lib/os/sem.c:7:
In file included from /Users/gjonesblackcyton/Documents/src/klausscpu-runtime/zephyr-ws/zephyr/include/zephyr/sys/sem.h:22:
In file included from /Users/gjonesblackcyton/Documents/src/klausscpu-runtime/zephyr-ws/zephyr/include/zephyr/kernel.h:17:
In file included from /Users/gjonesblackcyton/Documents/src/klausscpu-runtime/zephyr-ws/zephyr/include/zephyr/kernel_includes.h:23:
In file included from /Users/gjonesblackcyton/Documents/src/klausscpu-runtime/zephyr-ws/zephyr/include/zephyr/toolchain.h:48:
/Users/gjonesblackcyton/Documents/src/klausscpu-runtime/zephyr-ws/zephyr/include/zephyr/toolchain/llvm.h:102:9: warning: '__INT16_C' macro redefined [-Wmacro-redefined]
  102 | #define __INT16_C(x)    int_c(x, __int_least16_c_suffix__)
      |         ^
<built-in>:184:9: note: previous definition is here
  184 | #define __INT16_C(c) c
      |         ^
In file included from /Users/gjonesblackcyton/Documents/src/klausscpu-runtime/zephyr-ws/zephyr/lib/os/sem.c:7:
In file included from /Users/gjonesblackcyton/Documents/src/klausscpu-runtime/zephyr-ws/zephyr/include/zephyr/sys/sem.h:22:
In file included from /Users/gjonesblackcyton/Documents/src/klausscpu-runtime/zephyr-ws/zephyr/include/zephyr/kernel.h:17:
In file included from /Users/gjonesblackcyton/Documents/src/klausscpu-runtime/zephyr-ws/zephyr/include/zephyr/kernel_includes.h:23:
In file included from /Users/gjonesblackcyton/Documents/src/klausscpu-runtime/zephyr-ws/zephyr/include/zephyr/toolchain.h:48:
/Users/gjonesblackcyton/Documents/src/klausscpu-runtime/zephyr-ws/zephyr/include/zephyr/toolchain/llvm.h:103:9: warning: '__UINT16_C' macro redefined [-Wmacro-redefined]
  103 | #define __UINT16_C(x)   uint_c(x, __int_least16_c_suffix__)
      |         ^
<built-in>:210:9: note: previous definition is here
  210 | #define __UINT16_C(c) c
      |         ^
In file included from /Users/gjonesblackcyton/Documents/src/klausscpu-runtime/zephyr-ws/zephyr/lib/os/sem.c:7:
In file included from /Users/gjonesblackcyton/Documents/src/klausscpu-runtime/zephyr-ws/zephyr/include/zephyr/sys/sem.h:22:
In file included from /Users/gjonesblackcyton/Documents/src/klausscpu-runtime/zephyr-ws/zephyr/include/zephyr/kernel.h:17:
In file included from /Users/gjonesblackcyton/Documents/src/klausscpu-runtime/zephyr-ws/zephyr/include/zephyr/kernel_includes.h:23:
In file included from /Users/gjonesblackcyton/Documents/src/klausscpu-runtime/zephyr-ws/zephyr/include/zephyr/toolchain.h:48:
/Users/gjonesblackcyton/Documents/src/klausscpu-runtime/zephyr-ws/zephyr/include/zephyr/toolchain/llvm.h:119:9: warning: '__INT8_C' macro redefined [-Wmacro-redefined]
  119 | #define __INT8_C(x)     int_c(x, __int_least8_c_suffix__)
      |         ^
<built-in>:179:9: note: previous definition is here
  179 | #define __INT8_C(c) c
      |         ^
In file included from /Users/gjonesblackcyton/Documents/src/klausscpu-runtime/zephyr-ws/zephyr/lib/os/sem.c:7:
In file included from /Users/gjonesblackcyton/Documents/src/klausscpu-runtime/zephyr-ws/zephyr/include/zephyr/sys/sem.h:22:
In file included from /Users/gjonesblackcyton/Documents/src/klausscpu-runtime/zephyr-ws/zephyr/include/zephyr/kernel.h:17:
In file included from /Users/gjonesblackcyton/Documents/src/klausscpu-runtime/zephyr-ws/zephyr/include/zephyr/kernel_includes.h:23:
In file included from /Users/gjonesblackcyton/Documents/src/klausscpu-runtime/zephyr-ws/zephyr/include/zephyr/toolchain.h:48:
/Users/gjonesblackcyton/Documents/src/klausscpu-runtime/zephyr-ws/zephyr/include/zephyr/toolchain/llvm.h:120:9: warning: '__UINT8_C' macro redefined [-Wmacro-redefined]
  120 | #define __UINT8_C(x)    uint_c(x, __int_least8_c_suffix__)
      |         ^
<built-in>:201:9: note: previous definition is here
  201 | #define __UINT8_C(c) c
      |         ^
In file included from /Users/gjonesblackcyton/Documents/src/klausscpu-runtime/zephyr-ws/zephyr/lib/os/sem.c:7:
In file included from /Users/gjonesblackcyton/Documents/src/klausscpu-runtime/zephyr-ws/zephyr/include/zephyr/sys/sem.h:22:
In file included from /Users/gjonesblackcyton/Documents/src/klausscpu-runtime/zephyr-ws/zephyr/include/zephyr/kernel.h:17:
In file included from /Users/gjonesblackcyton/Documents/src/klausscpu-runtime/zephyr-ws/zephyr/include/zephyr/kernel_includes.h:23:
In file included from /Users/gjonesblackcyton/Documents/src/klausscpu-runtime/zephyr-ws/zephyr/include/zephyr/toolchain.h:48:
/Users/gjonesblackcyton/Documents/src/klausscpu-runtime/zephyr-ws/zephyr/include/zephyr/toolchain/llvm.h:127:9: warning: '__INTMAX_C' macro redefined [-Wmacro-redefined]
  127 | #define __INTMAX_C(x)   int_c(x, __INTMAX_C_SUFFIX__)
      |         ^
<built-in>:98:9: note: previous definition is here
   98 | #define __INTMAX_C(c) c##L
      |         ^
In file included from /Users/gjonesblackcyton/Documents/src/klausscpu-runtime/zephyr-ws/zephyr/lib/os/sem.c:7:
In file included from /Users/gjonesblackcyton/Documents/src/klausscpu-runtime/zephyr-ws/zephyr/include/zephyr/sys/sem.h:22:
In file included from /Users/gjonesblackcyton/Documents/src/klausscpu-runtime/zephyr-ws/zephyr/include/zephyr/kernel.h:17:
In file included from /Users/gjonesblackcyton/Documents/src/klausscpu-runtime/zephyr-ws/zephyr/include/zephyr/kernel_includes.h:23:
In file included from /Users/gjonesblackcyton/Documents/src/klausscpu-runtime/zephyr-ws/zephyr/include/zephyr/toolchain.h:48:
/Users/gjonesblackcyton/Documents/src/klausscpu-runtime/zephyr-ws/zephyr/include/zephyr/toolchain/llvm.h:128:9: warning: '__UINTMAX_C' macro redefined [-Wmacro-redefined]
  128 | #define __UINTMAX_C(x)  int_c(x, __UINTMAX_C_SUFFIX__)
      |         ^
<built-in>:105:9: note: previous definition is here
  105 | #define __UINTMAX_C(c) c##UL
      |         ^
6 warnings generated.
[15/144] Building C object zephyr/CMakeFiles/zephyr.dir/lib/os/printk.c.obj
In file included from /Users/gjonesblackcyton/Documents/src/klausscpu-runtime/zephyr-ws/zephyr/lib/os/printk.c:15:
In file included from /Users/gjonesblackcyton/Documents/src/klausscpu-runtime/zephyr-ws/zephyr/include/zephyr/kernel.h:17:
In file included from /Users/gjonesblackcyton/Documents/src/klausscpu-runtime/zephyr-ws/zephyr/include/zephyr/kernel_includes.h:23:
In file included from /Users/gjonesblackcyton/Documents/src/klausscpu-runtime/zephyr-ws/zephyr/include/zephyr/toolchain.h:48:
/Users/gjonesblackcyton/Documents/src/klausscpu-runtime/zephyr-ws/zephyr/include/zephyr/toolchain/llvm.h:102:9: warning: '__INT16_C' macro redefined [-Wmacro-redefined]
  102 | #define __INT16_C(x)    int_c(x, __int_least16_c_suffix__)
      |         ^
<built-in>:184:9: note: previous definition is here
  184 | #define __INT16_C(c) c
      |         ^
In file included from /Users/gjonesblackcyton/Documents/src/klausscpu-runtime/zephyr-ws/zephyr/lib/os/printk.c:15:
In file included from /Users/gjonesblackcyton/Documents/src/klausscpu-runtime/zephyr-ws/zephyr/include/zephyr/kernel.h:17:
In file included from /Users/gjonesblackcyton/Documents/src/klausscpu-runtime/zephyr-ws/zephyr/include/zephyr/kernel_includes.h:23:
In file included from /Users/gjonesblackcyton/Documents/src/klausscpu-runtime/zephyr-ws/zephyr/include/zephyr/toolchain.h:48:
/Users/gjonesblackcyton/Documents/src/klausscpu-runtime/zephyr-ws/zephyr/include/zephyr/toolchain/llvm.h:103:9: warning: '__UINT16_C' macro redefined [-Wmacro-redefined]
  103 | #define __UINT16_C(x)   uint_c(x, __int_least16_c_suffix__)
      |         ^
<built-in>:210:9: note: previous definition is here
  210 | #define __UINT16_C(c) c
      |         ^
In file included from /Users/gjonesblackcyton/Documents/src/klausscpu-runtime/zephyr-ws/zephyr/lib/os/printk.c:15:
In file included from /Users/gjonesblackcyton/Documents/src/klausscpu-runtime/zephyr-ws/zephyr/include/zephyr/kernel.h:17:
In file included from /Users/gjonesblackcyton/Documents/src/klausscpu-runtime/zephyr-ws/zephyr/include/zephyr/kernel_includes.h:23:
In file included from /Users/gjonesblackcyton/Documents/src/klausscpu-runtime/zephyr-ws/zephyr/include/zephyr/toolchain.h:48:
/Users/gjonesblackcyton/Documents/src/klausscpu-runtime/zephyr-ws/zephyr/include/zephyr/toolchain/llvm.h:119:9: warning: '__INT8_C' macro redefined [-Wmacro-redefined]
  119 | #define __INT8_C(x)     int_c(x, __int_least8_c_suffix__)
      |         ^
<built-in>:179:9: note: previous definition is here
  179 | #define __INT8_C(c) c
      |         ^
In file included from /Users/gjonesblackcyton/Documents/src/klausscpu-runtime/zephyr-ws/zephyr/lib/os/printk.c:15:
In file included from /Users/gjonesblackcyton/Documents/src/klausscpu-runtime/zephyr-ws/zephyr/include/zephyr/kernel.h:17:
In file included from /Users/gjonesblackcyton/Documents/src/klausscpu-runtime/zephyr-ws/zephyr/include/zephyr/kernel_includes.h:23:
In file included from /Users/gjonesblackcyton/Documents/src/klausscpu-runtime/zephyr-ws/zephyr/include/zephyr/toolchain.h:48:
/Users/gjonesblackcyton/Documents/src/klausscpu-runtime/zephyr-ws/zephyr/include/zephyr/toolchain/llvm.h:120:9: warning: '__UINT8_C' macro redefined [-Wmacro-redefined]
  120 | #define __UINT8_C(x)    uint_c(x, __int_least8_c_suffix__)
      |         ^
<built-in>:201:9: note: previous definition is here
  201 | #define __UINT8_C(c) c
      |         ^
In file included from /Users/gjonesblackcyton/Documents/src/klausscpu-runtime/zephyr-ws/zephyr/lib/os/printk.c:15:
In file included from /Users/gjonesblackcyton/Documents/src/klausscpu-runtime/zephyr-ws/zephyr/include/zephyr/kernel.h:17:
In file included from /Users/gjonesblackcyton/Documents/src/klausscpu-runtime/zephyr-ws/zephyr/include/zephyr/kernel_includes.h:23:
In file included from /Users/gjonesblackcyton/Documents/src/klausscpu-runtime/zephyr-ws/zephyr/include/zephyr/toolchain.h:48:
/Users/gjonesblackcyton/Documents/src/klausscpu-runtime/zephyr-ws/zephyr/include/zephyr/toolchain/llvm.h:127:9: warning: '__INTMAX_C' macro redefined [-Wmacro-redefined]
  127 | #define __INTMAX_C(x)   int_c(x, __INTMAX_C_SUFFIX__)
      |         ^
<built-in>:98:9: note: previous definition is here
   98 | #define __INTMAX_C(c) c##L
      |         ^
In file included from /Users/gjonesblackcyton/Documents/src/klausscpu-runtime/zephyr-ws/zephyr/lib/os/printk.c:15:
In file included from /Users/gjonesblackcyton/Documents/src/klausscpu-runtime/zephyr-ws/zephyr/include/zephyr/kernel.h:17:
In file included from /Users/gjonesblackcyton/Documents/src/klausscpu-runtime/zephyr-ws/zephyr/include/zephyr/kernel_includes.h:23:
In file included from /Users/gjonesblackcyton/Documents/src/klausscpu-runtime/zephyr-ws/zephyr/include/zephyr/toolchain.h:48:
/Users/gjonesblackcyton/Documents/src/klausscpu-runtime/zephyr-ws/zephyr/include/zephyr/toolchain/llvm.h:128:9: warning: '__UINTMAX_C' macro redefined [-Wmacro-redefined]
  128 | #define __UINTMAX_C(x)  int_c(x, __UINTMAX_C_SUFFIX__)
      |         ^
<built-in>:105:9: note: previous definition is here
  105 | #define __UINTMAX_C(c) c##UL
      |         ^
6 warnings generated.
[16/144] Building C object zephyr/CMakeFiles/zephyr.dir/lib/os/fdtable.c.obj
[17/144] Building C object zephyr/CMakeFiles/zephyr.dir/lib/utils/dec.c.obj
In file included from /Users/gjonesblackcyton/Documents/src/klausscpu-runtime/zephyr-ws/zephyr/lib/utils/dec.c:7:
In file included from /Users/gjonesblackcyton/Documents/src/klausscpu-runtime/zephyr-ws/zephyr/include/zephyr/sys/util.h:18:
In file included from /Users/gjonesblackcyton/Documents/src/klausscpu-runtime/zephyr-ws/zephyr/include/zephyr/toolchain.h:48:
/Users/gjonesblackcyton/Documents/src/klausscpu-runtime/zephyr-ws/zephyr/include/zephyr/toolchain/llvm.h:102:9: warning: '__INT16_C' macro redefined [-Wmacro-redefined]
  102 | #define __INT16_C(x)    int_c(x, __int_least16_c_suffix__)
      |         ^
<built-in>:184:9: note: previous definition is here
  184 | #define __INT16_C(c) c
      |         ^
In file included from /Users/gjonesblackcyton/Documents/src/klausscpu-runtime/zephyr-ws/zephyr/lib/utils/dec.c:7:
In file included from /Users/gjonesblackcyton/Documents/src/klausscpu-runtime/zephyr-ws/zephyr/include/zephyr/sys/util.h:18:
In file included from /Users/gjonesblackcyton/Documents/src/klausscpu-runtime/zephyr-ws/zephyr/include/zephyr/toolchain.h:48:
/Users/gjonesblackcyton/Documents/src/klausscpu-runtime/zephyr-ws/zephyr/include/zephyr/toolchain/llvm.h:103:9: warning: '__UINT16_C' macro redefined [-Wmacro-redefined]
  103 | #define __UINT16_C(x)   uint_c(x, __int_least16_c_suffix__)
      |         ^
<built-in>:210:9: note: previous definition is here
  210 | #define __UINT16_C(c) c
      |         ^
In file included from /Users/gjonesblackcyton/Documents/src/klausscpu-runtime/zephyr-ws/zephyr/lib/utils/dec.c:7:
In file included from /Users/gjonesblackcyton/Documents/src/klausscpu-runtime/zephyr-ws/zephyr/include/zephyr/sys/util.h:18:
In file included from /Users/gjonesblackcyton/Documents/src/klausscpu-runtime/zephyr-ws/zephyr/include/zephyr/toolchain.h:48:
/Users/gjonesblackcyton/Documents/src/klausscpu-runtime/zephyr-ws/zephyr/include/zephyr/toolchain/llvm.h:119:9: warning: '__INT8_C' macro redefined [-Wmacro-redefined]
  119 | #define __INT8_C(x)     int_c(x, __int_least8_c_suffix__)
      |         ^
<built-in>:179:9: note: previous definition is here
  179 | #define __INT8_C(c) c
      |         ^
In file included from /Users/gjonesblackcyton/Documents/src/klausscpu-runtime/zephyr-ws/zephyr/lib/utils/dec.c:7:
In file included from /Users/gjonesblackcyton/Documents/src/klausscpu-runtime/zephyr-ws/zephyr/include/zephyr/sys/util.h:18:
In file included from /Users/gjonesblackcyton/Documents/src/klausscpu-runtime/zephyr-ws/zephyr/include/zephyr/toolchain.h:48:
/Users/gjonesblackcyton/Documents/src/klausscpu-runtime/zephyr-ws/zephyr/include/zephyr/toolchain/llvm.h:120:9: warning: '__UINT8_C' macro redefined [-Wmacro-redefined]
  120 | #define __UINT8_C(x)    uint_c(x, __int_least8_c_suffix__)
      |         ^
<built-in>:201:9: note: previous definition is here
  201 | #define __UINT8_C(c) c
      |         ^
In file included from /Users/gjonesblackcyton/Documents/src/klausscpu-runtime/zephyr-ws/zephyr/lib/utils/dec.c:7:
In file included from /Users/gjonesblackcyton/Documents/src/klausscpu-runtime/zephyr-ws/zephyr/include/zephyr/sys/util.h:18:
In file included from /Users/gjonesblackcyton/Documents/src/klausscpu-runtime/zephyr-ws/zephyr/include/zephyr/toolchain.h:48:
/Users/gjonesblackcyton/Documents/src/klausscpu-runtime/zephyr-ws/zephyr/include/zephyr/toolchain/llvm.h:127:9: warning: '__INTMAX_C' macro redefined [-Wmacro-redefined]
  127 | #define __INTMAX_C(x)   int_c(x, __INTMAX_C_SUFFIX__)
      |         ^
<built-in>:98:9: note: previous definition is here
   98 | #define __INTMAX_C(c) c##L
      |         ^
In file included from /Users/gjonesblackcyton/Documents/src/klausscpu-runtime/zephyr-ws/zephyr/lib/utils/dec.c:7:
In file included from /Users/gjonesblackcyton/Documents/src/klausscpu-runtime/zephyr-ws/zephyr/include/zephyr/sys/util.h:18:
In file included from /Users/gjonesblackcyton/Documents/src/klausscpu-runtime/zephyr-ws/zephyr/include/zephyr/toolchain.h:48:
/Users/gjonesblackcyton/Documents/src/klausscpu-runtime/zephyr-ws/zephyr/include/zephyr/toolchain/llvm.h:128:9: warning: '__UINTMAX_C' macro redefined [-Wmacro-redefined]
  128 | #define __UINTMAX_C(x)  int_c(x, __UINTMAX_C_SUFFIX__)
      |         ^
<built-in>:105:9: note: previous definition is here
  105 | #define __UINTMAX_C(c) c##UL
      |         ^
6 warnings generated.
[18/144] Building C object zephyr/CMakeFiles/zephyr.dir/lib/os/cbprintf_complete.c.obj
[19/144] Building C object zephyr/CMakeFiles/zephyr.dir/lib/os/assert.c.obj
In file included from /Users/gjonesblackcyton/Documents/src/klausscpu-runtime/zephyr-ws/zephyr/lib/os/assert.c:7:
In file included from /Users/gjonesblackcyton/Documents/src/klausscpu-runtime/zephyr-ws/zephyr/include/zephyr/sys/__assert.h:11:
In file included from /Users/gjonesblackcyton/Documents/src/klausscpu-runtime/zephyr-ws/zephyr/include/zephyr/toolchain.h:48:
/Users/gjonesblackcyton/Documents/src/klausscpu-runtime/zephyr-ws/zephyr/include/zephyr/toolchain/llvm.h:102:9: warning: '__INT16_C' macro redefined [-Wmacro-redefined]
  102 | #define __INT16_C(x)    int_c(x, __int_least16_c_suffix__)
      |         ^
<built-in>:184:9: note: previous definition is here
  184 | #define __INT16_C(c) c
      |         ^
In file included from /Users/gjonesblackcyton/Documents/src/klausscpu-runtime/zephyr-ws/zephyr/lib/os/assert.c:7:
In file included from /Users/gjonesblackcyton/Documents/src/klausscpu-runtime/zephyr-ws/zephyr/include/zephyr/sys/__assert.h:11:
In file included from /Users/gjonesblackcyton/Documents/src/klausscpu-runtime/zephyr-ws/zephyr/include/zephyr/toolchain.h:48:
/Users/gjonesblackcyton/Documents/src/klausscpu-runtime/zephyr-ws/zephyr/include/zephyr/toolchain/llvm.h:103:9: warning: '__UINT16_C' macro redefined [-Wmacro-redefined]
  103 | #define __UINT16_C(x)   uint_c(x, __int_least16_c_suffix__)
      |         ^
<built-in>:210:9: note: previous definition is here
  210 | #define __UINT16_C(c) c
      |         ^
In file included from /Users/gjonesblackcyton/Documents/src/klausscpu-runtime/zephyr-ws/zephyr/lib/os/assert.c:7:
In file included from /Users/gjonesblackcyton/Documents/src/klausscpu-runtime/zephyr-ws/zephyr/include/zephyr/sys/__assert.h:11:
In file included from /Users/gjonesblackcyton/Documents/src/klausscpu-runtime/zephyr-ws/zephyr/include/zephyr/toolchain.h:48:
/Users/gjonesblackcyton/Documents/src/klausscpu-runtime/zephyr-ws/zephyr/include/zephyr/toolchain/llvm.h:119:9: warning: '__INT8_C' macro redefined [-Wmacro-redefined]
  119 | #define __INT8_C(x)     int_c(x, __int_least8_c_suffix__)
      |         ^
<built-in>:179:9: note: previous definition is here
  179 | #define __INT8_C(c) c
      |         ^
In file included from /Users/gjonesblackcyton/Documents/src/klausscpu-runtime/zephyr-ws/zephyr/lib/os/assert.c:7:
In file included from /Users/gjonesblackcyton/Documents/src/klausscpu-runtime/zephyr-ws/zephyr/include/zephyr/sys/__assert.h:11:
In file included from /Users/gjonesblackcyton/Documents/src/klausscpu-runtime/zephyr-ws/zephyr/include/zephyr/toolchain.h:48:
/Users/gjonesblackcyton/Documents/src/klausscpu-runtime/zephyr-ws/zephyr/include/zephyr/toolchain/llvm.h:120:9: warning: '__UINT8_C' macro redefined [-Wmacro-redefined]
  120 | #define __UINT8_C(x)    uint_c(x, __int_least8_c_suffix__)
      |         ^
<built-in>:201:9: note: previous definition is here
  201 | #define __UINT8_C(c) c
      |         ^
In file included from /Users/gjonesblackcyton/Documents/src/klausscpu-runtime/zephyr-ws/zephyr/lib/os/assert.c:7:
In file included from /Users/gjonesblackcyton/Documents/src/klausscpu-runtime/zephyr-ws/zephyr/include/zephyr/sys/__assert.h:11:
In file included from /Users/gjonesblackcyton/Documents/src/klausscpu-runtime/zephyr-ws/zephyr/include/zephyr/toolchain.h:48:
/Users/gjonesblackcyton/Documents/src/klausscpu-runtime/zephyr-ws/zephyr/include/zephyr/toolchain/llvm.h:127:9: warning: '__INTMAX_C' macro redefined [-Wmacro-redefined]
  127 | #define __INTMAX_C(x)   int_c(x, __INTMAX_C_SUFFIX__)
      |         ^
<built-in>:98:9: note: previous definition is here
   98 | #define __INTMAX_C(c) c##L
      |         ^
In file included from /Users/gjonesblackcyton/Documents/src/klausscpu-runtime/zephyr-ws/zephyr/lib/os/assert.c:7:
In file included from /Users/gjonesblackcyton/Documents/src/klausscpu-runtime/zephyr-ws/zephyr/include/zephyr/sys/__assert.h:11:
In file included from /Users/gjonesblackcyton/Documents/src/klausscpu-runtime/zephyr-ws/zephyr/include/zephyr/toolchain.h:48:
/Users/gjonesblackcyton/Documents/src/klausscpu-runtime/zephyr-ws/zephyr/include/zephyr/toolchain/llvm.h:128:9: warning: '__UINTMAX_C' macro redefined [-Wmacro-redefined]
  128 | #define __UINTMAX_C(x)  int_c(x, __UINTMAX_C_SUFFIX__)
      |         ^
<built-in>:105:9: note: previous definition is here
  105 | #define __UINTMAX_C(c) c##UL
      |         ^
6 warnings generated.
[20/144] Building C object zephyr/CMakeFiles/zephyr.dir/lib/os/cbprintf_packaged.c.obj
[21/144] Building C object zephyr/CMakeFiles/zephyr.dir/lib/utils/timeutil.c.obj
[22/144] Building C object CMakeFiles/app.dir/src/main.c.obj
In file included from /Users/gjonesblackcyton/Documents/src/klausscpu-runtime/zephyr-ws/klausscpu-zephyr/apps/gui_demo/src/main.c:11:
In file included from /Users/gjonesblackcyton/Documents/src/klausscpu-runtime/zephyr-ws/zephyr/include/zephyr/kernel.h:17:
In file included from /Users/gjonesblackcyton/Documents/src/klausscpu-runtime/zephyr-ws/zephyr/include/zephyr/kernel_includes.h:23:
In file included from /Users/gjonesblackcyton/Documents/src/klausscpu-runtime/zephyr-ws/zephyr/include/zephyr/toolchain.h:48:
/Users/gjonesblackcyton/Documents/src/klausscpu-runtime/zephyr-ws/zephyr/include/zephyr/toolchain/llvm.h:102:9: warning: '__INT16_C' macro redefined [-Wmacro-redefined]
  102 | #define __INT16_C(x)    int_c(x, __int_least16_c_suffix__)
      |         ^
<built-in>:184:9: note: previous definition is here
  184 | #define __INT16_C(c) c
      |         ^
In file included from /Users/gjonesblackcyton/Documents/src/klausscpu-runtime/zephyr-ws/klausscpu-zephyr/apps/gui_demo/src/main.c:11:
In file included from /Users/gjonesblackcyton/Documents/src/klausscpu-runtime/zephyr-ws/zephyr/include/zephyr/kernel.h:17:
In file included from /Users/gjonesblackcyton/Documents/src/klausscpu-runtime/zephyr-ws/zephyr/include/zephyr/kernel_includes.h:23:
In file included from /Users/gjonesblackcyton/Documents/src/klausscpu-runtime/zephyr-ws/zephyr/include/zephyr/toolchain.h:48:
/Users/gjonesblackcyton/Documents/src/klausscpu-runtime/zephyr-ws/zephyr/include/zephyr/toolchain/llvm.h:103:9: warning: '__UINT16_C' macro redefined [-Wmacro-redefined]
  103 | #define __UINT16_C(x)   uint_c(x, __int_least16_c_suffix__)
      |         ^
<built-in>:210:9: note: previous definition is here
  210 | #define __UINT16_C(c) c
      |         ^
In file included from /Users/gjonesblackcyton/Documents/src/klausscpu-runtime/zephyr-ws/klausscpu-zephyr/apps/gui_demo/src/main.c:11:
In file included from /Users/gjonesblackcyton/Documents/src/klausscpu-runtime/zephyr-ws/zephyr/include/zephyr/kernel.h:17:
In file included from /Users/gjonesblackcyton/Documents/src/klausscpu-runtime/zephyr-ws/zephyr/include/zephyr/kernel_includes.h:23:
In file included from /Users/gjonesblackcyton/Documents/src/klausscpu-runtime/zephyr-ws/zephyr/include/zephyr/toolchain.h:48:
/Users/gjonesblackcyton/Documents/src/klausscpu-runtime/zephyr-ws/zephyr/include/zephyr/toolchain/llvm.h:119:9: warning: '__INT8_C' macro redefined [-Wmacro-redefined]
  119 | #define __INT8_C(x)     int_c(x, __int_least8_c_suffix__)
      |         ^
<built-in>:179:9: note: previous definition is here
  179 | #define __INT8_C(c) c
      |         ^
In file included from /Users/gjonesblackcyton/Documents/src/klausscpu-runtime/zephyr-ws/klausscpu-zephyr/apps/gui_demo/src/main.c:11:
In file included from /Users/gjonesblackcyton/Documents/src/klausscpu-runtime/zephyr-ws/zephyr/include/zephyr/kernel.h:17:
In file included from /Users/gjonesblackcyton/Documents/src/klausscpu-runtime/zephyr-ws/zephyr/include/zephyr/kernel_includes.h:23:
In file included from /Users/gjonesblackcyton/Documents/src/klausscpu-runtime/zephyr-ws/zephyr/include/zephyr/toolchain.h:48:
/Users/gjonesblackcyton/Documents/src/klausscpu-runtime/zephyr-ws/zephyr/include/zephyr/toolchain/llvm.h:120:9: warning: '__UINT8_C' macro redefined [-Wmacro-redefined]
  120 | #define __UINT8_C(x)    uint_c(x, __int_least8_c_suffix__)
      |         ^
<built-in>:201:9: note: previous definition is here
  201 | #define __UINT8_C(c) c
      |         ^
In file included from /Users/gjonesblackcyton/Documents/src/klausscpu-runtime/zephyr-ws/klausscpu-zephyr/apps/gui_demo/src/main.c:11:
In file included from /Users/gjonesblackcyton/Documents/src/klausscpu-runtime/zephyr-ws/zephyr/include/zephyr/kernel.h:17:
In file included from /Users/gjonesblackcyton/Documents/src/klausscpu-runtime/zephyr-ws/zephyr/include/zephyr/kernel_includes.h:23:
In file included from /Users/gjonesblackcyton/Documents/src/klausscpu-runtime/zephyr-ws/zephyr/include/zephyr/toolchain.h:48:
/Users/gjonesblackcyton/Documents/src/klausscpu-runtime/zephyr-ws/zephyr/include/zephyr/toolchain/llvm.h:127:9: warning: '__INTMAX_C' macro redefined [-Wmacro-redefined]
  127 | #define __INTMAX_C(x)   int_c(x, __INTMAX_C_SUFFIX__)
      |         ^
<built-in>:98:9: note: previous definition is here
   98 | #define __INTMAX_C(c) c##L
      |         ^
In file included from /Users/gjonesblackcyton/Documents/src/klausscpu-runtime/zephyr-ws/klausscpu-zephyr/apps/gui_demo/src/main.c:11:
In file included from /Users/gjonesblackcyton/Documents/src/klausscpu-runtime/zephyr-ws/zephyr/include/zephyr/kernel.h:17:
In file included from /Users/gjonesblackcyton/Documents/src/klausscpu-runtime/zephyr-ws/zephyr/include/zephyr/kernel_includes.h:23:
In file included from /Users/gjonesblackcyton/Documents/src/klausscpu-runtime/zephyr-ws/zephyr/include/zephyr/toolchain.h:48:
/Users/gjonesblackcyton/Documents/src/klausscpu-runtime/zephyr-ws/zephyr/include/zephyr/toolchain/llvm.h:128:9: warning: '__UINTMAX_C' macro redefined [-Wmacro-redefined]
  128 | #define __UINTMAX_C(x)  int_c(x, __UINTMAX_C_SUFFIX__)
      |         ^
<built-in>:105:9: note: previous definition is here
  105 | #define __UINTMAX_C(c) c##UL
      |         ^
6 warnings generated.
[23/144] Building C object zephyr/CMakeFiles/zephyr.dir/lib/utils/hex.c.obj
[24/144] Building C object zephyr/CMakeFiles/zephyr.dir/misc/generated/configs.c.obj
In file included from /Users/gjonesblackcyton/Documents/src/klausscpu-runtime/zephyr-ws/build_gui/zephyr/misc/generated/configs.c:7:
In file included from /Users/gjonesblackcyton/Documents/src/klausscpu-runtime/zephyr-ws/zephyr/include/zephyr/toolchain.h:48:
/Users/gjonesblackcyton/Documents/src/klausscpu-runtime/zephyr-ws/zephyr/include/zephyr/toolchain/llvm.h:102:9: warning: '__INT16_C' macro redefined [-Wmacro-redefined]
  102 | #define __INT16_C(x)    int_c(x, __int_least16_c_suffix__)
      |         ^
<built-in>:184:9: note: previous definition is here
  184 | #define __INT16_C(c) c
      |         ^
In file included from /Users/gjonesblackcyton/Documents/src/klausscpu-runtime/zephyr-ws/build_gui/zephyr/misc/generated/configs.c:7:
In file included from /Users/gjonesblackcyton/Documents/src/klausscpu-runtime/zephyr-ws/zephyr/include/zephyr/toolchain.h:48:
/Users/gjonesblackcyton/Documents/src/klausscpu-runtime/zephyr-ws/zephyr/include/zephyr/toolchain/llvm.h:103:9: warning: '__UINT16_C' macro redefined [-Wmacro-redefined]
  103 | #define __UINT16_C(x)   uint_c(x, __int_least16_c_suffix__)
      |         ^
<built-in>:210:9: note: previous definition is here
  210 | #define __UINT16_C(c) c
      |         ^
In file included from /Users/gjonesblackcyton/Documents/src/klausscpu-runtime/zephyr-ws/build_gui/zephyr/misc/generated/configs.c:7:
In file included from /Users/gjonesblackcyton/Documents/src/klausscpu-runtime/zephyr-ws/zephyr/include/zephyr/toolchain.h:48:
/Users/gjonesblackcyton/Documents/src/klausscpu-runtime/zephyr-ws/zephyr/include/zephyr/toolchain/llvm.h:119:9: warning: '__INT8_C' macro redefined [-Wmacro-redefined]
  119 | #define __INT8_C(x)     int_c(x, __int_least8_c_suffix__)
      |         ^
<built-in>:179:9: note: previous definition is here
  179 | #define __INT8_C(c) c
      |         ^
In file included from /Users/gjonesblackcyton/Documents/src/klausscpu-runtime/zephyr-ws/build_gui/zephyr/misc/generated/configs.c:7:
In file included from /Users/gjonesblackcyton/Documents/src/klausscpu-runtime/zephyr-ws/zephyr/include/zephyr/toolchain.h:48:
/Users/gjonesblackcyton/Documents/src/klausscpu-runtime/zephyr-ws/zephyr/include/zephyr/toolchain/llvm.h:120:9: warning: '__UINT8_C' macro redefined [-Wmacro-redefined]
  120 | #define __UINT8_C(x)    uint_c(x, __int_least8_c_suffix__)
      |         ^
<built-in>:201:9: note: previous definition is here
  201 | #define __UINT8_C(c) c
      |         ^
In file included from /Users/gjonesblackcyton/Documents/src/klausscpu-runtime/zephyr-ws/build_gui/zephyr/misc/generated/configs.c:7:
In file included from /Users/gjonesblackcyton/Documents/src/klausscpu-runtime/zephyr-ws/zephyr/include/zephyr/toolchain.h:48:
/Users/gjonesblackcyton/Documents/src/klausscpu-runtime/zephyr-ws/zephyr/include/zephyr/toolchain/llvm.h:127:9: warning: '__INTMAX_C' macro redefined [-Wmacro-redefined]
  127 | #define __INTMAX_C(x)   int_c(x, __INTMAX_C_SUFFIX__)
      |         ^
<built-in>:98:9: note: previous definition is here
   98 | #define __INTMAX_C(c) c##L
      |         ^
In file included from /Users/gjonesblackcyton/Documents/src/klausscpu-runtime/zephyr-ws/build_gui/zephyr/misc/generated/configs.c:7:
In file included from /Users/gjonesblackcyton/Documents/src/klausscpu-runtime/zephyr-ws/zephyr/include/zephyr/toolchain.h:48:
/Users/gjonesblackcyton/Documents/src/klausscpu-runtime/zephyr-ws/zephyr/include/zephyr/toolchain/llvm.h:128:9: warning: '__UINTMAX_C' macro redefined [-Wmacro-redefined]
  128 | #define __UINTMAX_C(x)  int_c(x, __UINTMAX_C_SUFFIX__)
      |         ^
<built-in>:105:9: note: previous definition is here
  105 | #define __UINTMAX_C(c) c##UL
      |         ^
6 warnings generated.
[25/144] Building C object zephyr/CMakeFiles/zephyr.dir/lib/heap/heap.c.obj
In file included from /Users/gjonesblackcyton/Documents/src/klausscpu-runtime/zephyr-ws/zephyr/lib/heap/heap.c:7:
In file included from /Users/gjonesblackcyton/Documents/src/klausscpu-runtime/zephyr-ws/zephyr/include/zephyr/sys/util.h:18:
In file included from /Users/gjonesblackcyton/Documents/src/klausscpu-runtime/zephyr-ws/zephyr/include/zephyr/toolchain.h:48:
/Users/gjonesblackcyton/Documents/src/klausscpu-runtime/zephyr-ws/zephyr/include/zephyr/toolchain/llvm.h:102:9: warning: '__INT16_C' macro redefined [-Wmacro-redefined]
  102 | #define __INT16_C(x)    int_c(x, __int_least16_c_suffix__)
      |         ^
<built-in>:184:9: note: previous definition is here
  184 | #define __INT16_C(c) c
      |         ^
In file included from /Users/gjonesblackcyton/Documents/src/klausscpu-runtime/zephyr-ws/zephyr/lib/heap/heap.c:7:
In file included from /Users/gjonesblackcyton/Documents/src/klausscpu-runtime/zephyr-ws/zephyr/include/zephyr/sys/util.h:18:
In file included from /Users/gjonesblackcyton/Documents/src/klausscpu-runtime/zephyr-ws/zephyr/include/zephyr/toolchain.h:48:
/Users/gjonesblackcyton/Documents/src/klausscpu-runtime/zephyr-ws/zephyr/include/zephyr/toolchain/llvm.h:103:9: warning: '__UINT16_C' macro redefined [-Wmacro-redefined]
  103 | #define __UINT16_C(x)   uint_c(x, __int_least16_c_suffix__)
      |         ^
<built-in>:210:9: note: previous definition is here
  210 | #define __UINT16_C(c) c
      |         ^
In file included from /Users/gjonesblackcyton/Documents/src/klausscpu-runtime/zephyr-ws/zephyr/lib/heap/heap.c:7:
In file included from /Users/gjonesblackcyton/Documents/src/klausscpu-runtime/zephyr-ws/zephyr/include/zephyr/sys/util.h:18:
In file included from /Users/gjonesblackcyton/Documents/src/klausscpu-runtime/zephyr-ws/zephyr/include/zephyr/toolchain.h:48:
/Users/gjonesblackcyton/Documents/src/klausscpu-runtime/zephyr-ws/zephyr/include/zephyr/toolchain/llvm.h:119:9: warning: '__INT8_C' macro redefined [-Wmacro-redefined]
  119 | #define __INT8_C(x)     int_c(x, __int_least8_c_suffix__)
      |         ^
<built-in>:179:9: note: previous definition is here
  179 | #define __INT8_C(c) c
      |         ^
In file included from /Users/gjonesblackcyton/Documents/src/klausscpu-runtime/zephyr-ws/zephyr/lib/heap/heap.c:7:
In file included from /Users/gjonesblackcyton/Documents/src/klausscpu-runtime/zephyr-ws/zephyr/include/zephyr/sys/util.h:18:
In file included from /Users/gjonesblackcyton/Documents/src/klausscpu-runtime/zephyr-ws/zephyr/include/zephyr/toolchain.h:48:
/Users/gjonesblackcyton/Documents/src/klausscpu-runtime/zephyr-ws/zephyr/include/zephyr/toolchain/llvm.h:120:9: warning: '__UINT8_C' macro redefined [-Wmacro-redefined]
  120 | #define __UINT8_C(x)    uint_c(x, __int_least8_c_suffix__)
      |         ^
<built-in>:201:9: note: previous definition is here
  201 | #define __UINT8_C(c) c
      |         ^
In file included from /Users/gjonesblackcyton/Documents/src/klausscpu-runtime/zephyr-ws/zephyr/lib/heap/heap.c:7:
In file included from /Users/gjonesblackcyton/Documents/src/klausscpu-runtime/zephyr-ws/zephyr/include/zephyr/sys/util.h:18:
In file included from /Users/gjonesblackcyton/Documents/src/klausscpu-runtime/zephyr-ws/zephyr/include/zephyr/toolchain.h:48:
/Users/gjonesblackcyton/Documents/src/klausscpu-runtime/zephyr-ws/zephyr/include/zephyr/toolchain/llvm.h:127:9: warning: '__INTMAX_C' macro redefined [-Wmacro-redefined]
  127 | #define __INTMAX_C(x)   int_c(x, __INTMAX_C_SUFFIX__)
      |         ^
<built-in>:98:9: note: previous definition is here
   98 | #define __INTMAX_C(c) c##L
      |         ^
In file included from /Users/gjonesblackcyton/Documents/src/klausscpu-runtime/zephyr-ws/zephyr/lib/heap/heap.c:7:
In file included from /Users/gjonesblackcyton/Documents/src/klausscpu-runtime/zephyr-ws/zephyr/include/zephyr/sys/util.h:18:
In file included from /Users/gjonesblackcyton/Documents/src/klausscpu-runtime/zephyr-ws/zephyr/include/zephyr/toolchain.h:48:
/Users/gjonesblackcyton/Documents/src/klausscpu-runtime/zephyr-ws/zephyr/include/zephyr/toolchain/llvm.h:128:9: warning: '__UINTMAX_C' macro redefined [-Wmacro-redefined]
  128 | #define __UINTMAX_C(x)  int_c(x, __UINTMAX_C_SUFFIX__)
      |         ^
<built-in>:105:9: note: previous definition is here
  105 | #define __UINTMAX_C(c) c##UL
      |         ^
6 warnings generated.
[26/144] Building C object zephyr/CMakeFiles/zephyr.dir/subsys/tracing/tracing_none.c.obj
[27/144] Building C object zephyr/CMakeFiles/zephyr.dir/subsys/logging/log_cache.c.obj
[28/144] Generating linker_zephyr_pre0.cmd
[29/144] Building C object zephyr/CMakeFiles/zephyr.dir/lib/utils/rb.c.obj
In file included from /Users/gjonesblackcyton/Documents/src/klausscpu-runtime/zephyr-ws/zephyr/lib/utils/rb.c:15:
In file included from /Users/gjonesblackcyton/Documents/src/klausscpu-runtime/zephyr-ws/zephyr/include/zephyr/kernel.h:17:
In file included from /Users/gjonesblackcyton/Documents/src/klausscpu-runtime/zephyr-ws/zephyr/include/zephyr/kernel_includes.h:23:
In file included from /Users/gjonesblackcyton/Documents/src/klausscpu-runtime/zephyr-ws/zephyr/include/zephyr/toolchain.h:48:
/Users/gjonesblackcyton/Documents/src/klausscpu-runtime/zephyr-ws/zephyr/include/zephyr/toolchain/llvm.h:102:9: warning: '__INT16_C' macro redefined [-Wmacro-redefined]
  102 | #define __INT16_C(x)    int_c(x, __int_least16_c_suffix__)
      |         ^
<built-in>:184:9: note: previous definition is here
  184 | #define __INT16_C(c) c
      |         ^
In file included from /Users/gjonesblackcyton/Documents/src/klausscpu-runtime/zephyr-ws/zephyr/lib/utils/rb.c:15:
In file included from /Users/gjonesblackcyton/Documents/src/klausscpu-runtime/zephyr-ws/zephyr/include/zephyr/kernel.h:17:
In file included from /Users/gjonesblackcyton/Documents/src/klausscpu-runtime/zephyr-ws/zephyr/include/zephyr/kernel_includes.h:23:
In file included from /Users/gjonesblackcyton/Documents/src/klausscpu-runtime/zephyr-ws/zephyr/include/zephyr/toolchain.h:48:
/Users/gjonesblackcyton/Documents/src/klausscpu-runtime/zephyr-ws/zephyr/include/zephyr/toolchain/llvm.h:103:9: warning: '__UINT16_C' macro redefined [-Wmacro-redefined]
  103 | #define __UINT16_C(x)   uint_c(x, __int_least16_c_suffix__)
      |         ^
<built-in>:210:9: note: previous definition is here
  210 | #define __UINT16_C(c) c
      |         ^
In file included from /Users/gjonesblackcyton/Documents/src/klausscpu-runtime/zephyr-ws/zephyr/lib/utils/rb.c:15:
In file included from /Users/gjonesblackcyton/Documents/src/klausscpu-runtime/zephyr-ws/zephyr/include/zephyr/kernel.h:17:
In file included from /Users/gjonesblackcyton/Documents/src/klausscpu-runtime/zephyr-ws/zephyr/include/zephyr/kernel_includes.h:23:
In file included from /Users/gjonesblackcyton/Documents/src/klausscpu-runtime/zephyr-ws/zephyr/include/zephyr/toolchain.h:48:
/Users/gjonesblackcyton/Documents/src/klausscpu-runtime/zephyr-ws/zephyr/include/zephyr/toolchain/llvm.h:119:9: warning: '__INT8_C' macro redefined [-Wmacro-redefined]
  119 | #define __INT8_C(x)     int_c(x, __int_least8_c_suffix__)
      |         ^
<built-in>:179:9: note: previous definition is here
  179 | #define __INT8_C(c) c
      |         ^
In file included from /Users/gjonesblackcyton/Documents/src/klausscpu-runtime/zephyr-ws/zephyr/lib/utils/rb.c:15:
In file included from /Users/gjonesblackcyton/Documents/src/klausscpu-runtime/zephyr-ws/zephyr/include/zephyr/kernel.h:17:
In file included from /Users/gjonesblackcyton/Documents/src/klausscpu-runtime/zephyr-ws/zephyr/include/zephyr/kernel_includes.h:23:
In file included from /Users/gjonesblackcyton/Documents/src/klausscpu-runtime/zephyr-ws/zephyr/include/zephyr/toolchain.h:48:
/Users/gjonesblackcyton/Documents/src/klausscpu-runtime/zephyr-ws/zephyr/include/zephyr/toolchain/llvm.h:120:9: warning: '__UINT8_C' macro redefined [-Wmacro-redefined]
  120 | #define __UINT8_C(x)    uint_c(x, __int_least8_c_suffix__)
      |         ^
<built-in>:201:9: note: previous definition is here
  201 | #define __UINT8_C(c) c
      |         ^
In file included from /Users/gjonesblackcyton/Documents/src/klausscpu-runtime/zephyr-ws/zephyr/lib/utils/rb.c:15:
In file included from /Users/gjonesblackcyton/Documents/src/klausscpu-runtime/zephyr-ws/zephyr/include/zephyr/kernel.h:17:
In file included from /Users/gjonesblackcyton/Documents/src/klausscpu-runtime/zephyr-ws/zephyr/include/zephyr/kernel_includes.h:23:
In file included from /Users/gjonesblackcyton/Documents/src/klausscpu-runtime/zephyr-ws/zephyr/include/zephyr/toolchain.h:48:
/Users/gjonesblackcyton/Documents/src/klausscpu-runtime/zephyr-ws/zephyr/include/zephyr/toolchain/llvm.h:127:9: warning: '__INTMAX_C' macro redefined [-Wmacro-redefined]
  127 | #define __INTMAX_C(x)   int_c(x, __INTMAX_C_SUFFIX__)
      |         ^
<built-in>:98:9: note: previous definition is here
   98 | #define __INTMAX_C(c) c##L
      |         ^
In file included from /Users/gjonesblackcyton/Documents/src/klausscpu-runtime/zephyr-ws/zephyr/lib/utils/rb.c:15:
In file included from /Users/gjonesblackcyton/Documents/src/klausscpu-runtime/zephyr-ws/zephyr/include/zephyr/kernel.h:17:
In file included from /Users/gjonesblackcyton/Documents/src/klausscpu-runtime/zephyr-ws/zephyr/include/zephyr/kernel_includes.h:23:
In file included from /Users/gjonesblackcyton/Documents/src/klausscpu-runtime/zephyr-ws/zephyr/include/zephyr/toolchain.h:48:
/Users/gjonesblackcyton/Documents/src/klausscpu-runtime/zephyr-ws/zephyr/include/zephyr/toolchain/llvm.h:128:9: warning: '__UINTMAX_C' macro redefined [-Wmacro-redefined]
  128 | #define __UINTMAX_C(x)  int_c(x, __UINTMAX_C_SUFFIX__)
      |         ^
<built-in>:105:9: note: previous definition is here
  105 | #define __UINTMAX_C(c) c##UL
      |         ^
6 warnings generated.
[30/144] Building C object zephyr/CMakeFiles/zephyr.dir/subsys/logging/backends/log_backend_uart.c.obj
In file included from /Users/gjonesblackcyton/Documents/src/klausscpu-runtime/zephyr-ws/zephyr/subsys/logging/backends/log_backend_uart.c:8:
In file included from /Users/gjonesblackcyton/Documents/src/klausscpu-runtime/zephyr-ws/zephyr/include/zephyr/logging/log_backend.h:9:
In file included from /Users/gjonesblackcyton/Documents/src/klausscpu-runtime/zephyr-ws/zephyr/include/zephyr/logging/log_msg.h:9:
In file included from /Users/gjonesblackcyton/Documents/src/klausscpu-runtime/zephyr-ws/zephyr/include/zephyr/logging/log_instance.h:10:
In file included from /Users/gjonesblackcyton/Documents/src/klausscpu-runtime/zephyr-ws/zephyr/include/zephyr/sys/iterable_sections.h:10:
In file included from /Users/gjonesblackcyton/Documents/src/klausscpu-runtime/zephyr-ws/zephyr/include/zephyr/sys/__assert.h:11:
In file included from /Users/gjonesblackcyton/Documents/src/klausscpu-runtime/zephyr-ws/zephyr/include/zephyr/toolchain.h:48:
/Users/gjonesblackcyton/Documents/src/klausscpu-runtime/zephyr-ws/zephyr/include/zephyr/toolchain/llvm.h:102:9: warning: '__INT16_C' macro redefined [-Wmacro-redefined]
  102 | #define __INT16_C(x)    int_c(x, __int_least16_c_suffix__)
      |         ^
<built-in>:184:9: note: previous definition is here
  184 | #define __INT16_C(c) c
      |         ^
In file included from /Users/gjonesblackcyton/Documents/src/klausscpu-runtime/zephyr-ws/zephyr/subsys/logging/backends/log_backend_uart.c:8:
In file included from /Users/gjonesblackcyton/Documents/src/klausscpu-runtime/zephyr-ws/zephyr/include/zephyr/logging/log_backend.h:9:
In file included from /Users/gjonesblackcyton/Documents/src/klausscpu-runtime/zephyr-ws/zephyr/include/zephyr/logging/log_msg.h:9:
In file included from /Users/gjonesblackcyton/Documents/src/klausscpu-runtime/zephyr-ws/zephyr/include/zephyr/logging/log_instance.h:10:
In file included from /Users/gjonesblackcyton/Documents/src/klausscpu-runtime/zephyr-ws/zephyr/include/zephyr/sys/iterable_sections.h:10:
In file included from /Users/gjonesblackcyton/Documents/src/klausscpu-runtime/zephyr-ws/zephyr/include/zephyr/sys/__assert.h:11:
In file included from /Users/gjonesblackcyton/Documents/src/klausscpu-runtime/zephyr-ws/zephyr/include/zephyr/toolchain.h:48:
/Users/gjonesblackcyton/Documents/src/klausscpu-runtime/zephyr-ws/zephyr/include/zephyr/toolchain/llvm.h:103:9: warning: '__UINT16_C' macro redefined [-Wmacro-redefined]
  103 | #define __UINT16_C(x)   uint_c(x, __int_least16_c_suffix__)
      |         ^
<built-in>:210:9: note: previous definition is here
  210 | #define __UINT16_C(c) c
      |         ^
In file included from /Users/gjonesblackcyton/Documents/src/klausscpu-runtime/zephyr-ws/zephyr/subsys/logging/backends/log_backend_uart.c:8:
In file included from /Users/gjonesblackcyton/Documents/src/klausscpu-runtime/zephyr-ws/zephyr/include/zephyr/logging/log_backend.h:9:
In file included from /Users/gjonesblackcyton/Documents/src/klausscpu-runtime/zephyr-ws/zephyr/include/zephyr/logging/log_msg.h:9:
In file included from /Users/gjonesblackcyton/Documents/src/klausscpu-runtime/zephyr-ws/zephyr/include/zephyr/logging/log_instance.h:10:
In file included from /Users/gjonesblackcyton/Documents/src/klausscpu-runtime/zephyr-ws/zephyr/include/zephyr/sys/iterable_sections.h:10:
In file included from /Users/gjonesblackcyton/Documents/src/klausscpu-runtime/zephyr-ws/zephyr/include/zephyr/sys/__assert.h:11:
In file included from /Users/gjonesblackcyton/Documents/src/klausscpu-runtime/zephyr-ws/zephyr/include/zephyr/toolchain.h:48:
/Users/gjonesblackcyton/Documents/src/klausscpu-runtime/zephyr-ws/zephyr/include/zephyr/toolchain/llvm.h:119:9: warning: '__INT8_C' macro redefined [-Wmacro-redefined]
  119 | #define __INT8_C(x)     int_c(x, __int_least8_c_suffix__)
      |         ^
<built-in>:179:9: note: previous definition is here
  179 | #define __INT8_C(c) c
      |         ^
In file included from /Users/gjonesblackcyton/Documents/src/klausscpu-runtime/zephyr-ws/zephyr/subsys/logging/backends/log_backend_uart.c:8:
In file included from /Users/gjonesblackcyton/Documents/src/klausscpu-runtime/zephyr-ws/zephyr/include/zephyr/logging/log_backend.h:9:
In file included from /Users/gjonesblackcyton/Documents/src/klausscpu-runtime/zephyr-ws/zephyr/include/zephyr/logging/log_msg.h:9:
In file included from /Users/gjonesblackcyton/Documents/src/klausscpu-runtime/zephyr-ws/zephyr/include/zephyr/logging/log_instance.h:10:
In file included from /Users/gjonesblackcyton/Documents/src/klausscpu-runtime/zephyr-ws/zephyr/include/zephyr/sys/iterable_sections.h:10:
In file included from /Users/gjonesblackcyton/Documents/src/klausscpu-runtime/zephyr-ws/zephyr/include/zephyr/sys/__assert.h:11:
In file included from /Users/gjonesblackcyton/Documents/src/klausscpu-runtime/zephyr-ws/zephyr/include/zephyr/toolchain.h:48:
/Users/gjonesblackcyton/Documents/src/klausscpu-runtime/zephyr-ws/zephyr/include/zephyr/toolchain/llvm.h:120:9: warning: '__UINT8_C' macro redefined [-Wmacro-redefined]
  120 | #define __UINT8_C(x)    uint_c(x, __int_least8_c_suffix__)
      |         ^
<built-in>:201:9: note: previous definition is here
  201 | #define __UINT8_C(c) c
      |         ^
In file included from /Users/gjonesblackcyton/Documents/src/klausscpu-runtime/zephyr-ws/zephyr/subsys/logging/backends/log_backend_uart.c:8:
In file included from /Users/gjonesblackcyton/Documents/src/klausscpu-runtime/zephyr-ws/zephyr/include/zephyr/logging/log_backend.h:9:
In file included from /Users/gjonesblackcyton/Documents/src/klausscpu-runtime/zephyr-ws/zephyr/include/zephyr/logging/log_msg.h:9:
In file included from /Users/gjonesblackcyton/Documents/src/klausscpu-runtime/zephyr-ws/zephyr/include/zephyr/logging/log_instance.h:10:
In file included from /Users/gjonesblackcyton/Documents/src/klausscpu-runtime/zephyr-ws/zephyr/include/zephyr/sys/iterable_sections.h:10:
In file included from /Users/gjonesblackcyton/Documents/src/klausscpu-runtime/zephyr-ws/zephyr/include/zephyr/sys/__assert.h:11:
In file included from /Users/gjonesblackcyton/Documents/src/klausscpu-runtime/zephyr-ws/zephyr/include/zephyr/toolchain.h:48:
/Users/gjonesblackcyton/Documents/src/klausscpu-runtime/zephyr-ws/zephyr/include/zephyr/toolchain/llvm.h:127:9: warning: '__INTMAX_C' macro redefined [-Wmacro-redefined]
  127 | #define __INTMAX_C(x)   int_c(x, __INTMAX_C_SUFFIX__)
      |         ^
<built-in>:98:9: note: previous definition is here
   98 | #define __INTMAX_C(c) c##L
      |         ^
In file included from /Users/gjonesblackcyton/Documents/src/klausscpu-runtime/zephyr-ws/zephyr/subsys/logging/backends/log_backend_uart.c:8:
In file included from /Users/gjonesblackcyton/Documents/src/klausscpu-runtime/zephyr-ws/zephyr/include/zephyr/logging/log_backend.h:9:
In file included from /Users/gjonesblackcyton/Documents/src/klausscpu-runtime/zephyr-ws/zephyr/include/zephyr/logging/log_msg.h:9:
In file included from /Users/gjonesblackcyton/Documents/src/klausscpu-runtime/zephyr-ws/zephyr/include/zephyr/logging/log_instance.h:10:
In file included from /Users/gjonesblackcyton/Documents/src/klausscpu-runtime/zephyr-ws/zephyr/include/zephyr/sys/iterable_sections.h:10:
In file included from /Users/gjonesblackcyton/Documents/src/klausscpu-runtime/zephyr-ws/zephyr/include/zephyr/sys/__assert.h:11:
In file included from /Users/gjonesblackcyton/Documents/src/klausscpu-runtime/zephyr-ws/zephyr/include/zephyr/toolchain.h:48:
/Users/gjonesblackcyton/Documents/src/klausscpu-runtime/zephyr-ws/zephyr/include/zephyr/toolchain/llvm.h:128:9: warning: '__UINTMAX_C' macro redefined [-Wmacro-redefined]
  128 | #define __UINTMAX_C(x)  int_c(x, __UINTMAX_C_SUFFIX__)
      |         ^
<built-in>:105:9: note: previous definition is here
  105 | #define __UINTMAX_C(c) c##UL
      |         ^
6 warnings generated.
[31/144] Building C object zephyr/CMakeFiles/zephyr.dir/subsys/logging/log_msg.c.obj
In file included from /Users/gjonesblackcyton/Documents/src/klausscpu-runtime/zephyr-ws/zephyr/subsys/logging/log_msg.c:6:
In file included from /Users/gjonesblackcyton/Documents/src/klausscpu-runtime/zephyr-ws/zephyr/include/zephyr/kernel.h:17:
In file included from /Users/gjonesblackcyton/Documents/src/klausscpu-runtime/zephyr-ws/zephyr/include/zephyr/kernel_includes.h:23:
In file included from /Users/gjonesblackcyton/Documents/src/klausscpu-runtime/zephyr-ws/zephyr/include/zephyr/toolchain.h:48:
/Users/gjonesblackcyton/Documents/src/klausscpu-runtime/zephyr-ws/zephyr/include/zephyr/toolchain/llvm.h:102:9: warning: '__INT16_C' macro redefined [-Wmacro-redefined]
  102 | #define __INT16_C(x)    int_c(x, __int_least16_c_suffix__)
      |         ^
<built-in>:184:9: note: previous definition is here
  184 | #define __INT16_C(c) c
      |         ^
In file included from /Users/gjonesblackcyton/Documents/src/klausscpu-runtime/zephyr-ws/zephyr/subsys/logging/log_msg.c:6:
In file included from /Users/gjonesblackcyton/Documents/src/klausscpu-runtime/zephyr-ws/zephyr/include/zephyr/kernel.h:17:
In file included from /Users/gjonesblackcyton/Documents/src/klausscpu-runtime/zephyr-ws/zephyr/include/zephyr/kernel_includes.h:23:
In file included from /Users/gjonesblackcyton/Documents/src/klausscpu-runtime/zephyr-ws/zephyr/include/zephyr/toolchain.h:48:
/Users/gjonesblackcyton/Documents/src/klausscpu-runtime/zephyr-ws/zephyr/include/zephyr/toolchain/llvm.h:103:9: warning: '__UINT16_C' macro redefined [-Wmacro-redefined]
  103 | #define __UINT16_C(x)   uint_c(x, __int_least16_c_suffix__)
      |         ^
<built-in>:210:9: note: previous definition is here
  210 | #define __UINT16_C(c) c
      |         ^
In file included from /Users/gjonesblackcyton/Documents/src/klausscpu-runtime/zephyr-ws/zephyr/subsys/logging/log_msg.c:6:
In file included from /Users/gjonesblackcyton/Documents/src/klausscpu-runtime/zephyr-ws/zephyr/include/zephyr/kernel.h:17:
In file included from /Users/gjonesblackcyton/Documents/src/klausscpu-runtime/zephyr-ws/zephyr/include/zephyr/kernel_includes.h:23:
In file included from /Users/gjonesblackcyton/Documents/src/klausscpu-runtime/zephyr-ws/zephyr/include/zephyr/toolchain.h:48:
/Users/gjonesblackcyton/Documents/src/klausscpu-runtime/zephyr-ws/zephyr/include/zephyr/toolchain/llvm.h:119:9: warning: '__INT8_C' macro redefined [-Wmacro-redefined]
  119 | #define __INT8_C(x)     int_c(x, __int_least8_c_suffix__)
      |         ^
<built-in>:179:9: note: previous definition is here
  179 | #define __INT8_C(c) c
      |         ^
In file included from /Users/gjonesblackcyton/Documents/src/klausscpu-runtime/zephyr-ws/zephyr/subsys/logging/log_msg.c:6:
In file included from /Users/gjonesblackcyton/Documents/src/klausscpu-runtime/zephyr-ws/zephyr/include/zephyr/kernel.h:17:
In file included from /Users/gjonesblackcyton/Documents/src/klausscpu-runtime/zephyr-ws/zephyr/include/zephyr/kernel_includes.h:23:
In file included from /Users/gjonesblackcyton/Documents/src/klausscpu-runtime/zephyr-ws/zephyr/include/zephyr/toolchain.h:48:
/Users/gjonesblackcyton/Documents/src/klausscpu-runtime/zephyr-ws/zephyr/include/zephyr/toolchain/llvm.h:120:9: warning: '__UINT8_C' macro redefined [-Wmacro-redefined]
  120 | #define __UINT8_C(x)    uint_c(x, __int_least8_c_suffix__)
      |         ^
<built-in>:201:9: note: previous definition is here
  201 | #define __UINT8_C(c) c
      |         ^
In file included from /Users/gjonesblackcyton/Documents/src/klausscpu-runtime/zephyr-ws/zephyr/subsys/logging/log_msg.c:6:
In file included from /Users/gjonesblackcyton/Documents/src/klausscpu-runtime/zephyr-ws/zephyr/include/zephyr/kernel.h:17:
In file included from /Users/gjonesblackcyton/Documents/src/klausscpu-runtime/zephyr-ws/zephyr/include/zephyr/kernel_includes.h:23:
In file included from /Users/gjonesblackcyton/Documents/src/klausscpu-runtime/zephyr-ws/zephyr/include/zephyr/toolchain.h:48:
/Users/gjonesblackcyton/Documents/src/klausscpu-runtime/zephyr-ws/zephyr/include/zephyr/toolchain/llvm.h:127:9: warning: '__INTMAX_C' macro redefined [-Wmacro-redefined]
  127 | #define __INTMAX_C(x)   int_c(x, __INTMAX_C_SUFFIX__)
      |         ^
<built-in>:98:9: note: previous definition is here
   98 | #define __INTMAX_C(c) c##L
      |         ^
In file included from /Users/gjonesblackcyton/Documents/src/klausscpu-runtime/zephyr-ws/zephyr/subsys/logging/log_msg.c:6:
In file included from /Users/gjonesblackcyton/Documents/src/klausscpu-runtime/zephyr-ws/zephyr/include/zephyr/kernel.h:17:
In file included from /Users/gjonesblackcyton/Documents/src/klausscpu-runtime/zephyr-ws/zephyr/include/zephyr/kernel_includes.h:23:
In file included from /Users/gjonesblackcyton/Documents/src/klausscpu-runtime/zephyr-ws/zephyr/include/zephyr/toolchain.h:48:
/Users/gjonesblackcyton/Documents/src/klausscpu-runtime/zephyr-ws/zephyr/include/zephyr/toolchain/llvm.h:128:9: warning: '__UINTMAX_C' macro redefined [-Wmacro-redefined]
  128 | #define __UINTMAX_C(x)  int_c(x, __UINTMAX_C_SUFFIX__)
      |         ^
<built-in>:105:9: note: previous definition is here
  105 | #define __UINTMAX_C(c) c##UL
      |         ^
6 warnings generated.
[32/144] Building C object zephyr/CMakeFiles/zephyr.dir/subsys/logging/log_output.c.obj
In file included from /Users/gjonesblackcyton/Documents/src/klausscpu-runtime/zephyr-ws/zephyr/subsys/logging/log_output.c:7:
In file included from /Users/gjonesblackcyton/Documents/src/klausscpu-runtime/zephyr-ws/zephyr/include/zephyr/logging/log_output.h:9:
In file included from /Users/gjonesblackcyton/Documents/src/klausscpu-runtime/zephyr-ws/zephyr/include/zephyr/logging/log_msg.h:9:
In file included from /Users/gjonesblackcyton/Documents/src/klausscpu-runtime/zephyr-ws/zephyr/include/zephyr/logging/log_instance.h:10:
In file included from /Users/gjonesblackcyton/Documents/src/klausscpu-runtime/zephyr-ws/zephyr/include/zephyr/sys/iterable_sections.h:10:
In file included from /Users/gjonesblackcyton/Documents/src/klausscpu-runtime/zephyr-ws/zephyr/include/zephyr/sys/__assert.h:11:
In file included from /Users/gjonesblackcyton/Documents/src/klausscpu-runtime/zephyr-ws/zephyr/include/zephyr/toolchain.h:48:
/Users/gjonesblackcyton/Documents/src/klausscpu-runtime/zephyr-ws/zephyr/include/zephyr/toolchain/llvm.h:102:9: warning: '__INT16_C' macro redefined [-Wmacro-redefined]
  102 | #define __INT16_C(x)    int_c(x, __int_least16_c_suffix__)
      |         ^
<built-in>:184:9: note: previous definition is here
  184 | #define __INT16_C(c) c
      |         ^
In file included from /Users/gjonesblackcyton/Documents/src/klausscpu-runtime/zephyr-ws/zephyr/subsys/logging/log_output.c:7:
In file included from /Users/gjonesblackcyton/Documents/src/klausscpu-runtime/zephyr-ws/zephyr/include/zephyr/logging/log_output.h:9:
In file included from /Users/gjonesblackcyton/Documents/src/klausscpu-runtime/zephyr-ws/zephyr/include/zephyr/logging/log_msg.h:9:
In file included from /Users/gjonesblackcyton/Documents/src/klausscpu-runtime/zephyr-ws/zephyr/include/zephyr/logging/log_instance.h:10:
In file included from /Users/gjonesblackcyton/Documents/src/klausscpu-runtime/zephyr-ws/zephyr/include/zephyr/sys/iterable_sections.h:10:
In file included from /Users/gjonesblackcyton/Documents/src/klausscpu-runtime/zephyr-ws/zephyr/include/zephyr/sys/__assert.h:11:
In file included from /Users/gjonesblackcyton/Documents/src/klausscpu-runtime/zephyr-ws/zephyr/include/zephyr/toolchain.h:48:
/Users/gjonesblackcyton/Documents/src/klausscpu-runtime/zephyr-ws/zephyr/include/zephyr/toolchain/llvm.h:103:9: warning: '__UINT16_C' macro redefined [-Wmacro-redefined]
  103 | #define __UINT16_C(x)   uint_c(x, __int_least16_c_suffix__)
      |         ^
<built-in>:210:9: note: previous definition is here
  210 | #define __UINT16_C(c) c
      |         ^
In file included from /Users/gjonesblackcyton/Documents/src/klausscpu-runtime/zephyr-ws/zephyr/subsys/logging/log_output.c:7:
In file included from /Users/gjonesblackcyton/Documents/src/klausscpu-runtime/zephyr-ws/zephyr/include/zephyr/logging/log_output.h:9:
In file included from /Users/gjonesblackcyton/Documents/src/klausscpu-runtime/zephyr-ws/zephyr/include/zephyr/logging/log_msg.h:9:
In file included from /Users/gjonesblackcyton/Documents/src/klausscpu-runtime/zephyr-ws/zephyr/include/zephyr/logging/log_instance.h:10:
In file included from /Users/gjonesblackcyton/Documents/src/klausscpu-runtime/zephyr-ws/zephyr/include/zephyr/sys/iterable_sections.h:10:
In file included from /Users/gjonesblackcyton/Documents/src/klausscpu-runtime/zephyr-ws/zephyr/include/zephyr/sys/__assert.h:11:
In file included from /Users/gjonesblackcyton/Documents/src/klausscpu-runtime/zephyr-ws/zephyr/include/zephyr/toolchain.h:48:
/Users/gjonesblackcyton/Documents/src/klausscpu-runtime/zephyr-ws/zephyr/include/zephyr/toolchain/llvm.h:119:9: warning: '__INT8_C' macro redefined [-Wmacro-redefined]
  119 | #define __INT8_C(x)     int_c(x, __int_least8_c_suffix__)
      |         ^
<built-in>:179:9: note: previous definition is here
  179 | #define __INT8_C(c) c
      |         ^
In file included from /Users/gjonesblackcyton/Documents/src/klausscpu-runtime/zephyr-ws/zephyr/subsys/logging/log_output.c:7:
In file included from /Users/gjonesblackcyton/Documents/src/klausscpu-runtime/zephyr-ws/zephyr/include/zephyr/logging/log_output.h:9:
In file included from /Users/gjonesblackcyton/Documents/src/klausscpu-runtime/zephyr-ws/zephyr/include/zephyr/logging/log_msg.h:9:
In file included from /Users/gjonesblackcyton/Documents/src/klausscpu-runtime/zephyr-ws/zephyr/include/zephyr/logging/log_instance.h:10:
In file included from /Users/gjonesblackcyton/Documents/src/klausscpu-runtime/zephyr-ws/zephyr/include/zephyr/sys/iterable_sections.h:10:
In file included from /Users/gjonesblackcyton/Documents/src/klausscpu-runtime/zephyr-ws/zephyr/include/zephyr/sys/__assert.h:11:
In file included from /Users/gjonesblackcyton/Documents/src/klausscpu-runtime/zephyr-ws/zephyr/include/zephyr/toolchain.h:48:
/Users/gjonesblackcyton/Documents/src/klausscpu-runtime/zephyr-ws/zephyr/include/zephyr/toolchain/llvm.h:120:9: warning: '__UINT8_C' macro redefined [-Wmacro-redefined]
  120 | #define __UINT8_C(x)    uint_c(x, __int_least8_c_suffix__)
      |         ^
<built-in>:201:9: note: previous definition is here
  201 | #define __UINT8_C(c) c
      |         ^
In file included from /Users/gjonesblackcyton/Documents/src/klausscpu-runtime/zephyr-ws/zephyr/subsys/logging/log_output.c:7:
In file included from /Users/gjonesblackcyton/Documents/src/klausscpu-runtime/zephyr-ws/zephyr/include/zephyr/logging/log_output.h:9:
In file included from /Users/gjonesblackcyton/Documents/src/klausscpu-runtime/zephyr-ws/zephyr/include/zephyr/logging/log_msg.h:9:
In file included from /Users/gjonesblackcyton/Documents/src/klausscpu-runtime/zephyr-ws/zephyr/include/zephyr/logging/log_instance.h:10:
In file included from /Users/gjonesblackcyton/Documents/src/klausscpu-runtime/zephyr-ws/zephyr/include/zephyr/sys/iterable_sections.h:10:
In file included from /Users/gjonesblackcyton/Documents/src/klausscpu-runtime/zephyr-ws/zephyr/include/zephyr/sys/__assert.h:11:
In file included from /Users/gjonesblackcyton/Documents/src/klausscpu-runtime/zephyr-ws/zephyr/include/zephyr/toolchain.h:48:
/Users/gjonesblackcyton/Documents/src/klausscpu-runtime/zephyr-ws/zephyr/include/zephyr/toolchain/llvm.h:127:9: warning: '__INTMAX_C' macro redefined [-Wmacro-redefined]
  127 | #define __INTMAX_C(x)   int_c(x, __INTMAX_C_SUFFIX__)
      |         ^
<built-in>:98:9: note: previous definition is here
   98 | #define __INTMAX_C(c) c##L
      |         ^
In file included from /Users/gjonesblackcyton/Documents/src/klausscpu-runtime/zephyr-ws/zephyr/subsys/logging/log_output.c:7:
In file included from /Users/gjonesblackcyton/Documents/src/klausscpu-runtime/zephyr-ws/zephyr/include/zephyr/logging/log_output.h:9:
In file included from /Users/gjonesblackcyton/Documents/src/klausscpu-runtime/zephyr-ws/zephyr/include/zephyr/logging/log_msg.h:9:
In file included from /Users/gjonesblackcyton/Documents/src/klausscpu-runtime/zephyr-ws/zephyr/include/zephyr/logging/log_instance.h:10:
In file included from /Users/gjonesblackcyton/Documents/src/klausscpu-runtime/zephyr-ws/zephyr/include/zephyr/sys/iterable_sections.h:10:
In file included from /Users/gjonesblackcyton/Documents/src/klausscpu-runtime/zephyr-ws/zephyr/include/zephyr/sys/__assert.h:11:
In file included from /Users/gjonesblackcyton/Documents/src/klausscpu-runtime/zephyr-ws/zephyr/include/zephyr/toolchain.h:48:
/Users/gjonesblackcyton/Documents/src/klausscpu-runtime/zephyr-ws/zephyr/include/zephyr/toolchain/llvm.h:128:9: warning: '__UINTMAX_C' macro redefined [-Wmacro-redefined]
  128 | #define __UINTMAX_C(x)  int_c(x, __UINTMAX_C_SUFFIX__)
      |         ^
<built-in>:105:9: note: previous definition is here
  105 | #define __UINTMAX_C(c) c##UL
      |         ^
6 warnings generated.
[33/144] Building C object zephyr/CMakeFiles/zephyr.dir/subsys/logging/log_core.c.obj
In file included from /Users/gjonesblackcyton/Documents/src/klausscpu-runtime/zephyr-ws/zephyr/subsys/logging/log_core.c:6:
In file included from /Users/gjonesblackcyton/Documents/src/klausscpu-runtime/zephyr-ws/zephyr/include/zephyr/logging/log.h:10:
In file included from /Users/gjonesblackcyton/Documents/src/klausscpu-runtime/zephyr-ws/zephyr/include/zephyr/logging/log_instance.h:10:
In file included from /Users/gjonesblackcyton/Documents/src/klausscpu-runtime/zephyr-ws/zephyr/include/zephyr/sys/iterable_sections.h:10:
In file included from /Users/gjonesblackcyton/Documents/src/klausscpu-runtime/zephyr-ws/zephyr/include/zephyr/sys/__assert.h:11:
In file included from /Users/gjonesblackcyton/Documents/src/klausscpu-runtime/zephyr-ws/zephyr/include/zephyr/toolchain.h:48:
/Users/gjonesblackcyton/Documents/src/klausscpu-runtime/zephyr-ws/zephyr/include/zephyr/toolchain/llvm.h:102:9: warning: '__INT16_C' macro redefined [-Wmacro-redefined]
  102 | #define __INT16_C(x)    int_c(x, __int_least16_c_suffix__)
      |         ^
<built-in>:184:9: note: previous definition is here
  184 | #define __INT16_C(c) c
      |         ^
In file included from /Users/gjonesblackcyton/Documents/src/klausscpu-runtime/zephyr-ws/zephyr/subsys/logging/log_core.c:6:
In file included from /Users/gjonesblackcyton/Documents/src/klausscpu-runtime/zephyr-ws/zephyr/include/zephyr/logging/log.h:10:
In file included from /Users/gjonesblackcyton/Documents/src/klausscpu-runtime/zephyr-ws/zephyr/include/zephyr/logging/log_instance.h:10:
In file included from /Users/gjonesblackcyton/Documents/src/klausscpu-runtime/zephyr-ws/zephyr/include/zephyr/sys/iterable_sections.h:10:
In file included from /Users/gjonesblackcyton/Documents/src/klausscpu-runtime/zephyr-ws/zephyr/include/zephyr/sys/__assert.h:11:
In file included from /Users/gjonesblackcyton/Documents/src/klausscpu-runtime/zephyr-ws/zephyr/include/zephyr/toolchain.h:48:
/Users/gjonesblackcyton/Documents/src/klausscpu-runtime/zephyr-ws/zephyr/include/zephyr/toolchain/llvm.h:103:9: warning: '__UINT16_C' macro redefined [-Wmacro-redefined]
  103 | #define __UINT16_C(x)   uint_c(x, __int_least16_c_suffix__)
      |         ^
<built-in>:210:9: note: previous definition is here
  210 | #define __UINT16_C(c) c
      |         ^
In file included from /Users/gjonesblackcyton/Documents/src/klausscpu-runtime/zephyr-ws/zephyr/subsys/logging/log_core.c:6:
In file included from /Users/gjonesblackcyton/Documents/src/klausscpu-runtime/zephyr-ws/zephyr/include/zephyr/logging/log.h:10:
In file included from /Users/gjonesblackcyton/Documents/src/klausscpu-runtime/zephyr-ws/zephyr/include/zephyr/logging/log_instance.h:10:
In file included from /Users/gjonesblackcyton/Documents/src/klausscpu-runtime/zephyr-ws/zephyr/include/zephyr/sys/iterable_sections.h:10:
In file included from /Users/gjonesblackcyton/Documents/src/klausscpu-runtime/zephyr-ws/zephyr/include/zephyr/sys/__assert.h:11:
In file included from /Users/gjonesblackcyton/Documents/src/klausscpu-runtime/zephyr-ws/zephyr/include/zephyr/toolchain.h:48:
/Users/gjonesblackcyton/Documents/src/klausscpu-runtime/zephyr-ws/zephyr/include/zephyr/toolchain/llvm.h:119:9: warning: '__INT8_C' macro redefined [-Wmacro-redefined]
  119 | #define __INT8_C(x)     int_c(x, __int_least8_c_suffix__)
      |         ^
<built-in>:179:9: note: previous definition is here
  179 | #define __INT8_C(c) c
      |         ^
In file included from /Users/gjonesblackcyton/Documents/src/klausscpu-runtime/zephyr-ws/zephyr/subsys/logging/log_core.c:6:
In file included from /Users/gjonesblackcyton/Documents/src/klausscpu-runtime/zephyr-ws/zephyr/include/zephyr/logging/log.h:10:
In file included from /Users/gjonesblackcyton/Documents/src/klausscpu-runtime/zephyr-ws/zephyr/include/zephyr/logging/log_instance.h:10:
In file included from /Users/gjonesblackcyton/Documents/src/klausscpu-runtime/zephyr-ws/zephyr/include/zephyr/sys/iterable_sections.h:10:
In file included from /Users/gjonesblackcyton/Documents/src/klausscpu-runtime/zephyr-ws/zephyr/include/zephyr/sys/__assert.h:11:
In file included from /Users/gjonesblackcyton/Documents/src/klausscpu-runtime/zephyr-ws/zephyr/include/zephyr/toolchain.h:48:
/Users/gjonesblackcyton/Documents/src/klausscpu-runtime/zephyr-ws/zephyr/include/zephyr/toolchain/llvm.h:120:9: warning: '__UINT8_C' macro redefined [-Wmacro-redefined]
  120 | #define __UINT8_C(x)    uint_c(x, __int_least8_c_suffix__)
      |         ^
<built-in>:201:9: note: previous definition is here
  201 | #define __UINT8_C(c) c
      |         ^
In file included from /Users/gjonesblackcyton/Documents/src/klausscpu-runtime/zephyr-ws/zephyr/subsys/logging/log_core.c:6:
In file included from /Users/gjonesblackcyton/Documents/src/klausscpu-runtime/zephyr-ws/zephyr/include/zephyr/logging/log.h:10:
In file included from /Users/gjonesblackcyton/Documents/src/klausscpu-runtime/zephyr-ws/zephyr/include/zephyr/logging/log_instance.h:10:
In file included from /Users/gjonesblackcyton/Documents/src/klausscpu-runtime/zephyr-ws/zephyr/include/zephyr/sys/iterable_sections.h:10:
In file included from /Users/gjonesblackcyton/Documents/src/klausscpu-runtime/zephyr-ws/zephyr/include/zephyr/sys/__assert.h:11:
In file included from /Users/gjonesblackcyton/Documents/src/klausscpu-runtime/zephyr-ws/zephyr/include/zephyr/toolchain.h:48:
/Users/gjonesblackcyton/Documents/src/klausscpu-runtime/zephyr-ws/zephyr/include/zephyr/toolchain/llvm.h:127:9: warning: '__INTMAX_C' macro redefined [-Wmacro-redefined]
  127 | #define __INTMAX_C(x)   int_c(x, __INTMAX_C_SUFFIX__)
      |         ^
<built-in>:98:9: note: previous definition is here
   98 | #define __INTMAX_C(c) c##L
      |         ^
In file included from /Users/gjonesblackcyton/Documents/src/klausscpu-runtime/zephyr-ws/zephyr/subsys/logging/log_core.c:6:
In file included from /Users/gjonesblackcyton/Documents/src/klausscpu-runtime/zephyr-ws/zephyr/include/zephyr/logging/log.h:10:
In file included from /Users/gjonesblackcyton/Documents/src/klausscpu-runtime/zephyr-ws/zephyr/include/zephyr/logging/log_instance.h:10:
In file included from /Users/gjonesblackcyton/Documents/src/klausscpu-runtime/zephyr-ws/zephyr/include/zephyr/sys/iterable_sections.h:10:
In file included from /Users/gjonesblackcyton/Documents/src/klausscpu-runtime/zephyr-ws/zephyr/include/zephyr/sys/__assert.h:11:
In file included from /Users/gjonesblackcyton/Documents/src/klausscpu-runtime/zephyr-ws/zephyr/include/zephyr/toolchain.h:48:
/Users/gjonesblackcyton/Documents/src/klausscpu-runtime/zephyr-ws/zephyr/include/zephyr/toolchain/llvm.h:128:9: warning: '__UINTMAX_C' macro redefined [-Wmacro-redefined]
  128 | #define __UINTMAX_C(x)  int_c(x, __UINTMAX_C_SUFFIX__)
      |         ^
<built-in>:105:9: note: previous definition is here
  105 | #define __UINTMAX_C(c) c##UL
      |         ^
6 warnings generated.
[34/144] Building C object zephyr/CMakeFiles/zephyr.dir/subsys/logging/log_mgmt.c.obj
In file included from /Users/gjonesblackcyton/Documents/src/klausscpu-runtime/zephyr-ws/zephyr/subsys/logging/log_mgmt.c:6:
In file included from /Users/gjonesblackcyton/Documents/src/klausscpu-runtime/zephyr-ws/zephyr/include/zephyr/logging/log_internal.h:10:
In file included from /Users/gjonesblackcyton/Documents/src/klausscpu-runtime/zephyr-ws/zephyr/include/zephyr/sys/__assert.h:11:
In file included from /Users/gjonesblackcyton/Documents/src/klausscpu-runtime/zephyr-ws/zephyr/include/zephyr/toolchain.h:48:
/Users/gjonesblackcyton/Documents/src/klausscpu-runtime/zephyr-ws/zephyr/include/zephyr/toolchain/llvm.h:102:9: warning: '__INT16_C' macro redefined [-Wmacro-redefined]
  102 | #define __INT16_C(x)    int_c(x, __int_least16_c_suffix__)
      |         ^
<built-in>:184:9: note: previous definition is here
  184 | #define __INT16_C(c) c
      |         ^
In file included from /Users/gjonesblackcyton/Documents/src/klausscpu-runtime/zephyr-ws/zephyr/subsys/logging/log_mgmt.c:6:
In file included from /Users/gjonesblackcyton/Documents/src/klausscpu-runtime/zephyr-ws/zephyr/include/zephyr/logging/log_internal.h:10:
In file included from /Users/gjonesblackcyton/Documents/src/klausscpu-runtime/zephyr-ws/zephyr/include/zephyr/sys/__assert.h:11:
In file included from /Users/gjonesblackcyton/Documents/src/klausscpu-runtime/zephyr-ws/zephyr/include/zephyr/toolchain.h:48:
/Users/gjonesblackcyton/Documents/src/klausscpu-runtime/zephyr-ws/zephyr/include/zephyr/toolchain/llvm.h:103:9: warning: '__UINT16_C' macro redefined [-Wmacro-redefined]
  103 | #define __UINT16_C(x)   uint_c(x, __int_least16_c_suffix__)
      |         ^
<built-in>:210:9: note: previous definition is here
  210 | #define __UINT16_C(c) c
      |         ^
In file included from /Users/gjonesblackcyton/Documents/src/klausscpu-runtime/zephyr-ws/zephyr/subsys/logging/log_mgmt.c:6:
In file included from /Users/gjonesblackcyton/Documents/src/klausscpu-runtime/zephyr-ws/zephyr/include/zephyr/logging/log_internal.h:10:
In file included from /Users/gjonesblackcyton/Documents/src/klausscpu-runtime/zephyr-ws/zephyr/include/zephyr/sys/__assert.h:11:
In file included from /Users/gjonesblackcyton/Documents/src/klausscpu-runtime/zephyr-ws/zephyr/include/zephyr/toolchain.h:48:
/Users/gjonesblackcyton/Documents/src/klausscpu-runtime/zephyr-ws/zephyr/include/zephyr/toolchain/llvm.h:119:9: warning: '__INT8_C' macro redefined [-Wmacro-redefined]
  119 | #define __INT8_C(x)     int_c(x, __int_least8_c_suffix__)
      |         ^
<built-in>:179:9: note: previous definition is here
  179 | #define __INT8_C(c) c
      |         ^
In file included from /Users/gjonesblackcyton/Documents/src/klausscpu-runtime/zephyr-ws/zephyr/subsys/logging/log_mgmt.c:6:
In file included from /Users/gjonesblackcyton/Documents/src/klausscpu-runtime/zephyr-ws/zephyr/include/zephyr/logging/log_internal.h:10:
In file included from /Users/gjonesblackcyton/Documents/src/klausscpu-runtime/zephyr-ws/zephyr/include/zephyr/sys/__assert.h:11:
In file included from /Users/gjonesblackcyton/Documents/src/klausscpu-runtime/zephyr-ws/zephyr/include/zephyr/toolchain.h:48:
/Users/gjonesblackcyton/Documents/src/klausscpu-runtime/zephyr-ws/zephyr/include/zephyr/toolchain/llvm.h:120:9: warning: '__UINT8_C' macro redefined [-Wmacro-redefined]
  120 | #define __UINT8_C(x)    uint_c(x, __int_least8_c_suffix__)
      |         ^
<built-in>:201:9: note: previous definition is here
  201 | #define __UINT8_C(c) c
      |         ^
In file included from /Users/gjonesblackcyton/Documents/src/klausscpu-runtime/zephyr-ws/zephyr/subsys/logging/log_mgmt.c:6:
In file included from /Users/gjonesblackcyton/Documents/src/klausscpu-runtime/zephyr-ws/zephyr/include/zephyr/logging/log_internal.h:10:
In file included from /Users/gjonesblackcyton/Documents/src/klausscpu-runtime/zephyr-ws/zephyr/include/zephyr/sys/__assert.h:11:
In file included from /Users/gjonesblackcyton/Documents/src/klausscpu-runtime/zephyr-ws/zephyr/include/zephyr/toolchain.h:48:
/Users/gjonesblackcyton/Documents/src/klausscpu-runtime/zephyr-ws/zephyr/include/zephyr/toolchain/llvm.h:127:9: warning: '__INTMAX_C' macro redefined [-Wmacro-redefined]
  127 | #define __INTMAX_C(x)   int_c(x, __INTMAX_C_SUFFIX__)
      |         ^
<built-in>:98:9: note: previous definition is here
   98 | #define __INTMAX_C(c) c##L
      |         ^
In file included from /Users/gjonesblackcyton/Documents/src/klausscpu-runtime/zephyr-ws/zephyr/subsys/logging/log_mgmt.c:6:
In file included from /Users/gjonesblackcyton/Documents/src/klausscpu-runtime/zephyr-ws/zephyr/include/zephyr/logging/log_internal.h:10:
In file included from /Users/gjonesblackcyton/Documents/src/klausscpu-runtime/zephyr-ws/zephyr/include/zephyr/sys/__assert.h:11:
In file included from /Users/gjonesblackcyton/Documents/src/klausscpu-runtime/zephyr-ws/zephyr/include/zephyr/toolchain.h:48:
/Users/gjonesblackcyton/Documents/src/klausscpu-runtime/zephyr-ws/zephyr/include/zephyr/toolchain/llvm.h:128:9: warning: '__UINTMAX_C' macro redefined [-Wmacro-redefined]
  128 | #define __UINTMAX_C(x)  int_c(x, __UINTMAX_C_SUFFIX__)
      |         ^
<built-in>:105:9: note: previous definition is here
  105 | #define __UINTMAX_C(c) c##UL
      |         ^
6 warnings generated.
[35/144] Building C object zephyr/lib/libc/minimal/CMakeFiles/lib__libc__minimal.dir/source/stdlib/atoi.c.obj
[36/144] Building C object zephyr/CMakeFiles/zephyr.dir/lib/utils/bitarray.c.obj
[37/144] Building C object zephyr/CMakeFiles/zephyr.dir/subsys/net/lib/utils/addr_utils.c.obj
In file included from /Users/gjonesblackcyton/Documents/src/klausscpu-runtime/zephyr-ws/zephyr/subsys/net/lib/utils/addr_utils.c:9:
In file included from /Users/gjonesblackcyton/Documents/src/klausscpu-runtime/zephyr-ws/zephyr/include/zephyr/net/socketutils.h:15:
In file included from /Users/gjonesblackcyton/Documents/src/klausscpu-runtime/zephyr-ws/zephyr/include/zephyr/net/socket.h:25:
In file included from /Users/gjonesblackcyton/Documents/src/klausscpu-runtime/zephyr-ws/zephyr/include/zephyr/kernel.h:17:
In file included from /Users/gjonesblackcyton/Documents/src/klausscpu-runtime/zephyr-ws/zephyr/include/zephyr/kernel_includes.h:23:
In file included from /Users/gjonesblackcyton/Documents/src/klausscpu-runtime/zephyr-ws/zephyr/include/zephyr/toolchain.h:48:
/Users/gjonesblackcyton/Documents/src/klausscpu-runtime/zephyr-ws/zephyr/include/zephyr/toolchain/llvm.h:102:9: warning: '__INT16_C' macro redefined [-Wmacro-redefined]
  102 | #define __INT16_C(x)    int_c(x, __int_least16_c_suffix__)
      |         ^
<built-in>:184:9: note: previous definition is here
  184 | #define __INT16_C(c) c
      |         ^
In file included from /Users/gjonesblackcyton/Documents/src/klausscpu-runtime/zephyr-ws/zephyr/subsys/net/lib/utils/addr_utils.c:9:
In file included from /Users/gjonesblackcyton/Documents/src/klausscpu-runtime/zephyr-ws/zephyr/include/zephyr/net/socketutils.h:15:
In file included from /Users/gjonesblackcyton/Documents/src/klausscpu-runtime/zephyr-ws/zephyr/include/zephyr/net/socket.h:25:
In file included from /Users/gjonesblackcyton/Documents/src/klausscpu-runtime/zephyr-ws/zephyr/include/zephyr/kernel.h:17:
In file included from /Users/gjonesblackcyton/Documents/src/klausscpu-runtime/zephyr-ws/zephyr/include/zephyr/kernel_includes.h:23:
In file included from /Users/gjonesblackcyton/Documents/src/klausscpu-runtime/zephyr-ws/zephyr/include/zephyr/toolchain.h:48:
/Users/gjonesblackcyton/Documents/src/klausscpu-runtime/zephyr-ws/zephyr/include/zephyr/toolchain/llvm.h:103:9: warning: '__UINT16_C' macro redefined [-Wmacro-redefined]
  103 | #define __UINT16_C(x)   uint_c(x, __int_least16_c_suffix__)
      |         ^
<built-in>:210:9: note: previous definition is here
  210 | #define __UINT16_C(c) c
      |         ^
In file included from /Users/gjonesblackcyton/Documents/src/klausscpu-runtime/zephyr-ws/zephyr/subsys/net/lib/utils/addr_utils.c:9:
In file included from /Users/gjonesblackcyton/Documents/src/klausscpu-runtime/zephyr-ws/zephyr/include/zephyr/net/socketutils.h:15:
In file included from /Users/gjonesblackcyton/Documents/src/klausscpu-runtime/zephyr-ws/zephyr/include/zephyr/net/socket.h:25:
In file included from /Users/gjonesblackcyton/Documents/src/klausscpu-runtime/zephyr-ws/zephyr/include/zephyr/kernel.h:17:
In file included from /Users/gjonesblackcyton/Documents/src/klausscpu-runtime/zephyr-ws/zephyr/include/zephyr/kernel_includes.h:23:
In file included from /Users/gjonesblackcyton/Documents/src/klausscpu-runtime/zephyr-ws/zephyr/include/zephyr/toolchain.h:48:
/Users/gjonesblackcyton/Documents/src/klausscpu-runtime/zephyr-ws/zephyr/include/zephyr/toolchain/llvm.h:119:9: warning: '__INT8_C' macro redefined [-Wmacro-redefined]
  119 | #define __INT8_C(x)     int_c(x, __int_least8_c_suffix__)
      |         ^
<built-in>:179:9: note: previous definition is here
  179 | #define __INT8_C(c) c
      |         ^
In file included from /Users/gjonesblackcyton/Documents/src/klausscpu-runtime/zephyr-ws/zephyr/subsys/net/lib/utils/addr_utils.c:9:
In file included from /Users/gjonesblackcyton/Documents/src/klausscpu-runtime/zephyr-ws/zephyr/include/zephyr/net/socketutils.h:15:
In file included from /Users/gjonesblackcyton/Documents/src/klausscpu-runtime/zephyr-ws/zephyr/include/zephyr/net/socket.h:25:
In file included from /Users/gjonesblackcyton/Documents/src/klausscpu-runtime/zephyr-ws/zephyr/include/zephyr/kernel.h:17:
In file included from /Users/gjonesblackcyton/Documents/src/klausscpu-runtime/zephyr-ws/zephyr/include/zephyr/kernel_includes.h:23:
In file included from /Users/gjonesblackcyton/Documents/src/klausscpu-runtime/zephyr-ws/zephyr/include/zephyr/toolchain.h:48:
/Users/gjonesblackcyton/Documents/src/klausscpu-runtime/zephyr-ws/zephyr/include/zephyr/toolchain/llvm.h:120:9: warning: '__UINT8_C' macro redefined [-Wmacro-redefined]
  120 | #define __UINT8_C(x)    uint_c(x, __int_least8_c_suffix__)
      |         ^
<built-in>:201:9: note: previous definition is here
  201 | #define __UINT8_C(c) c
      |         ^
In file included from /Users/gjonesblackcyton/Documents/src/klausscpu-runtime/zephyr-ws/zephyr/subsys/net/lib/utils/addr_utils.c:9:
In file included from /Users/gjonesblackcyton/Documents/src/klausscpu-runtime/zephyr-ws/zephyr/include/zephyr/net/socketutils.h:15:
In file included from /Users/gjonesblackcyton/Documents/src/klausscpu-runtime/zephyr-ws/zephyr/include/zephyr/net/socket.h:25:
In file included from /Users/gjonesblackcyton/Documents/src/klausscpu-runtime/zephyr-ws/zephyr/include/zephyr/kernel.h:17:
In file included from /Users/gjonesblackcyton/Documents/src/klausscpu-runtime/zephyr-ws/zephyr/include/zephyr/kernel_includes.h:23:
In file included from /Users/gjonesblackcyton/Documents/src/klausscpu-runtime/zephyr-ws/zephyr/include/zephyr/toolchain.h:48:
/Users/gjonesblackcyton/Documents/src/klausscpu-runtime/zephyr-ws/zephyr/include/zephyr/toolchain/llvm.h:127:9: warning: '__INTMAX_C' macro redefined [-Wmacro-redefined]
  127 | #define __INTMAX_C(x)   int_c(x, __INTMAX_C_SUFFIX__)
      |         ^
<built-in>:98:9: note: previous definition is here
   98 | #define __INTMAX_C(c) c##L
      |         ^
In file included from /Users/gjonesblackcyton/Documents/src/klausscpu-runtime/zephyr-ws/zephyr/subsys/net/lib/utils/addr_utils.c:9:
In file included from /Users/gjonesblackcyton/Documents/src/klausscpu-runtime/zephyr-ws/zephyr/include/zephyr/net/socketutils.h:15:
In file included from /Users/gjonesblackcyton/Documents/src/klausscpu-runtime/zephyr-ws/zephyr/include/zephyr/net/socket.h:25:
In file included from /Users/gjonesblackcyton/Documents/src/klausscpu-runtime/zephyr-ws/zephyr/include/zephyr/kernel.h:17:
In file included from /Users/gjonesblackcyton/Documents/src/klausscpu-runtime/zephyr-ws/zephyr/include/zephyr/kernel_includes.h:23:
In file included from /Users/gjonesblackcyton/Documents/src/klausscpu-runtime/zephyr-ws/zephyr/include/zephyr/toolchain.h:48:
/Users/gjonesblackcyton/Documents/src/klausscpu-runtime/zephyr-ws/zephyr/include/zephyr/toolchain/llvm.h:128:9: warning: '__UINTMAX_C' macro redefined [-Wmacro-redefined]
  128 | #define __UINTMAX_C(x)  int_c(x, __UINTMAX_C_SUFFIX__)
      |         ^
<built-in>:105:9: note: previous definition is here
  105 | #define __UINTMAX_C(c) c##UL
      |         ^
6 warnings generated.
[38/144] Building C object zephyr/arch/arch/klausscpu/core/CMakeFiles/..__klausscpu-zephyr__arch__klausscpu__core.dir/thread.c.obj
In file included from /Users/gjonesblackcyton/Documents/src/klausscpu-runtime/zephyr-ws/klausscpu-zephyr/arch/klausscpu/core/thread.c:26:
In file included from /Users/gjonesblackcyton/Documents/src/klausscpu-runtime/zephyr-ws/zephyr/include/zephyr/kernel.h:17:
In file included from /Users/gjonesblackcyton/Documents/src/klausscpu-runtime/zephyr-ws/zephyr/include/zephyr/kernel_includes.h:23:
In file included from /Users/gjonesblackcyton/Documents/src/klausscpu-runtime/zephyr-ws/zephyr/include/zephyr/toolchain.h:48:
/Users/gjonesblackcyton/Documents/src/klausscpu-runtime/zephyr-ws/zephyr/include/zephyr/toolchain/llvm.h:102:9: warning: '__INT16_C' macro redefined [-Wmacro-redefined]
  102 | #define __INT16_C(x)    int_c(x, __int_least16_c_suffix__)
      |         ^
<built-in>:184:9: note: previous definition is here
  184 | #define __INT16_C(c) c
      |         ^
In file included from /Users/gjonesblackcyton/Documents/src/klausscpu-runtime/zephyr-ws/klausscpu-zephyr/arch/klausscpu/core/thread.c:26:
In file included from /Users/gjonesblackcyton/Documents/src/klausscpu-runtime/zephyr-ws/zephyr/include/zephyr/kernel.h:17:
In file included from /Users/gjonesblackcyton/Documents/src/klausscpu-runtime/zephyr-ws/zephyr/include/zephyr/kernel_includes.h:23:
In file included from /Users/gjonesblackcyton/Documents/src/klausscpu-runtime/zephyr-ws/zephyr/include/zephyr/toolchain.h:48:
/Users/gjonesblackcyton/Documents/src/klausscpu-runtime/zephyr-ws/zephyr/include/zephyr/toolchain/llvm.h:103:9: warning: '__UINT16_C' macro redefined [-Wmacro-redefined]
  103 | #define __UINT16_C(x)   uint_c(x, __int_least16_c_suffix__)
      |         ^
<built-in>:210:9: note: previous definition is here
  210 | #define __UINT16_C(c) c
      |         ^
In file included from /Users/gjonesblackcyton/Documents/src/klausscpu-runtime/zephyr-ws/klausscpu-zephyr/arch/klausscpu/core/thread.c:26:
In file included from /Users/gjonesblackcyton/Documents/src/klausscpu-runtime/zephyr-ws/zephyr/include/zephyr/kernel.h:17:
In file included from /Users/gjonesblackcyton/Documents/src/klausscpu-runtime/zephyr-ws/zephyr/include/zephyr/kernel_includes.h:23:
In file included from /Users/gjonesblackcyton/Documents/src/klausscpu-runtime/zephyr-ws/zephyr/include/zephyr/toolchain.h:48:
/Users/gjonesblackcyton/Documents/src/klausscpu-runtime/zephyr-ws/zephyr/include/zephyr/toolchain/llvm.h:119:9: warning: '__INT8_C' macro redefined [-Wmacro-redefined]
  119 | #define __INT8_C(x)     int_c(x, __int_least8_c_suffix__)
      |         ^
<built-in>:179:9: note: previous definition is here
  179 | #define __INT8_C(c) c
      |         ^
In file included from /Users/gjonesblackcyton/Documents/src/klausscpu-runtime/zephyr-ws/klausscpu-zephyr/arch/klausscpu/core/thread.c:26:
In file included from /Users/gjonesblackcyton/Documents/src/klausscpu-runtime/zephyr-ws/zephyr/include/zephyr/kernel.h:17:
In file included from /Users/gjonesblackcyton/Documents/src/klausscpu-runtime/zephyr-ws/zephyr/include/zephyr/kernel_includes.h:23:
In file included from /Users/gjonesblackcyton/Documents/src/klausscpu-runtime/zephyr-ws/zephyr/include/zephyr/toolchain.h:48:
/Users/gjonesblackcyton/Documents/src/klausscpu-runtime/zephyr-ws/zephyr/include/zephyr/toolchain/llvm.h:120:9: warning: '__UINT8_C' macro redefined [-Wmacro-redefined]
  120 | #define __UINT8_C(x)    uint_c(x, __int_least8_c_suffix__)
      |         ^
<built-in>:201:9: note: previous definition is here
  201 | #define __UINT8_C(c) c
      |         ^
In file included from /Users/gjonesblackcyton/Documents/src/klausscpu-runtime/zephyr-ws/klausscpu-zephyr/arch/klausscpu/core/thread.c:26:
In file included from /Users/gjonesblackcyton/Documents/src/klausscpu-runtime/zephyr-ws/zephyr/include/zephyr/kernel.h:17:
In file included from /Users/gjonesblackcyton/Documents/src/klausscpu-runtime/zephyr-ws/zephyr/include/zephyr/kernel_includes.h:23:
In file included from /Users/gjonesblackcyton/Documents/src/klausscpu-runtime/zephyr-ws/zephyr/include/zephyr/toolchain.h:48:
/Users/gjonesblackcyton/Documents/src/klausscpu-runtime/zephyr-ws/zephyr/include/zephyr/toolchain/llvm.h:127:9: warning: '__INTMAX_C' macro redefined [-Wmacro-redefined]
  127 | #define __INTMAX_C(x)   int_c(x, __INTMAX_C_SUFFIX__)
      |         ^
<built-in>:98:9: note: previous definition is here
   98 | #define __INTMAX_C(c) c##L
      |         ^
In file included from /Users/gjonesblackcyton/Documents/src/klausscpu-runtime/zephyr-ws/klausscpu-zephyr/arch/klausscpu/core/thread.c:26:
In file included from /Users/gjonesblackcyton/Documents/src/klausscpu-runtime/zephyr-ws/zephyr/include/zephyr/kernel.h:17:
In file included from /Users/gjonesblackcyton/Documents/src/klausscpu-runtime/zephyr-ws/zephyr/include/zephyr/kernel_includes.h:23:
In file included from /Users/gjonesblackcyton/Documents/src/klausscpu-runtime/zephyr-ws/zephyr/include/zephyr/toolchain.h:48:
/Users/gjonesblackcyton/Documents/src/klausscpu-runtime/zephyr-ws/zephyr/include/zephyr/toolchain/llvm.h:128:9: warning: '__UINTMAX_C' macro redefined [-Wmacro-redefined]
  128 | #define __UINTMAX_C(x)  int_c(x, __UINTMAX_C_SUFFIX__)
      |         ^
<built-in>:105:9: note: previous definition is here
  105 | #define __UINTMAX_C(c) c##UL
      |         ^
6 warnings generated.
[39/144] Building ASM object zephyr/arch/arch/klausscpu/core/CMakeFiles/..__klausscpu-zephyr__arch__klausscpu__core.dir/swap.S.obj
[40/144] Building C object zephyr/lib/libc/minimal/CMakeFiles/lib__libc__minimal.dir/source/stdlib/strtol.c.obj
[41/144] Building C object zephyr/lib/libc/minimal/CMakeFiles/lib__libc__minimal.dir/source/stdlib/bsearch.c.obj
[42/144] Building C object zephyr/arch/arch/klausscpu/core/CMakeFiles/..__klausscpu-zephyr__arch__klausscpu__core.dir/irq.c.obj
In file included from /Users/gjonesblackcyton/Documents/src/klausscpu-runtime/zephyr-ws/klausscpu-zephyr/arch/klausscpu/core/irq.c:13:
In file included from /Users/gjonesblackcyton/Documents/src/klausscpu-runtime/zephyr-ws/zephyr/include/zephyr/kernel.h:17:
In file included from /Users/gjonesblackcyton/Documents/src/klausscpu-runtime/zephyr-ws/zephyr/include/zephyr/kernel_includes.h:23:
In file included from /Users/gjonesblackcyton/Documents/src/klausscpu-runtime/zephyr-ws/zephyr/include/zephyr/toolchain.h:48:
/Users/gjonesblackcyton/Documents/src/klausscpu-runtime/zephyr-ws/zephyr/include/zephyr/toolchain/llvm.h:102:9: warning: '__INT16_C' macro redefined [-Wmacro-redefined]
  102 | #define __INT16_C(x)    int_c(x, __int_least16_c_suffix__)
      |         ^
<built-in>:184:9: note: previous definition is here
  184 | #define __INT16_C(c) c
      |         ^
In file included from /Users/gjonesblackcyton/Documents/src/klausscpu-runtime/zephyr-ws/klausscpu-zephyr/arch/klausscpu/core/irq.c:13:
In file included from /Users/gjonesblackcyton/Documents/src/klausscpu-runtime/zephyr-ws/zephyr/include/zephyr/kernel.h:17:
In file included from /Users/gjonesblackcyton/Documents/src/klausscpu-runtime/zephyr-ws/zephyr/include/zephyr/kernel_includes.h:23:
In file included from /Users/gjonesblackcyton/Documents/src/klausscpu-runtime/zephyr-ws/zephyr/include/zephyr/toolchain.h:48:
/Users/gjonesblackcyton/Documents/src/klausscpu-runtime/zephyr-ws/zephyr/include/zephyr/toolchain/llvm.h:103:9: warning: '__UINT16_C' macro redefined [-Wmacro-redefined]
  103 | #define __UINT16_C(x)   uint_c(x, __int_least16_c_suffix__)
      |         ^
<built-in>:210:9: note: previous definition is here
  210 | #define __UINT16_C(c) c
      |         ^
In file included from /Users/gjonesblackcyton/Documents/src/klausscpu-runtime/zephyr-ws/klausscpu-zephyr/arch/klausscpu/core/irq.c:13:
In file included from /Users/gjonesblackcyton/Documents/src/klausscpu-runtime/zephyr-ws/zephyr/include/zephyr/kernel.h:17:
In file included from /Users/gjonesblackcyton/Documents/src/klausscpu-runtime/zephyr-ws/zephyr/include/zephyr/kernel_includes.h:23:
In file included from /Users/gjonesblackcyton/Documents/src/klausscpu-runtime/zephyr-ws/zephyr/include/zephyr/toolchain.h:48:
/Users/gjonesblackcyton/Documents/src/klausscpu-runtime/zephyr-ws/zephyr/include/zephyr/toolchain/llvm.h:119:9: warning: '__INT8_C' macro redefined [-Wmacro-redefined]
  119 | #define __INT8_C(x)     int_c(x, __int_least8_c_suffix__)
      |         ^
<built-in>:179:9: note: previous definition is here
  179 | #define __INT8_C(c) c
      |         ^
In file included from /Users/gjonesblackcyton/Documents/src/klausscpu-runtime/zephyr-ws/klausscpu-zephyr/arch/klausscpu/core/irq.c:13:
In file included from /Users/gjonesblackcyton/Documents/src/klausscpu-runtime/zephyr-ws/zephyr/include/zephyr/kernel.h:17:
In file included from /Users/gjonesblackcyton/Documents/src/klausscpu-runtime/zephyr-ws/zephyr/include/zephyr/kernel_includes.h:23:
In file included from /Users/gjonesblackcyton/Documents/src/klausscpu-runtime/zephyr-ws/zephyr/include/zephyr/toolchain.h:48:
/Users/gjonesblackcyton/Documents/src/klausscpu-runtime/zephyr-ws/zephyr/include/zephyr/toolchain/llvm.h:120:9: warning: '__UINT8_C' macro redefined [-Wmacro-redefined]
  120 | #define __UINT8_C(x)    uint_c(x, __int_least8_c_suffix__)
      |         ^
<built-in>:201:9: note: previous definition is here
  201 | #define __UINT8_C(c) c
      |         ^
In file included from /Users/gjonesblackcyton/Documents/src/klausscpu-runtime/zephyr-ws/klausscpu-zephyr/arch/klausscpu/core/irq.c:13:
In file included from /Users/gjonesblackcyton/Documents/src/klausscpu-runtime/zephyr-ws/zephyr/include/zephyr/kernel.h:17:
In file included from /Users/gjonesblackcyton/Documents/src/klausscpu-runtime/zephyr-ws/zephyr/include/zephyr/kernel_includes.h:23:
In file included from /Users/gjonesblackcyton/Documents/src/klausscpu-runtime/zephyr-ws/zephyr/include/zephyr/toolchain.h:48:
/Users/gjonesblackcyton/Documents/src/klausscpu-runtime/zephyr-ws/zephyr/include/zephyr/toolchain/llvm.h:127:9: warning: '__INTMAX_C' macro redefined [-Wmacro-redefined]
  127 | #define __INTMAX_C(x)   int_c(x, __INTMAX_C_SUFFIX__)
      |         ^
<built-in>:98:9: note: previous definition is here
   98 | #define __INTMAX_C(c) c##L
      |         ^
In file included from /Users/gjonesblackcyton/Documents/src/klausscpu-runtime/zephyr-ws/klausscpu-zephyr/arch/klausscpu/core/irq.c:13:
In file included from /Users/gjonesblackcyton/Documents/src/klausscpu-runtime/zephyr-ws/zephyr/include/zephyr/kernel.h:17:
In file included from /Users/gjonesblackcyton/Documents/src/klausscpu-runtime/zephyr-ws/zephyr/include/zephyr/kernel_includes.h:23:
In file included from /Users/gjonesblackcyton/Documents/src/klausscpu-runtime/zephyr-ws/zephyr/include/zephyr/toolchain.h:48:
/Users/gjonesblackcyton/Documents/src/klausscpu-runtime/zephyr-ws/zephyr/include/zephyr/toolchain/llvm.h:128:9: warning: '__UINTMAX_C' macro redefined [-Wmacro-redefined]
  128 | #define __UINTMAX_C(x)  int_c(x, __UINTMAX_C_SUFFIX__)
      |         ^
<built-in>:105:9: note: previous definition is here
  105 | #define __UINTMAX_C(c) c##UL
      |         ^
/Users/gjonesblackcyton/Documents/src/klausscpu-runtime/zephyr-ws/klausscpu-zephyr/arch/klausscpu/core/irq.c:77:5: warning: cast to 'volatile uint32_t *' (aka 'volatile unsigned int *') from smaller integer type 'unsigned int' [-Wint-to-pointer-cast]
   77 |     _INT_VEC(irq) = (uint32_t)(uintptr_t)routine;
      |     ^~~~~~~~~~~~~
/Users/gjonesblackcyton/Documents/src/klausscpu-runtime/zephyr-ws/klausscpu-zephyr/arch/klausscpu/core/irq.c:26:23: note: expanded from macro '_INT_VEC'
   26 | #define _INT_VEC(n) (*(volatile uint32_t *)(0xF00F0010u + 8u * (n)))
      |                       ^~~~~~~~~~~~~~~~~~~~~~~~~~~~~~~~~~~~~~~~~~~~~
7 warnings generated.
[43/144] Building C object zephyr/lib/libc/minimal/CMakeFiles/lib__libc__minimal.dir/source/stdlib/strtoul.c.obj
[44/144] Building C object zephyr/lib/libc/minimal/CMakeFiles/lib__libc__minimal.dir/source/stdlib/strtoll.c.obj
[45/144] Building C object zephyr/lib/libc/minimal/CMakeFiles/lib__libc__minimal.dir/source/stdlib/strtoull.c.obj
[46/144] Building C object zephyr/arch/arch/klausscpu/core/CMakeFiles/..__klausscpu-zephyr__arch__klausscpu__core.dir/fatal.c.obj
In file included from /Users/gjonesblackcyton/Documents/src/klausscpu-runtime/zephyr-ws/klausscpu-zephyr/arch/klausscpu/core/fatal.c:5:
In file included from /Users/gjonesblackcyton/Documents/src/klausscpu-runtime/zephyr-ws/zephyr/include/zephyr/kernel.h:17:
In file included from /Users/gjonesblackcyton/Documents/src/klausscpu-runtime/zephyr-ws/zephyr/include/zephyr/kernel_includes.h:23:
In file included from /Users/gjonesblackcyton/Documents/src/klausscpu-runtime/zephyr-ws/zephyr/include/zephyr/toolchain.h:48:
/Users/gjonesblackcyton/Documents/src/klausscpu-runtime/zephyr-ws/zephyr/include/zephyr/toolchain/llvm.h:102:9: warning: '__INT16_C' macro redefined [-Wmacro-redefined]
  102 | #define __INT16_C(x)    int_c(x, __int_least16_c_suffix__)
      |         ^
<built-in>:184:9: note: previous definition is here
  184 | #define __INT16_C(c) c
      |         ^
In file included from /Users/gjonesblackcyton/Documents/src/klausscpu-runtime/zephyr-ws/klausscpu-zephyr/arch/klausscpu/core/fatal.c:5:
In file included from /Users/gjonesblackcyton/Documents/src/klausscpu-runtime/zephyr-ws/zephyr/include/zephyr/kernel.h:17:
In file included from /Users/gjonesblackcyton/Documents/src/klausscpu-runtime/zephyr-ws/zephyr/include/zephyr/kernel_includes.h:23:
In file included from /Users/gjonesblackcyton/Documents/src/klausscpu-runtime/zephyr-ws/zephyr/include/zephyr/toolchain.h:48:
/Users/gjonesblackcyton/Documents/src/klausscpu-runtime/zephyr-ws/zephyr/include/zephyr/toolchain/llvm.h:103:9: warning: '__UINT16_C' macro redefined [-Wmacro-redefined]
  103 | #define __UINT16_C(x)   uint_c(x, __int_least16_c_suffix__)
      |         ^
<built-in>:210:9: note: previous definition is here
  210 | #define __UINT16_C(c) c
      |         ^
In file included from /Users/gjonesblackcyton/Documents/src/klausscpu-runtime/zephyr-ws/klausscpu-zephyr/arch/klausscpu/core/fatal.c:5:
In file included from /Users/gjonesblackcyton/Documents/src/klausscpu-runtime/zephyr-ws/zephyr/include/zephyr/kernel.h:17:
In file included from /Users/gjonesblackcyton/Documents/src/klausscpu-runtime/zephyr-ws/zephyr/include/zephyr/kernel_includes.h:23:
In file included from /Users/gjonesblackcyton/Documents/src/klausscpu-runtime/zephyr-ws/zephyr/include/zephyr/toolchain.h:48:
/Users/gjonesblackcyton/Documents/src/klausscpu-runtime/zephyr-ws/zephyr/include/zephyr/toolchain/llvm.h:119:9: warning: '__INT8_C' macro redefined [-Wmacro-redefined]
  119 | #define __INT8_C(x)     int_c(x, __int_least8_c_suffix__)
      |         ^
<built-in>:179:9: note: previous definition is here
  179 | #define __INT8_C(c) c
      |         ^
In file included from /Users/gjonesblackcyton/Documents/src/klausscpu-runtime/zephyr-ws/klausscpu-zephyr/arch/klausscpu/core/fatal.c:5:
In file included from /Users/gjonesblackcyton/Documents/src/klausscpu-runtime/zephyr-ws/zephyr/include/zephyr/kernel.h:17:
In file included from /Users/gjonesblackcyton/Documents/src/klausscpu-runtime/zephyr-ws/zephyr/include/zephyr/kernel_includes.h:23:
In file included from /Users/gjonesblackcyton/Documents/src/klausscpu-runtime/zephyr-ws/zephyr/include/zephyr/toolchain.h:48:
/Users/gjonesblackcyton/Documents/src/klausscpu-runtime/zephyr-ws/zephyr/include/zephyr/toolchain/llvm.h:120:9: warning: '__UINT8_C' macro redefined [-Wmacro-redefined]
  120 | #define __UINT8_C(x)    uint_c(x, __int_least8_c_suffix__)
      |         ^
<built-in>:201:9: note: previous definition is here
  201 | #define __UINT8_C(c) c
      |         ^
In file included from /Users/gjonesblackcyton/Documents/src/klausscpu-runtime/zephyr-ws/klausscpu-zephyr/arch/klausscpu/core/fatal.c:5:
In file included from /Users/gjonesblackcyton/Documents/src/klausscpu-runtime/zephyr-ws/zephyr/include/zephyr/kernel.h:17:
In file included from /Users/gjonesblackcyton/Documents/src/klausscpu-runtime/zephyr-ws/zephyr/include/zephyr/kernel_includes.h:23:
In file included from /Users/gjonesblackcyton/Documents/src/klausscpu-runtime/zephyr-ws/zephyr/include/zephyr/toolchain.h:48:
/Users/gjonesblackcyton/Documents/src/klausscpu-runtime/zephyr-ws/zephyr/include/zephyr/toolchain/llvm.h:127:9: warning: '__INTMAX_C' macro redefined [-Wmacro-redefined]
  127 | #define __INTMAX_C(x)   int_c(x, __INTMAX_C_SUFFIX__)
      |         ^
<built-in>:98:9: note: previous definition is here
   98 | #define __INTMAX_C(c) c##L
      |         ^
In file included from /Users/gjonesblackcyton/Documents/src/klausscpu-runtime/zephyr-ws/klausscpu-zephyr/arch/klausscpu/core/fatal.c:5:
In file included from /Users/gjonesblackcyton/Documents/src/klausscpu-runtime/zephyr-ws/zephyr/include/zephyr/kernel.h:17:
In file included from /Users/gjonesblackcyton/Documents/src/klausscpu-runtime/zephyr-ws/zephyr/include/zephyr/kernel_includes.h:23:
In file included from /Users/gjonesblackcyton/Documents/src/klausscpu-runtime/zephyr-ws/zephyr/include/zephyr/toolchain.h:48:
/Users/gjonesblackcyton/Documents/src/klausscpu-runtime/zephyr-ws/zephyr/include/zephyr/toolchain/llvm.h:128:9: warning: '__UINTMAX_C' macro redefined [-Wmacro-redefined]
  128 | #define __UINTMAX_C(x)  int_c(x, __UINTMAX_C_SUFFIX__)
      |         ^
<built-in>:105:9: note: previous definition is here
  105 | #define __UINTMAX_C(c) c##UL
      |         ^
/Users/gjonesblackcyton/Documents/src/klausscpu-runtime/zephyr-ws/klausscpu-zephyr/arch/klausscpu/core/fatal.c:9:57: warning: 'z_arch_esf_t' is deprecated [-Wdeprecated-declarations]
    9 | void z_klausscpu_fatal_error(unsigned int reason, const z_arch_esf_t *esf)
      |                                                         ^
/Users/gjonesblackcyton/Documents/src/klausscpu-runtime/zephyr-ws/zephyr/include/zephyr/arch/arch_interface.h:50:1: note: 'z_arch_esf_t' has been explicitly marked deprecated here
   50 | __deprecated typedef struct arch_esf z_arch_esf_t;
      | ^
/Users/gjonesblackcyton/Documents/src/klausscpu-runtime/zephyr-ws/zephyr/include/zephyr/toolchain/gcc.h:252:37: note: expanded from macro '__deprecated'
  252 | #define __deprecated    __attribute__((deprecated))
      |                                        ^
7 warnings generated.
[47/144] Building C object zephyr/lib/libc/minimal/CMakeFiles/lib__libc__minimal.dir/source/string/strspn.c.obj
[48/144] Building C object zephyr/lib/libc/minimal/CMakeFiles/lib__libc__minimal.dir/source/string/strstr.c.obj
[49/144] Building C object zephyr/lib/libc/minimal/CMakeFiles/lib__libc__minimal.dir/source/string/strncasecmp.c.obj
[50/144] Building C object zephyr/lib/libc/minimal/CMakeFiles/lib__libc__minimal.dir/source/string/strerror.c.obj
[51/144] Building C object zephyr/lib/libc/minimal/CMakeFiles/lib__libc__minimal.dir/source/stdlib/qsort.c.obj
[52/144] Building C object zephyr/lib/libc/minimal/CMakeFiles/lib__libc__minimal.dir/source/stdlib/exit.c.obj
[53/144] Building C object zephyr/lib/libc/minimal/CMakeFiles/lib__libc__minimal.dir/source/string/string.c.obj
[54/144] Building C object zephyr/lib/libc/minimal/CMakeFiles/lib__libc__minimal.dir/source/math/sqrt.c.obj
[55/144] Building C object zephyr/lib/libc/minimal/CMakeFiles/lib__libc__minimal.dir/source/math/sqrtf.c.obj
[56/144] Building C object zephyr/lib/libc/minimal/CMakeFiles/lib__libc__minimal.dir/source/stdout/sprintf.c.obj
[57/144] Building C object zephyr/lib/libc/common/CMakeFiles/lib__libc__common.dir/source/time/gmtime_r.c.obj
[58/144] Building C object zephyr/lib/libc/minimal/CMakeFiles/lib__libc__minimal.dir/source/stdout/fprintf.c.obj
[59/144] Building C object zephyr/lib/libc/common/CMakeFiles/lib__libc__common.dir/source/string/strnlen.c.obj
[60/144] Building C object zephyr/lib/libc/minimal/CMakeFiles/lib__libc__minimal.dir/source/stdout/stdout_console.c.obj
[61/144] Building C object zephyr/lib/libc/minimal/CMakeFiles/lib__libc__minimal.dir/source/time/gmtime.c.obj
[62/144] Building C object zephyr/lib/libc/common/CMakeFiles/lib__libc__common.dir/source/stdlib/abort.c.obj
[63/144] Building C object zephyr/lib/libc/common/CMakeFiles/lib__libc__common.dir/source/stdlib/malloc.c.obj
[64/144] Building C object zephyr/subsys/net/CMakeFiles/subsys__net.dir/lib/sockets/getnameinfo.c.obj
[65/144] Building C object zephyr/subsys/net/CMakeFiles/subsys__net.dir/lib/sockets/sockets_misc.c.obj
[66/144] Building C object zephyr/subsys/net/CMakeFiles/subsys__net.dir/lib/sockets/getaddrinfo.c.obj
[67/144] Building C object zephyr/subsys/net/CMakeFiles/subsys__net.dir/lib/sockets/sockets_select.c.obj
In file included from /Users/gjonesblackcyton/Documents/src/klausscpu-runtime/zephyr-ws/zephyr/subsys/net/lib/sockets/sockets_select.c:7:
In file included from /Users/gjonesblackcyton/Documents/src/klausscpu-runtime/zephyr-ws/zephyr/include/zephyr/kernel.h:17:
In file included from /Users/gjonesblackcyton/Documents/src/klausscpu-runtime/zephyr-ws/zephyr/include/zephyr/kernel_includes.h:23:
In file included from /Users/gjonesblackcyton/Documents/src/klausscpu-runtime/zephyr-ws/zephyr/include/zephyr/toolchain.h:48:
/Users/gjonesblackcyton/Documents/src/klausscpu-runtime/zephyr-ws/zephyr/include/zephyr/toolchain/llvm.h:102:9: warning: '__INT16_C' macro redefined [-Wmacro-redefined]
  102 | #define __INT16_C(x)    int_c(x, __int_least16_c_suffix__)
      |         ^
<built-in>:184:9: note: previous definition is here
  184 | #define __INT16_C(c) c
      |         ^
In file included from /Users/gjonesblackcyton/Documents/src/klausscpu-runtime/zephyr-ws/zephyr/subsys/net/lib/sockets/sockets_select.c:7:
In file included from /Users/gjonesblackcyton/Documents/src/klausscpu-runtime/zephyr-ws/zephyr/include/zephyr/kernel.h:17:
In file included from /Users/gjonesblackcyton/Documents/src/klausscpu-runtime/zephyr-ws/zephyr/include/zephyr/kernel_includes.h:23:
In file included from /Users/gjonesblackcyton/Documents/src/klausscpu-runtime/zephyr-ws/zephyr/include/zephyr/toolchain.h:48:
/Users/gjonesblackcyton/Documents/src/klausscpu-runtime/zephyr-ws/zephyr/include/zephyr/toolchain/llvm.h:103:9: warning: '__UINT16_C' macro redefined [-Wmacro-redefined]
  103 | #define __UINT16_C(x)   uint_c(x, __int_least16_c_suffix__)
      |         ^
<built-in>:210:9: note: previous definition is here
  210 | #define __UINT16_C(c) c
      |         ^
In file included from /Users/gjonesblackcyton/Documents/src/klausscpu-runtime/zephyr-ws/zephyr/subsys/net/lib/sockets/sockets_select.c:7:
In file included from /Users/gjonesblackcyton/Documents/src/klausscpu-runtime/zephyr-ws/zephyr/include/zephyr/kernel.h:17:
In file included from /Users/gjonesblackcyton/Documents/src/klausscpu-runtime/zephyr-ws/zephyr/include/zephyr/kernel_includes.h:23:
In file included from /Users/gjonesblackcyton/Documents/src/klausscpu-runtime/zephyr-ws/zephyr/include/zephyr/toolchain.h:48:
/Users/gjonesblackcyton/Documents/src/klausscpu-runtime/zephyr-ws/zephyr/include/zephyr/toolchain/llvm.h:119:9: warning: '__INT8_C' macro redefined [-Wmacro-redefined]
  119 | #define __INT8_C(x)     int_c(x, __int_least8_c_suffix__)
      |         ^
<built-in>:179:9: note: previous definition is here
  179 | #define __INT8_C(c) c
      |         ^
In file included from /Users/gjonesblackcyton/Documents/src/klausscpu-runtime/zephyr-ws/zephyr/subsys/net/lib/sockets/sockets_select.c:7:
In file included from /Users/gjonesblackcyton/Documents/src/klausscpu-runtime/zephyr-ws/zephyr/include/zephyr/kernel.h:17:
In file included from /Users/gjonesblackcyton/Documents/src/klausscpu-runtime/zephyr-ws/zephyr/include/zephyr/kernel_includes.h:23:
In file included from /Users/gjonesblackcyton/Documents/src/klausscpu-runtime/zephyr-ws/zephyr/include/zephyr/toolchain.h:48:
/Users/gjonesblackcyton/Documents/src/klausscpu-runtime/zephyr-ws/zephyr/include/zephyr/toolchain/llvm.h:120:9: warning: '__UINT8_C' macro redefined [-Wmacro-redefined]
  120 | #define __UINT8_C(x)    uint_c(x, __int_least8_c_suffix__)
      |         ^
<built-in>:201:9: note: previous definition is here
  201 | #define __UINT8_C(c) c
      |         ^
In file included from /Users/gjonesblackcyton/Documents/src/klausscpu-runtime/zephyr-ws/zephyr/subsys/net/lib/sockets/sockets_select.c:7:
In file included from /Users/gjonesblackcyton/Documents/src/klausscpu-runtime/zephyr-ws/zephyr/include/zephyr/kernel.h:17:
In file included from /Users/gjonesblackcyton/Documents/src/klausscpu-runtime/zephyr-ws/zephyr/include/zephyr/kernel_includes.h:23:
In file included from /Users/gjonesblackcyton/Documents/src/klausscpu-runtime/zephyr-ws/zephyr/include/zephyr/toolchain.h:48:
/Users/gjonesblackcyton/Documents/src/klausscpu-runtime/zephyr-ws/zephyr/include/zephyr/toolchain/llvm.h:127:9: warning: '__INTMAX_C' macro redefined [-Wmacro-redefined]
  127 | #define __INTMAX_C(x)   int_c(x, __INTMAX_C_SUFFIX__)
      |         ^
<built-in>:98:9: note: previous definition is here
   98 | #define __INTMAX_C(c) c##L
      |         ^
In file included from /Users/gjonesblackcyton/Documents/src/klausscpu-runtime/zephyr-ws/zephyr/subsys/net/lib/sockets/sockets_select.c:7:
In file included from /Users/gjonesblackcyton/Documents/src/klausscpu-runtime/zephyr-ws/zephyr/include/zephyr/kernel.h:17:
In file included from /Users/gjonesblackcyton/Documents/src/klausscpu-runtime/zephyr-ws/zephyr/include/zephyr/kernel_includes.h:23:
In file included from /Users/gjonesblackcyton/Documents/src/klausscpu-runtime/zephyr-ws/zephyr/include/zephyr/toolchain.h:48:
/Users/gjonesblackcyton/Documents/src/klausscpu-runtime/zephyr-ws/zephyr/include/zephyr/toolchain/llvm.h:128:9: warning: '__UINTMAX_C' macro redefined [-Wmacro-redefined]
  128 | #define __UINTMAX_C(x)  int_c(x, __UINTMAX_C_SUFFIX__)
      |         ^
<built-in>:105:9: note: previous definition is here
  105 | #define __UINTMAX_C(c) c##UL
      |         ^
6 warnings generated.
[68/144] Building C object zephyr/subsys/net/CMakeFiles/subsys__net.dir/buf.c.obj
In file included from /Users/gjonesblackcyton/Documents/src/klausscpu-runtime/zephyr-ws/zephyr/subsys/net/buf.c:12:
In file included from /Users/gjonesblackcyton/Documents/src/klausscpu-runtime/zephyr-ws/zephyr/include/zephyr/logging/log.h:10:
In file included from /Users/gjonesblackcyton/Documents/src/klausscpu-runtime/zephyr-ws/zephyr/include/zephyr/logging/log_instance.h:10:
In file included from /Users/gjonesblackcyton/Documents/src/klausscpu-runtime/zephyr-ws/zephyr/include/zephyr/sys/iterable_sections.h:10:
In file included from /Users/gjonesblackcyton/Documents/src/klausscpu-runtime/zephyr-ws/zephyr/include/zephyr/sys/__assert.h:11:
In file included from /Users/gjonesblackcyton/Documents/src/klausscpu-runtime/zephyr-ws/zephyr/include/zephyr/toolchain.h:48:
/Users/gjonesblackcyton/Documents/src/klausscpu-runtime/zephyr-ws/zephyr/include/zephyr/toolchain/llvm.h:102:9: warning: '__INT16_C' macro redefined [-Wmacro-redefined]
  102 | #define __INT16_C(x)    int_c(x, __int_least16_c_suffix__)
      |         ^
<built-in>:184:9: note: previous definition is here
  184 | #define __INT16_C(c) c
      |         ^
In file included from /Users/gjonesblackcyton/Documents/src/klausscpu-runtime/zephyr-ws/zephyr/subsys/net/buf.c:12:
In file included from /Users/gjonesblackcyton/Documents/src/klausscpu-runtime/zephyr-ws/zephyr/include/zephyr/logging/log.h:10:
In file included from /Users/gjonesblackcyton/Documents/src/klausscpu-runtime/zephyr-ws/zephyr/include/zephyr/logging/log_instance.h:10:
In file included from /Users/gjonesblackcyton/Documents/src/klausscpu-runtime/zephyr-ws/zephyr/include/zephyr/sys/iterable_sections.h:10:
In file included from /Users/gjonesblackcyton/Documents/src/klausscpu-runtime/zephyr-ws/zephyr/include/zephyr/sys/__assert.h:11:
In file included from /Users/gjonesblackcyton/Documents/src/klausscpu-runtime/zephyr-ws/zephyr/include/zephyr/toolchain.h:48:
/Users/gjonesblackcyton/Documents/src/klausscpu-runtime/zephyr-ws/zephyr/include/zephyr/toolchain/llvm.h:103:9: warning: '__UINT16_C' macro redefined [-Wmacro-redefined]
  103 | #define __UINT16_C(x)   uint_c(x, __int_least16_c_suffix__)
      |         ^
<built-in>:210:9: note: previous definition is here
  210 | #define __UINT16_C(c) c
      |         ^
In file included from /Users/gjonesblackcyton/Documents/src/klausscpu-runtime/zephyr-ws/zephyr/subsys/net/buf.c:12:
In file included from /Users/gjonesblackcyton/Documents/src/klausscpu-runtime/zephyr-ws/zephyr/include/zephyr/logging/log.h:10:
In file included from /Users/gjonesblackcyton/Documents/src/klausscpu-runtime/zephyr-ws/zephyr/include/zephyr/logging/log_instance.h:10:
In file included from /Users/gjonesblackcyton/Documents/src/klausscpu-runtime/zephyr-ws/zephyr/include/zephyr/sys/iterable_sections.h:10:
In file included from /Users/gjonesblackcyton/Documents/src/klausscpu-runtime/zephyr-ws/zephyr/include/zephyr/sys/__assert.h:11:
In file included from /Users/gjonesblackcyton/Documents/src/klausscpu-runtime/zephyr-ws/zephyr/include/zephyr/toolchain.h:48:
/Users/gjonesblackcyton/Documents/src/klausscpu-runtime/zephyr-ws/zephyr/include/zephyr/toolchain/llvm.h:119:9: warning: '__INT8_C' macro redefined [-Wmacro-redefined]
  119 | #define __INT8_C(x)     int_c(x, __int_least8_c_suffix__)
      |         ^
<built-in>:179:9: note: previous definition is here
  179 | #define __INT8_C(c) c
      |         ^
In file included from /Users/gjonesblackcyton/Documents/src/klausscpu-runtime/zephyr-ws/zephyr/subsys/net/buf.c:12:
In file included from /Users/gjonesblackcyton/Documents/src/klausscpu-runtime/zephyr-ws/zephyr/include/zephyr/logging/log.h:10:
In file included from /Users/gjonesblackcyton/Documents/src/klausscpu-runtime/zephyr-ws/zephyr/include/zephyr/logging/log_instance.h:10:
In file included from /Users/gjonesblackcyton/Documents/src/klausscpu-runtime/zephyr-ws/zephyr/include/zephyr/sys/iterable_sections.h:10:
In file included from /Users/gjonesblackcyton/Documents/src/klausscpu-runtime/zephyr-ws/zephyr/include/zephyr/sys/__assert.h:11:
In file included from /Users/gjonesblackcyton/Documents/src/klausscpu-runtime/zephyr-ws/zephyr/include/zephyr/toolchain.h:48:
/Users/gjonesblackcyton/Documents/src/klausscpu-runtime/zephyr-ws/zephyr/include/zephyr/toolchain/llvm.h:120:9: warning: '__UINT8_C' macro redefined [-Wmacro-redefined]
  120 | #define __UINT8_C(x)    uint_c(x, __int_least8_c_suffix__)
      |         ^
<built-in>:201:9: note: previous definition is here
  201 | #define __UINT8_C(c) c
      |         ^
In file included from /Users/gjonesblackcyton/Documents/src/klausscpu-runtime/zephyr-ws/zephyr/subsys/net/buf.c:12:
In file included from /Users/gjonesblackcyton/Documents/src/klausscpu-runtime/zephyr-ws/zephyr/include/zephyr/logging/log.h:10:
In file included from /Users/gjonesblackcyton/Documents/src/klausscpu-runtime/zephyr-ws/zephyr/include/zephyr/logging/log_instance.h:10:
In file included from /Users/gjonesblackcyton/Documents/src/klausscpu-runtime/zephyr-ws/zephyr/include/zephyr/sys/iterable_sections.h:10:
In file included from /Users/gjonesblackcyton/Documents/src/klausscpu-runtime/zephyr-ws/zephyr/include/zephyr/sys/__assert.h:11:
In file included from /Users/gjonesblackcyton/Documents/src/klausscpu-runtime/zephyr-ws/zephyr/include/zephyr/toolchain.h:48:
/Users/gjonesblackcyton/Documents/src/klausscpu-runtime/zephyr-ws/zephyr/include/zephyr/toolchain/llvm.h:127:9: warning: '__INTMAX_C' macro redefined [-Wmacro-redefined]
  127 | #define __INTMAX_C(x)   int_c(x, __INTMAX_C_SUFFIX__)
      |         ^
<built-in>:98:9: note: previous definition is here
   98 | #define __INTMAX_C(c) c##L
      |         ^
In file included from /Users/gjonesblackcyton/Documents/src/klausscpu-runtime/zephyr-ws/zephyr/subsys/net/buf.c:12:
In file included from /Users/gjonesblackcyton/Documents/src/klausscpu-runtime/zephyr-ws/zephyr/include/zephyr/logging/log.h:10:
In file included from /Users/gjonesblackcyton/Documents/src/klausscpu-runtime/zephyr-ws/zephyr/include/zephyr/logging/log_instance.h:10:
In file included from /Users/gjonesblackcyton/Documents/src/klausscpu-runtime/zephyr-ws/zephyr/include/zephyr/sys/iterable_sections.h:10:
In file included from /Users/gjonesblackcyton/Documents/src/klausscpu-runtime/zephyr-ws/zephyr/include/zephyr/sys/__assert.h:11:
In file included from /Users/gjonesblackcyton/Documents/src/klausscpu-runtime/zephyr-ws/zephyr/include/zephyr/toolchain.h:48:
/Users/gjonesblackcyton/Documents/src/klausscpu-runtime/zephyr-ws/zephyr/include/zephyr/toolchain/llvm.h:128:9: warning: '__UINTMAX_C' macro redefined [-Wmacro-redefined]
  128 | #define __UINTMAX_C(x)  int_c(x, __UINTMAX_C_SUFFIX__)
      |         ^
<built-in>:105:9: note: previous definition is here
  105 | #define __UINTMAX_C(c) c##UL
      |         ^
6 warnings generated.
[69/144] Building C object zephyr/subsys/net/CMakeFiles/subsys__net.dir/buf_simple.c.obj
In file included from /Users/gjonesblackcyton/Documents/src/klausscpu-runtime/zephyr-ws/zephyr/subsys/net/buf_simple.c:9:
In file included from /Users/gjonesblackcyton/Documents/src/klausscpu-runtime/zephyr-ws/zephyr/include/zephyr/logging/log.h:10:
In file included from /Users/gjonesblackcyton/Documents/src/klausscpu-runtime/zephyr-ws/zephyr/include/zephyr/logging/log_instance.h:10:
In file included from /Users/gjonesblackcyton/Documents/src/klausscpu-runtime/zephyr-ws/zephyr/include/zephyr/sys/iterable_sections.h:10:
In file included from /Users/gjonesblackcyton/Documents/src/klausscpu-runtime/zephyr-ws/zephyr/include/zephyr/sys/__assert.h:11:
In file included from /Users/gjonesblackcyton/Documents/src/klausscpu-runtime/zephyr-ws/zephyr/include/zephyr/toolchain.h:48:
/Users/gjonesblackcyton/Documents/src/klausscpu-runtime/zephyr-ws/zephyr/include/zephyr/toolchain/llvm.h:102:9: warning: '__INT16_C' macro redefined [-Wmacro-redefined]
  102 | #define __INT16_C(x)    int_c(x, __int_least16_c_suffix__)
      |         ^
<built-in>:184:9: note: previous definition is here
  184 | #define __INT16_C(c) c
      |         ^
In file included from /Users/gjonesblackcyton/Documents/src/klausscpu-runtime/zephyr-ws/zephyr/subsys/net/buf_simple.c:9:
In file included from /Users/gjonesblackcyton/Documents/src/klausscpu-runtime/zephyr-ws/zephyr/include/zephyr/logging/log.h:10:
In file included from /Users/gjonesblackcyton/Documents/src/klausscpu-runtime/zephyr-ws/zephyr/include/zephyr/logging/log_instance.h:10:
In file included from /Users/gjonesblackcyton/Documents/src/klausscpu-runtime/zephyr-ws/zephyr/include/zephyr/sys/iterable_sections.h:10:
In file included from /Users/gjonesblackcyton/Documents/src/klausscpu-runtime/zephyr-ws/zephyr/include/zephyr/sys/__assert.h:11:
In file included from /Users/gjonesblackcyton/Documents/src/klausscpu-runtime/zephyr-ws/zephyr/include/zephyr/toolchain.h:48:
/Users/gjonesblackcyton/Documents/src/klausscpu-runtime/zephyr-ws/zephyr/include/zephyr/toolchain/llvm.h:103:9: warning: '__UINT16_C' macro redefined [-Wmacro-redefined]
  103 | #define __UINT16_C(x)   uint_c(x, __int_least16_c_suffix__)
      |         ^
<built-in>:210:9: note: previous definition is here
  210 | #define __UINT16_C(c) c
      |         ^
In file included from /Users/gjonesblackcyton/Documents/src/klausscpu-runtime/zephyr-ws/zephyr/subsys/net/buf_simple.c:9:
In file included from /Users/gjonesblackcyton/Documents/src/klausscpu-runtime/zephyr-ws/zephyr/include/zephyr/logging/log.h:10:
In file included from /Users/gjonesblackcyton/Documents/src/klausscpu-runtime/zephyr-ws/zephyr/include/zephyr/logging/log_instance.h:10:
In file included from /Users/gjonesblackcyton/Documents/src/klausscpu-runtime/zephyr-ws/zephyr/include/zephyr/sys/iterable_sections.h:10:
In file included from /Users/gjonesblackcyton/Documents/src/klausscpu-runtime/zephyr-ws/zephyr/include/zephyr/sys/__assert.h:11:
In file included from /Users/gjonesblackcyton/Documents/src/klausscpu-runtime/zephyr-ws/zephyr/include/zephyr/toolchain.h:48:
/Users/gjonesblackcyton/Documents/src/klausscpu-runtime/zephyr-ws/zephyr/include/zephyr/toolchain/llvm.h:119:9: warning: '__INT8_C' macro redefined [-Wmacro-redefined]
  119 | #define __INT8_C(x)     int_c(x, __int_least8_c_suffix__)
      |         ^
<built-in>:179:9: note: previous definition is here
  179 | #define __INT8_C(c) c
      |         ^
In file included from /Users/gjonesblackcyton/Documents/src/klausscpu-runtime/zephyr-ws/zephyr/subsys/net/buf_simple.c:9:
In file included from /Users/gjonesblackcyton/Documents/src/klausscpu-runtime/zephyr-ws/zephyr/include/zephyr/logging/log.h:10:
In file included from /Users/gjonesblackcyton/Documents/src/klausscpu-runtime/zephyr-ws/zephyr/include/zephyr/logging/log_instance.h:10:
In file included from /Users/gjonesblackcyton/Documents/src/klausscpu-runtime/zephyr-ws/zephyr/include/zephyr/sys/iterable_sections.h:10:
In file included from /Users/gjonesblackcyton/Documents/src/klausscpu-runtime/zephyr-ws/zephyr/include/zephyr/sys/__assert.h:11:
In file included from /Users/gjonesblackcyton/Documents/src/klausscpu-runtime/zephyr-ws/zephyr/include/zephyr/toolchain.h:48:
/Users/gjonesblackcyton/Documents/src/klausscpu-runtime/zephyr-ws/zephyr/include/zephyr/toolchain/llvm.h:120:9: warning: '__UINT8_C' macro redefined [-Wmacro-redefined]
  120 | #define __UINT8_C(x)    uint_c(x, __int_least8_c_suffix__)
      |         ^
<built-in>:201:9: note: previous definition is here
  201 | #define __UINT8_C(c) c
      |         ^
In file included from /Users/gjonesblackcyton/Documents/src/klausscpu-runtime/zephyr-ws/zephyr/subsys/net/buf_simple.c:9:
In file included from /Users/gjonesblackcyton/Documents/src/klausscpu-runtime/zephyr-ws/zephyr/include/zephyr/logging/log.h:10:
In file included from /Users/gjonesblackcyton/Documents/src/klausscpu-runtime/zephyr-ws/zephyr/include/zephyr/logging/log_instance.h:10:
In file included from /Users/gjonesblackcyton/Documents/src/klausscpu-runtime/zephyr-ws/zephyr/include/zephyr/sys/iterable_sections.h:10:
In file included from /Users/gjonesblackcyton/Documents/src/klausscpu-runtime/zephyr-ws/zephyr/include/zephyr/sys/__assert.h:11:
In file included from /Users/gjonesblackcyton/Documents/src/klausscpu-runtime/zephyr-ws/zephyr/include/zephyr/toolchain.h:48:
/Users/gjonesblackcyton/Documents/src/klausscpu-runtime/zephyr-ws/zephyr/include/zephyr/toolchain/llvm.h:127:9: warning: '__INTMAX_C' macro redefined [-Wmacro-redefined]
  127 | #define __INTMAX_C(x)   int_c(x, __INTMAX_C_SUFFIX__)
      |         ^
<built-in>:98:9: note: previous definition is here
   98 | #define __INTMAX_C(c) c##L
      |         ^
In file included from /Users/gjonesblackcyton/Documents/src/klausscpu-runtime/zephyr-ws/zephyr/subsys/net/buf_simple.c:9:
In file included from /Users/gjonesblackcyton/Documents/src/klausscpu-runtime/zephyr-ws/zephyr/include/zephyr/logging/log.h:10:
In file included from /Users/gjonesblackcyton/Documents/src/klausscpu-runtime/zephyr-ws/zephyr/include/zephyr/logging/log_instance.h:10:
In file included from /Users/gjonesblackcyton/Documents/src/klausscpu-runtime/zephyr-ws/zephyr/include/zephyr/sys/iterable_sections.h:10:
In file included from /Users/gjonesblackcyton/Documents/src/klausscpu-runtime/zephyr-ws/zephyr/include/zephyr/sys/__assert.h:11:
In file included from /Users/gjonesblackcyton/Documents/src/klausscpu-runtime/zephyr-ws/zephyr/include/zephyr/toolchain.h:48:
/Users/gjonesblackcyton/Documents/src/klausscpu-runtime/zephyr-ws/zephyr/include/zephyr/toolchain/llvm.h:128:9: warning: '__UINTMAX_C' macro redefined [-Wmacro-redefined]
  128 | #define __UINTMAX_C(x)  int_c(x, __UINTMAX_C_SUFFIX__)
      |         ^
<built-in>:105:9: note: previous definition is here
  105 | #define __UINTMAX_C(c) c##UL
      |         ^
6 warnings generated.
[70/144] Building C object zephyr/subsys/net/ip/CMakeFiles/subsys__net__ip.dir/net_timeout.c.obj
[71/144] Building C object zephyr/subsys/net/l2/ethernet/CMakeFiles/subsys__net__l2__ethernet.dir/ethernet.c.obj
In file included from /Users/gjonesblackcyton/Documents/src/klausscpu-runtime/zephyr-ws/zephyr/subsys/net/l2/ethernet/ethernet.c:7:
In file included from /Users/gjonesblackcyton/Documents/src/klausscpu-runtime/zephyr-ws/zephyr/include/zephyr/logging/log.h:10:
In file included from /Users/gjonesblackcyton/Documents/src/klausscpu-runtime/zephyr-ws/zephyr/include/zephyr/logging/log_instance.h:10:
In file included from /Users/gjonesblackcyton/Documents/src/klausscpu-runtime/zephyr-ws/zephyr/include/zephyr/sys/iterable_sections.h:10:
In file included from /Users/gjonesblackcyton/Documents/src/klausscpu-runtime/zephyr-ws/zephyr/include/zephyr/sys/__assert.h:11:
In file included from /Users/gjonesblackcyton/Documents/src/klausscpu-runtime/zephyr-ws/zephyr/include/zephyr/toolchain.h:48:
/Users/gjonesblackcyton/Documents/src/klausscpu-runtime/zephyr-ws/zephyr/include/zephyr/toolchain/llvm.h:102:9: warning: '__INT16_C' macro redefined [-Wmacro-redefined]
  102 | #define __INT16_C(x)    int_c(x, __int_least16_c_suffix__)
      |         ^
<built-in>:184:9: note: previous definition is here
  184 | #define __INT16_C(c) c
      |         ^
In file included from /Users/gjonesblackcyton/Documents/src/klausscpu-runtime/zephyr-ws/zephyr/subsys/net/l2/ethernet/ethernet.c:7:
In file included from /Users/gjonesblackcyton/Documents/src/klausscpu-runtime/zephyr-ws/zephyr/include/zephyr/logging/log.h:10:
In file included from /Users/gjonesblackcyton/Documents/src/klausscpu-runtime/zephyr-ws/zephyr/include/zephyr/logging/log_instance.h:10:
In file included from /Users/gjonesblackcyton/Documents/src/klausscpu-runtime/zephyr-ws/zephyr/include/zephyr/sys/iterable_sections.h:10:
In file included from /Users/gjonesblackcyton/Documents/src/klausscpu-runtime/zephyr-ws/zephyr/include/zephyr/sys/__assert.h:11:
In file included from /Users/gjonesblackcyton/Documents/src/klausscpu-runtime/zephyr-ws/zephyr/include/zephyr/toolchain.h:48:
/Users/gjonesblackcyton/Documents/src/klausscpu-runtime/zephyr-ws/zephyr/include/zephyr/toolchain/llvm.h:103:9: warning: '__UINT16_C' macro redefined [-Wmacro-redefined]
  103 | #define __UINT16_C(x)   uint_c(x, __int_least16_c_suffix__)
      |         ^
<built-in>:210:9: note: previous definition is here
  210 | #define __UINT16_C(c) c
      |         ^
In file included from /Users/gjonesblackcyton/Documents/src/klausscpu-runtime/zephyr-ws/zephyr/subsys/net/l2/ethernet/ethernet.c:7:
In file included from /Users/gjonesblackcyton/Documents/src/klausscpu-runtime/zephyr-ws/zephyr/include/zephyr/logging/log.h:10:
In file included from /Users/gjonesblackcyton/Documents/src/klausscpu-runtime/zephyr-ws/zephyr/include/zephyr/logging/log_instance.h:10:
In file included from /Users/gjonesblackcyton/Documents/src/klausscpu-runtime/zephyr-ws/zephyr/include/zephyr/sys/iterable_sections.h:10:
In file included from /Users/gjonesblackcyton/Documents/src/klausscpu-runtime/zephyr-ws/zephyr/include/zephyr/sys/__assert.h:11:
In file included from /Users/gjonesblackcyton/Documents/src/klausscpu-runtime/zephyr-ws/zephyr/include/zephyr/toolchain.h:48:
/Users/gjonesblackcyton/Documents/src/klausscpu-runtime/zephyr-ws/zephyr/include/zephyr/toolchain/llvm.h:119:9: warning: '__INT8_C' macro redefined [-Wmacro-redefined]
  119 | #define __INT8_C(x)     int_c(x, __int_least8_c_suffix__)
      |         ^
<built-in>:179:9: note: previous definition is here
  179 | #define __INT8_C(c) c
      |         ^
In file included from /Users/gjonesblackcyton/Documents/src/klausscpu-runtime/zephyr-ws/zephyr/subsys/net/l2/ethernet/ethernet.c:7:
In file included from /Users/gjonesblackcyton/Documents/src/klausscpu-runtime/zephyr-ws/zephyr/include/zephyr/logging/log.h:10:
In file included from /Users/gjonesblackcyton/Documents/src/klausscpu-runtime/zephyr-ws/zephyr/include/zephyr/logging/log_instance.h:10:
In file included from /Users/gjonesblackcyton/Documents/src/klausscpu-runtime/zephyr-ws/zephyr/include/zephyr/sys/iterable_sections.h:10:
In file included from /Users/gjonesblackcyton/Documents/src/klausscpu-runtime/zephyr-ws/zephyr/include/zephyr/sys/__assert.h:11:
In file included from /Users/gjonesblackcyton/Documents/src/klausscpu-runtime/zephyr-ws/zephyr/include/zephyr/toolchain.h:48:
/Users/gjonesblackcyton/Documents/src/klausscpu-runtime/zephyr-ws/zephyr/include/zephyr/toolchain/llvm.h:120:9: warning: '__UINT8_C' macro redefined [-Wmacro-redefined]
  120 | #define __UINT8_C(x)    uint_c(x, __int_least8_c_suffix__)
      |         ^
<built-in>:201:9: note: previous definition is here
  201 | #define __UINT8_C(c) c
      |         ^
In file included from /Users/gjonesblackcyton/Documents/src/klausscpu-runtime/zephyr-ws/zephyr/subsys/net/l2/ethernet/ethernet.c:7:
In file included from /Users/gjonesblackcyton/Documents/src/klausscpu-runtime/zephyr-ws/zephyr/include/zephyr/logging/log.h:10:
In file included from /Users/gjonesblackcyton/Documents/src/klausscpu-runtime/zephyr-ws/zephyr/include/zephyr/logging/log_instance.h:10:
In file included from /Users/gjonesblackcyton/Documents/src/klausscpu-runtime/zephyr-ws/zephyr/include/zephyr/sys/iterable_sections.h:10:
In file included from /Users/gjonesblackcyton/Documents/src/klausscpu-runtime/zephyr-ws/zephyr/include/zephyr/sys/__assert.h:11:
In file included from /Users/gjonesblackcyton/Documents/src/klausscpu-runtime/zephyr-ws/zephyr/include/zephyr/toolchain.h:48:
/Users/gjonesblackcyton/Documents/src/klausscpu-runtime/zephyr-ws/zephyr/include/zephyr/toolchain/llvm.h:127:9: warning: '__INTMAX_C' macro redefined [-Wmacro-redefined]
  127 | #define __INTMAX_C(x)   int_c(x, __INTMAX_C_SUFFIX__)
      |         ^
<built-in>:98:9: note: previous definition is here
   98 | #define __INTMAX_C(c) c##L
      |         ^
In file included from /Users/gjonesblackcyton/Documents/src/klausscpu-runtime/zephyr-ws/zephyr/subsys/net/l2/ethernet/ethernet.c:7:
In file included from /Users/gjonesblackcyton/Documents/src/klausscpu-runtime/zephyr-ws/zephyr/include/zephyr/logging/log.h:10:
In file included from /Users/gjonesblackcyton/Documents/src/klausscpu-runtime/zephyr-ws/zephyr/include/zephyr/logging/log_instance.h:10:
In file included from /Users/gjonesblackcyton/Documents/src/klausscpu-runtime/zephyr-ws/zephyr/include/zephyr/sys/iterable_sections.h:10:
In file included from /Users/gjonesblackcyton/Documents/src/klausscpu-runtime/zephyr-ws/zephyr/include/zephyr/sys/__assert.h:11:
In file included from /Users/gjonesblackcyton/Documents/src/klausscpu-runtime/zephyr-ws/zephyr/include/zephyr/toolchain.h:48:
/Users/gjonesblackcyton/Documents/src/klausscpu-runtime/zephyr-ws/zephyr/include/zephyr/toolchain/llvm.h:128:9: warning: '__UINTMAX_C' macro redefined [-Wmacro-redefined]
  128 | #define __UINTMAX_C(x)  int_c(x, __UINTMAX_C_SUFFIX__)
      |         ^
<built-in>:105:9: note: previous definition is here
  105 | #define __UINTMAX_C(c) c##UL
      |         ^
6 warnings generated.
[72/144] Building C object zephyr/subsys/net/ip/CMakeFiles/subsys__net__ip.dir/net_core.c.obj
In file included from /Users/gjonesblackcyton/Documents/src/klausscpu-runtime/zephyr-ws/zephyr/subsys/net/ip/net_core.c:14:
In file included from /Users/gjonesblackcyton/Documents/src/klausscpu-runtime/zephyr-ws/zephyr/include/zephyr/logging/log.h:10:
In file included from /Users/gjonesblackcyton/Documents/src/klausscpu-runtime/zephyr-ws/zephyr/include/zephyr/logging/log_instance.h:10:
In file included from /Users/gjonesblackcyton/Documents/src/klausscpu-runtime/zephyr-ws/zephyr/include/zephyr/sys/iterable_sections.h:10:
In file included from /Users/gjonesblackcyton/Documents/src/klausscpu-runtime/zephyr-ws/zephyr/include/zephyr/sys/__assert.h:11:
In file included from /Users/gjonesblackcyton/Documents/src/klausscpu-runtime/zephyr-ws/zephyr/include/zephyr/toolchain.h:48:
/Users/gjonesblackcyton/Documents/src/klausscpu-runtime/zephyr-ws/zephyr/include/zephyr/toolchain/llvm.h:102:9: warning: '__INT16_C' macro redefined [-Wmacro-redefined]
  102 | #define __INT16_C(x)    int_c(x, __int_least16_c_suffix__)
      |         ^
<built-in>:184:9: note: previous definition is here
  184 | #define __INT16_C(c) c
      |         ^
In file included from /Users/gjonesblackcyton/Documents/src/klausscpu-runtime/zephyr-ws/zephyr/subsys/net/ip/net_core.c:14:
In file included from /Users/gjonesblackcyton/Documents/src/klausscpu-runtime/zephyr-ws/zephyr/include/zephyr/logging/log.h:10:
In file included from /Users/gjonesblackcyton/Documents/src/klausscpu-runtime/zephyr-ws/zephyr/include/zephyr/logging/log_instance.h:10:
In file included from /Users/gjonesblackcyton/Documents/src/klausscpu-runtime/zephyr-ws/zephyr/include/zephyr/sys/iterable_sections.h:10:
In file included from /Users/gjonesblackcyton/Documents/src/klausscpu-runtime/zephyr-ws/zephyr/include/zephyr/sys/__assert.h:11:
In file included from /Users/gjonesblackcyton/Documents/src/klausscpu-runtime/zephyr-ws/zephyr/include/zephyr/toolchain.h:48:
/Users/gjonesblackcyton/Documents/src/klausscpu-runtime/zephyr-ws/zephyr/include/zephyr/toolchain/llvm.h:103:9: warning: '__UINT16_C' macro redefined [-Wmacro-redefined]
  103 | #define __UINT16_C(x)   uint_c(x, __int_least16_c_suffix__)
      |         ^
<built-in>:210:9: note: previous definition is here
  210 | #define __UINT16_C(c) c
      |         ^
In file included from /Users/gjonesblackcyton/Documents/src/klausscpu-runtime/zephyr-ws/zephyr/subsys/net/ip/net_core.c:14:
In file included from /Users/gjonesblackcyton/Documents/src/klausscpu-runtime/zephyr-ws/zephyr/include/zephyr/logging/log.h:10:
In file included from /Users/gjonesblackcyton/Documents/src/klausscpu-runtime/zephyr-ws/zephyr/include/zephyr/logging/log_instance.h:10:
In file included from /Users/gjonesblackcyton/Documents/src/klausscpu-runtime/zephyr-ws/zephyr/include/zephyr/sys/iterable_sections.h:10:
In file included from /Users/gjonesblackcyton/Documents/src/klausscpu-runtime/zephyr-ws/zephyr/include/zephyr/sys/__assert.h:11:
In file included from /Users/gjonesblackcyton/Documents/src/klausscpu-runtime/zephyr-ws/zephyr/include/zephyr/toolchain.h:48:
/Users/gjonesblackcyton/Documents/src/klausscpu-runtime/zephyr-ws/zephyr/include/zephyr/toolchain/llvm.h:119:9: warning: '__INT8_C' macro redefined [-Wmacro-redefined]
  119 | #define __INT8_C(x)     int_c(x, __int_least8_c_suffix__)
      |         ^
<built-in>:179:9: note: previous definition is here
  179 | #define __INT8_C(c) c
      |         ^
In file included from /Users/gjonesblackcyton/Documents/src/klausscpu-runtime/zephyr-ws/zephyr/subsys/net/ip/net_core.c:14:
In file included from /Users/gjonesblackcyton/Documents/src/klausscpu-runtime/zephyr-ws/zephyr/include/zephyr/logging/log.h:10:
In file included from /Users/gjonesblackcyton/Documents/src/klausscpu-runtime/zephyr-ws/zephyr/include/zephyr/logging/log_instance.h:10:
In file included from /Users/gjonesblackcyton/Documents/src/klausscpu-runtime/zephyr-ws/zephyr/include/zephyr/sys/iterable_sections.h:10:
In file included from /Users/gjonesblackcyton/Documents/src/klausscpu-runtime/zephyr-ws/zephyr/include/zephyr/sys/__assert.h:11:
In file included from /Users/gjonesblackcyton/Documents/src/klausscpu-runtime/zephyr-ws/zephyr/include/zephyr/toolchain.h:48:
/Users/gjonesblackcyton/Documents/src/klausscpu-runtime/zephyr-ws/zephyr/include/zephyr/toolchain/llvm.h:120:9: warning: '__UINT8_C' macro redefined [-Wmacro-redefined]
  120 | #define __UINT8_C(x)    uint_c(x, __int_least8_c_suffix__)
      |         ^
<built-in>:201:9: note: previous definition is here
  201 | #define __UINT8_C(c) c
      |         ^
In file included from /Users/gjonesblackcyton/Documents/src/klausscpu-runtime/zephyr-ws/zephyr/subsys/net/ip/net_core.c:14:
In file included from /Users/gjonesblackcyton/Documents/src/klausscpu-runtime/zephyr-ws/zephyr/include/zephyr/logging/log.h:10:
In file included from /Users/gjonesblackcyton/Documents/src/klausscpu-runtime/zephyr-ws/zephyr/include/zephyr/logging/log_instance.h:10:
In file included from /Users/gjonesblackcyton/Documents/src/klausscpu-runtime/zephyr-ws/zephyr/include/zephyr/sys/iterable_sections.h:10:
In file included from /Users/gjonesblackcyton/Documents/src/klausscpu-runtime/zephyr-ws/zephyr/include/zephyr/sys/__assert.h:11:
In file included from /Users/gjonesblackcyton/Documents/src/klausscpu-runtime/zephyr-ws/zephyr/include/zephyr/toolchain.h:48:
/Users/gjonesblackcyton/Documents/src/klausscpu-runtime/zephyr-ws/zephyr/include/zephyr/toolchain/llvm.h:127:9: warning: '__INTMAX_C' macro redefined [-Wmacro-redefined]
  127 | #define __INTMAX_C(x)   int_c(x, __INTMAX_C_SUFFIX__)
      |         ^
<built-in>:98:9: note: previous definition is here
   98 | #define __INTMAX_C(c) c##L
      |         ^
In file included from /Users/gjonesblackcyton/Documents/src/klausscpu-runtime/zephyr-ws/zephyr/subsys/net/ip/net_core.c:14:
In file included from /Users/gjonesblackcyton/Documents/src/klausscpu-runtime/zephyr-ws/zephyr/include/zephyr/logging/log.h:10:
In file included from /Users/gjonesblackcyton/Documents/src/klausscpu-runtime/zephyr-ws/zephyr/include/zephyr/logging/log_instance.h:10:
In file included from /Users/gjonesblackcyton/Documents/src/klausscpu-runtime/zephyr-ws/zephyr/include/zephyr/sys/iterable_sections.h:10:
In file included from /Users/gjonesblackcyton/Documents/src/klausscpu-runtime/zephyr-ws/zephyr/include/zephyr/sys/__assert.h:11:
In file included from /Users/gjonesblackcyton/Documents/src/klausscpu-runtime/zephyr-ws/zephyr/include/zephyr/toolchain.h:48:
/Users/gjonesblackcyton/Documents/src/klausscpu-runtime/zephyr-ws/zephyr/include/zephyr/toolchain/llvm.h:128:9: warning: '__UINTMAX_C' macro redefined [-Wmacro-redefined]
  128 | #define __UINTMAX_C(x)  int_c(x, __UINTMAX_C_SUFFIX__)
      |         ^
<built-in>:105:9: note: previous definition is here
  105 | #define __UINTMAX_C(c) c##UL
      |         ^
6 warnings generated.
[73/144] Building C object zephyr/subsys/net/l2/ethernet/CMakeFiles/subsys__net__l2__ethernet.dir/arp.c.obj
In file included from /Users/gjonesblackcyton/Documents/src/klausscpu-runtime/zephyr-ws/zephyr/subsys/net/l2/ethernet/arp.c:11:
In file included from /Users/gjonesblackcyton/Documents/src/klausscpu-runtime/zephyr-ws/zephyr/include/zephyr/logging/log.h:10:
In file included from /Users/gjonesblackcyton/Documents/src/klausscpu-runtime/zephyr-ws/zephyr/include/zephyr/logging/log_instance.h:10:
In file included from /Users/gjonesblackcyton/Documents/src/klausscpu-runtime/zephyr-ws/zephyr/include/zephyr/sys/iterable_sections.h:10:
In file included from /Users/gjonesblackcyton/Documents/src/klausscpu-runtime/zephyr-ws/zephyr/include/zephyr/sys/__assert.h:11:
In file included from /Users/gjonesblackcyton/Documents/src/klausscpu-runtime/zephyr-ws/zephyr/include/zephyr/toolchain.h:48:
/Users/gjonesblackcyton/Documents/src/klausscpu-runtime/zephyr-ws/zephyr/include/zephyr/toolchain/llvm.h:102:9: warning: '__INT16_C' macro redefined [-Wmacro-redefined]
  102 | #define __INT16_C(x)    int_c(x, __int_least16_c_suffix__)
      |         ^
<built-in>:184:9: note: previous definition is here
  184 | #define __INT16_C(c) c
      |         ^
In file included from /Users/gjonesblackcyton/Documents/src/klausscpu-runtime/zephyr-ws/zephyr/subsys/net/l2/ethernet/arp.c:11:
In file included from /Users/gjonesblackcyton/Documents/src/klausscpu-runtime/zephyr-ws/zephyr/include/zephyr/logging/log.h:10:
In file included from /Users/gjonesblackcyton/Documents/src/klausscpu-runtime/zephyr-ws/zephyr/include/zephyr/logging/log_instance.h:10:
In file included from /Users/gjonesblackcyton/Documents/src/klausscpu-runtime/zephyr-ws/zephyr/include/zephyr/sys/iterable_sections.h:10:
In file included from /Users/gjonesblackcyton/Documents/src/klausscpu-runtime/zephyr-ws/zephyr/include/zephyr/sys/__assert.h:11:
In file included from /Users/gjonesblackcyton/Documents/src/klausscpu-runtime/zephyr-ws/zephyr/include/zephyr/toolchain.h:48:
/Users/gjonesblackcyton/Documents/src/klausscpu-runtime/zephyr-ws/zephyr/include/zephyr/toolchain/llvm.h:103:9: warning: '__UINT16_C' macro redefined [-Wmacro-redefined]
  103 | #define __UINT16_C(x)   uint_c(x, __int_least16_c_suffix__)
      |         ^
<built-in>:210:9: note: previous definition is here
  210 | #define __UINT16_C(c) c
      |         ^
In file included from /Users/gjonesblackcyton/Documents/src/klausscpu-runtime/zephyr-ws/zephyr/subsys/net/l2/ethernet/arp.c:11:
In file included from /Users/gjonesblackcyton/Documents/src/klausscpu-runtime/zephyr-ws/zephyr/include/zephyr/logging/log.h:10:
In file included from /Users/gjonesblackcyton/Documents/src/klausscpu-runtime/zephyr-ws/zephyr/include/zephyr/logging/log_instance.h:10:
In file included from /Users/gjonesblackcyton/Documents/src/klausscpu-runtime/zephyr-ws/zephyr/include/zephyr/sys/iterable_sections.h:10:
In file included from /Users/gjonesblackcyton/Documents/src/klausscpu-runtime/zephyr-ws/zephyr/include/zephyr/sys/__assert.h:11:
In file included from /Users/gjonesblackcyton/Documents/src/klausscpu-runtime/zephyr-ws/zephyr/include/zephyr/toolchain.h:48:
/Users/gjonesblackcyton/Documents/src/klausscpu-runtime/zephyr-ws/zephyr/include/zephyr/toolchain/llvm.h:119:9: warning: '__INT8_C' macro redefined [-Wmacro-redefined]
  119 | #define __INT8_C(x)     int_c(x, __int_least8_c_suffix__)
      |         ^
<built-in>:179:9: note: previous definition is here
  179 | #define __INT8_C(c) c
      |         ^
In file included from /Users/gjonesblackcyton/Documents/src/klausscpu-runtime/zephyr-ws/zephyr/subsys/net/l2/ethernet/arp.c:11:
In file included from /Users/gjonesblackcyton/Documents/src/klausscpu-runtime/zephyr-ws/zephyr/include/zephyr/logging/log.h:10:
In file included from /Users/gjonesblackcyton/Documents/src/klausscpu-runtime/zephyr-ws/zephyr/include/zephyr/logging/log_instance.h:10:
In file included from /Users/gjonesblackcyton/Documents/src/klausscpu-runtime/zephyr-ws/zephyr/include/zephyr/sys/iterable_sections.h:10:
In file included from /Users/gjonesblackcyton/Documents/src/klausscpu-runtime/zephyr-ws/zephyr/include/zephyr/sys/__assert.h:11:
In file included from /Users/gjonesblackcyton/Documents/src/klausscpu-runtime/zephyr-ws/zephyr/include/zephyr/toolchain.h:48:
/Users/gjonesblackcyton/Documents/src/klausscpu-runtime/zephyr-ws/zephyr/include/zephyr/toolchain/llvm.h:120:9: warning: '__UINT8_C' macro redefined [-Wmacro-redefined]
  120 | #define __UINT8_C(x)    uint_c(x, __int_least8_c_suffix__)
      |         ^
<built-in>:201:9: note: previous definition is here
  201 | #define __UINT8_C(c) c
      |         ^
In file included from /Users/gjonesblackcyton/Documents/src/klausscpu-runtime/zephyr-ws/zephyr/subsys/net/l2/ethernet/arp.c:11:
In file included from /Users/gjonesblackcyton/Documents/src/klausscpu-runtime/zephyr-ws/zephyr/include/zephyr/logging/log.h:10:
In file included from /Users/gjonesblackcyton/Documents/src/klausscpu-runtime/zephyr-ws/zephyr/include/zephyr/logging/log_instance.h:10:
In file included from /Users/gjonesblackcyton/Documents/src/klausscpu-runtime/zephyr-ws/zephyr/include/zephyr/sys/iterable_sections.h:10:
In file included from /Users/gjonesblackcyton/Documents/src/klausscpu-runtime/zephyr-ws/zephyr/include/zephyr/sys/__assert.h:11:
In file included from /Users/gjonesblackcyton/Documents/src/klausscpu-runtime/zephyr-ws/zephyr/include/zephyr/toolchain.h:48:
/Users/gjonesblackcyton/Documents/src/klausscpu-runtime/zephyr-ws/zephyr/include/zephyr/toolchain/llvm.h:127:9: warning: '__INTMAX_C' macro redefined [-Wmacro-redefined]
  127 | #define __INTMAX_C(x)   int_c(x, __INTMAX_C_SUFFIX__)
      |         ^
<built-in>:98:9: note: previous definition is here
   98 | #define __INTMAX_C(c) c##L
      |         ^
In file included from /Users/gjonesblackcyton/Documents/src/klausscpu-runtime/zephyr-ws/zephyr/subsys/net/l2/ethernet/arp.c:11:
In file included from /Users/gjonesblackcyton/Documents/src/klausscpu-runtime/zephyr-ws/zephyr/include/zephyr/logging/log.h:10:
In file included from /Users/gjonesblackcyton/Documents/src/klausscpu-runtime/zephyr-ws/zephyr/include/zephyr/logging/log_instance.h:10:
In file included from /Users/gjonesblackcyton/Documents/src/klausscpu-runtime/zephyr-ws/zephyr/include/zephyr/sys/iterable_sections.h:10:
In file included from /Users/gjonesblackcyton/Documents/src/klausscpu-runtime/zephyr-ws/zephyr/include/zephyr/sys/__assert.h:11:
In file included from /Users/gjonesblackcyton/Documents/src/klausscpu-runtime/zephyr-ws/zephyr/include/zephyr/toolchain.h:48:
/Users/gjonesblackcyton/Documents/src/klausscpu-runtime/zephyr-ws/zephyr/include/zephyr/toolchain/llvm.h:128:9: warning: '__UINTMAX_C' macro redefined [-Wmacro-redefined]
  128 | #define __UINTMAX_C(x)  int_c(x, __UINTMAX_C_SUFFIX__)
      |         ^
<built-in>:105:9: note: previous definition is here
  105 | #define __UINTMAX_C(c) c##UL
      |         ^
6 warnings generated.
[74/144] Building C object zephyr/subsys/net/ip/CMakeFiles/subsys__net__ip.dir/net_mgmt.c.obj
In file included from /Users/gjonesblackcyton/Documents/src/klausscpu-runtime/zephyr-ws/zephyr/subsys/net/ip/net_mgmt.c:7:
In file included from /Users/gjonesblackcyton/Documents/src/klausscpu-runtime/zephyr-ws/zephyr/include/zephyr/logging/log.h:10:
In file included from /Users/gjonesblackcyton/Documents/src/klausscpu-runtime/zephyr-ws/zephyr/include/zephyr/logging/log_instance.h:10:
In file included from /Users/gjonesblackcyton/Documents/src/klausscpu-runtime/zephyr-ws/zephyr/include/zephyr/sys/iterable_sections.h:10:
In file included from /Users/gjonesblackcyton/Documents/src/klausscpu-runtime/zephyr-ws/zephyr/include/zephyr/sys/__assert.h:11:
In file included from /Users/gjonesblackcyton/Documents/src/klausscpu-runtime/zephyr-ws/zephyr/include/zephyr/toolchain.h:48:
/Users/gjonesblackcyton/Documents/src/klausscpu-runtime/zephyr-ws/zephyr/include/zephyr/toolchain/llvm.h:102:9: warning: '__INT16_C' macro redefined [-Wmacro-redefined]
  102 | #define __INT16_C(x)    int_c(x, __int_least16_c_suffix__)
      |         ^
<built-in>:184:9: note: previous definition is here
  184 | #define __INT16_C(c) c
      |         ^
In file included from /Users/gjonesblackcyton/Documents/src/klausscpu-runtime/zephyr-ws/zephyr/subsys/net/ip/net_mgmt.c:7:
In file included from /Users/gjonesblackcyton/Documents/src/klausscpu-runtime/zephyr-ws/zephyr/include/zephyr/logging/log.h:10:
In file included from /Users/gjonesblackcyton/Documents/src/klausscpu-runtime/zephyr-ws/zephyr/include/zephyr/logging/log_instance.h:10:
In file included from /Users/gjonesblackcyton/Documents/src/klausscpu-runtime/zephyr-ws/zephyr/include/zephyr/sys/iterable_sections.h:10:
In file included from /Users/gjonesblackcyton/Documents/src/klausscpu-runtime/zephyr-ws/zephyr/include/zephyr/sys/__assert.h:11:
In file included from /Users/gjonesblackcyton/Documents/src/klausscpu-runtime/zephyr-ws/zephyr/include/zephyr/toolchain.h:48:
/Users/gjonesblackcyton/Documents/src/klausscpu-runtime/zephyr-ws/zephyr/include/zephyr/toolchain/llvm.h:103:9: warning: '__UINT16_C' macro redefined [-Wmacro-redefined]
  103 | #define __UINT16_C(x)   uint_c(x, __int_least16_c_suffix__)
      |         ^
<built-in>:210:9: note: previous definition is here
  210 | #define __UINT16_C(c) c
      |         ^
In file included from /Users/gjonesblackcyton/Documents/src/klausscpu-runtime/zephyr-ws/zephyr/subsys/net/ip/net_mgmt.c:7:
In file included from /Users/gjonesblackcyton/Documents/src/klausscpu-runtime/zephyr-ws/zephyr/include/zephyr/logging/log.h:10:
In file included from /Users/gjonesblackcyton/Documents/src/klausscpu-runtime/zephyr-ws/zephyr/include/zephyr/logging/log_instance.h:10:
In file included from /Users/gjonesblackcyton/Documents/src/klausscpu-runtime/zephyr-ws/zephyr/include/zephyr/sys/iterable_sections.h:10:
In file included from /Users/gjonesblackcyton/Documents/src/klausscpu-runtime/zephyr-ws/zephyr/include/zephyr/sys/__assert.h:11:
In file included from /Users/gjonesblackcyton/Documents/src/klausscpu-runtime/zephyr-ws/zephyr/include/zephyr/toolchain.h:48:
/Users/gjonesblackcyton/Documents/src/klausscpu-runtime/zephyr-ws/zephyr/include/zephyr/toolchain/llvm.h:119:9: warning: '__INT8_C' macro redefined [-Wmacro-redefined]
  119 | #define __INT8_C(x)     int_c(x, __int_least8_c_suffix__)
      |         ^
<built-in>:179:9: note: previous definition is here
  179 | #define __INT8_C(c) c
      |         ^
In file included from /Users/gjonesblackcyton/Documents/src/klausscpu-runtime/zephyr-ws/zephyr/subsys/net/ip/net_mgmt.c:7:
In file included from /Users/gjonesblackcyton/Documents/src/klausscpu-runtime/zephyr-ws/zephyr/include/zephyr/logging/log.h:10:
In file included from /Users/gjonesblackcyton/Documents/src/klausscpu-runtime/zephyr-ws/zephyr/include/zephyr/logging/log_instance.h:10:
In file included from /Users/gjonesblackcyton/Documents/src/klausscpu-runtime/zephyr-ws/zephyr/include/zephyr/sys/iterable_sections.h:10:
In file included from /Users/gjonesblackcyton/Documents/src/klausscpu-runtime/zephyr-ws/zephyr/include/zephyr/sys/__assert.h:11:
In file included from /Users/gjonesblackcyton/Documents/src/klausscpu-runtime/zephyr-ws/zephyr/include/zephyr/toolchain.h:48:
/Users/gjonesblackcyton/Documents/src/klausscpu-runtime/zephyr-ws/zephyr/include/zephyr/toolchain/llvm.h:120:9: warning: '__UINT8_C' macro redefined [-Wmacro-redefined]
  120 | #define __UINT8_C(x)    uint_c(x, __int_least8_c_suffix__)
      |         ^
<built-in>:201:9: note: previous definition is here
  201 | #define __UINT8_C(c) c
      |         ^
In file included from /Users/gjonesblackcyton/Documents/src/klausscpu-runtime/zephyr-ws/zephyr/subsys/net/ip/net_mgmt.c:7:
In file included from /Users/gjonesblackcyton/Documents/src/klausscpu-runtime/zephyr-ws/zephyr/include/zephyr/logging/log.h:10:
In file included from /Users/gjonesblackcyton/Documents/src/klausscpu-runtime/zephyr-ws/zephyr/include/zephyr/logging/log_instance.h:10:
In file included from /Users/gjonesblackcyton/Documents/src/klausscpu-runtime/zephyr-ws/zephyr/include/zephyr/sys/iterable_sections.h:10:
In file included from /Users/gjonesblackcyton/Documents/src/klausscpu-runtime/zephyr-ws/zephyr/include/zephyr/sys/__assert.h:11:
In file included from /Users/gjonesblackcyton/Documents/src/klausscpu-runtime/zephyr-ws/zephyr/include/zephyr/toolchain.h:48:
/Users/gjonesblackcyton/Documents/src/klausscpu-runtime/zephyr-ws/zephyr/include/zephyr/toolchain/llvm.h:127:9: warning: '__INTMAX_C' macro redefined [-Wmacro-redefined]
  127 | #define __INTMAX_C(x)   int_c(x, __INTMAX_C_SUFFIX__)
      |         ^
<built-in>:98:9: note: previous definition is here
   98 | #define __INTMAX_C(c) c##L
      |         ^
In file included from /Users/gjonesblackcyton/Documents/src/klausscpu-runtime/zephyr-ws/zephyr/subsys/net/ip/net_mgmt.c:7:
In file included from /Users/gjonesblackcyton/Documents/src/klausscpu-runtime/zephyr-ws/zephyr/include/zephyr/logging/log.h:10:
In file included from /Users/gjonesblackcyton/Documents/src/klausscpu-runtime/zephyr-ws/zephyr/include/zephyr/logging/log_instance.h:10:
In file included from /Users/gjonesblackcyton/Documents/src/klausscpu-runtime/zephyr-ws/zephyr/include/zephyr/sys/iterable_sections.h:10:
In file included from /Users/gjonesblackcyton/Documents/src/klausscpu-runtime/zephyr-ws/zephyr/include/zephyr/sys/__assert.h:11:
In file included from /Users/gjonesblackcyton/Documents/src/klausscpu-runtime/zephyr-ws/zephyr/include/zephyr/toolchain.h:48:
/Users/gjonesblackcyton/Documents/src/klausscpu-runtime/zephyr-ws/zephyr/include/zephyr/toolchain/llvm.h:128:9: warning: '__UINTMAX_C' macro redefined [-Wmacro-redefined]
  128 | #define __UINTMAX_C(x)  int_c(x, __UINTMAX_C_SUFFIX__)
      |         ^
<built-in>:105:9: note: previous definition is here
  105 | #define __UINTMAX_C(c) c##UL
      |         ^
6 warnings generated.
[75/144] Building C object zephyr/subsys/net/ip/CMakeFiles/subsys__net__ip.dir/net_tc.c.obj
In file included from /Users/gjonesblackcyton/Documents/src/klausscpu-runtime/zephyr-ws/zephyr/subsys/net/ip/net_tc.c:7:
In file included from /Users/gjonesblackcyton/Documents/src/klausscpu-runtime/zephyr-ws/zephyr/include/zephyr/logging/log.h:10:
In file included from /Users/gjonesblackcyton/Documents/src/klausscpu-runtime/zephyr-ws/zephyr/include/zephyr/logging/log_instance.h:10:
In file included from /Users/gjonesblackcyton/Documents/src/klausscpu-runtime/zephyr-ws/zephyr/include/zephyr/sys/iterable_sections.h:10:
In file included from /Users/gjonesblackcyton/Documents/src/klausscpu-runtime/zephyr-ws/zephyr/include/zephyr/sys/__assert.h:11:
In file included from /Users/gjonesblackcyton/Documents/src/klausscpu-runtime/zephyr-ws/zephyr/include/zephyr/toolchain.h:48:
/Users/gjonesblackcyton/Documents/src/klausscpu-runtime/zephyr-ws/zephyr/include/zephyr/toolchain/llvm.h:102:9: warning: '__INT16_C' macro redefined [-Wmacro-redefined]
  102 | #define __INT16_C(x)    int_c(x, __int_least16_c_suffix__)
      |         ^
<built-in>:184:9: note: previous definition is here
  184 | #define __INT16_C(c) c
      |         ^
In file included from /Users/gjonesblackcyton/Documents/src/klausscpu-runtime/zephyr-ws/zephyr/subsys/net/ip/net_tc.c:7:
In file included from /Users/gjonesblackcyton/Documents/src/klausscpu-runtime/zephyr-ws/zephyr/include/zephyr/logging/log.h:10:
In file included from /Users/gjonesblackcyton/Documents/src/klausscpu-runtime/zephyr-ws/zephyr/include/zephyr/logging/log_instance.h:10:
In file included from /Users/gjonesblackcyton/Documents/src/klausscpu-runtime/zephyr-ws/zephyr/include/zephyr/sys/iterable_sections.h:10:
In file included from /Users/gjonesblackcyton/Documents/src/klausscpu-runtime/zephyr-ws/zephyr/include/zephyr/sys/__assert.h:11:
In file included from /Users/gjonesblackcyton/Documents/src/klausscpu-runtime/zephyr-ws/zephyr/include/zephyr/toolchain.h:48:
/Users/gjonesblackcyton/Documents/src/klausscpu-runtime/zephyr-ws/zephyr/include/zephyr/toolchain/llvm.h:103:9: warning: '__UINT16_C' macro redefined [-Wmacro-redefined]
  103 | #define __UINT16_C(x)   uint_c(x, __int_least16_c_suffix__)
      |         ^
<built-in>:210:9: note: previous definition is here
  210 | #define __UINT16_C(c) c
      |         ^
In file included from /Users/gjonesblackcyton/Documents/src/klausscpu-runtime/zephyr-ws/zephyr/subsys/net/ip/net_tc.c:7:
In file included from /Users/gjonesblackcyton/Documents/src/klausscpu-runtime/zephyr-ws/zephyr/include/zephyr/logging/log.h:10:
In file included from /Users/gjonesblackcyton/Documents/src/klausscpu-runtime/zephyr-ws/zephyr/include/zephyr/logging/log_instance.h:10:
In file included from /Users/gjonesblackcyton/Documents/src/klausscpu-runtime/zephyr-ws/zephyr/include/zephyr/sys/iterable_sections.h:10:
In file included from /Users/gjonesblackcyton/Documents/src/klausscpu-runtime/zephyr-ws/zephyr/include/zephyr/sys/__assert.h:11:
In file included from /Users/gjonesblackcyton/Documents/src/klausscpu-runtime/zephyr-ws/zephyr/include/zephyr/toolchain.h:48:
/Users/gjonesblackcyton/Documents/src/klausscpu-runtime/zephyr-ws/zephyr/include/zephyr/toolchain/llvm.h:119:9: warning: '__INT8_C' macro redefined [-Wmacro-redefined]
  119 | #define __INT8_C(x)     int_c(x, __int_least8_c_suffix__)
      |         ^
<built-in>:179:9: note: previous definition is here
  179 | #define __INT8_C(c) c
      |         ^
In file included from /Users/gjonesblackcyton/Documents/src/klausscpu-runtime/zephyr-ws/zephyr/subsys/net/ip/net_tc.c:7:
In file included from /Users/gjonesblackcyton/Documents/src/klausscpu-runtime/zephyr-ws/zephyr/include/zephyr/logging/log.h:10:
In file included from /Users/gjonesblackcyton/Documents/src/klausscpu-runtime/zephyr-ws/zephyr/include/zephyr/logging/log_instance.h:10:
In file included from /Users/gjonesblackcyton/Documents/src/klausscpu-runtime/zephyr-ws/zephyr/include/zephyr/sys/iterable_sections.h:10:
In file included from /Users/gjonesblackcyton/Documents/src/klausscpu-runtime/zephyr-ws/zephyr/include/zephyr/sys/__assert.h:11:
In file included from /Users/gjonesblackcyton/Documents/src/klausscpu-runtime/zephyr-ws/zephyr/include/zephyr/toolchain.h:48:
/Users/gjonesblackcyton/Documents/src/klausscpu-runtime/zephyr-ws/zephyr/include/zephyr/toolchain/llvm.h:120:9: warning: '__UINT8_C' macro redefined [-Wmacro-redefined]
  120 | #define __UINT8_C(x)    uint_c(x, __int_least8_c_suffix__)
      |         ^
<built-in>:201:9: note: previous definition is here
  201 | #define __UINT8_C(c) c
      |         ^
In file included from /Users/gjonesblackcyton/Documents/src/klausscpu-runtime/zephyr-ws/zephyr/subsys/net/ip/net_tc.c:7:
In file included from /Users/gjonesblackcyton/Documents/src/klausscpu-runtime/zephyr-ws/zephyr/include/zephyr/logging/log.h:10:
In file included from /Users/gjonesblackcyton/Documents/src/klausscpu-runtime/zephyr-ws/zephyr/include/zephyr/logging/log_instance.h:10:
In file included from /Users/gjonesblackcyton/Documents/src/klausscpu-runtime/zephyr-ws/zephyr/include/zephyr/sys/iterable_sections.h:10:
In file included from /Users/gjonesblackcyton/Documents/src/klausscpu-runtime/zephyr-ws/zephyr/include/zephyr/sys/__assert.h:11:
In file included from /Users/gjonesblackcyton/Documents/src/klausscpu-runtime/zephyr-ws/zephyr/include/zephyr/toolchain.h:48:
/Users/gjonesblackcyton/Documents/src/klausscpu-runtime/zephyr-ws/zephyr/include/zephyr/toolchain/llvm.h:127:9: warning: '__INTMAX_C' macro redefined [-Wmacro-redefined]
  127 | #define __INTMAX_C(x)   int_c(x, __INTMAX_C_SUFFIX__)
      |         ^
<built-in>:98:9: note: previous definition is here
   98 | #define __INTMAX_C(c) c##L
      |         ^
In file included from /Users/gjonesblackcyton/Documents/src/klausscpu-runtime/zephyr-ws/zephyr/subsys/net/ip/net_tc.c:7:
In file included from /Users/gjonesblackcyton/Documents/src/klausscpu-runtime/zephyr-ws/zephyr/include/zephyr/logging/log.h:10:
In file included from /Users/gjonesblackcyton/Documents/src/klausscpu-runtime/zephyr-ws/zephyr/include/zephyr/logging/log_instance.h:10:
In file included from /Users/gjonesblackcyton/Documents/src/klausscpu-runtime/zephyr-ws/zephyr/include/zephyr/sys/iterable_sections.h:10:
In file included from /Users/gjonesblackcyton/Documents/src/klausscpu-runtime/zephyr-ws/zephyr/include/zephyr/sys/__assert.h:11:
In file included from /Users/gjonesblackcyton/Documents/src/klausscpu-runtime/zephyr-ws/zephyr/include/zephyr/toolchain.h:48:
/Users/gjonesblackcyton/Documents/src/klausscpu-runtime/zephyr-ws/zephyr/include/zephyr/toolchain/llvm.h:128:9: warning: '__UINTMAX_C' macro redefined [-Wmacro-redefined]
  128 | #define __UINTMAX_C(x)  int_c(x, __UINTMAX_C_SUFFIX__)
      |         ^
<built-in>:105:9: note: previous definition is here
  105 | #define __UINTMAX_C(c) c##UL
      |         ^
6 warnings generated.
[76/144] Building C object zephyr/subsys/net/ip/CMakeFiles/subsys__net__ip.dir/utils.c.obj
In file included from /Users/gjonesblackcyton/Documents/src/klausscpu-runtime/zephyr-ws/zephyr/subsys/net/ip/utils.c:12:
In file included from /Users/gjonesblackcyton/Documents/src/klausscpu-runtime/zephyr-ws/zephyr/include/zephyr/logging/log.h:10:
In file included from /Users/gjonesblackcyton/Documents/src/klausscpu-runtime/zephyr-ws/zephyr/include/zephyr/logging/log_instance.h:10:
In file included from /Users/gjonesblackcyton/Documents/src/klausscpu-runtime/zephyr-ws/zephyr/include/zephyr/sys/iterable_sections.h:10:
In file included from /Users/gjonesblackcyton/Documents/src/klausscpu-runtime/zephyr-ws/zephyr/include/zephyr/sys/__assert.h:11:
In file included from /Users/gjonesblackcyton/Documents/src/klausscpu-runtime/zephyr-ws/zephyr/include/zephyr/toolchain.h:48:
/Users/gjonesblackcyton/Documents/src/klausscpu-runtime/zephyr-ws/zephyr/include/zephyr/toolchain/llvm.h:102:9: warning: '__INT16_C' macro redefined [-Wmacro-redefined]
  102 | #define __INT16_C(x)    int_c(x, __int_least16_c_suffix__)
      |         ^
<built-in>:184:9: note: previous definition is here
  184 | #define __INT16_C(c) c
      |         ^
In file included from /Users/gjonesblackcyton/Documents/src/klausscpu-runtime/zephyr-ws/zephyr/subsys/net/ip/utils.c:12:
In file included from /Users/gjonesblackcyton/Documents/src/klausscpu-runtime/zephyr-ws/zephyr/include/zephyr/logging/log.h:10:
In file included from /Users/gjonesblackcyton/Documents/src/klausscpu-runtime/zephyr-ws/zephyr/include/zephyr/logging/log_instance.h:10:
In file included from /Users/gjonesblackcyton/Documents/src/klausscpu-runtime/zephyr-ws/zephyr/include/zephyr/sys/iterable_sections.h:10:
In file included from /Users/gjonesblackcyton/Documents/src/klausscpu-runtime/zephyr-ws/zephyr/include/zephyr/sys/__assert.h:11:
In file included from /Users/gjonesblackcyton/Documents/src/klausscpu-runtime/zephyr-ws/zephyr/include/zephyr/toolchain.h:48:
/Users/gjonesblackcyton/Documents/src/klausscpu-runtime/zephyr-ws/zephyr/include/zephyr/toolchain/llvm.h:103:9: warning: '__UINT16_C' macro redefined [-Wmacro-redefined]
  103 | #define __UINT16_C(x)   uint_c(x, __int_least16_c_suffix__)
      |         ^
<built-in>:210:9: note: previous definition is here
  210 | #define __UINT16_C(c) c
      |         ^
In file included from /Users/gjonesblackcyton/Documents/src/klausscpu-runtime/zephyr-ws/zephyr/subsys/net/ip/utils.c:12:
In file included from /Users/gjonesblackcyton/Documents/src/klausscpu-runtime/zephyr-ws/zephyr/include/zephyr/logging/log.h:10:
In file included from /Users/gjonesblackcyton/Documents/src/klausscpu-runtime/zephyr-ws/zephyr/include/zephyr/logging/log_instance.h:10:
In file included from /Users/gjonesblackcyton/Documents/src/klausscpu-runtime/zephyr-ws/zephyr/include/zephyr/sys/iterable_sections.h:10:
In file included from /Users/gjonesblackcyton/Documents/src/klausscpu-runtime/zephyr-ws/zephyr/include/zephyr/sys/__assert.h:11:
In file included from /Users/gjonesblackcyton/Documents/src/klausscpu-runtime/zephyr-ws/zephyr/include/zephyr/toolchain.h:48:
/Users/gjonesblackcyton/Documents/src/klausscpu-runtime/zephyr-ws/zephyr/include/zephyr/toolchain/llvm.h:119:9: warning: '__INT8_C' macro redefined [-Wmacro-redefined]
  119 | #define __INT8_C(x)     int_c(x, __int_least8_c_suffix__)
      |         ^
<built-in>:179:9: note: previous definition is here
  179 | #define __INT8_C(c) c
      |         ^
In file included from /Users/gjonesblackcyton/Documents/src/klausscpu-runtime/zephyr-ws/zephyr/subsys/net/ip/utils.c:12:
In file included from /Users/gjonesblackcyton/Documents/src/klausscpu-runtime/zephyr-ws/zephyr/include/zephyr/logging/log.h:10:
In file included from /Users/gjonesblackcyton/Documents/src/klausscpu-runtime/zephyr-ws/zephyr/include/zephyr/logging/log_instance.h:10:
In file included from /Users/gjonesblackcyton/Documents/src/klausscpu-runtime/zephyr-ws/zephyr/include/zephyr/sys/iterable_sections.h:10:
In file included from /Users/gjonesblackcyton/Documents/src/klausscpu-runtime/zephyr-ws/zephyr/include/zephyr/sys/__assert.h:11:
In file included from /Users/gjonesblackcyton/Documents/src/klausscpu-runtime/zephyr-ws/zephyr/include/zephyr/toolchain.h:48:
/Users/gjonesblackcyton/Documents/src/klausscpu-runtime/zephyr-ws/zephyr/include/zephyr/toolchain/llvm.h:120:9: warning: '__UINT8_C' macro redefined [-Wmacro-redefined]
  120 | #define __UINT8_C(x)    uint_c(x, __int_least8_c_suffix__)
      |         ^
<built-in>:201:9: note: previous definition is here
  201 | #define __UINT8_C(c) c
      |         ^
In file included from /Users/gjonesblackcyton/Documents/src/klausscpu-runtime/zephyr-ws/zephyr/subsys/net/ip/utils.c:12:
In file included from /Users/gjonesblackcyton/Documents/src/klausscpu-runtime/zephyr-ws/zephyr/include/zephyr/logging/log.h:10:
In file included from /Users/gjonesblackcyton/Documents/src/klausscpu-runtime/zephyr-ws/zephyr/include/zephyr/logging/log_instance.h:10:
In file included from /Users/gjonesblackcyton/Documents/src/klausscpu-runtime/zephyr-ws/zephyr/include/zephyr/sys/iterable_sections.h:10:
In file included from /Users/gjonesblackcyton/Documents/src/klausscpu-runtime/zephyr-ws/zephyr/include/zephyr/sys/__assert.h:11:
In file included from /Users/gjonesblackcyton/Documents/src/klausscpu-runtime/zephyr-ws/zephyr/include/zephyr/toolchain.h:48:
/Users/gjonesblackcyton/Documents/src/klausscpu-runtime/zephyr-ws/zephyr/include/zephyr/toolchain/llvm.h:127:9: warning: '__INTMAX_C' macro redefined [-Wmacro-redefined]
  127 | #define __INTMAX_C(x)   int_c(x, __INTMAX_C_SUFFIX__)
      |         ^
<built-in>:98:9: note: previous definition is here
   98 | #define __INTMAX_C(c) c##L
      |         ^
In file included from /Users/gjonesblackcyton/Documents/src/klausscpu-runtime/zephyr-ws/zephyr/subsys/net/ip/utils.c:12:
In file included from /Users/gjonesblackcyton/Documents/src/klausscpu-runtime/zephyr-ws/zephyr/include/zephyr/logging/log.h:10:
In file included from /Users/gjonesblackcyton/Documents/src/klausscpu-runtime/zephyr-ws/zephyr/include/zephyr/logging/log_instance.h:10:
In file included from /Users/gjonesblackcyton/Documents/src/klausscpu-runtime/zephyr-ws/zephyr/include/zephyr/sys/iterable_sections.h:10:
In file included from /Users/gjonesblackcyton/Documents/src/klausscpu-runtime/zephyr-ws/zephyr/include/zephyr/sys/__assert.h:11:
In file included from /Users/gjonesblackcyton/Documents/src/klausscpu-runtime/zephyr-ws/zephyr/include/zephyr/toolchain.h:48:
/Users/gjonesblackcyton/Documents/src/klausscpu-runtime/zephyr-ws/zephyr/include/zephyr/toolchain/llvm.h:128:9: warning: '__UINTMAX_C' macro redefined [-Wmacro-redefined]
  128 | #define __UINTMAX_C(x)  int_c(x, __UINTMAX_C_SUFFIX__)
      |         ^
<built-in>:105:9: note: previous definition is here
  105 | #define __UINTMAX_C(c) c##UL
      |         ^
6 warnings generated.
[77/144] Building C object zephyr/subsys/net/CMakeFiles/subsys__net.dir/lib/sockets/sockets.c.obj
In file included from /Users/gjonesblackcyton/Documents/src/klausscpu-runtime/zephyr-ws/zephyr/subsys/net/lib/sockets/sockets.c:10:
In file included from /Users/gjonesblackcyton/Documents/src/klausscpu-runtime/zephyr-ws/zephyr/include/zephyr/logging/log.h:10:
In file included from /Users/gjonesblackcyton/Documents/src/klausscpu-runtime/zephyr-ws/zephyr/include/zephyr/logging/log_instance.h:10:
In file included from /Users/gjonesblackcyton/Documents/src/klausscpu-runtime/zephyr-ws/zephyr/include/zephyr/sys/iterable_sections.h:10:
In file included from /Users/gjonesblackcyton/Documents/src/klausscpu-runtime/zephyr-ws/zephyr/include/zephyr/sys/__assert.h:11:
In file included from /Users/gjonesblackcyton/Documents/src/klausscpu-runtime/zephyr-ws/zephyr/include/zephyr/toolchain.h:48:
/Users/gjonesblackcyton/Documents/src/klausscpu-runtime/zephyr-ws/zephyr/include/zephyr/toolchain/llvm.h:102:9: warning: '__INT16_C' macro redefined [-Wmacro-redefined]
  102 | #define __INT16_C(x)    int_c(x, __int_least16_c_suffix__)
      |         ^
<built-in>:184:9: note: previous definition is here
  184 | #define __INT16_C(c) c
      |         ^
In file included from /Users/gjonesblackcyton/Documents/src/klausscpu-runtime/zephyr-ws/zephyr/subsys/net/lib/sockets/sockets.c:10:
In file included from /Users/gjonesblackcyton/Documents/src/klausscpu-runtime/zephyr-ws/zephyr/include/zephyr/logging/log.h:10:
In file included from /Users/gjonesblackcyton/Documents/src/klausscpu-runtime/zephyr-ws/zephyr/include/zephyr/logging/log_instance.h:10:
In file included from /Users/gjonesblackcyton/Documents/src/klausscpu-runtime/zephyr-ws/zephyr/include/zephyr/sys/iterable_sections.h:10:
In file included from /Users/gjonesblackcyton/Documents/src/klausscpu-runtime/zephyr-ws/zephyr/include/zephyr/sys/__assert.h:11:
In file included from /Users/gjonesblackcyton/Documents/src/klausscpu-runtime/zephyr-ws/zephyr/include/zephyr/toolchain.h:48:
/Users/gjonesblackcyton/Documents/src/klausscpu-runtime/zephyr-ws/zephyr/include/zephyr/toolchain/llvm.h:103:9: warning: '__UINT16_C' macro redefined [-Wmacro-redefined]
  103 | #define __UINT16_C(x)   uint_c(x, __int_least16_c_suffix__)
      |         ^
<built-in>:210:9: note: previous definition is here
  210 | #define __UINT16_C(c) c
      |         ^
In file included from /Users/gjonesblackcyton/Documents/src/klausscpu-runtime/zephyr-ws/zephyr/subsys/net/lib/sockets/sockets.c:10:
In file included from /Users/gjonesblackcyton/Documents/src/klausscpu-runtime/zephyr-ws/zephyr/include/zephyr/logging/log.h:10:
In file included from /Users/gjonesblackcyton/Documents/src/klausscpu-runtime/zephyr-ws/zephyr/include/zephyr/logging/log_instance.h:10:
In file included from /Users/gjonesblackcyton/Documents/src/klausscpu-runtime/zephyr-ws/zephyr/include/zephyr/sys/iterable_sections.h:10:
In file included from /Users/gjonesblackcyton/Documents/src/klausscpu-runtime/zephyr-ws/zephyr/include/zephyr/sys/__assert.h:11:
In file included from /Users/gjonesblackcyton/Documents/src/klausscpu-runtime/zephyr-ws/zephyr/include/zephyr/toolchain.h:48:
/Users/gjonesblackcyton/Documents/src/klausscpu-runtime/zephyr-ws/zephyr/include/zephyr/toolchain/llvm.h:119:9: warning: '__INT8_C' macro redefined [-Wmacro-redefined]
  119 | #define __INT8_C(x)     int_c(x, __int_least8_c_suffix__)
      |         ^
<built-in>:179:9: note: previous definition is here
  179 | #define __INT8_C(c) c
      |         ^
In file included from /Users/gjonesblackcyton/Documents/src/klausscpu-runtime/zephyr-ws/zephyr/subsys/net/lib/sockets/sockets.c:10:
In file included from /Users/gjonesblackcyton/Documents/src/klausscpu-runtime/zephyr-ws/zephyr/include/zephyr/logging/log.h:10:
In file included from /Users/gjonesblackcyton/Documents/src/klausscpu-runtime/zephyr-ws/zephyr/include/zephyr/logging/log_instance.h:10:
In file included from /Users/gjonesblackcyton/Documents/src/klausscpu-runtime/zephyr-ws/zephyr/include/zephyr/sys/iterable_sections.h:10:
In file included from /Users/gjonesblackcyton/Documents/src/klausscpu-runtime/zephyr-ws/zephyr/include/zephyr/sys/__assert.h:11:
In file included from /Users/gjonesblackcyton/Documents/src/klausscpu-runtime/zephyr-ws/zephyr/include/zephyr/toolchain.h:48:
/Users/gjonesblackcyton/Documents/src/klausscpu-runtime/zephyr-ws/zephyr/include/zephyr/toolchain/llvm.h:120:9: warning: '__UINT8_C' macro redefined [-Wmacro-redefined]
  120 | #define __UINT8_C(x)    uint_c(x, __int_least8_c_suffix__)
      |         ^
<built-in>:201:9: note: previous definition is here
  201 | #define __UINT8_C(c) c
      |         ^
In file included from /Users/gjonesblackcyton/Documents/src/klausscpu-runtime/zephyr-ws/zephyr/subsys/net/lib/sockets/sockets.c:10:
In file included from /Users/gjonesblackcyton/Documents/src/klausscpu-runtime/zephyr-ws/zephyr/include/zephyr/logging/log.h:10:
In file included from /Users/gjonesblackcyton/Documents/src/klausscpu-runtime/zephyr-ws/zephyr/include/zephyr/logging/log_instance.h:10:
In file included from /Users/gjonesblackcyton/Documents/src/klausscpu-runtime/zephyr-ws/zephyr/include/zephyr/sys/iterable_sections.h:10:
In file included from /Users/gjonesblackcyton/Documents/src/klausscpu-runtime/zephyr-ws/zephyr/include/zephyr/sys/__assert.h:11:
In file included from /Users/gjonesblackcyton/Documents/src/klausscpu-runtime/zephyr-ws/zephyr/include/zephyr/toolchain.h:48:
/Users/gjonesblackcyton/Documents/src/klausscpu-runtime/zephyr-ws/zephyr/include/zephyr/toolchain/llvm.h:127:9: warning: '__INTMAX_C' macro redefined [-Wmacro-redefined]
  127 | #define __INTMAX_C(x)   int_c(x, __INTMAX_C_SUFFIX__)
      |         ^
<built-in>:98:9: note: previous definition is here
   98 | #define __INTMAX_C(c) c##L
      |         ^
In file included from /Users/gjonesblackcyton/Documents/src/klausscpu-runtime/zephyr-ws/zephyr/subsys/net/lib/sockets/sockets.c:10:
In file included from /Users/gjonesblackcyton/Documents/src/klausscpu-runtime/zephyr-ws/zephyr/include/zephyr/logging/log.h:10:
In file included from /Users/gjonesblackcyton/Documents/src/klausscpu-runtime/zephyr-ws/zephyr/include/zephyr/logging/log_instance.h:10:
In file included from /Users/gjonesblackcyton/Documents/src/klausscpu-runtime/zephyr-ws/zephyr/include/zephyr/sys/iterable_sections.h:10:
In file included from /Users/gjonesblackcyton/Documents/src/klausscpu-runtime/zephyr-ws/zephyr/include/zephyr/sys/__assert.h:11:
In file included from /Users/gjonesblackcyton/Documents/src/klausscpu-runtime/zephyr-ws/zephyr/include/zephyr/toolchain.h:48:
/Users/gjonesblackcyton/Documents/src/klausscpu-runtime/zephyr-ws/zephyr/include/zephyr/toolchain/llvm.h:128:9: warning: '__UINTMAX_C' macro redefined [-Wmacro-redefined]
  128 | #define __UINTMAX_C(x)  int_c(x, __UINTMAX_C_SUFFIX__)
      |         ^
<built-in>:105:9: note: previous definition is here
  105 | #define __UINTMAX_C(c) c##UL
      |         ^
6 warnings generated.
[78/144] Building C object zephyr/subsys/net/ip/CMakeFiles/subsys__net__ip.dir/icmp.c.obj
In file included from /Users/gjonesblackcyton/Documents/src/klausscpu-runtime/zephyr-ws/zephyr/subsys/net/ip/icmp.c:28:
In file included from /Users/gjonesblackcyton/Documents/src/klausscpu-runtime/zephyr-ws/zephyr/include/zephyr/logging/log.h:10:
In file included from /Users/gjonesblackcyton/Documents/src/klausscpu-runtime/zephyr-ws/zephyr/include/zephyr/logging/log_instance.h:10:
In file included from /Users/gjonesblackcyton/Documents/src/klausscpu-runtime/zephyr-ws/zephyr/include/zephyr/sys/iterable_sections.h:10:
In file included from /Users/gjonesblackcyton/Documents/src/klausscpu-runtime/zephyr-ws/zephyr/include/zephyr/sys/__assert.h:11:
In file included from /Users/gjonesblackcyton/Documents/src/klausscpu-runtime/zephyr-ws/zephyr/include/zephyr/toolchain.h:48:
/Users/gjonesblackcyton/Documents/src/klausscpu-runtime/zephyr-ws/zephyr/include/zephyr/toolchain/llvm.h:102:9: warning: '__INT16_C' macro redefined [-Wmacro-redefined]
  102 | #define __INT16_C(x)    int_c(x, __int_least16_c_suffix__)
      |         ^
<built-in>:184:9: note: previous definition is here
  184 | #define __INT16_C(c) c
      |         ^
In file included from /Users/gjonesblackcyton/Documents/src/klausscpu-runtime/zephyr-ws/zephyr/subsys/net/ip/icmp.c:28:
In file included from /Users/gjonesblackcyton/Documents/src/klausscpu-runtime/zephyr-ws/zephyr/include/zephyr/logging/log.h:10:
In file included from /Users/gjonesblackcyton/Documents/src/klausscpu-runtime/zephyr-ws/zephyr/include/zephyr/logging/log_instance.h:10:
In file included from /Users/gjonesblackcyton/Documents/src/klausscpu-runtime/zephyr-ws/zephyr/include/zephyr/sys/iterable_sections.h:10:
In file included from /Users/gjonesblackcyton/Documents/src/klausscpu-runtime/zephyr-ws/zephyr/include/zephyr/sys/__assert.h:11:
In file included from /Users/gjonesblackcyton/Documents/src/klausscpu-runtime/zephyr-ws/zephyr/include/zephyr/toolchain.h:48:
/Users/gjonesblackcyton/Documents/src/klausscpu-runtime/zephyr-ws/zephyr/include/zephyr/toolchain/llvm.h:103:9: warning: '__UINT16_C' macro redefined [-Wmacro-redefined]
  103 | #define __UINT16_C(x)   uint_c(x, __int_least16_c_suffix__)
      |         ^
<built-in>:210:9: note: previous definition is here
  210 | #define __UINT16_C(c) c
      |         ^
In file included from /Users/gjonesblackcyton/Documents/src/klausscpu-runtime/zephyr-ws/zephyr/subsys/net/ip/icmp.c:28:
In file included from /Users/gjonesblackcyton/Documents/src/klausscpu-runtime/zephyr-ws/zephyr/include/zephyr/logging/log.h:10:
In file included from /Users/gjonesblackcyton/Documents/src/klausscpu-runtime/zephyr-ws/zephyr/include/zephyr/logging/log_instance.h:10:
In file included from /Users/gjonesblackcyton/Documents/src/klausscpu-runtime/zephyr-ws/zephyr/include/zephyr/sys/iterable_sections.h:10:
In file included from /Users/gjonesblackcyton/Documents/src/klausscpu-runtime/zephyr-ws/zephyr/include/zephyr/sys/__assert.h:11:
In file included from /Users/gjonesblackcyton/Documents/src/klausscpu-runtime/zephyr-ws/zephyr/include/zephyr/toolchain.h:48:
/Users/gjonesblackcyton/Documents/src/klausscpu-runtime/zephyr-ws/zephyr/include/zephyr/toolchain/llvm.h:119:9: warning: '__INT8_C' macro redefined [-Wmacro-redefined]
  119 | #define __INT8_C(x)     int_c(x, __int_least8_c_suffix__)
      |         ^
<built-in>:179:9: note: previous definition is here
  179 | #define __INT8_C(c) c
      |         ^
In file included from /Users/gjonesblackcyton/Documents/src/klausscpu-runtime/zephyr-ws/zephyr/subsys/net/ip/icmp.c:28:
In file included from /Users/gjonesblackcyton/Documents/src/klausscpu-runtime/zephyr-ws/zephyr/include/zephyr/logging/log.h:10:
In file included from /Users/gjonesblackcyton/Documents/src/klausscpu-runtime/zephyr-ws/zephyr/include/zephyr/logging/log_instance.h:10:
In file included from /Users/gjonesblackcyton/Documents/src/klausscpu-runtime/zephyr-ws/zephyr/include/zephyr/sys/iterable_sections.h:10:
In file included from /Users/gjonesblackcyton/Documents/src/klausscpu-runtime/zephyr-ws/zephyr/include/zephyr/sys/__assert.h:11:
In file included from /Users/gjonesblackcyton/Documents/src/klausscpu-runtime/zephyr-ws/zephyr/include/zephyr/toolchain.h:48:
/Users/gjonesblackcyton/Documents/src/klausscpu-runtime/zephyr-ws/zephyr/include/zephyr/toolchain/llvm.h:120:9: warning: '__UINT8_C' macro redefined [-Wmacro-redefined]
  120 | #define __UINT8_C(x)    uint_c(x, __int_least8_c_suffix__)
      |         ^
<built-in>:201:9: note: previous definition is here
  201 | #define __UINT8_C(c) c
      |         ^
In file included from /Users/gjonesblackcyton/Documents/src/klausscpu-runtime/zephyr-ws/zephyr/subsys/net/ip/icmp.c:28:
In file included from /Users/gjonesblackcyton/Documents/src/klausscpu-runtime/zephyr-ws/zephyr/include/zephyr/logging/log.h:10:
In file included from /Users/gjonesblackcyton/Documents/src/klausscpu-runtime/zephyr-ws/zephyr/include/zephyr/logging/log_instance.h:10:
In file included from /Users/gjonesblackcyton/Documents/src/klausscpu-runtime/zephyr-ws/zephyr/include/zephyr/sys/iterable_sections.h:10:
In file included from /Users/gjonesblackcyton/Documents/src/klausscpu-runtime/zephyr-ws/zephyr/include/zephyr/sys/__assert.h:11:
In file included from /Users/gjonesblackcyton/Documents/src/klausscpu-runtime/zephyr-ws/zephyr/include/zephyr/toolchain.h:48:
/Users/gjonesblackcyton/Documents/src/klausscpu-runtime/zephyr-ws/zephyr/include/zephyr/toolchain/llvm.h:127:9: warning: '__INTMAX_C' macro redefined [-Wmacro-redefined]
  127 | #define __INTMAX_C(x)   int_c(x, __INTMAX_C_SUFFIX__)
      |         ^
<built-in>:98:9: note: previous definition is here
   98 | #define __INTMAX_C(c) c##L
      |         ^
In file included from /Users/gjonesblackcyton/Documents/src/klausscpu-runtime/zephyr-ws/zephyr/subsys/net/ip/icmp.c:28:
In file included from /Users/gjonesblackcyton/Documents/src/klausscpu-runtime/zephyr-ws/zephyr/include/zephyr/logging/log.h:10:
In file included from /Users/gjonesblackcyton/Documents/src/klausscpu-runtime/zephyr-ws/zephyr/include/zephyr/logging/log_instance.h:10:
In file included from /Users/gjonesblackcyton/Documents/src/klausscpu-runtime/zephyr-ws/zephyr/include/zephyr/sys/iterable_sections.h:10:
In file included from /Users/gjonesblackcyton/Documents/src/klausscpu-runtime/zephyr-ws/zephyr/include/zephyr/sys/__assert.h:11:
In file included from /Users/gjonesblackcyton/Documents/src/klausscpu-runtime/zephyr-ws/zephyr/include/zephyr/toolchain.h:48:
/Users/gjonesblackcyton/Documents/src/klausscpu-runtime/zephyr-ws/zephyr/include/zephyr/toolchain/llvm.h:128:9: warning: '__UINTMAX_C' macro redefined [-Wmacro-redefined]
  128 | #define __UINTMAX_C(x)  int_c(x, __UINTMAX_C_SUFFIX__)
      |         ^
<built-in>:105:9: note: previous definition is here
  105 | #define __UINTMAX_C(c) c##UL
      |         ^
6 warnings generated.
[79/144] Building C object zephyr/subsys/net/ip/CMakeFiles/subsys__net__ip.dir/icmpv4.c.obj
In file included from /Users/gjonesblackcyton/Documents/src/klausscpu-runtime/zephyr-ws/zephyr/subsys/net/ip/icmpv4.c:11:
In file included from /Users/gjonesblackcyton/Documents/src/klausscpu-runtime/zephyr-ws/zephyr/include/zephyr/logging/log.h:10:
In file included from /Users/gjonesblackcyton/Documents/src/klausscpu-runtime/zephyr-ws/zephyr/include/zephyr/logging/log_instance.h:10:
In file included from /Users/gjonesblackcyton/Documents/src/klausscpu-runtime/zephyr-ws/zephyr/include/zephyr/sys/iterable_sections.h:10:
In file included from /Users/gjonesblackcyton/Documents/src/klausscpu-runtime/zephyr-ws/zephyr/include/zephyr/sys/__assert.h:11:
In file included from /Users/gjonesblackcyton/Documents/src/klausscpu-runtime/zephyr-ws/zephyr/include/zephyr/toolchain.h:48:
/Users/gjonesblackcyton/Documents/src/klausscpu-runtime/zephyr-ws/zephyr/include/zephyr/toolchain/llvm.h:102:9: warning: '__INT16_C' macro redefined [-Wmacro-redefined]
  102 | #define __INT16_C(x)    int_c(x, __int_least16_c_suffix__)
      |         ^
<built-in>:184:9: note: previous definition is here
  184 | #define __INT16_C(c) c
      |         ^
In file included from /Users/gjonesblackcyton/Documents/src/klausscpu-runtime/zephyr-ws/zephyr/subsys/net/ip/icmpv4.c:11:
In file included from /Users/gjonesblackcyton/Documents/src/klausscpu-runtime/zephyr-ws/zephyr/include/zephyr/logging/log.h:10:
In file included from /Users/gjonesblackcyton/Documents/src/klausscpu-runtime/zephyr-ws/zephyr/include/zephyr/logging/log_instance.h:10:
In file included from /Users/gjonesblackcyton/Documents/src/klausscpu-runtime/zephyr-ws/zephyr/include/zephyr/sys/iterable_sections.h:10:
In file included from /Users/gjonesblackcyton/Documents/src/klausscpu-runtime/zephyr-ws/zephyr/include/zephyr/sys/__assert.h:11:
In file included from /Users/gjonesblackcyton/Documents/src/klausscpu-runtime/zephyr-ws/zephyr/include/zephyr/toolchain.h:48:
/Users/gjonesblackcyton/Documents/src/klausscpu-runtime/zephyr-ws/zephyr/include/zephyr/toolchain/llvm.h:103:9: warning: '__UINT16_C' macro redefined [-Wmacro-redefined]
  103 | #define __UINT16_C(x)   uint_c(x, __int_least16_c_suffix__)
      |         ^
<built-in>:210:9: note: previous definition is here
  210 | #define __UINT16_C(c) c
      |         ^
In file included from /Users/gjonesblackcyton/Documents/src/klausscpu-runtime/zephyr-ws/zephyr/subsys/net/ip/icmpv4.c:11:
In file included from /Users/gjonesblackcyton/Documents/src/klausscpu-runtime/zephyr-ws/zephyr/include/zephyr/logging/log.h:10:
In file included from /Users/gjonesblackcyton/Documents/src/klausscpu-runtime/zephyr-ws/zephyr/include/zephyr/logging/log_instance.h:10:
In file included from /Users/gjonesblackcyton/Documents/src/klausscpu-runtime/zephyr-ws/zephyr/include/zephyr/sys/iterable_sections.h:10:
In file included from /Users/gjonesblackcyton/Documents/src/klausscpu-runtime/zephyr-ws/zephyr/include/zephyr/sys/__assert.h:11:
In file included from /Users/gjonesblackcyton/Documents/src/klausscpu-runtime/zephyr-ws/zephyr/include/zephyr/toolchain.h:48:
/Users/gjonesblackcyton/Documents/src/klausscpu-runtime/zephyr-ws/zephyr/include/zephyr/toolchain/llvm.h:119:9: warning: '__INT8_C' macro redefined [-Wmacro-redefined]
  119 | #define __INT8_C(x)     int_c(x, __int_least8_c_suffix__)
      |         ^
<built-in>:179:9: note: previous definition is here
  179 | #define __INT8_C(c) c
      |         ^
In file included from /Users/gjonesblackcyton/Documents/src/klausscpu-runtime/zephyr-ws/zephyr/subsys/net/ip/icmpv4.c:11:
In file included from /Users/gjonesblackcyton/Documents/src/klausscpu-runtime/zephyr-ws/zephyr/include/zephyr/logging/log.h:10:
In file included from /Users/gjonesblackcyton/Documents/src/klausscpu-runtime/zephyr-ws/zephyr/include/zephyr/logging/log_instance.h:10:
In file included from /Users/gjonesblackcyton/Documents/src/klausscpu-runtime/zephyr-ws/zephyr/include/zephyr/sys/iterable_sections.h:10:
In file included from /Users/gjonesblackcyton/Documents/src/klausscpu-runtime/zephyr-ws/zephyr/include/zephyr/sys/__assert.h:11:
In file included from /Users/gjonesblackcyton/Documents/src/klausscpu-runtime/zephyr-ws/zephyr/include/zephyr/toolchain.h:48:
/Users/gjonesblackcyton/Documents/src/klausscpu-runtime/zephyr-ws/zephyr/include/zephyr/toolchain/llvm.h:120:9: warning: '__UINT8_C' macro redefined [-Wmacro-redefined]
  120 | #define __UINT8_C(x)    uint_c(x, __int_least8_c_suffix__)
      |         ^
<built-in>:201:9: note: previous definition is here
  201 | #define __UINT8_C(c) c
      |         ^
In file included from /Users/gjonesblackcyton/Documents/src/klausscpu-runtime/zephyr-ws/zephyr/subsys/net/ip/icmpv4.c:11:
In file included from /Users/gjonesblackcyton/Documents/src/klausscpu-runtime/zephyr-ws/zephyr/include/zephyr/logging/log.h:10:
In file included from /Users/gjonesblackcyton/Documents/src/klausscpu-runtime/zephyr-ws/zephyr/include/zephyr/logging/log_instance.h:10:
In file included from /Users/gjonesblackcyton/Documents/src/klausscpu-runtime/zephyr-ws/zephyr/include/zephyr/sys/iterable_sections.h:10:
In file included from /Users/gjonesblackcyton/Documents/src/klausscpu-runtime/zephyr-ws/zephyr/include/zephyr/sys/__assert.h:11:
In file included from /Users/gjonesblackcyton/Documents/src/klausscpu-runtime/zephyr-ws/zephyr/include/zephyr/toolchain.h:48:
/Users/gjonesblackcyton/Documents/src/klausscpu-runtime/zephyr-ws/zephyr/include/zephyr/toolchain/llvm.h:127:9: warning: '__INTMAX_C' macro redefined [-Wmacro-redefined]
  127 | #define __INTMAX_C(x)   int_c(x, __INTMAX_C_SUFFIX__)
      |         ^
<built-in>:98:9: note: previous definition is here
   98 | #define __INTMAX_C(c) c##L
      |         ^
In file included from /Users/gjonesblackcyton/Documents/src/klausscpu-runtime/zephyr-ws/zephyr/subsys/net/ip/icmpv4.c:11:
In file included from /Users/gjonesblackcyton/Documents/src/klausscpu-runtime/zephyr-ws/zephyr/include/zephyr/logging/log.h:10:
In file included from /Users/gjonesblackcyton/Documents/src/klausscpu-runtime/zephyr-ws/zephyr/include/zephyr/logging/log_instance.h:10:
In file included from /Users/gjonesblackcyton/Documents/src/klausscpu-runtime/zephyr-ws/zephyr/include/zephyr/sys/iterable_sections.h:10:
In file included from /Users/gjonesblackcyton/Documents/src/klausscpu-runtime/zephyr-ws/zephyr/include/zephyr/sys/__assert.h:11:
In file included from /Users/gjonesblackcyton/Documents/src/klausscpu-runtime/zephyr-ws/zephyr/include/zephyr/toolchain.h:48:
/Users/gjonesblackcyton/Documents/src/klausscpu-runtime/zephyr-ws/zephyr/include/zephyr/toolchain/llvm.h:128:9: warning: '__UINTMAX_C' macro redefined [-Wmacro-redefined]
  128 | #define __UINTMAX_C(x)  int_c(x, __UINTMAX_C_SUFFIX__)
      |         ^
<built-in>:105:9: note: previous definition is here
  105 | #define __UINTMAX_C(c) c##UL
      |         ^
6 warnings generated.
[80/144] Building C object zephyr/subsys/net/ip/CMakeFiles/subsys__net__ip.dir/net_pkt.c.obj
In file included from /Users/gjonesblackcyton/Documents/src/klausscpu-runtime/zephyr-ws/zephyr/subsys/net/ip/net_pkt.c:13:
In file included from /Users/gjonesblackcyton/Documents/src/klausscpu-runtime/zephyr-ws/zephyr/include/zephyr/logging/log.h:10:
In file included from /Users/gjonesblackcyton/Documents/src/klausscpu-runtime/zephyr-ws/zephyr/include/zephyr/logging/log_instance.h:10:
In file included from /Users/gjonesblackcyton/Documents/src/klausscpu-runtime/zephyr-ws/zephyr/include/zephyr/sys/iterable_sections.h:10:
In file included from /Users/gjonesblackcyton/Documents/src/klausscpu-runtime/zephyr-ws/zephyr/include/zephyr/sys/__assert.h:11:
In file included from /Users/gjonesblackcyton/Documents/src/klausscpu-runtime/zephyr-ws/zephyr/include/zephyr/toolchain.h:48:
/Users/gjonesblackcyton/Documents/src/klausscpu-runtime/zephyr-ws/zephyr/include/zephyr/toolchain/llvm.h:102:9: warning: '__INT16_C' macro redefined [-Wmacro-redefined]
  102 | #define __INT16_C(x)    int_c(x, __int_least16_c_suffix__)
      |         ^
<built-in>:184:9: note: previous definition is here
  184 | #define __INT16_C(c) c
      |         ^
In file included from /Users/gjonesblackcyton/Documents/src/klausscpu-runtime/zephyr-ws/zephyr/subsys/net/ip/net_pkt.c:13:
In file included from /Users/gjonesblackcyton/Documents/src/klausscpu-runtime/zephyr-ws/zephyr/include/zephyr/logging/log.h:10:
In file included from /Users/gjonesblackcyton/Documents/src/klausscpu-runtime/zephyr-ws/zephyr/include/zephyr/logging/log_instance.h:10:
In file included from /Users/gjonesblackcyton/Documents/src/klausscpu-runtime/zephyr-ws/zephyr/include/zephyr/sys/iterable_sections.h:10:
In file included from /Users/gjonesblackcyton/Documents/src/klausscpu-runtime/zephyr-ws/zephyr/include/zephyr/sys/__assert.h:11:
In file included from /Users/gjonesblackcyton/Documents/src/klausscpu-runtime/zephyr-ws/zephyr/include/zephyr/toolchain.h:48:
/Users/gjonesblackcyton/Documents/src/klausscpu-runtime/zephyr-ws/zephyr/include/zephyr/toolchain/llvm.h:103:9: warning: '__UINT16_C' macro redefined [-Wmacro-redefined]
  103 | #define __UINT16_C(x)   uint_c(x, __int_least16_c_suffix__)
      |         ^
<built-in>:210:9: note: previous definition is here
  210 | #define __UINT16_C(c) c
      |         ^
In file included from /Users/gjonesblackcyton/Documents/src/klausscpu-runtime/zephyr-ws/zephyr/subsys/net/ip/net_pkt.c:13:
In file included from /Users/gjonesblackcyton/Documents/src/klausscpu-runtime/zephyr-ws/zephyr/include/zephyr/logging/log.h:10:
In file included from /Users/gjonesblackcyton/Documents/src/klausscpu-runtime/zephyr-ws/zephyr/include/zephyr/logging/log_instance.h:10:
In file included from /Users/gjonesblackcyton/Documents/src/klausscpu-runtime/zephyr-ws/zephyr/include/zephyr/sys/iterable_sections.h:10:
In file included from /Users/gjonesblackcyton/Documents/src/klausscpu-runtime/zephyr-ws/zephyr/include/zephyr/sys/__assert.h:11:
In file included from /Users/gjonesblackcyton/Documents/src/klausscpu-runtime/zephyr-ws/zephyr/include/zephyr/toolchain.h:48:
/Users/gjonesblackcyton/Documents/src/klausscpu-runtime/zephyr-ws/zephyr/include/zephyr/toolchain/llvm.h:119:9: warning: '__INT8_C' macro redefined [-Wmacro-redefined]
  119 | #define __INT8_C(x)     int_c(x, __int_least8_c_suffix__)
      |         ^
<built-in>:179:9: note: previous definition is here
  179 | #define __INT8_C(c) c
      |         ^
In file included from /Users/gjonesblackcyton/Documents/src/klausscpu-runtime/zephyr-ws/zephyr/subsys/net/ip/net_pkt.c:13:
In file included from /Users/gjonesblackcyton/Documents/src/klausscpu-runtime/zephyr-ws/zephyr/include/zephyr/logging/log.h:10:
In file included from /Users/gjonesblackcyton/Documents/src/klausscpu-runtime/zephyr-ws/zephyr/include/zephyr/logging/log_instance.h:10:
In file included from /Users/gjonesblackcyton/Documents/src/klausscpu-runtime/zephyr-ws/zephyr/include/zephyr/sys/iterable_sections.h:10:
In file included from /Users/gjonesblackcyton/Documents/src/klausscpu-runtime/zephyr-ws/zephyr/include/zephyr/sys/__assert.h:11:
In file included from /Users/gjonesblackcyton/Documents/src/klausscpu-runtime/zephyr-ws/zephyr/include/zephyr/toolchain.h:48:
/Users/gjonesblackcyton/Documents/src/klausscpu-runtime/zephyr-ws/zephyr/include/zephyr/toolchain/llvm.h:120:9: warning: '__UINT8_C' macro redefined [-Wmacro-redefined]
  120 | #define __UINT8_C(x)    uint_c(x, __int_least8_c_suffix__)
      |         ^
<built-in>:201:9: note: previous definition is here
  201 | #define __UINT8_C(c) c
      |         ^
In file included from /Users/gjonesblackcyton/Documents/src/klausscpu-runtime/zephyr-ws/zephyr/subsys/net/ip/net_pkt.c:13:
In file included from /Users/gjonesblackcyton/Documents/src/klausscpu-runtime/zephyr-ws/zephyr/include/zephyr/logging/log.h:10:
In file included from /Users/gjonesblackcyton/Documents/src/klausscpu-runtime/zephyr-ws/zephyr/include/zephyr/logging/log_instance.h:10:
In file included from /Users/gjonesblackcyton/Documents/src/klausscpu-runtime/zephyr-ws/zephyr/include/zephyr/sys/iterable_sections.h:10:
In file included from /Users/gjonesblackcyton/Documents/src/klausscpu-runtime/zephyr-ws/zephyr/include/zephyr/sys/__assert.h:11:
In file included from /Users/gjonesblackcyton/Documents/src/klausscpu-runtime/zephyr-ws/zephyr/include/zephyr/toolchain.h:48:
/Users/gjonesblackcyton/Documents/src/klausscpu-runtime/zephyr-ws/zephyr/include/zephyr/toolchain/llvm.h:127:9: warning: '__INTMAX_C' macro redefined [-Wmacro-redefined]
  127 | #define __INTMAX_C(x)   int_c(x, __INTMAX_C_SUFFIX__)
      |         ^
<built-in>:98:9: note: previous definition is here
   98 | #define __INTMAX_C(c) c##L
      |         ^
In file included from /Users/gjonesblackcyton/Documents/src/klausscpu-runtime/zephyr-ws/zephyr/subsys/net/ip/net_pkt.c:13:
In file included from /Users/gjonesblackcyton/Documents/src/klausscpu-runtime/zephyr-ws/zephyr/include/zephyr/logging/log.h:10:
In file included from /Users/gjonesblackcyton/Documents/src/klausscpu-runtime/zephyr-ws/zephyr/include/zephyr/logging/log_instance.h:10:
In file included from /Users/gjonesblackcyton/Documents/src/klausscpu-runtime/zephyr-ws/zephyr/include/zephyr/sys/iterable_sections.h:10:
In file included from /Users/gjonesblackcyton/Documents/src/klausscpu-runtime/zephyr-ws/zephyr/include/zephyr/sys/__assert.h:11:
In file included from /Users/gjonesblackcyton/Documents/src/klausscpu-runtime/zephyr-ws/zephyr/include/zephyr/toolchain.h:48:
/Users/gjonesblackcyton/Documents/src/klausscpu-runtime/zephyr-ws/zephyr/include/zephyr/toolchain/llvm.h:128:9: warning: '__UINTMAX_C' macro redefined [-Wmacro-redefined]
  128 | #define __UINTMAX_C(x)  int_c(x, __UINTMAX_C_SUFFIX__)
      |         ^
<built-in>:105:9: note: previous definition is here
  105 | #define __UINTMAX_C(c) c##UL
      |         ^
6 warnings generated.
[81/144] Building C object zephyr/subsys/net/ip/CMakeFiles/subsys__net__ip.dir/net_context.c.obj
In file included from /Users/gjonesblackcyton/Documents/src/klausscpu-runtime/zephyr-ws/zephyr/subsys/net/ip/net_context.c:14:
In file included from /Users/gjonesblackcyton/Documents/src/klausscpu-runtime/zephyr-ws/zephyr/include/zephyr/logging/log.h:10:
In file included from /Users/gjonesblackcyton/Documents/src/klausscpu-runtime/zephyr-ws/zephyr/include/zephyr/logging/log_instance.h:10:
In file included from /Users/gjonesblackcyton/Documents/src/klausscpu-runtime/zephyr-ws/zephyr/include/zephyr/sys/iterable_sections.h:10:
In file included from /Users/gjonesblackcyton/Documents/src/klausscpu-runtime/zephyr-ws/zephyr/include/zephyr/sys/__assert.h:11:
In file included from /Users/gjonesblackcyton/Documents/src/klausscpu-runtime/zephyr-ws/zephyr/include/zephyr/toolchain.h:48:
/Users/gjonesblackcyton/Documents/src/klausscpu-runtime/zephyr-ws/zephyr/include/zephyr/toolchain/llvm.h:102:9: warning: '__INT16_C' macro redefined [-Wmacro-redefined]
  102 | #define __INT16_C(x)    int_c(x, __int_least16_c_suffix__)
      |         ^
<built-in>:184:9: note: previous definition is here
  184 | #define __INT16_C(c) c
      |         ^
In file included from /Users/gjonesblackcyton/Documents/src/klausscpu-runtime/zephyr-ws/zephyr/subsys/net/ip/net_context.c:14:
In file included from /Users/gjonesblackcyton/Documents/src/klausscpu-runtime/zephyr-ws/zephyr/include/zephyr/logging/log.h:10:
In file included from /Users/gjonesblackcyton/Documents/src/klausscpu-runtime/zephyr-ws/zephyr/include/zephyr/logging/log_instance.h:10:
In file included from /Users/gjonesblackcyton/Documents/src/klausscpu-runtime/zephyr-ws/zephyr/include/zephyr/sys/iterable_sections.h:10:
In file included from /Users/gjonesblackcyton/Documents/src/klausscpu-runtime/zephyr-ws/zephyr/include/zephyr/sys/__assert.h:11:
In file included from /Users/gjonesblackcyton/Documents/src/klausscpu-runtime/zephyr-ws/zephyr/include/zephyr/toolchain.h:48:
/Users/gjonesblackcyton/Documents/src/klausscpu-runtime/zephyr-ws/zephyr/include/zephyr/toolchain/llvm.h:103:9: warning: '__UINT16_C' macro redefined [-Wmacro-redefined]
  103 | #define __UINT16_C(x)   uint_c(x, __int_least16_c_suffix__)
      |         ^
<built-in>:210:9: note: previous definition is here
  210 | #define __UINT16_C(c) c
      |         ^
In file included from /Users/gjonesblackcyton/Documents/src/klausscpu-runtime/zephyr-ws/zephyr/subsys/net/ip/net_context.c:14:
In file included from /Users/gjonesblackcyton/Documents/src/klausscpu-runtime/zephyr-ws/zephyr/include/zephyr/logging/log.h:10:
In file included from /Users/gjonesblackcyton/Documents/src/klausscpu-runtime/zephyr-ws/zephyr/include/zephyr/logging/log_instance.h:10:
In file included from /Users/gjonesblackcyton/Documents/src/klausscpu-runtime/zephyr-ws/zephyr/include/zephyr/sys/iterable_sections.h:10:
In file included from /Users/gjonesblackcyton/Documents/src/klausscpu-runtime/zephyr-ws/zephyr/include/zephyr/sys/__assert.h:11:
In file included from /Users/gjonesblackcyton/Documents/src/klausscpu-runtime/zephyr-ws/zephyr/include/zephyr/toolchain.h:48:
/Users/gjonesblackcyton/Documents/src/klausscpu-runtime/zephyr-ws/zephyr/include/zephyr/toolchain/llvm.h:119:9: warning: '__INT8_C' macro redefined [-Wmacro-redefined]
  119 | #define __INT8_C(x)     int_c(x, __int_least8_c_suffix__)
      |         ^
<built-in>:179:9: note: previous definition is here
  179 | #define __INT8_C(c) c
      |         ^
In file included from /Users/gjonesblackcyton/Documents/src/klausscpu-runtime/zephyr-ws/zephyr/subsys/net/ip/net_context.c:14:
In file included from /Users/gjonesblackcyton/Documents/src/klausscpu-runtime/zephyr-ws/zephyr/include/zephyr/logging/log.h:10:
In file included from /Users/gjonesblackcyton/Documents/src/klausscpu-runtime/zephyr-ws/zephyr/include/zephyr/logging/log_instance.h:10:
In file included from /Users/gjonesblackcyton/Documents/src/klausscpu-runtime/zephyr-ws/zephyr/include/zephyr/sys/iterable_sections.h:10:
In file included from /Users/gjonesblackcyton/Documents/src/klausscpu-runtime/zephyr-ws/zephyr/include/zephyr/sys/__assert.h:11:
In file included from /Users/gjonesblackcyton/Documents/src/klausscpu-runtime/zephyr-ws/zephyr/include/zephyr/toolchain.h:48:
/Users/gjonesblackcyton/Documents/src/klausscpu-runtime/zephyr-ws/zephyr/include/zephyr/toolchain/llvm.h:120:9: warning: '__UINT8_C' macro redefined [-Wmacro-redefined]
  120 | #define __UINT8_C(x)    uint_c(x, __int_least8_c_suffix__)
      |         ^
<built-in>:201:9: note: previous definition is here
  201 | #define __UINT8_C(c) c
      |         ^
In file included from /Users/gjonesblackcyton/Documents/src/klausscpu-runtime/zephyr-ws/zephyr/subsys/net/ip/net_context.c:14:
In file included from /Users/gjonesblackcyton/Documents/src/klausscpu-runtime/zephyr-ws/zephyr/include/zephyr/logging/log.h:10:
In file included from /Users/gjonesblackcyton/Documents/src/klausscpu-runtime/zephyr-ws/zephyr/include/zephyr/logging/log_instance.h:10:
In file included from /Users/gjonesblackcyton/Documents/src/klausscpu-runtime/zephyr-ws/zephyr/include/zephyr/sys/iterable_sections.h:10:
In file included from /Users/gjonesblackcyton/Documents/src/klausscpu-runtime/zephyr-ws/zephyr/include/zephyr/sys/__assert.h:11:
In file included from /Users/gjonesblackcyton/Documents/src/klausscpu-runtime/zephyr-ws/zephyr/include/zephyr/toolchain.h:48:
/Users/gjonesblackcyton/Documents/src/klausscpu-runtime/zephyr-ws/zephyr/include/zephyr/toolchain/llvm.h:127:9: warning: '__INTMAX_C' macro redefined [-Wmacro-redefined]
  127 | #define __INTMAX_C(x)   int_c(x, __INTMAX_C_SUFFIX__)
      |         ^
<built-in>:98:9: note: previous definition is here
   98 | #define __INTMAX_C(c) c##L
      |         ^
In file included from /Users/gjonesblackcyton/Documents/src/klausscpu-runtime/zephyr-ws/zephyr/subsys/net/ip/net_context.c:14:
In file included from /Users/gjonesblackcyton/Documents/src/klausscpu-runtime/zephyr-ws/zephyr/include/zephyr/logging/log.h:10:
In file included from /Users/gjonesblackcyton/Documents/src/klausscpu-runtime/zephyr-ws/zephyr/include/zephyr/logging/log_instance.h:10:
In file included from /Users/gjonesblackcyton/Documents/src/klausscpu-runtime/zephyr-ws/zephyr/include/zephyr/sys/iterable_sections.h:10:
In file included from /Users/gjonesblackcyton/Documents/src/klausscpu-runtime/zephyr-ws/zephyr/include/zephyr/sys/__assert.h:11:
In file included from /Users/gjonesblackcyton/Documents/src/klausscpu-runtime/zephyr-ws/zephyr/include/zephyr/toolchain.h:48:
/Users/gjonesblackcyton/Documents/src/klausscpu-runtime/zephyr-ws/zephyr/include/zephyr/toolchain/llvm.h:128:9: warning: '__UINTMAX_C' macro redefined [-Wmacro-redefined]
  128 | #define __UINTMAX_C(x)  int_c(x, __UINTMAX_C_SUFFIX__)
      |         ^
<built-in>:105:9: note: previous definition is here
  105 | #define __UINTMAX_C(c) c##UL
      |         ^
/Users/gjonesblackcyton/Documents/src/klausscpu-runtime/zephyr-ws/zephyr/subsys/net/ip/net_context.c:1295:12: warning: variable 'local_addr' is uninitialized when passed as a const pointer argument here [-Wuninitialized-const-pointer]
 1295 |                 net_sin(&local_addr)->sin_family = AF_INET;
      |                          ^~~~~~~~~~
7 warnings generated.
[82/144] Building C object zephyr/subsys/net/ip/CMakeFiles/subsys__net__ip.dir/connection.c.obj
In file included from /Users/gjonesblackcyton/Documents/src/klausscpu-runtime/zephyr-ws/zephyr/subsys/net/ip/connection.c:16:
In file included from /Users/gjonesblackcyton/Documents/src/klausscpu-runtime/zephyr-ws/zephyr/include/zephyr/logging/log.h:10:
In file included from /Users/gjonesblackcyton/Documents/src/klausscpu-runtime/zephyr-ws/zephyr/include/zephyr/logging/log_instance.h:10:
In file included from /Users/gjonesblackcyton/Documents/src/klausscpu-runtime/zephyr-ws/zephyr/include/zephyr/sys/iterable_sections.h:10:
In file included from /Users/gjonesblackcyton/Documents/src/klausscpu-runtime/zephyr-ws/zephyr/include/zephyr/sys/__assert.h:11:
In file included from /Users/gjonesblackcyton/Documents/src/klausscpu-runtime/zephyr-ws/zephyr/include/zephyr/toolchain.h:48:
/Users/gjonesblackcyton/Documents/src/klausscpu-runtime/zephyr-ws/zephyr/include/zephyr/toolchain/llvm.h:102:9: warning: '__INT16_C' macro redefined [-Wmacro-redefined]
  102 | #define __INT16_C(x)    int_c(x, __int_least16_c_suffix__)
      |         ^
<built-in>:184:9: note: previous definition is here
  184 | #define __INT16_C(c) c
      |         ^
In file included from /Users/gjonesblackcyton/Documents/src/klausscpu-runtime/zephyr-ws/zephyr/subsys/net/ip/connection.c:16:
In file included from /Users/gjonesblackcyton/Documents/src/klausscpu-runtime/zephyr-ws/zephyr/include/zephyr/logging/log.h:10:
In file included from /Users/gjonesblackcyton/Documents/src/klausscpu-runtime/zephyr-ws/zephyr/include/zephyr/logging/log_instance.h:10:
In file included from /Users/gjonesblackcyton/Documents/src/klausscpu-runtime/zephyr-ws/zephyr/include/zephyr/sys/iterable_sections.h:10:
In file included from /Users/gjonesblackcyton/Documents/src/klausscpu-runtime/zephyr-ws/zephyr/include/zephyr/sys/__assert.h:11:
In file included from /Users/gjonesblackcyton/Documents/src/klausscpu-runtime/zephyr-ws/zephyr/include/zephyr/toolchain.h:48:
/Users/gjonesblackcyton/Documents/src/klausscpu-runtime/zephyr-ws/zephyr/include/zephyr/toolchain/llvm.h:103:9: warning: '__UINT16_C' macro redefined [-Wmacro-redefined]
  103 | #define __UINT16_C(x)   uint_c(x, __int_least16_c_suffix__)
      |         ^
<built-in>:210:9: note: previous definition is here
  210 | #define __UINT16_C(c) c
      |         ^
In file included from /Users/gjonesblackcyton/Documents/src/klausscpu-runtime/zephyr-ws/zephyr/subsys/net/ip/connection.c:16:
In file included from /Users/gjonesblackcyton/Documents/src/klausscpu-runtime/zephyr-ws/zephyr/include/zephyr/logging/log.h:10:
In file included from /Users/gjonesblackcyton/Documents/src/klausscpu-runtime/zephyr-ws/zephyr/include/zephyr/logging/log_instance.h:10:
In file included from /Users/gjonesblackcyton/Documents/src/klausscpu-runtime/zephyr-ws/zephyr/include/zephyr/sys/iterable_sections.h:10:
In file included from /Users/gjonesblackcyton/Documents/src/klausscpu-runtime/zephyr-ws/zephyr/include/zephyr/sys/__assert.h:11:
In file included from /Users/gjonesblackcyton/Documents/src/klausscpu-runtime/zephyr-ws/zephyr/include/zephyr/toolchain.h:48:
/Users/gjonesblackcyton/Documents/src/klausscpu-runtime/zephyr-ws/zephyr/include/zephyr/toolchain/llvm.h:119:9: warning: '__INT8_C' macro redefined [-Wmacro-redefined]
  119 | #define __INT8_C(x)     int_c(x, __int_least8_c_suffix__)
      |         ^
<built-in>:179:9: note: previous definition is here
  179 | #define __INT8_C(c) c
      |         ^
In file included from /Users/gjonesblackcyton/Documents/src/klausscpu-runtime/zephyr-ws/zephyr/subsys/net/ip/connection.c:16:
In file included from /Users/gjonesblackcyton/Documents/src/klausscpu-runtime/zephyr-ws/zephyr/include/zephyr/logging/log.h:10:
In file included from /Users/gjonesblackcyton/Documents/src/klausscpu-runtime/zephyr-ws/zephyr/include/zephyr/logging/log_instance.h:10:
In file included from /Users/gjonesblackcyton/Documents/src/klausscpu-runtime/zephyr-ws/zephyr/include/zephyr/sys/iterable_sections.h:10:
In file included from /Users/gjonesblackcyton/Documents/src/klausscpu-runtime/zephyr-ws/zephyr/include/zephyr/sys/__assert.h:11:
In file included from /Users/gjonesblackcyton/Documents/src/klausscpu-runtime/zephyr-ws/zephyr/include/zephyr/toolchain.h:48:
/Users/gjonesblackcyton/Documents/src/klausscpu-runtime/zephyr-ws/zephyr/include/zephyr/toolchain/llvm.h:120:9: warning: '__UINT8_C' macro redefined [-Wmacro-redefined]
  120 | #define __UINT8_C(x)    uint_c(x, __int_least8_c_suffix__)
      |         ^
<built-in>:201:9: note: previous definition is here
  201 | #define __UINT8_C(c) c
      |         ^
In file included from /Users/gjonesblackcyton/Documents/src/klausscpu-runtime/zephyr-ws/zephyr/subsys/net/ip/connection.c:16:
In file included from /Users/gjonesblackcyton/Documents/src/klausscpu-runtime/zephyr-ws/zephyr/include/zephyr/logging/log.h:10:
In file included from /Users/gjonesblackcyton/Documents/src/klausscpu-runtime/zephyr-ws/zephyr/include/zephyr/logging/log_instance.h:10:
In file included from /Users/gjonesblackcyton/Documents/src/klausscpu-runtime/zephyr-ws/zephyr/include/zephyr/sys/iterable_sections.h:10:
In file included from /Users/gjonesblackcyton/Documents/src/klausscpu-runtime/zephyr-ws/zephyr/include/zephyr/sys/__assert.h:11:
In file included from /Users/gjonesblackcyton/Documents/src/klausscpu-runtime/zephyr-ws/zephyr/include/zephyr/toolchain.h:48:
/Users/gjonesblackcyton/Documents/src/klausscpu-runtime/zephyr-ws/zephyr/include/zephyr/toolchain/llvm.h:127:9: warning: '__INTMAX_C' macro redefined [-Wmacro-redefined]
  127 | #define __INTMAX_C(x)   int_c(x, __INTMAX_C_SUFFIX__)
      |         ^
<built-in>:98:9: note: previous definition is here
   98 | #define __INTMAX_C(c) c##L
      |         ^
In file included from /Users/gjonesblackcyton/Documents/src/klausscpu-runtime/zephyr-ws/zephyr/subsys/net/ip/connection.c:16:
In file included from /Users/gjonesblackcyton/Documents/src/klausscpu-runtime/zephyr-ws/zephyr/include/zephyr/logging/log.h:10:
In file included from /Users/gjonesblackcyton/Documents/src/klausscpu-runtime/zephyr-ws/zephyr/include/zephyr/logging/log_instance.h:10:
In file included from /Users/gjonesblackcyton/Documents/src/klausscpu-runtime/zephyr-ws/zephyr/include/zephyr/sys/iterable_sections.h:10:
In file included from /Users/gjonesblackcyton/Documents/src/klausscpu-runtime/zephyr-ws/zephyr/include/zephyr/sys/__assert.h:11:
In file included from /Users/gjonesblackcyton/Documents/src/klausscpu-runtime/zephyr-ws/zephyr/include/zephyr/toolchain.h:48:
/Users/gjonesblackcyton/Documents/src/klausscpu-runtime/zephyr-ws/zephyr/include/zephyr/toolchain/llvm.h:128:9: warning: '__UINTMAX_C' macro redefined [-Wmacro-redefined]
  128 | #define __UINTMAX_C(x)  int_c(x, __UINTMAX_C_SUFFIX__)
      |         ^
<built-in>:105:9: note: previous definition is here
  105 | #define __UINTMAX_C(c) c##UL
      |         ^
6 warnings generated.
[83/144] Building C object zephyr/subsys/net/ip/CMakeFiles/subsys__net__ip.dir/ipv4.c.obj
In file included from /Users/gjonesblackcyton/Documents/src/klausscpu-runtime/zephyr-ws/zephyr/subsys/net/ip/ipv4.c:11:
In file included from /Users/gjonesblackcyton/Documents/src/klausscpu-runtime/zephyr-ws/zephyr/include/zephyr/logging/log.h:10:
In file included from /Users/gjonesblackcyton/Documents/src/klausscpu-runtime/zephyr-ws/zephyr/include/zephyr/logging/log_instance.h:10:
In file included from /Users/gjonesblackcyton/Documents/src/klausscpu-runtime/zephyr-ws/zephyr/include/zephyr/sys/iterable_sections.h:10:
In file included from /Users/gjonesblackcyton/Documents/src/klausscpu-runtime/zephyr-ws/zephyr/include/zephyr/sys/__assert.h:11:
In file included from /Users/gjonesblackcyton/Documents/src/klausscpu-runtime/zephyr-ws/zephyr/include/zephyr/toolchain.h:48:
/Users/gjonesblackcyton/Documents/src/klausscpu-runtime/zephyr-ws/zephyr/include/zephyr/toolchain/llvm.h:102:9: warning: '__INT16_C' macro redefined [-Wmacro-redefined]
  102 | #define __INT16_C(x)    int_c(x, __int_least16_c_suffix__)
      |         ^
<built-in>:184:9: note: previous definition is here
  184 | #define __INT16_C(c) c
      |         ^
In file included from /Users/gjonesblackcyton/Documents/src/klausscpu-runtime/zephyr-ws/zephyr/subsys/net/ip/ipv4.c:11:
In file included from /Users/gjonesblackcyton/Documents/src/klausscpu-runtime/zephyr-ws/zephyr/include/zephyr/logging/log.h:10:
In file included from /Users/gjonesblackcyton/Documents/src/klausscpu-runtime/zephyr-ws/zephyr/include/zephyr/logging/log_instance.h:10:
In file included from /Users/gjonesblackcyton/Documents/src/klausscpu-runtime/zephyr-ws/zephyr/include/zephyr/sys/iterable_sections.h:10:
In file included from /Users/gjonesblackcyton/Documents/src/klausscpu-runtime/zephyr-ws/zephyr/include/zephyr/sys/__assert.h:11:
In file included from /Users/gjonesblackcyton/Documents/src/klausscpu-runtime/zephyr-ws/zephyr/include/zephyr/toolchain.h:48:
/Users/gjonesblackcyton/Documents/src/klausscpu-runtime/zephyr-ws/zephyr/include/zephyr/toolchain/llvm.h:103:9: warning: '__UINT16_C' macro redefined [-Wmacro-redefined]
  103 | #define __UINT16_C(x)   uint_c(x, __int_least16_c_suffix__)
      |         ^
<built-in>:210:9: note: previous definition is here
  210 | #define __UINT16_C(c) c
      |         ^
In file included from /Users/gjonesblackcyton/Documents/src/klausscpu-runtime/zephyr-ws/zephyr/subsys/net/ip/ipv4.c:11:
In file included from /Users/gjonesblackcyton/Documents/src/klausscpu-runtime/zephyr-ws/zephyr/include/zephyr/logging/log.h:10:
In file included from /Users/gjonesblackcyton/Documents/src/klausscpu-runtime/zephyr-ws/zephyr/include/zephyr/logging/log_instance.h:10:
In file included from /Users/gjonesblackcyton/Documents/src/klausscpu-runtime/zephyr-ws/zephyr/include/zephyr/sys/iterable_sections.h:10:
In file included from /Users/gjonesblackcyton/Documents/src/klausscpu-runtime/zephyr-ws/zephyr/include/zephyr/sys/__assert.h:11:
In file included from /Users/gjonesblackcyton/Documents/src/klausscpu-runtime/zephyr-ws/zephyr/include/zephyr/toolchain.h:48:
/Users/gjonesblackcyton/Documents/src/klausscpu-runtime/zephyr-ws/zephyr/include/zephyr/toolchain/llvm.h:119:9: warning: '__INT8_C' macro redefined [-Wmacro-redefined]
  119 | #define __INT8_C(x)     int_c(x, __int_least8_c_suffix__)
      |         ^
<built-in>:179:9: note: previous definition is here
  179 | #define __INT8_C(c) c
      |         ^
In file included from /Users/gjonesblackcyton/Documents/src/klausscpu-runtime/zephyr-ws/zephyr/subsys/net/ip/ipv4.c:11:
In file included from /Users/gjonesblackcyton/Documents/src/klausscpu-runtime/zephyr-ws/zephyr/include/zephyr/logging/log.h:10:
In file included from /Users/gjonesblackcyton/Documents/src/klausscpu-runtime/zephyr-ws/zephyr/include/zephyr/logging/log_instance.h:10:
In file included from /Users/gjonesblackcyton/Documents/src/klausscpu-runtime/zephyr-ws/zephyr/include/zephyr/sys/iterable_sections.h:10:
In file included from /Users/gjonesblackcyton/Documents/src/klausscpu-runtime/zephyr-ws/zephyr/include/zephyr/sys/__assert.h:11:
In file included from /Users/gjonesblackcyton/Documents/src/klausscpu-runtime/zephyr-ws/zephyr/include/zephyr/toolchain.h:48:
/Users/gjonesblackcyton/Documents/src/klausscpu-runtime/zephyr-ws/zephyr/include/zephyr/toolchain/llvm.h:120:9: warning: '__UINT8_C' macro redefined [-Wmacro-redefined]
  120 | #define __UINT8_C(x)    uint_c(x, __int_least8_c_suffix__)
      |         ^
<built-in>:201:9: note: previous definition is here
  201 | #define __UINT8_C(c) c
      |         ^
In file included from /Users/gjonesblackcyton/Documents/src/klausscpu-runtime/zephyr-ws/zephyr/subsys/net/ip/ipv4.c:11:
In file included from /Users/gjonesblackcyton/Documents/src/klausscpu-runtime/zephyr-ws/zephyr/include/zephyr/logging/log.h:10:
In file included from /Users/gjonesblackcyton/Documents/src/klausscpu-runtime/zephyr-ws/zephyr/include/zephyr/logging/log_instance.h:10:
In file included from /Users/gjonesblackcyton/Documents/src/klausscpu-runtime/zephyr-ws/zephyr/include/zephyr/sys/iterable_sections.h:10:
In file included from /Users/gjonesblackcyton/Documents/src/klausscpu-runtime/zephyr-ws/zephyr/include/zephyr/sys/__assert.h:11:
In file included from /Users/gjonesblackcyton/Documents/src/klausscpu-runtime/zephyr-ws/zephyr/include/zephyr/toolchain.h:48:
/Users/gjonesblackcyton/Documents/src/klausscpu-runtime/zephyr-ws/zephyr/include/zephyr/toolchain/llvm.h:127:9: warning: '__INTMAX_C' macro redefined [-Wmacro-redefined]
  127 | #define __INTMAX_C(x)   int_c(x, __INTMAX_C_SUFFIX__)
      |         ^
<built-in>:98:9: note: previous definition is here
   98 | #define __INTMAX_C(c) c##L
      |         ^
In file included from /Users/gjonesblackcyton/Documents/src/klausscpu-runtime/zephyr-ws/zephyr/subsys/net/ip/ipv4.c:11:
In file included from /Users/gjonesblackcyton/Documents/src/klausscpu-runtime/zephyr-ws/zephyr/include/zephyr/logging/log.h:10:
In file included from /Users/gjonesblackcyton/Documents/src/klausscpu-runtime/zephyr-ws/zephyr/include/zephyr/logging/log_instance.h:10:
In file included from /Users/gjonesblackcyton/Documents/src/klausscpu-runtime/zephyr-ws/zephyr/include/zephyr/sys/iterable_sections.h:10:
In file included from /Users/gjonesblackcyton/Documents/src/klausscpu-runtime/zephyr-ws/zephyr/include/zephyr/sys/__assert.h:11:
In file included from /Users/gjonesblackcyton/Documents/src/klausscpu-runtime/zephyr-ws/zephyr/include/zephyr/toolchain.h:48:
/Users/gjonesblackcyton/Documents/src/klausscpu-runtime/zephyr-ws/zephyr/include/zephyr/toolchain/llvm.h:128:9: warning: '__UINTMAX_C' macro redefined [-Wmacro-redefined]
  128 | #define __UINTMAX_C(x)  int_c(x, __UINTMAX_C_SUFFIX__)
      |         ^
<built-in>:105:9: note: previous definition is here
  105 | #define __UINTMAX_C(c) c##UL
      |         ^
6 warnings generated.
[84/144] Building C object zephyr/subsys/net/ip/CMakeFiles/subsys__net__ip.dir/udp.c.obj
In file included from /Users/gjonesblackcyton/Documents/src/klausscpu-runtime/zephyr-ws/zephyr/subsys/net/ip/udp.c:11:
In file included from /Users/gjonesblackcyton/Documents/src/klausscpu-runtime/zephyr-ws/zephyr/include/zephyr/logging/log.h:10:
In file included from /Users/gjonesblackcyton/Documents/src/klausscpu-runtime/zephyr-ws/zephyr/include/zephyr/logging/log_instance.h:10:
In file included from /Users/gjonesblackcyton/Documents/src/klausscpu-runtime/zephyr-ws/zephyr/include/zephyr/sys/iterable_sections.h:10:
In file included from /Users/gjonesblackcyton/Documents/src/klausscpu-runtime/zephyr-ws/zephyr/include/zephyr/sys/__assert.h:11:
In file included from /Users/gjonesblackcyton/Documents/src/klausscpu-runtime/zephyr-ws/zephyr/include/zephyr/toolchain.h:48:
/Users/gjonesblackcyton/Documents/src/klausscpu-runtime/zephyr-ws/zephyr/include/zephyr/toolchain/llvm.h:102:9: warning: '__INT16_C' macro redefined [-Wmacro-redefined]
  102 | #define __INT16_C(x)    int_c(x, __int_least16_c_suffix__)
      |         ^
<built-in>:184:9: note: previous definition is here
  184 | #define __INT16_C(c) c
      |         ^
In file included from /Users/gjonesblackcyton/Documents/src/klausscpu-runtime/zephyr-ws/zephyr/subsys/net/ip/udp.c:11:
In file included from /Users/gjonesblackcyton/Documents/src/klausscpu-runtime/zephyr-ws/zephyr/include/zephyr/logging/log.h:10:
In file included from /Users/gjonesblackcyton/Documents/src/klausscpu-runtime/zephyr-ws/zephyr/include/zephyr/logging/log_instance.h:10:
In file included from /Users/gjonesblackcyton/Documents/src/klausscpu-runtime/zephyr-ws/zephyr/include/zephyr/sys/iterable_sections.h:10:
In file included from /Users/gjonesblackcyton/Documents/src/klausscpu-runtime/zephyr-ws/zephyr/include/zephyr/sys/__assert.h:11:
In file included from /Users/gjonesblackcyton/Documents/src/klausscpu-runtime/zephyr-ws/zephyr/include/zephyr/toolchain.h:48:
/Users/gjonesblackcyton/Documents/src/klausscpu-runtime/zephyr-ws/zephyr/include/zephyr/toolchain/llvm.h:103:9: warning: '__UINT16_C' macro redefined [-Wmacro-redefined]
  103 | #define __UINT16_C(x)   uint_c(x, __int_least16_c_suffix__)
      |         ^
<built-in>:210:9: note: previous definition is here
  210 | #define __UINT16_C(c) c
      |         ^
In file included from /Users/gjonesblackcyton/Documents/src/klausscpu-runtime/zephyr-ws/zephyr/subsys/net/ip/udp.c:11:
In file included from /Users/gjonesblackcyton/Documents/src/klausscpu-runtime/zephyr-ws/zephyr/include/zephyr/logging/log.h:10:
In file included from /Users/gjonesblackcyton/Documents/src/klausscpu-runtime/zephyr-ws/zephyr/include/zephyr/logging/log_instance.h:10:
In file included from /Users/gjonesblackcyton/Documents/src/klausscpu-runtime/zephyr-ws/zephyr/include/zephyr/sys/iterable_sections.h:10:
In file included from /Users/gjonesblackcyton/Documents/src/klausscpu-runtime/zephyr-ws/zephyr/include/zephyr/sys/__assert.h:11:
In file included from /Users/gjonesblackcyton/Documents/src/klausscpu-runtime/zephyr-ws/zephyr/include/zephyr/toolchain.h:48:
/Users/gjonesblackcyton/Documents/src/klausscpu-runtime/zephyr-ws/zephyr/include/zephyr/toolchain/llvm.h:119:9: warning: '__INT8_C' macro redefined [-Wmacro-redefined]
  119 | #define __INT8_C(x)     int_c(x, __int_least8_c_suffix__)
      |         ^
<built-in>:179:9: note: previous definition is here
  179 | #define __INT8_C(c) c
      |         ^
In file included from /Users/gjonesblackcyton/Documents/src/klausscpu-runtime/zephyr-ws/zephyr/subsys/net/ip/udp.c:11:
In file included from /Users/gjonesblackcyton/Documents/src/klausscpu-runtime/zephyr-ws/zephyr/include/zephyr/logging/log.h:10:
In file included from /Users/gjonesblackcyton/Documents/src/klausscpu-runtime/zephyr-ws/zephyr/include/zephyr/logging/log_instance.h:10:
In file included from /Users/gjonesblackcyton/Documents/src/klausscpu-runtime/zephyr-ws/zephyr/include/zephyr/sys/iterable_sections.h:10:
In file included from /Users/gjonesblackcyton/Documents/src/klausscpu-runtime/zephyr-ws/zephyr/include/zephyr/sys/__assert.h:11:
In file included from /Users/gjonesblackcyton/Documents/src/klausscpu-runtime/zephyr-ws/zephyr/include/zephyr/toolchain.h:48:
/Users/gjonesblackcyton/Documents/src/klausscpu-runtime/zephyr-ws/zephyr/include/zephyr/toolchain/llvm.h:120:9: warning: '__UINT8_C' macro redefined [-Wmacro-redefined]
  120 | #define __UINT8_C(x)    uint_c(x, __int_least8_c_suffix__)
      |         ^
<built-in>:201:9: note: previous definition is here
  201 | #define __UINT8_C(c) c
      |         ^
In file included from /Users/gjonesblackcyton/Documents/src/klausscpu-runtime/zephyr-ws/zephyr/subsys/net/ip/udp.c:11:
In file included from /Users/gjonesblackcyton/Documents/src/klausscpu-runtime/zephyr-ws/zephyr/include/zephyr/logging/log.h:10:
In file included from /Users/gjonesblackcyton/Documents/src/klausscpu-runtime/zephyr-ws/zephyr/include/zephyr/logging/log_instance.h:10:
In file included from /Users/gjonesblackcyton/Documents/src/klausscpu-runtime/zephyr-ws/zephyr/include/zephyr/sys/iterable_sections.h:10:
In file included from /Users/gjonesblackcyton/Documents/src/klausscpu-runtime/zephyr-ws/zephyr/include/zephyr/sys/__assert.h:11:
In file included from /Users/gjonesblackcyton/Documents/src/klausscpu-runtime/zephyr-ws/zephyr/include/zephyr/toolchain.h:48:
/Users/gjonesblackcyton/Documents/src/klausscpu-runtime/zephyr-ws/zephyr/include/zephyr/toolchain/llvm.h:127:9: warning: '__INTMAX_C' macro redefined [-Wmacro-redefined]
  127 | #define __INTMAX_C(x)   int_c(x, __INTMAX_C_SUFFIX__)
      |         ^
<built-in>:98:9: note: previous definition is here
   98 | #define __INTMAX_C(c) c##L
      |         ^
In file included from /Users/gjonesblackcyton/Documents/src/klausscpu-runtime/zephyr-ws/zephyr/subsys/net/ip/udp.c:11:
In file included from /Users/gjonesblackcyton/Documents/src/klausscpu-runtime/zephyr-ws/zephyr/include/zephyr/logging/log.h:10:
In file included from /Users/gjonesblackcyton/Documents/src/klausscpu-runtime/zephyr-ws/zephyr/include/zephyr/logging/log_instance.h:10:
In file included from /Users/gjonesblackcyton/Documents/src/klausscpu-runtime/zephyr-ws/zephyr/include/zephyr/sys/iterable_sections.h:10:
In file included from /Users/gjonesblackcyton/Documents/src/klausscpu-runtime/zephyr-ws/zephyr/include/zephyr/sys/__assert.h:11:
In file included from /Users/gjonesblackcyton/Documents/src/klausscpu-runtime/zephyr-ws/zephyr/include/zephyr/toolchain.h:48:
/Users/gjonesblackcyton/Documents/src/klausscpu-runtime/zephyr-ws/zephyr/include/zephyr/toolchain/llvm.h:128:9: warning: '__UINTMAX_C' macro redefined [-Wmacro-redefined]
  128 | #define __UINTMAX_C(x)  int_c(x, __UINTMAX_C_SUFFIX__)
      |         ^
<built-in>:105:9: note: previous definition is here
  105 | #define __UINTMAX_C(c) c##UL
      |         ^
6 warnings generated.
[85/144] Building C object zephyr/drivers/console/CMakeFiles/drivers__console.dir/uart_console.c.obj
In file included from /Users/gjonesblackcyton/Documents/src/klausscpu-runtime/zephyr-ws/zephyr/drivers/console/uart_console.c:16:
In file included from /Users/gjonesblackcyton/Documents/src/klausscpu-runtime/zephyr-ws/zephyr/include/zephyr/kernel.h:17:
In file included from /Users/gjonesblackcyton/Documents/src/klausscpu-runtime/zephyr-ws/zephyr/include/zephyr/kernel_includes.h:23:
In file included from /Users/gjonesblackcyton/Documents/src/klausscpu-runtime/zephyr-ws/zephyr/include/zephyr/toolchain.h:48:
/Users/gjonesblackcyton/Documents/src/klausscpu-runtime/zephyr-ws/zephyr/include/zephyr/toolchain/llvm.h:102:9: warning: '__INT16_C' macro redefined [-Wmacro-redefined]
  102 | #define __INT16_C(x)    int_c(x, __int_least16_c_suffix__)
      |         ^
<built-in>:184:9: note: previous definition is here
  184 | #define __INT16_C(c) c
      |         ^
In file included from /Users/gjonesblackcyton/Documents/src/klausscpu-runtime/zephyr-ws/zephyr/drivers/console/uart_console.c:16:
In file included from /Users/gjonesblackcyton/Documents/src/klausscpu-runtime/zephyr-ws/zephyr/include/zephyr/kernel.h:17:
In file included from /Users/gjonesblackcyton/Documents/src/klausscpu-runtime/zephyr-ws/zephyr/include/zephyr/kernel_includes.h:23:
In file included from /Users/gjonesblackcyton/Documents/src/klausscpu-runtime/zephyr-ws/zephyr/include/zephyr/toolchain.h:48:
/Users/gjonesblackcyton/Documents/src/klausscpu-runtime/zephyr-ws/zephyr/include/zephyr/toolchain/llvm.h:103:9: warning: '__UINT16_C' macro redefined [-Wmacro-redefined]
  103 | #define __UINT16_C(x)   uint_c(x, __int_least16_c_suffix__)
      |         ^
<built-in>:210:9: note: previous definition is here
  210 | #define __UINT16_C(c) c
      |         ^
In file included from /Users/gjonesblackcyton/Documents/src/klausscpu-runtime/zephyr-ws/zephyr/drivers/console/uart_console.c:16:
In file included from /Users/gjonesblackcyton/Documents/src/klausscpu-runtime/zephyr-ws/zephyr/include/zephyr/kernel.h:17:
In file included from /Users/gjonesblackcyton/Documents/src/klausscpu-runtime/zephyr-ws/zephyr/include/zephyr/kernel_includes.h:23:
In file included from /Users/gjonesblackcyton/Documents/src/klausscpu-runtime/zephyr-ws/zephyr/include/zephyr/toolchain.h:48:
/Users/gjonesblackcyton/Documents/src/klausscpu-runtime/zephyr-ws/zephyr/include/zephyr/toolchain/llvm.h:119:9: warning: '__INT8_C' macro redefined [-Wmacro-redefined]
  119 | #define __INT8_C(x)     int_c(x, __int_least8_c_suffix__)
      |         ^
<built-in>:179:9: note: previous definition is here
  179 | #define __INT8_C(c) c
      |         ^
In file included from /Users/gjonesblackcyton/Documents/src/klausscpu-runtime/zephyr-ws/zephyr/drivers/console/uart_console.c:16:
In file included from /Users/gjonesblackcyton/Documents/src/klausscpu-runtime/zephyr-ws/zephyr/include/zephyr/kernel.h:17:
In file included from /Users/gjonesblackcyton/Documents/src/klausscpu-runtime/zephyr-ws/zephyr/include/zephyr/kernel_includes.h:23:
In file included from /Users/gjonesblackcyton/Documents/src/klausscpu-runtime/zephyr-ws/zephyr/include/zephyr/toolchain.h:48:
/Users/gjonesblackcyton/Documents/src/klausscpu-runtime/zephyr-ws/zephyr/include/zephyr/toolchain/llvm.h:120:9: warning: '__UINT8_C' macro redefined [-Wmacro-redefined]
  120 | #define __UINT8_C(x)    uint_c(x, __int_least8_c_suffix__)
      |         ^
<built-in>:201:9: note: previous definition is here
  201 | #define __UINT8_C(c) c
      |         ^
In file included from /Users/gjonesblackcyton/Documents/src/klausscpu-runtime/zephyr-ws/zephyr/drivers/console/uart_console.c:16:
In file included from /Users/gjonesblackcyton/Documents/src/klausscpu-runtime/zephyr-ws/zephyr/include/zephyr/kernel.h:17:
In file included from /Users/gjonesblackcyton/Documents/src/klausscpu-runtime/zephyr-ws/zephyr/include/zephyr/kernel_includes.h:23:
In file included from /Users/gjonesblackcyton/Documents/src/klausscpu-runtime/zephyr-ws/zephyr/include/zephyr/toolchain.h:48:
/Users/gjonesblackcyton/Documents/src/klausscpu-runtime/zephyr-ws/zephyr/include/zephyr/toolchain/llvm.h:127:9: warning: '__INTMAX_C' macro redefined [-Wmacro-redefined]
  127 | #define __INTMAX_C(x)   int_c(x, __INTMAX_C_SUFFIX__)
      |         ^
<built-in>:98:9: note: previous definition is here
   98 | #define __INTMAX_C(c) c##L
      |         ^
In file included from /Users/gjonesblackcyton/Documents/src/klausscpu-runtime/zephyr-ws/zephyr/drivers/console/uart_console.c:16:
In file included from /Users/gjonesblackcyton/Documents/src/klausscpu-runtime/zephyr-ws/zephyr/include/zephyr/kernel.h:17:
In file included from /Users/gjonesblackcyton/Documents/src/klausscpu-runtime/zephyr-ws/zephyr/include/zephyr/kernel_includes.h:23:
In file included from /Users/gjonesblackcyton/Documents/src/klausscpu-runtime/zephyr-ws/zephyr/include/zephyr/toolchain.h:48:
/Users/gjonesblackcyton/Documents/src/klausscpu-runtime/zephyr-ws/zephyr/include/zephyr/toolchain/llvm.h:128:9: warning: '__UINTMAX_C' macro redefined [-Wmacro-redefined]
  128 | #define __UINTMAX_C(x)  int_c(x, __UINTMAX_C_SUFFIX__)
      |         ^
<built-in>:105:9: note: previous definition is here
  105 | #define __UINTMAX_C(c) c##UL
      |         ^
6 warnings generated.
[86/144] Building C object zephyr/drivers/timer/CMakeFiles/drivers__timer.dir/sys_clock_init.c.obj
In file included from /Users/gjonesblackcyton/Documents/src/klausscpu-runtime/zephyr-ws/zephyr/drivers/timer/sys_clock_init.c:15:
In file included from /Users/gjonesblackcyton/Documents/src/klausscpu-runtime/zephyr-ws/zephyr/include/zephyr/kernel.h:17:
In file included from /Users/gjonesblackcyton/Documents/src/klausscpu-runtime/zephyr-ws/zephyr/include/zephyr/kernel_includes.h:23:
In file included from /Users/gjonesblackcyton/Documents/src/klausscpu-runtime/zephyr-ws/zephyr/include/zephyr/toolchain.h:48:
/Users/gjonesblackcyton/Documents/src/klausscpu-runtime/zephyr-ws/zephyr/include/zephyr/toolchain/llvm.h:102:9: warning: '__INT16_C' macro redefined [-Wmacro-redefined]
  102 | #define __INT16_C(x)    int_c(x, __int_least16_c_suffix__)
      |         ^
<built-in>:184:9: note: previous definition is here
  184 | #define __INT16_C(c) c
      |         ^
In file included from /Users/gjonesblackcyton/Documents/src/klausscpu-runtime/zephyr-ws/zephyr/drivers/timer/sys_clock_init.c:15:
In file included from /Users/gjonesblackcyton/Documents/src/klausscpu-runtime/zephyr-ws/zephyr/include/zephyr/kernel.h:17:
In file included from /Users/gjonesblackcyton/Documents/src/klausscpu-runtime/zephyr-ws/zephyr/include/zephyr/kernel_includes.h:23:
In file included from /Users/gjonesblackcyton/Documents/src/klausscpu-runtime/zephyr-ws/zephyr/include/zephyr/toolchain.h:48:
/Users/gjonesblackcyton/Documents/src/klausscpu-runtime/zephyr-ws/zephyr/include/zephyr/toolchain/llvm.h:103:9: warning: '__UINT16_C' macro redefined [-Wmacro-redefined]
  103 | #define __UINT16_C(x)   uint_c(x, __int_least16_c_suffix__)
      |         ^
<built-in>:210:9: note: previous definition is here
  210 | #define __UINT16_C(c) c
      |         ^
In file included from /Users/gjonesblackcyton/Documents/src/klausscpu-runtime/zephyr-ws/zephyr/drivers/timer/sys_clock_init.c:15:
In file included from /Users/gjonesblackcyton/Documents/src/klausscpu-runtime/zephyr-ws/zephyr/include/zephyr/kernel.h:17:
In file included from /Users/gjonesblackcyton/Documents/src/klausscpu-runtime/zephyr-ws/zephyr/include/zephyr/kernel_includes.h:23:
In file included from /Users/gjonesblackcyton/Documents/src/klausscpu-runtime/zephyr-ws/zephyr/include/zephyr/toolchain.h:48:
/Users/gjonesblackcyton/Documents/src/klausscpu-runtime/zephyr-ws/zephyr/include/zephyr/toolchain/llvm.h:119:9: warning: '__INT8_C' macro redefined [-Wmacro-redefined]
  119 | #define __INT8_C(x)     int_c(x, __int_least8_c_suffix__)
      |         ^
<built-in>:179:9: note: previous definition is here
  179 | #define __INT8_C(c) c
      |         ^
In file included from /Users/gjonesblackcyton/Documents/src/klausscpu-runtime/zephyr-ws/zephyr/drivers/timer/sys_clock_init.c:15:
In file included from /Users/gjonesblackcyton/Documents/src/klausscpu-runtime/zephyr-ws/zephyr/include/zephyr/kernel.h:17:
In file included from /Users/gjonesblackcyton/Documents/src/klausscpu-runtime/zephyr-ws/zephyr/include/zephyr/kernel_includes.h:23:
In file included from /Users/gjonesblackcyton/Documents/src/klausscpu-runtime/zephyr-ws/zephyr/include/zephyr/toolchain.h:48:
/Users/gjonesblackcyton/Documents/src/klausscpu-runtime/zephyr-ws/zephyr/include/zephyr/toolchain/llvm.h:120:9: warning: '__UINT8_C' macro redefined [-Wmacro-redefined]
  120 | #define __UINT8_C(x)    uint_c(x, __int_least8_c_suffix__)
      |         ^
<built-in>:201:9: note: previous definition is here
  201 | #define __UINT8_C(c) c
      |         ^
In file included from /Users/gjonesblackcyton/Documents/src/klausscpu-runtime/zephyr-ws/zephyr/drivers/timer/sys_clock_init.c:15:
In file included from /Users/gjonesblackcyton/Documents/src/klausscpu-runtime/zephyr-ws/zephyr/include/zephyr/kernel.h:17:
In file included from /Users/gjonesblackcyton/Documents/src/klausscpu-runtime/zephyr-ws/zephyr/include/zephyr/kernel_includes.h:23:
In file included from /Users/gjonesblackcyton/Documents/src/klausscpu-runtime/zephyr-ws/zephyr/include/zephyr/toolchain.h:48:
/Users/gjonesblackcyton/Documents/src/klausscpu-runtime/zephyr-ws/zephyr/include/zephyr/toolchain/llvm.h:127:9: warning: '__INTMAX_C' macro redefined [-Wmacro-redefined]
  127 | #define __INTMAX_C(x)   int_c(x, __INTMAX_C_SUFFIX__)
      |         ^
<built-in>:98:9: note: previous definition is here
   98 | #define __INTMAX_C(c) c##L
      |         ^
In file included from /Users/gjonesblackcyton/Documents/src/klausscpu-runtime/zephyr-ws/zephyr/drivers/timer/sys_clock_init.c:15:
In file included from /Users/gjonesblackcyton/Documents/src/klausscpu-runtime/zephyr-ws/zephyr/include/zephyr/kernel.h:17:
In file included from /Users/gjonesblackcyton/Documents/src/klausscpu-runtime/zephyr-ws/zephyr/include/zephyr/kernel_includes.h:23:
In file included from /Users/gjonesblackcyton/Documents/src/klausscpu-runtime/zephyr-ws/zephyr/include/zephyr/toolchain.h:48:
/Users/gjonesblackcyton/Documents/src/klausscpu-runtime/zephyr-ws/zephyr/include/zephyr/toolchain/llvm.h:128:9: warning: '__UINTMAX_C' macro redefined [-Wmacro-redefined]
  128 | #define __UINTMAX_C(x)  int_c(x, __UINTMAX_C_SUFFIX__)
      |         ^
<built-in>:105:9: note: previous definition is here
  105 | #define __UINTMAX_C(c) c##UL
      |         ^
6 warnings generated.
[87/144] Building C object zephyr/subsys/net/ip/CMakeFiles/subsys__net__ip.dir/net_if.c.obj
In file included from /Users/gjonesblackcyton/Documents/src/klausscpu-runtime/zephyr-ws/zephyr/subsys/net/ip/net_if.c:8:
In file included from /Users/gjonesblackcyton/Documents/src/klausscpu-runtime/zephyr-ws/zephyr/include/zephyr/logging/log.h:10:
In file included from /Users/gjonesblackcyton/Documents/src/klausscpu-runtime/zephyr-ws/zephyr/include/zephyr/logging/log_instance.h:10:
In file included from /Users/gjonesblackcyton/Documents/src/klausscpu-runtime/zephyr-ws/zephyr/include/zephyr/sys/iterable_sections.h:10:
In file included from /Users/gjonesblackcyton/Documents/src/klausscpu-runtime/zephyr-ws/zephyr/include/zephyr/sys/__assert.h:11:
In file included from /Users/gjonesblackcyton/Documents/src/klausscpu-runtime/zephyr-ws/zephyr/include/zephyr/toolchain.h:48:
/Users/gjonesblackcyton/Documents/src/klausscpu-runtime/zephyr-ws/zephyr/include/zephyr/toolchain/llvm.h:102:9: warning: '__INT16_C' macro redefined [-Wmacro-redefined]
  102 | #define __INT16_C(x)    int_c(x, __int_least16_c_suffix__)
      |         ^
<built-in>:184:9: note: previous definition is here
  184 | #define __INT16_C(c) c
      |         ^
In file included from /Users/gjonesblackcyton/Documents/src/klausscpu-runtime/zephyr-ws/zephyr/subsys/net/ip/net_if.c:8:
In file included from /Users/gjonesblackcyton/Documents/src/klausscpu-runtime/zephyr-ws/zephyr/include/zephyr/logging/log.h:10:
In file included from /Users/gjonesblackcyton/Documents/src/klausscpu-runtime/zephyr-ws/zephyr/include/zephyr/logging/log_instance.h:10:
In file included from /Users/gjonesblackcyton/Documents/src/klausscpu-runtime/zephyr-ws/zephyr/include/zephyr/sys/iterable_sections.h:10:
In file included from /Users/gjonesblackcyton/Documents/src/klausscpu-runtime/zephyr-ws/zephyr/include/zephyr/sys/__assert.h:11:
In file included from /Users/gjonesblackcyton/Documents/src/klausscpu-runtime/zephyr-ws/zephyr/include/zephyr/toolchain.h:48:
/Users/gjonesblackcyton/Documents/src/klausscpu-runtime/zephyr-ws/zephyr/include/zephyr/toolchain/llvm.h:103:9: warning: '__UINT16_C' macro redefined [-Wmacro-redefined]
  103 | #define __UINT16_C(x)   uint_c(x, __int_least16_c_suffix__)
      |         ^
<built-in>:210:9: note: previous definition is here
  210 | #define __UINT16_C(c) c
      |         ^
In file included from /Users/gjonesblackcyton/Documents/src/klausscpu-runtime/zephyr-ws/zephyr/subsys/net/ip/net_if.c:8:
In file included from /Users/gjonesblackcyton/Documents/src/klausscpu-runtime/zephyr-ws/zephyr/include/zephyr/logging/log.h:10:
In file included from /Users/gjonesblackcyton/Documents/src/klausscpu-runtime/zephyr-ws/zephyr/include/zephyr/logging/log_instance.h:10:
In file included from /Users/gjonesblackcyton/Documents/src/klausscpu-runtime/zephyr-ws/zephyr/include/zephyr/sys/iterable_sections.h:10:
In file included from /Users/gjonesblackcyton/Documents/src/klausscpu-runtime/zephyr-ws/zephyr/include/zephyr/sys/__assert.h:11:
In file included from /Users/gjonesblackcyton/Documents/src/klausscpu-runtime/zephyr-ws/zephyr/include/zephyr/toolchain.h:48:
/Users/gjonesblackcyton/Documents/src/klausscpu-runtime/zephyr-ws/zephyr/include/zephyr/toolchain/llvm.h:119:9: warning: '__INT8_C' macro redefined [-Wmacro-redefined]
  119 | #define __INT8_C(x)     int_c(x, __int_least8_c_suffix__)
      |         ^
<built-in>:179:9: note: previous definition is here
  179 | #define __INT8_C(c) c
      |         ^
In file included from /Users/gjonesblackcyton/Documents/src/klausscpu-runtime/zephyr-ws/zephyr/subsys/net/ip/net_if.c:8:
In file included from /Users/gjonesblackcyton/Documents/src/klausscpu-runtime/zephyr-ws/zephyr/include/zephyr/logging/log.h:10:
In file included from /Users/gjonesblackcyton/Documents/src/klausscpu-runtime/zephyr-ws/zephyr/include/zephyr/logging/log_instance.h:10:
In file included from /Users/gjonesblackcyton/Documents/src/klausscpu-runtime/zephyr-ws/zephyr/include/zephyr/sys/iterable_sections.h:10:
In file included from /Users/gjonesblackcyton/Documents/src/klausscpu-runtime/zephyr-ws/zephyr/include/zephyr/sys/__assert.h:11:
In file included from /Users/gjonesblackcyton/Documents/src/klausscpu-runtime/zephyr-ws/zephyr/include/zephyr/toolchain.h:48:
/Users/gjonesblackcyton/Documents/src/klausscpu-runtime/zephyr-ws/zephyr/include/zephyr/toolchain/llvm.h:120:9: warning: '__UINT8_C' macro redefined [-Wmacro-redefined]
  120 | #define __UINT8_C(x)    uint_c(x, __int_least8_c_suffix__)
      |         ^
<built-in>:201:9: note: previous definition is here
  201 | #define __UINT8_C(c) c
      |         ^
In file included from /Users/gjonesblackcyton/Documents/src/klausscpu-runtime/zephyr-ws/zephyr/subsys/net/ip/net_if.c:8:
In file included from /Users/gjonesblackcyton/Documents/src/klausscpu-runtime/zephyr-ws/zephyr/include/zephyr/logging/log.h:10:
In file included from /Users/gjonesblackcyton/Documents/src/klausscpu-runtime/zephyr-ws/zephyr/include/zephyr/logging/log_instance.h:10:
In file included from /Users/gjonesblackcyton/Documents/src/klausscpu-runtime/zephyr-ws/zephyr/include/zephyr/sys/iterable_sections.h:10:
In file included from /Users/gjonesblackcyton/Documents/src/klausscpu-runtime/zephyr-ws/zephyr/include/zephyr/sys/__assert.h:11:
In file included from /Users/gjonesblackcyton/Documents/src/klausscpu-runtime/zephyr-ws/zephyr/include/zephyr/toolchain.h:48:
/Users/gjonesblackcyton/Documents/src/klausscpu-runtime/zephyr-ws/zephyr/include/zephyr/toolchain/llvm.h:127:9: warning: '__INTMAX_C' macro redefined [-Wmacro-redefined]
  127 | #define __INTMAX_C(x)   int_c(x, __INTMAX_C_SUFFIX__)
      |         ^
<built-in>:98:9: note: previous definition is here
   98 | #define __INTMAX_C(c) c##L
      |         ^
In file included from /Users/gjonesblackcyton/Documents/src/klausscpu-runtime/zephyr-ws/zephyr/subsys/net/ip/net_if.c:8:
In file included from /Users/gjonesblackcyton/Documents/src/klausscpu-runtime/zephyr-ws/zephyr/include/zephyr/logging/log.h:10:
In file included from /Users/gjonesblackcyton/Documents/src/klausscpu-runtime/zephyr-ws/zephyr/include/zephyr/logging/log_instance.h:10:
In file included from /Users/gjonesblackcyton/Documents/src/klausscpu-runtime/zephyr-ws/zephyr/include/zephyr/sys/iterable_sections.h:10:
In file included from /Users/gjonesblackcyton/Documents/src/klausscpu-runtime/zephyr-ws/zephyr/include/zephyr/sys/__assert.h:11:
In file included from /Users/gjonesblackcyton/Documents/src/klausscpu-runtime/zephyr-ws/zephyr/include/zephyr/toolchain.h:48:
/Users/gjonesblackcyton/Documents/src/klausscpu-runtime/zephyr-ws/zephyr/include/zephyr/toolchain/llvm.h:128:9: warning: '__UINTMAX_C' macro redefined [-Wmacro-redefined]
  128 | #define __UINTMAX_C(x)  int_c(x, __UINTMAX_C_SUFFIX__)
      |         ^
<built-in>:105:9: note: previous definition is here
  105 | #define __UINTMAX_C(c) c##UL
      |         ^
6 warnings generated.
[88/144] Building C object modules/klausscpu-zephyr/drivers/serial/CMakeFiles/..__klausscpu-zephyr__drivers__serial.dir/uart_klausscpu.c.obj
In file included from /Users/gjonesblackcyton/Documents/src/klausscpu-runtime/zephyr-ws/klausscpu-zephyr/drivers/serial/uart_klausscpu.c:11:
In file included from /Users/gjonesblackcyton/Documents/src/klausscpu-runtime/zephyr-ws/zephyr/include/zephyr/kernel.h:17:
In file included from /Users/gjonesblackcyton/Documents/src/klausscpu-runtime/zephyr-ws/zephyr/include/zephyr/kernel_includes.h:23:
In file included from /Users/gjonesblackcyton/Documents/src/klausscpu-runtime/zephyr-ws/zephyr/include/zephyr/toolchain.h:48:
/Users/gjonesblackcyton/Documents/src/klausscpu-runtime/zephyr-ws/zephyr/include/zephyr/toolchain/llvm.h:102:9: warning: '__INT16_C' macro redefined [-Wmacro-redefined]
  102 | #define __INT16_C(x)    int_c(x, __int_least16_c_suffix__)
      |         ^
<built-in>:184:9: note: previous definition is here
  184 | #define __INT16_C(c) c
      |         ^
In file included from /Users/gjonesblackcyton/Documents/src/klausscpu-runtime/zephyr-ws/klausscpu-zephyr/drivers/serial/uart_klausscpu.c:11:
In file included from /Users/gjonesblackcyton/Documents/src/klausscpu-runtime/zephyr-ws/zephyr/include/zephyr/kernel.h:17:
In file included from /Users/gjonesblackcyton/Documents/src/klausscpu-runtime/zephyr-ws/zephyr/include/zephyr/kernel_includes.h:23:
In file included from /Users/gjonesblackcyton/Documents/src/klausscpu-runtime/zephyr-ws/zephyr/include/zephyr/toolchain.h:48:
/Users/gjonesblackcyton/Documents/src/klausscpu-runtime/zephyr-ws/zephyr/include/zephyr/toolchain/llvm.h:103:9: warning: '__UINT16_C' macro redefined [-Wmacro-redefined]
  103 | #define __UINT16_C(x)   uint_c(x, __int_least16_c_suffix__)
      |         ^
<built-in>:210:9: note: previous definition is here
  210 | #define __UINT16_C(c) c
      |         ^
In file included from /Users/gjonesblackcyton/Documents/src/klausscpu-runtime/zephyr-ws/klausscpu-zephyr/drivers/serial/uart_klausscpu.c:11:
In file included from /Users/gjonesblackcyton/Documents/src/klausscpu-runtime/zephyr-ws/zephyr/include/zephyr/kernel.h:17:
In file included from /Users/gjonesblackcyton/Documents/src/klausscpu-runtime/zephyr-ws/zephyr/include/zephyr/kernel_includes.h:23:
In file included from /Users/gjonesblackcyton/Documents/src/klausscpu-runtime/zephyr-ws/zephyr/include/zephyr/toolchain.h:48:
/Users/gjonesblackcyton/Documents/src/klausscpu-runtime/zephyr-ws/zephyr/include/zephyr/toolchain/llvm.h:119:9: warning: '__INT8_C' macro redefined [-Wmacro-redefined]
  119 | #define __INT8_C(x)     int_c(x, __int_least8_c_suffix__)
      |         ^
<built-in>:179:9: note: previous definition is here
  179 | #define __INT8_C(c) c
      |         ^
In file included from /Users/gjonesblackcyton/Documents/src/klausscpu-runtime/zephyr-ws/klausscpu-zephyr/drivers/serial/uart_klausscpu.c:11:
In file included from /Users/gjonesblackcyton/Documents/src/klausscpu-runtime/zephyr-ws/zephyr/include/zephyr/kernel.h:17:
In file included from /Users/gjonesblackcyton/Documents/src/klausscpu-runtime/zephyr-ws/zephyr/include/zephyr/kernel_includes.h:23:
In file included from /Users/gjonesblackcyton/Documents/src/klausscpu-runtime/zephyr-ws/zephyr/include/zephyr/toolchain.h:48:
/Users/gjonesblackcyton/Documents/src/klausscpu-runtime/zephyr-ws/zephyr/include/zephyr/toolchain/llvm.h:120:9: warning: '__UINT8_C' macro redefined [-Wmacro-redefined]
  120 | #define __UINT8_C(x)    uint_c(x, __int_least8_c_suffix__)
      |         ^
<built-in>:201:9: note: previous definition is here
  201 | #define __UINT8_C(c) c
      |         ^
In file included from /Users/gjonesblackcyton/Documents/src/klausscpu-runtime/zephyr-ws/klausscpu-zephyr/drivers/serial/uart_klausscpu.c:11:
In file included from /Users/gjonesblackcyton/Documents/src/klausscpu-runtime/zephyr-ws/zephyr/include/zephyr/kernel.h:17:
In file included from /Users/gjonesblackcyton/Documents/src/klausscpu-runtime/zephyr-ws/zephyr/include/zephyr/kernel_includes.h:23:
In file included from /Users/gjonesblackcyton/Documents/src/klausscpu-runtime/zephyr-ws/zephyr/include/zephyr/toolchain.h:48:
/Users/gjonesblackcyton/Documents/src/klausscpu-runtime/zephyr-ws/zephyr/include/zephyr/toolchain/llvm.h:127:9: warning: '__INTMAX_C' macro redefined [-Wmacro-redefined]
  127 | #define __INTMAX_C(x)   int_c(x, __INTMAX_C_SUFFIX__)
      |         ^
<built-in>:98:9: note: previous definition is here
   98 | #define __INTMAX_C(c) c##L
      |         ^
In file included from /Users/gjonesblackcyton/Documents/src/klausscpu-runtime/zephyr-ws/klausscpu-zephyr/drivers/serial/uart_klausscpu.c:11:
In file included from /Users/gjonesblackcyton/Documents/src/klausscpu-runtime/zephyr-ws/zephyr/include/zephyr/kernel.h:17:
In file included from /Users/gjonesblackcyton/Documents/src/klausscpu-runtime/zephyr-ws/zephyr/include/zephyr/kernel_includes.h:23:
In file included from /Users/gjonesblackcyton/Documents/src/klausscpu-runtime/zephyr-ws/zephyr/include/zephyr/toolchain.h:48:
/Users/gjonesblackcyton/Documents/src/klausscpu-runtime/zephyr-ws/zephyr/include/zephyr/toolchain/llvm.h:128:9: warning: '__UINTMAX_C' macro redefined [-Wmacro-redefined]
  128 | #define __UINTMAX_C(x)  int_c(x, __UINTMAX_C_SUFFIX__)
      |         ^
<built-in>:105:9: note: previous definition is here
  105 | #define __UINTMAX_C(c) c##UL
      |         ^
6 warnings generated.
[89/144] Building C object modules/klausscpu-zephyr/drivers/timer/CMakeFiles/..__klausscpu-zephyr__drivers__timer.dir/klausscpu_timer.c.obj
In file included from /Users/gjonesblackcyton/Documents/src/klausscpu-runtime/zephyr-ws/klausscpu-zephyr/drivers/timer/klausscpu_timer.c:9:
In file included from /Users/gjonesblackcyton/Documents/src/klausscpu-runtime/zephyr-ws/zephyr/include/zephyr/kernel.h:17:
In file included from /Users/gjonesblackcyton/Documents/src/klausscpu-runtime/zephyr-ws/zephyr/include/zephyr/kernel_includes.h:23:
In file included from /Users/gjonesblackcyton/Documents/src/klausscpu-runtime/zephyr-ws/zephyr/include/zephyr/toolchain.h:48:
/Users/gjonesblackcyton/Documents/src/klausscpu-runtime/zephyr-ws/zephyr/include/zephyr/toolchain/llvm.h:102:9: warning: '__INT16_C' macro redefined [-Wmacro-redefined]
  102 | #define __INT16_C(x)    int_c(x, __int_least16_c_suffix__)
      |         ^
<built-in>:184:9: note: previous definition is here
  184 | #define __INT16_C(c) c
      |         ^
In file included from /Users/gjonesblackcyton/Documents/src/klausscpu-runtime/zephyr-ws/klausscpu-zephyr/drivers/timer/klausscpu_timer.c:9:
In file included from /Users/gjonesblackcyton/Documents/src/klausscpu-runtime/zephyr-ws/zephyr/include/zephyr/kernel.h:17:
In file included from /Users/gjonesblackcyton/Documents/src/klausscpu-runtime/zephyr-ws/zephyr/include/zephyr/kernel_includes.h:23:
In file included from /Users/gjonesblackcyton/Documents/src/klausscpu-runtime/zephyr-ws/zephyr/include/zephyr/toolchain.h:48:
/Users/gjonesblackcyton/Documents/src/klausscpu-runtime/zephyr-ws/zephyr/include/zephyr/toolchain/llvm.h:103:9: warning: '__UINT16_C' macro redefined [-Wmacro-redefined]
  103 | #define __UINT16_C(x)   uint_c(x, __int_least16_c_suffix__)
      |         ^
<built-in>:210:9: note: previous definition is here
  210 | #define __UINT16_C(c) c
      |         ^
In file included from /Users/gjonesblackcyton/Documents/src/klausscpu-runtime/zephyr-ws/klausscpu-zephyr/drivers/timer/klausscpu_timer.c:9:
In file included from /Users/gjonesblackcyton/Documents/src/klausscpu-runtime/zephyr-ws/zephyr/include/zephyr/kernel.h:17:
In file included from /Users/gjonesblackcyton/Documents/src/klausscpu-runtime/zephyr-ws/zephyr/include/zephyr/kernel_includes.h:23:
In file included from /Users/gjonesblackcyton/Documents/src/klausscpu-runtime/zephyr-ws/zephyr/include/zephyr/toolchain.h:48:
/Users/gjonesblackcyton/Documents/src/klausscpu-runtime/zephyr-ws/zephyr/include/zephyr/toolchain/llvm.h:119:9: warning: '__INT8_C' macro redefined [-Wmacro-redefined]
  119 | #define __INT8_C(x)     int_c(x, __int_least8_c_suffix__)
      |         ^
<built-in>:179:9: note: previous definition is here
  179 | #define __INT8_C(c) c
      |         ^
In file included from /Users/gjonesblackcyton/Documents/src/klausscpu-runtime/zephyr-ws/klausscpu-zephyr/drivers/timer/klausscpu_timer.c:9:
In file included from /Users/gjonesblackcyton/Documents/src/klausscpu-runtime/zephyr-ws/zephyr/include/zephyr/kernel.h:17:
In file included from /Users/gjonesblackcyton/Documents/src/klausscpu-runtime/zephyr-ws/zephyr/include/zephyr/kernel_includes.h:23:
In file included from /Users/gjonesblackcyton/Documents/src/klausscpu-runtime/zephyr-ws/zephyr/include/zephyr/toolchain.h:48:
/Users/gjonesblackcyton/Documents/src/klausscpu-runtime/zephyr-ws/zephyr/include/zephyr/toolchain/llvm.h:120:9: warning: '__UINT8_C' macro redefined [-Wmacro-redefined]
  120 | #define __UINT8_C(x)    uint_c(x, __int_least8_c_suffix__)
      |         ^
<built-in>:201:9: note: previous definition is here
  201 | #define __UINT8_C(c) c
      |         ^
In file included from /Users/gjonesblackcyton/Documents/src/klausscpu-runtime/zephyr-ws/klausscpu-zephyr/drivers/timer/klausscpu_timer.c:9:
In file included from /Users/gjonesblackcyton/Documents/src/klausscpu-runtime/zephyr-ws/zephyr/include/zephyr/kernel.h:17:
In file included from /Users/gjonesblackcyton/Documents/src/klausscpu-runtime/zephyr-ws/zephyr/include/zephyr/kernel_includes.h:23:
In file included from /Users/gjonesblackcyton/Documents/src/klausscpu-runtime/zephyr-ws/zephyr/include/zephyr/toolchain.h:48:
/Users/gjonesblackcyton/Documents/src/klausscpu-runtime/zephyr-ws/zephyr/include/zephyr/toolchain/llvm.h:127:9: warning: '__INTMAX_C' macro redefined [-Wmacro-redefined]
  127 | #define __INTMAX_C(x)   int_c(x, __INTMAX_C_SUFFIX__)
      |         ^
<built-in>:98:9: note: previous definition is here
   98 | #define __INTMAX_C(c) c##L
      |         ^
In file included from /Users/gjonesblackcyton/Documents/src/klausscpu-runtime/zephyr-ws/klausscpu-zephyr/drivers/timer/klausscpu_timer.c:9:
In file included from /Users/gjonesblackcyton/Documents/src/klausscpu-runtime/zephyr-ws/zephyr/include/zephyr/kernel.h:17:
In file included from /Users/gjonesblackcyton/Documents/src/klausscpu-runtime/zephyr-ws/zephyr/include/zephyr/kernel_includes.h:23:
In file included from /Users/gjonesblackcyton/Documents/src/klausscpu-runtime/zephyr-ws/zephyr/include/zephyr/toolchain.h:48:
/Users/gjonesblackcyton/Documents/src/klausscpu-runtime/zephyr-ws/zephyr/include/zephyr/toolchain/llvm.h:128:9: warning: '__UINTMAX_C' macro redefined [-Wmacro-redefined]
  128 | #define __UINTMAX_C(x)  int_c(x, __UINTMAX_C_SUFFIX__)
      |         ^
<built-in>:105:9: note: previous definition is here
  105 | #define __UINTMAX_C(c) c##UL
      |         ^
6 warnings generated.
[90/144] Building C object zephyr/kernel/CMakeFiles/kernel.dir/main_weak.c.obj
In file included from /Users/gjonesblackcyton/Documents/src/klausscpu-runtime/zephyr-ws/zephyr/kernel/main_weak.c:22:
In file included from /Users/gjonesblackcyton/Documents/src/klausscpu-runtime/zephyr-ws/zephyr/kernel/include/kernel_internal.h:17:
In file included from /Users/gjonesblackcyton/Documents/src/klausscpu-runtime/zephyr-ws/zephyr/include/zephyr/kernel.h:17:
In file included from /Users/gjonesblackcyton/Documents/src/klausscpu-runtime/zephyr-ws/zephyr/include/zephyr/kernel_includes.h:23:
In file included from /Users/gjonesblackcyton/Documents/src/klausscpu-runtime/zephyr-ws/zephyr/include/zephyr/toolchain.h:48:
/Users/gjonesblackcyton/Documents/src/klausscpu-runtime/zephyr-ws/zephyr/include/zephyr/toolchain/llvm.h:102:9: warning: '__INT16_C' macro redefined [-Wmacro-redefined]
  102 | #define __INT16_C(x)    int_c(x, __int_least16_c_suffix__)
      |         ^
<built-in>:184:9: note: previous definition is here
  184 | #define __INT16_C(c) c
      |         ^
In file included from /Users/gjonesblackcyton/Documents/src/klausscpu-runtime/zephyr-ws/zephyr/kernel/main_weak.c:22:
In file included from /Users/gjonesblackcyton/Documents/src/klausscpu-runtime/zephyr-ws/zephyr/kernel/include/kernel_internal.h:17:
In file included from /Users/gjonesblackcyton/Documents/src/klausscpu-runtime/zephyr-ws/zephyr/include/zephyr/kernel.h:17:
In file included from /Users/gjonesblackcyton/Documents/src/klausscpu-runtime/zephyr-ws/zephyr/include/zephyr/kernel_includes.h:23:
In file included from /Users/gjonesblackcyton/Documents/src/klausscpu-runtime/zephyr-ws/zephyr/include/zephyr/toolchain.h:48:
/Users/gjonesblackcyton/Documents/src/klausscpu-runtime/zephyr-ws/zephyr/include/zephyr/toolchain/llvm.h:103:9: warning: '__UINT16_C' macro redefined [-Wmacro-redefined]
  103 | #define __UINT16_C(x)   uint_c(x, __int_least16_c_suffix__)
      |         ^
<built-in>:210:9: note: previous definition is here
  210 | #define __UINT16_C(c) c
      |         ^
In file included from /Users/gjonesblackcyton/Documents/src/klausscpu-runtime/zephyr-ws/zephyr/kernel/main_weak.c:22:
In file included from /Users/gjonesblackcyton/Documents/src/klausscpu-runtime/zephyr-ws/zephyr/kernel/include/kernel_internal.h:17:
In file included from /Users/gjonesblackcyton/Documents/src/klausscpu-runtime/zephyr-ws/zephyr/include/zephyr/kernel.h:17:
In file included from /Users/gjonesblackcyton/Documents/src/klausscpu-runtime/zephyr-ws/zephyr/include/zephyr/kernel_includes.h:23:
In file included from /Users/gjonesblackcyton/Documents/src/klausscpu-runtime/zephyr-ws/zephyr/include/zephyr/toolchain.h:48:
/Users/gjonesblackcyton/Documents/src/klausscpu-runtime/zephyr-ws/zephyr/include/zephyr/toolchain/llvm.h:119:9: warning: '__INT8_C' macro redefined [-Wmacro-redefined]
  119 | #define __INT8_C(x)     int_c(x, __int_least8_c_suffix__)
      |         ^
<built-in>:179:9: note: previous definition is here
  179 | #define __INT8_C(c) c
      |         ^
In file included from /Users/gjonesblackcyton/Documents/src/klausscpu-runtime/zephyr-ws/zephyr/kernel/main_weak.c:22:
In file included from /Users/gjonesblackcyton/Documents/src/klausscpu-runtime/zephyr-ws/zephyr/kernel/include/kernel_internal.h:17:
In file included from /Users/gjonesblackcyton/Documents/src/klausscpu-runtime/zephyr-ws/zephyr/include/zephyr/kernel.h:17:
In file included from /Users/gjonesblackcyton/Documents/src/klausscpu-runtime/zephyr-ws/zephyr/include/zephyr/kernel_includes.h:23:
In file included from /Users/gjonesblackcyton/Documents/src/klausscpu-runtime/zephyr-ws/zephyr/include/zephyr/toolchain.h:48:
/Users/gjonesblackcyton/Documents/src/klausscpu-runtime/zephyr-ws/zephyr/include/zephyr/toolchain/llvm.h:120:9: warning: '__UINT8_C' macro redefined [-Wmacro-redefined]
  120 | #define __UINT8_C(x)    uint_c(x, __int_least8_c_suffix__)
      |         ^
<built-in>:201:9: note: previous definition is here
  201 | #define __UINT8_C(c) c
      |         ^
In file included from /Users/gjonesblackcyton/Documents/src/klausscpu-runtime/zephyr-ws/zephyr/kernel/main_weak.c:22:
In file included from /Users/gjonesblackcyton/Documents/src/klausscpu-runtime/zephyr-ws/zephyr/kernel/include/kernel_internal.h:17:
In file included from /Users/gjonesblackcyton/Documents/src/klausscpu-runtime/zephyr-ws/zephyr/include/zephyr/kernel.h:17:
In file included from /Users/gjonesblackcyton/Documents/src/klausscpu-runtime/zephyr-ws/zephyr/include/zephyr/kernel_includes.h:23:
In file included from /Users/gjonesblackcyton/Documents/src/klausscpu-runtime/zephyr-ws/zephyr/include/zephyr/toolchain.h:48:
/Users/gjonesblackcyton/Documents/src/klausscpu-runtime/zephyr-ws/zephyr/include/zephyr/toolchain/llvm.h:127:9: warning: '__INTMAX_C' macro redefined [-Wmacro-redefined]
  127 | #define __INTMAX_C(x)   int_c(x, __INTMAX_C_SUFFIX__)
      |         ^
<built-in>:98:9: note: previous definition is here
   98 | #define __INTMAX_C(c) c##L
      |         ^
In file included from /Users/gjonesblackcyton/Documents/src/klausscpu-runtime/zephyr-ws/zephyr/kernel/main_weak.c:22:
In file included from /Users/gjonesblackcyton/Documents/src/klausscpu-runtime/zephyr-ws/zephyr/kernel/include/kernel_internal.h:17:
In file included from /Users/gjonesblackcyton/Documents/src/klausscpu-runtime/zephyr-ws/zephyr/include/zephyr/kernel.h:17:
In file included from /Users/gjonesblackcyton/Documents/src/klausscpu-runtime/zephyr-ws/zephyr/include/zephyr/kernel_includes.h:23:
In file included from /Users/gjonesblackcyton/Documents/src/klausscpu-runtime/zephyr-ws/zephyr/include/zephyr/toolchain.h:48:
/Users/gjonesblackcyton/Documents/src/klausscpu-runtime/zephyr-ws/zephyr/include/zephyr/toolchain/llvm.h:128:9: warning: '__UINTMAX_C' macro redefined [-Wmacro-redefined]
  128 | #define __UINTMAX_C(x)  int_c(x, __UINTMAX_C_SUFFIX__)
      |         ^
<built-in>:105:9: note: previous definition is here
  105 | #define __UINTMAX_C(c) c##UL
      |         ^
6 warnings generated.
[91/144] Building C object modules/klausscpu-zephyr/vnc/CMakeFiles/..__klausscpu-zephyr__vnc.dir/framebuffer.c.obj
In file included from /Users/gjonesblackcyton/Documents/src/klausscpu-runtime/zephyr-ws/klausscpu-zephyr/vnc/framebuffer.c:6:
In file included from /Users/gjonesblackcyton/Documents/src/klausscpu-runtime/zephyr-ws/zephyr/include/zephyr/kernel.h:17:
In file included from /Users/gjonesblackcyton/Documents/src/klausscpu-runtime/zephyr-ws/zephyr/include/zephyr/kernel_includes.h:23:
In file included from /Users/gjonesblackcyton/Documents/src/klausscpu-runtime/zephyr-ws/zephyr/include/zephyr/toolchain.h:48:
/Users/gjonesblackcyton/Documents/src/klausscpu-runtime/zephyr-ws/zephyr/include/zephyr/toolchain/llvm.h:102:9: warning: '__INT16_C' macro redefined [-Wmacro-redefined]
  102 | #define __INT16_C(x)    int_c(x, __int_least16_c_suffix__)
      |         ^
<built-in>:184:9: note: previous definition is here
  184 | #define __INT16_C(c) c
      |         ^
In file included from /Users/gjonesblackcyton/Documents/src/klausscpu-runtime/zephyr-ws/klausscpu-zephyr/vnc/framebuffer.c:6:
In file included from /Users/gjonesblackcyton/Documents/src/klausscpu-runtime/zephyr-ws/zephyr/include/zephyr/kernel.h:17:
In file included from /Users/gjonesblackcyton/Documents/src/klausscpu-runtime/zephyr-ws/zephyr/include/zephyr/kernel_includes.h:23:
In file included from /Users/gjonesblackcyton/Documents/src/klausscpu-runtime/zephyr-ws/zephyr/include/zephyr/toolchain.h:48:
/Users/gjonesblackcyton/Documents/src/klausscpu-runtime/zephyr-ws/zephyr/include/zephyr/toolchain/llvm.h:103:9: warning: '__UINT16_C' macro redefined [-Wmacro-redefined]
  103 | #define __UINT16_C(x)   uint_c(x, __int_least16_c_suffix__)
      |         ^
<built-in>:210:9: note: previous definition is here
  210 | #define __UINT16_C(c) c
      |         ^
In file included from /Users/gjonesblackcyton/Documents/src/klausscpu-runtime/zephyr-ws/klausscpu-zephyr/vnc/framebuffer.c:6:
In file included from /Users/gjonesblackcyton/Documents/src/klausscpu-runtime/zephyr-ws/zephyr/include/zephyr/kernel.h:17:
In file included from /Users/gjonesblackcyton/Documents/src/klausscpu-runtime/zephyr-ws/zephyr/include/zephyr/kernel_includes.h:23:
In file included from /Users/gjonesblackcyton/Documents/src/klausscpu-runtime/zephyr-ws/zephyr/include/zephyr/toolchain.h:48:
/Users/gjonesblackcyton/Documents/src/klausscpu-runtime/zephyr-ws/zephyr/include/zephyr/toolchain/llvm.h:119:9: warning: '__INT8_C' macro redefined [-Wmacro-redefined]
  119 | #define __INT8_C(x)     int_c(x, __int_least8_c_suffix__)
      |         ^
<built-in>:179:9: note: previous definition is here
  179 | #define __INT8_C(c) c
      |         ^
In file included from /Users/gjonesblackcyton/Documents/src/klausscpu-runtime/zephyr-ws/klausscpu-zephyr/vnc/framebuffer.c:6:
In file included from /Users/gjonesblackcyton/Documents/src/klausscpu-runtime/zephyr-ws/zephyr/include/zephyr/kernel.h:17:
In file included from /Users/gjonesblackcyton/Documents/src/klausscpu-runtime/zephyr-ws/zephyr/include/zephyr/kernel_includes.h:23:
In file included from /Users/gjonesblackcyton/Documents/src/klausscpu-runtime/zephyr-ws/zephyr/include/zephyr/toolchain.h:48:
/Users/gjonesblackcyton/Documents/src/klausscpu-runtime/zephyr-ws/zephyr/include/zephyr/toolchain/llvm.h:120:9: warning: '__UINT8_C' macro redefined [-Wmacro-redefined]
  120 | #define __UINT8_C(x)    uint_c(x, __int_least8_c_suffix__)
      |         ^
<built-in>:201:9: note: previous definition is here
  201 | #define __UINT8_C(c) c
      |         ^
In file included from /Users/gjonesblackcyton/Documents/src/klausscpu-runtime/zephyr-ws/klausscpu-zephyr/vnc/framebuffer.c:6:
In file included from /Users/gjonesblackcyton/Documents/src/klausscpu-runtime/zephyr-ws/zephyr/include/zephyr/kernel.h:17:
In file included from /Users/gjonesblackcyton/Documents/src/klausscpu-runtime/zephyr-ws/zephyr/include/zephyr/kernel_includes.h:23:
In file included from /Users/gjonesblackcyton/Documents/src/klausscpu-runtime/zephyr-ws/zephyr/include/zephyr/toolchain.h:48:
/Users/gjonesblackcyton/Documents/src/klausscpu-runtime/zephyr-ws/zephyr/include/zephyr/toolchain/llvm.h:127:9: warning: '__INTMAX_C' macro redefined [-Wmacro-redefined]
  127 | #define __INTMAX_C(x)   int_c(x, __INTMAX_C_SUFFIX__)
      |         ^
<built-in>:98:9: note: previous definition is here
   98 | #define __INTMAX_C(c) c##L
      |         ^
In file included from /Users/gjonesblackcyton/Documents/src/klausscpu-runtime/zephyr-ws/klausscpu-zephyr/vnc/framebuffer.c:6:
In file included from /Users/gjonesblackcyton/Documents/src/klausscpu-runtime/zephyr-ws/zephyr/include/zephyr/kernel.h:17:
In file included from /Users/gjonesblackcyton/Documents/src/klausscpu-runtime/zephyr-ws/zephyr/include/zephyr/kernel_includes.h:23:
In file included from /Users/gjonesblackcyton/Documents/src/klausscpu-runtime/zephyr-ws/zephyr/include/zephyr/toolchain.h:48:
/Users/gjonesblackcyton/Documents/src/klausscpu-runtime/zephyr-ws/zephyr/include/zephyr/toolchain/llvm.h:128:9: warning: '__UINTMAX_C' macro redefined [-Wmacro-redefined]
  128 | #define __UINTMAX_C(x)  int_c(x, __UINTMAX_C_SUFFIX__)
      |         ^
<built-in>:105:9: note: previous definition is here
  105 | #define __UINTMAX_C(c) c##UL
      |         ^
6 warnings generated.
[92/144] Building C object zephyr/kernel/CMakeFiles/kernel.dir/device.c.obj
[93/144] Building C object zephyr/kernel/CMakeFiles/kernel.dir/errno.c.obj
In file included from /Users/gjonesblackcyton/Documents/src/klausscpu-runtime/zephyr-ws/zephyr/kernel/errno.c:15:
In file included from /Users/gjonesblackcyton/Documents/src/klausscpu-runtime/zephyr-ws/zephyr/include/zephyr/kernel.h:17:
In file included from /Users/gjonesblackcyton/Documents/src/klausscpu-runtime/zephyr-ws/zephyr/include/zephyr/kernel_includes.h:23:
In file included from /Users/gjonesblackcyton/Documents/src/klausscpu-runtime/zephyr-ws/zephyr/include/zephyr/toolchain.h:48:
/Users/gjonesblackcyton/Documents/src/klausscpu-runtime/zephyr-ws/zephyr/include/zephyr/toolchain/llvm.h:102:9: warning: '__INT16_C' macro redefined [-Wmacro-redefined]
  102 | #define __INT16_C(x)    int_c(x, __int_least16_c_suffix__)
      |         ^
<built-in>:184:9: note: previous definition is here
  184 | #define __INT16_C(c) c
      |         ^
In file included from /Users/gjonesblackcyton/Documents/src/klausscpu-runtime/zephyr-ws/zephyr/kernel/errno.c:15:
In file included from /Users/gjonesblackcyton/Documents/src/klausscpu-runtime/zephyr-ws/zephyr/include/zephyr/kernel.h:17:
In file included from /Users/gjonesblackcyton/Documents/src/klausscpu-runtime/zephyr-ws/zephyr/include/zephyr/kernel_includes.h:23:
In file included from /Users/gjonesblackcyton/Documents/src/klausscpu-runtime/zephyr-ws/zephyr/include/zephyr/toolchain.h:48:
/Users/gjonesblackcyton/Documents/src/klausscpu-runtime/zephyr-ws/zephyr/include/zephyr/toolchain/llvm.h:103:9: warning: '__UINT16_C' macro redefined [-Wmacro-redefined]
  103 | #define __UINT16_C(x)   uint_c(x, __int_least16_c_suffix__)
      |         ^
<built-in>:210:9: note: previous definition is here
  210 | #define __UINT16_C(c) c
      |         ^
In file included from /Users/gjonesblackcyton/Documents/src/klausscpu-runtime/zephyr-ws/zephyr/kernel/errno.c:15:
In file included from /Users/gjonesblackcyton/Documents/src/klausscpu-runtime/zephyr-ws/zephyr/include/zephyr/kernel.h:17:
In file included from /Users/gjonesblackcyton/Documents/src/klausscpu-runtime/zephyr-ws/zephyr/include/zephyr/kernel_includes.h:23:
In file included from /Users/gjonesblackcyton/Documents/src/klausscpu-runtime/zephyr-ws/zephyr/include/zephyr/toolchain.h:48:
/Users/gjonesblackcyton/Documents/src/klausscpu-runtime/zephyr-ws/zephyr/include/zephyr/toolchain/llvm.h:119:9: warning: '__INT8_C' macro redefined [-Wmacro-redefined]
  119 | #define __INT8_C(x)     int_c(x, __int_least8_c_suffix__)
      |         ^
<built-in>:179:9: note: previous definition is here
  179 | #define __INT8_C(c) c
      |         ^
In file included from /Users/gjonesblackcyton/Documents/src/klausscpu-runtime/zephyr-ws/zephyr/kernel/errno.c:15:
In file included from /Users/gjonesblackcyton/Documents/src/klausscpu-runtime/zephyr-ws/zephyr/include/zephyr/kernel.h:17:
In file included from /Users/gjonesblackcyton/Documents/src/klausscpu-runtime/zephyr-ws/zephyr/include/zephyr/kernel_includes.h:23:
In file included from /Users/gjonesblackcyton/Documents/src/klausscpu-runtime/zephyr-ws/zephyr/include/zephyr/toolchain.h:48:
/Users/gjonesblackcyton/Documents/src/klausscpu-runtime/zephyr-ws/zephyr/include/zephyr/toolchain/llvm.h:120:9: warning: '__UINT8_C' macro redefined [-Wmacro-redefined]
  120 | #define __UINT8_C(x)    uint_c(x, __int_least8_c_suffix__)
      |         ^
<built-in>:201:9: note: previous definition is here
  201 | #define __UINT8_C(c) c
      |         ^
In file included from /Users/gjonesblackcyton/Documents/src/klausscpu-runtime/zephyr-ws/zephyr/kernel/errno.c:15:
In file included from /Users/gjonesblackcyton/Documents/src/klausscpu-runtime/zephyr-ws/zephyr/include/zephyr/kernel.h:17:
In file included from /Users/gjonesblackcyton/Documents/src/klausscpu-runtime/zephyr-ws/zephyr/include/zephyr/kernel_includes.h:23:
In file included from /Users/gjonesblackcyton/Documents/src/klausscpu-runtime/zephyr-ws/zephyr/include/zephyr/toolchain.h:48:
/Users/gjonesblackcyton/Documents/src/klausscpu-runtime/zephyr-ws/zephyr/include/zephyr/toolchain/llvm.h:127:9: warning: '__INTMAX_C' macro redefined [-Wmacro-redefined]
  127 | #define __INTMAX_C(x)   int_c(x, __INTMAX_C_SUFFIX__)
      |         ^
<built-in>:98:9: note: previous definition is here
   98 | #define __INTMAX_C(c) c##L
      |         ^
In file included from /Users/gjonesblackcyton/Documents/src/klausscpu-runtime/zephyr-ws/zephyr/kernel/errno.c:15:
In file included from /Users/gjonesblackcyton/Documents/src/klausscpu-runtime/zephyr-ws/zephyr/include/zephyr/kernel.h:17:
In file included from /Users/gjonesblackcyton/Documents/src/klausscpu-runtime/zephyr-ws/zephyr/include/zephyr/kernel_includes.h:23:
In file included from /Users/gjonesblackcyton/Documents/src/klausscpu-runtime/zephyr-ws/zephyr/include/zephyr/toolchain.h:48:
/Users/gjonesblackcyton/Documents/src/klausscpu-runtime/zephyr-ws/zephyr/include/zephyr/toolchain/llvm.h:128:9: warning: '__UINTMAX_C' macro redefined [-Wmacro-redefined]
  128 | #define __UINTMAX_C(x)  int_c(x, __UINTMAX_C_SUFFIX__)
      |         ^
<built-in>:105:9: note: previous definition is here
  105 | #define __UINTMAX_C(c) c##UL
      |         ^
6 warnings generated.
[94/144] Building C object zephyr/kernel/CMakeFiles/kernel.dir/banner.c.obj
In file included from /Users/gjonesblackcyton/Documents/src/klausscpu-runtime/zephyr-ws/zephyr/kernel/banner.c:7:
In file included from /Users/gjonesblackcyton/Documents/src/klausscpu-runtime/zephyr-ws/zephyr/include/zephyr/kernel.h:17:
In file included from /Users/gjonesblackcyton/Documents/src/klausscpu-runtime/zephyr-ws/zephyr/include/zephyr/kernel_includes.h:23:
In file included from /Users/gjonesblackcyton/Documents/src/klausscpu-runtime/zephyr-ws/zephyr/include/zephyr/toolchain.h:48:
/Users/gjonesblackcyton/Documents/src/klausscpu-runtime/zephyr-ws/zephyr/include/zephyr/toolchain/llvm.h:102:9: warning: '__INT16_C' macro redefined [-Wmacro-redefined]
  102 | #define __INT16_C(x)    int_c(x, __int_least16_c_suffix__)
      |         ^
<built-in>:184:9: note: previous definition is here
  184 | #define __INT16_C(c) c
      |         ^
In file included from /Users/gjonesblackcyton/Documents/src/klausscpu-runtime/zephyr-ws/zephyr/kernel/banner.c:7:
In file included from /Users/gjonesblackcyton/Documents/src/klausscpu-runtime/zephyr-ws/zephyr/include/zephyr/kernel.h:17:
In file included from /Users/gjonesblackcyton/Documents/src/klausscpu-runtime/zephyr-ws/zephyr/include/zephyr/kernel_includes.h:23:
In file included from /Users/gjonesblackcyton/Documents/src/klausscpu-runtime/zephyr-ws/zephyr/include/zephyr/toolchain.h:48:
/Users/gjonesblackcyton/Documents/src/klausscpu-runtime/zephyr-ws/zephyr/include/zephyr/toolchain/llvm.h:103:9: warning: '__UINT16_C' macro redefined [-Wmacro-redefined]
  103 | #define __UINT16_C(x)   uint_c(x, __int_least16_c_suffix__)
      |         ^
<built-in>:210:9: note: previous definition is here
  210 | #define __UINT16_C(c) c
      |         ^
In file included from /Users/gjonesblackcyton/Documents/src/klausscpu-runtime/zephyr-ws/zephyr/kernel/banner.c:7:
In file included from /Users/gjonesblackcyton/Documents/src/klausscpu-runtime/zephyr-ws/zephyr/include/zephyr/kernel.h:17:
In file included from /Users/gjonesblackcyton/Documents/src/klausscpu-runtime/zephyr-ws/zephyr/include/zephyr/kernel_includes.h:23:
In file included from /Users/gjonesblackcyton/Documents/src/klausscpu-runtime/zephyr-ws/zephyr/include/zephyr/toolchain.h:48:
/Users/gjonesblackcyton/Documents/src/klausscpu-runtime/zephyr-ws/zephyr/include/zephyr/toolchain/llvm.h:119:9: warning: '__INT8_C' macro redefined [-Wmacro-redefined]
  119 | #define __INT8_C(x)     int_c(x, __int_least8_c_suffix__)
      |         ^
<built-in>:179:9: note: previous definition is here
  179 | #define __INT8_C(c) c
      |         ^
In file included from /Users/gjonesblackcyton/Documents/src/klausscpu-runtime/zephyr-ws/zephyr/kernel/banner.c:7:
In file included from /Users/gjonesblackcyton/Documents/src/klausscpu-runtime/zephyr-ws/zephyr/include/zephyr/kernel.h:17:
In file included from /Users/gjonesblackcyton/Documents/src/klausscpu-runtime/zephyr-ws/zephyr/include/zephyr/kernel_includes.h:23:
In file included from /Users/gjonesblackcyton/Documents/src/klausscpu-runtime/zephyr-ws/zephyr/include/zephyr/toolchain.h:48:
/Users/gjonesblackcyton/Documents/src/klausscpu-runtime/zephyr-ws/zephyr/include/zephyr/toolchain/llvm.h:120:9: warning: '__UINT8_C' macro redefined [-Wmacro-redefined]
  120 | #define __UINT8_C(x)    uint_c(x, __int_least8_c_suffix__)
      |         ^
<built-in>:201:9: note: previous definition is here
  201 | #define __UINT8_C(c) c
      |         ^
In file included from /Users/gjonesblackcyton/Documents/src/klausscpu-runtime/zephyr-ws/zephyr/kernel/banner.c:7:
In file included from /Users/gjonesblackcyton/Documents/src/klausscpu-runtime/zephyr-ws/zephyr/include/zephyr/kernel.h:17:
In file included from /Users/gjonesblackcyton/Documents/src/klausscpu-runtime/zephyr-ws/zephyr/include/zephyr/kernel_includes.h:23:
In file included from /Users/gjonesblackcyton/Documents/src/klausscpu-runtime/zephyr-ws/zephyr/include/zephyr/toolchain.h:48:
/Users/gjonesblackcyton/Documents/src/klausscpu-runtime/zephyr-ws/zephyr/include/zephyr/toolchain/llvm.h:127:9: warning: '__INTMAX_C' macro redefined [-Wmacro-redefined]
  127 | #define __INTMAX_C(x)   int_c(x, __INTMAX_C_SUFFIX__)
      |         ^
<built-in>:98:9: note: previous definition is here
   98 | #define __INTMAX_C(c) c##L
      |         ^
In file included from /Users/gjonesblackcyton/Documents/src/klausscpu-runtime/zephyr-ws/zephyr/kernel/banner.c:7:
In file included from /Users/gjonesblackcyton/Documents/src/klausscpu-runtime/zephyr-ws/zephyr/include/zephyr/kernel.h:17:
In file included from /Users/gjonesblackcyton/Documents/src/klausscpu-runtime/zephyr-ws/zephyr/include/zephyr/kernel_includes.h:23:
In file included from /Users/gjonesblackcyton/Documents/src/klausscpu-runtime/zephyr-ws/zephyr/include/zephyr/toolchain.h:48:
/Users/gjonesblackcyton/Documents/src/klausscpu-runtime/zephyr-ws/zephyr/include/zephyr/toolchain/llvm.h:128:9: warning: '__UINTMAX_C' macro redefined [-Wmacro-redefined]
  128 | #define __UINTMAX_C(x)  int_c(x, __UINTMAX_C_SUFFIX__)
      |         ^
<built-in>:105:9: note: previous definition is here
  105 | #define __UINTMAX_C(c) c##UL
      |         ^
6 warnings generated.
[95/144] Building C object zephyr/kernel/CMakeFiles/kernel.dir/busy_wait.c.obj
In file included from /Users/gjonesblackcyton/Documents/src/klausscpu-runtime/zephyr-ws/zephyr/kernel/busy_wait.c:7:
In file included from /Users/gjonesblackcyton/Documents/src/klausscpu-runtime/zephyr-ws/zephyr/include/zephyr/kernel.h:17:
In file included from /Users/gjonesblackcyton/Documents/src/klausscpu-runtime/zephyr-ws/zephyr/include/zephyr/kernel_includes.h:23:
In file included from /Users/gjonesblackcyton/Documents/src/klausscpu-runtime/zephyr-ws/zephyr/include/zephyr/toolchain.h:48:
/Users/gjonesblackcyton/Documents/src/klausscpu-runtime/zephyr-ws/zephyr/include/zephyr/toolchain/llvm.h:102:9: warning: '__INT16_C' macro redefined [-Wmacro-redefined]
  102 | #define __INT16_C(x)    int_c(x, __int_least16_c_suffix__)
      |         ^
<built-in>:184:9: note: previous definition is here
  184 | #define __INT16_C(c) c
      |         ^
In file included from /Users/gjonesblackcyton/Documents/src/klausscpu-runtime/zephyr-ws/zephyr/kernel/busy_wait.c:7:
In file included from /Users/gjonesblackcyton/Documents/src/klausscpu-runtime/zephyr-ws/zephyr/include/zephyr/kernel.h:17:
In file included from /Users/gjonesblackcyton/Documents/src/klausscpu-runtime/zephyr-ws/zephyr/include/zephyr/kernel_includes.h:23:
In file included from /Users/gjonesblackcyton/Documents/src/klausscpu-runtime/zephyr-ws/zephyr/include/zephyr/toolchain.h:48:
/Users/gjonesblackcyton/Documents/src/klausscpu-runtime/zephyr-ws/zephyr/include/zephyr/toolchain/llvm.h:103:9: warning: '__UINT16_C' macro redefined [-Wmacro-redefined]
  103 | #define __UINT16_C(x)   uint_c(x, __int_least16_c_suffix__)
      |         ^
<built-in>:210:9: note: previous definition is here
  210 | #define __UINT16_C(c) c
      |         ^
In file included from /Users/gjonesblackcyton/Documents/src/klausscpu-runtime/zephyr-ws/zephyr/kernel/busy_wait.c:7:
In file included from /Users/gjonesblackcyton/Documents/src/klausscpu-runtime/zephyr-ws/zephyr/include/zephyr/kernel.h:17:
In file included from /Users/gjonesblackcyton/Documents/src/klausscpu-runtime/zephyr-ws/zephyr/include/zephyr/kernel_includes.h:23:
In file included from /Users/gjonesblackcyton/Documents/src/klausscpu-runtime/zephyr-ws/zephyr/include/zephyr/toolchain.h:48:
/Users/gjonesblackcyton/Documents/src/klausscpu-runtime/zephyr-ws/zephyr/include/zephyr/toolchain/llvm.h:119:9: warning: '__INT8_C' macro redefined [-Wmacro-redefined]
  119 | #define __INT8_C(x)     int_c(x, __int_least8_c_suffix__)
      |         ^
<built-in>:179:9: note: previous definition is here
  179 | #define __INT8_C(c) c
      |         ^
In file included from /Users/gjonesblackcyton/Documents/src/klausscpu-runtime/zephyr-ws/zephyr/kernel/busy_wait.c:7:
In file included from /Users/gjonesblackcyton/Documents/src/klausscpu-runtime/zephyr-ws/zephyr/include/zephyr/kernel.h:17:
In file included from /Users/gjonesblackcyton/Documents/src/klausscpu-runtime/zephyr-ws/zephyr/include/zephyr/kernel_includes.h:23:
In file included from /Users/gjonesblackcyton/Documents/src/klausscpu-runtime/zephyr-ws/zephyr/include/zephyr/toolchain.h:48:
/Users/gjonesblackcyton/Documents/src/klausscpu-runtime/zephyr-ws/zephyr/include/zephyr/toolchain/llvm.h:120:9: warning: '__UINT8_C' macro redefined [-Wmacro-redefined]
  120 | #define __UINT8_C(x)    uint_c(x, __int_least8_c_suffix__)
      |         ^
<built-in>:201:9: note: previous definition is here
  201 | #define __UINT8_C(c) c
      |         ^
In file included from /Users/gjonesblackcyton/Documents/src/klausscpu-runtime/zephyr-ws/zephyr/kernel/busy_wait.c:7:
In file included from /Users/gjonesblackcyton/Documents/src/klausscpu-runtime/zephyr-ws/zephyr/include/zephyr/kernel.h:17:
In file included from /Users/gjonesblackcyton/Documents/src/klausscpu-runtime/zephyr-ws/zephyr/include/zephyr/kernel_includes.h:23:
In file included from /Users/gjonesblackcyton/Documents/src/klausscpu-runtime/zephyr-ws/zephyr/include/zephyr/toolchain.h:48:
/Users/gjonesblackcyton/Documents/src/klausscpu-runtime/zephyr-ws/zephyr/include/zephyr/toolchain/llvm.h:127:9: warning: '__INTMAX_C' macro redefined [-Wmacro-redefined]
  127 | #define __INTMAX_C(x)   int_c(x, __INTMAX_C_SUFFIX__)
      |         ^
<built-in>:98:9: note: previous definition is here
   98 | #define __INTMAX_C(c) c##L
      |         ^
In file included from /Users/gjonesblackcyton/Documents/src/klausscpu-runtime/zephyr-ws/zephyr/kernel/busy_wait.c:7:
In file included from /Users/gjonesblackcyton/Documents/src/klausscpu-runtime/zephyr-ws/zephyr/include/zephyr/kernel.h:17:
In file included from /Users/gjonesblackcyton/Documents/src/klausscpu-runtime/zephyr-ws/zephyr/include/zephyr/kernel_includes.h:23:
In file included from /Users/gjonesblackcyton/Documents/src/klausscpu-runtime/zephyr-ws/zephyr/include/zephyr/toolchain.h:48:
/Users/gjonesblackcyton/Documents/src/klausscpu-runtime/zephyr-ws/zephyr/include/zephyr/toolchain/llvm.h:128:9: warning: '__UINTMAX_C' macro redefined [-Wmacro-redefined]
  128 | #define __UINTMAX_C(x)  int_c(x, __UINTMAX_C_SUFFIX__)
      |         ^
<built-in>:105:9: note: previous definition is here
  105 | #define __UINTMAX_C(c) c##UL
      |         ^
6 warnings generated.
[96/144] Building C object zephyr/kernel/CMakeFiles/kernel.dir/init_static.c.obj
[97/144] Building C object modules/klausscpu-zephyr/drivers/ethernet/CMakeFiles/..__klausscpu-zephyr__drivers__ethernet.dir/eth_klausscpu.c.obj
In file included from /Users/gjonesblackcyton/Documents/src/klausscpu-runtime/zephyr-ws/klausscpu-zephyr/drivers/ethernet/eth_klausscpu.c:12:
In file included from /Users/gjonesblackcyton/Documents/src/klausscpu-runtime/zephyr-ws/zephyr/include/zephyr/kernel.h:17:
In file included from /Users/gjonesblackcyton/Documents/src/klausscpu-runtime/zephyr-ws/zephyr/include/zephyr/kernel_includes.h:23:
In file included from /Users/gjonesblackcyton/Documents/src/klausscpu-runtime/zephyr-ws/zephyr/include/zephyr/toolchain.h:48:
/Users/gjonesblackcyton/Documents/src/klausscpu-runtime/zephyr-ws/zephyr/include/zephyr/toolchain/llvm.h:102:9: warning: '__INT16_C' macro redefined [-Wmacro-redefined]
  102 | #define __INT16_C(x)    int_c(x, __int_least16_c_suffix__)
      |         ^
<built-in>:184:9: note: previous definition is here
  184 | #define __INT16_C(c) c
      |         ^
In file included from /Users/gjonesblackcyton/Documents/src/klausscpu-runtime/zephyr-ws/klausscpu-zephyr/drivers/ethernet/eth_klausscpu.c:12:
In file included from /Users/gjonesblackcyton/Documents/src/klausscpu-runtime/zephyr-ws/zephyr/include/zephyr/kernel.h:17:
In file included from /Users/gjonesblackcyton/Documents/src/klausscpu-runtime/zephyr-ws/zephyr/include/zephyr/kernel_includes.h:23:
In file included from /Users/gjonesblackcyton/Documents/src/klausscpu-runtime/zephyr-ws/zephyr/include/zephyr/toolchain.h:48:
/Users/gjonesblackcyton/Documents/src/klausscpu-runtime/zephyr-ws/zephyr/include/zephyr/toolchain/llvm.h:103:9: warning: '__UINT16_C' macro redefined [-Wmacro-redefined]
  103 | #define __UINT16_C(x)   uint_c(x, __int_least16_c_suffix__)
      |         ^
<built-in>:210:9: note: previous definition is here
  210 | #define __UINT16_C(c) c
      |         ^
In file included from /Users/gjonesblackcyton/Documents/src/klausscpu-runtime/zephyr-ws/klausscpu-zephyr/drivers/ethernet/eth_klausscpu.c:12:
In file included from /Users/gjonesblackcyton/Documents/src/klausscpu-runtime/zephyr-ws/zephyr/include/zephyr/kernel.h:17:
In file included from /Users/gjonesblackcyton/Documents/src/klausscpu-runtime/zephyr-ws/zephyr/include/zephyr/kernel_includes.h:23:
In file included from /Users/gjonesblackcyton/Documents/src/klausscpu-runtime/zephyr-ws/zephyr/include/zephyr/toolchain.h:48:
/Users/gjonesblackcyton/Documents/src/klausscpu-runtime/zephyr-ws/zephyr/include/zephyr/toolchain/llvm.h:119:9: warning: '__INT8_C' macro redefined [-Wmacro-redefined]
  119 | #define __INT8_C(x)     int_c(x, __int_least8_c_suffix__)
      |         ^
<built-in>:179:9: note: previous definition is here
  179 | #define __INT8_C(c) c
      |         ^
In file included from /Users/gjonesblackcyton/Documents/src/klausscpu-runtime/zephyr-ws/klausscpu-zephyr/drivers/ethernet/eth_klausscpu.c:12:
In file included from /Users/gjonesblackcyton/Documents/src/klausscpu-runtime/zephyr-ws/zephyr/include/zephyr/kernel.h:17:
In file included from /Users/gjonesblackcyton/Documents/src/klausscpu-runtime/zephyr-ws/zephyr/include/zephyr/kernel_includes.h:23:
In file included from /Users/gjonesblackcyton/Documents/src/klausscpu-runtime/zephyr-ws/zephyr/include/zephyr/toolchain.h:48:
/Users/gjonesblackcyton/Documents/src/klausscpu-runtime/zephyr-ws/zephyr/include/zephyr/toolchain/llvm.h:120:9: warning: '__UINT8_C' macro redefined [-Wmacro-redefined]
  120 | #define __UINT8_C(x)    uint_c(x, __int_least8_c_suffix__)
      |         ^
<built-in>:201:9: note: previous definition is here
  201 | #define __UINT8_C(c) c
      |         ^
In file included from /Users/gjonesblackcyton/Documents/src/klausscpu-runtime/zephyr-ws/klausscpu-zephyr/drivers/ethernet/eth_klausscpu.c:12:
In file included from /Users/gjonesblackcyton/Documents/src/klausscpu-runtime/zephyr-ws/zephyr/include/zephyr/kernel.h:17:
In file included from /Users/gjonesblackcyton/Documents/src/klausscpu-runtime/zephyr-ws/zephyr/include/zephyr/kernel_includes.h:23:
In file included from /Users/gjonesblackcyton/Documents/src/klausscpu-runtime/zephyr-ws/zephyr/include/zephyr/toolchain.h:48:
/Users/gjonesblackcyton/Documents/src/klausscpu-runtime/zephyr-ws/zephyr/include/zephyr/toolchain/llvm.h:127:9: warning: '__INTMAX_C' macro redefined [-Wmacro-redefined]
  127 | #define __INTMAX_C(x)   int_c(x, __INTMAX_C_SUFFIX__)
      |         ^
<built-in>:98:9: note: previous definition is here
   98 | #define __INTMAX_C(c) c##L
      |         ^
In file included from /Users/gjonesblackcyton/Documents/src/klausscpu-runtime/zephyr-ws/klausscpu-zephyr/drivers/ethernet/eth_klausscpu.c:12:
In file included from /Users/gjonesblackcyton/Documents/src/klausscpu-runtime/zephyr-ws/zephyr/include/zephyr/kernel.h:17:
In file included from /Users/gjonesblackcyton/Documents/src/klausscpu-runtime/zephyr-ws/zephyr/include/zephyr/kernel_includes.h:23:
In file included from /Users/gjonesblackcyton/Documents/src/klausscpu-runtime/zephyr-ws/zephyr/include/zephyr/toolchain.h:48:
/Users/gjonesblackcyton/Documents/src/klausscpu-runtime/zephyr-ws/zephyr/include/zephyr/toolchain/llvm.h:128:9: warning: '__UINTMAX_C' macro redefined [-Wmacro-redefined]
  128 | #define __UINTMAX_C(x)  int_c(x, __UINTMAX_C_SUFFIX__)
      |         ^
<built-in>:105:9: note: previous definition is here
  105 | #define __UINTMAX_C(c) c##UL
      |         ^
6 warnings generated.
[98/144] Building C object zephyr/subsys/net/lib/dhcpv4/CMakeFiles/subsys__net__lib__dhcpv4.dir/dhcpv4.c.obj
In file included from /Users/gjonesblackcyton/Documents/src/klausscpu-runtime/zephyr-ws/zephyr/subsys/net/lib/dhcpv4/dhcpv4.c:13:
In file included from /Users/gjonesblackcyton/Documents/src/klausscpu-runtime/zephyr-ws/zephyr/include/zephyr/logging/log.h:10:
In file included from /Users/gjonesblackcyton/Documents/src/klausscpu-runtime/zephyr-ws/zephyr/include/zephyr/logging/log_instance.h:10:
In file included from /Users/gjonesblackcyton/Documents/src/klausscpu-runtime/zephyr-ws/zephyr/include/zephyr/sys/iterable_sections.h:10:
In file included from /Users/gjonesblackcyton/Documents/src/klausscpu-runtime/zephyr-ws/zephyr/include/zephyr/sys/__assert.h:11:
In file included from /Users/gjonesblackcyton/Documents/src/klausscpu-runtime/zephyr-ws/zephyr/include/zephyr/toolchain.h:48:
/Users/gjonesblackcyton/Documents/src/klausscpu-runtime/zephyr-ws/zephyr/include/zephyr/toolchain/llvm.h:102:9: warning: '__INT16_C' macro redefined [-Wmacro-redefined]
  102 | #define __INT16_C(x)    int_c(x, __int_least16_c_suffix__)
      |         ^
<built-in>:184:9: note: previous definition is here
  184 | #define __INT16_C(c) c
      |         ^
In file included from /Users/gjonesblackcyton/Documents/src/klausscpu-runtime/zephyr-ws/zephyr/subsys/net/lib/dhcpv4/dhcpv4.c:13:
In file included from /Users/gjonesblackcyton/Documents/src/klausscpu-runtime/zephyr-ws/zephyr/include/zephyr/logging/log.h:10:
In file included from /Users/gjonesblackcyton/Documents/src/klausscpu-runtime/zephyr-ws/zephyr/include/zephyr/logging/log_instance.h:10:
In file included from /Users/gjonesblackcyton/Documents/src/klausscpu-runtime/zephyr-ws/zephyr/include/zephyr/sys/iterable_sections.h:10:
In file included from /Users/gjonesblackcyton/Documents/src/klausscpu-runtime/zephyr-ws/zephyr/include/zephyr/sys/__assert.h:11:
In file included from /Users/gjonesblackcyton/Documents/src/klausscpu-runtime/zephyr-ws/zephyr/include/zephyr/toolchain.h:48:
/Users/gjonesblackcyton/Documents/src/klausscpu-runtime/zephyr-ws/zephyr/include/zephyr/toolchain/llvm.h:103:9: warning: '__UINT16_C' macro redefined [-Wmacro-redefined]
  103 | #define __UINT16_C(x)   uint_c(x, __int_least16_c_suffix__)
      |         ^
<built-in>:210:9: note: previous definition is here
  210 | #define __UINT16_C(c) c
      |         ^
In file included from /Users/gjonesblackcyton/Documents/src/klausscpu-runtime/zephyr-ws/zephyr/subsys/net/lib/dhcpv4/dhcpv4.c:13:
In file included from /Users/gjonesblackcyton/Documents/src/klausscpu-runtime/zephyr-ws/zephyr/include/zephyr/logging/log.h:10:
In file included from /Users/gjonesblackcyton/Documents/src/klausscpu-runtime/zephyr-ws/zephyr/include/zephyr/logging/log_instance.h:10:
In file included from /Users/gjonesblackcyton/Documents/src/klausscpu-runtime/zephyr-ws/zephyr/include/zephyr/sys/iterable_sections.h:10:
In file included from /Users/gjonesblackcyton/Documents/src/klausscpu-runtime/zephyr-ws/zephyr/include/zephyr/sys/__assert.h:11:
In file included from /Users/gjonesblackcyton/Documents/src/klausscpu-runtime/zephyr-ws/zephyr/include/zephyr/toolchain.h:48:
/Users/gjonesblackcyton/Documents/src/klausscpu-runtime/zephyr-ws/zephyr/include/zephyr/toolchain/llvm.h:119:9: warning: '__INT8_C' macro redefined [-Wmacro-redefined]
  119 | #define __INT8_C(x)     int_c(x, __int_least8_c_suffix__)
      |         ^
<built-in>:179:9: note: previous definition is here
  179 | #define __INT8_C(c) c
      |         ^
In file included from /Users/gjonesblackcyton/Documents/src/klausscpu-runtime/zephyr-ws/zephyr/subsys/net/lib/dhcpv4/dhcpv4.c:13:
In file included from /Users/gjonesblackcyton/Documents/src/klausscpu-runtime/zephyr-ws/zephyr/include/zephyr/logging/log.h:10:
In file included from /Users/gjonesblackcyton/Documents/src/klausscpu-runtime/zephyr-ws/zephyr/include/zephyr/logging/log_instance.h:10:
In file included from /Users/gjonesblackcyton/Documents/src/klausscpu-runtime/zephyr-ws/zephyr/include/zephyr/sys/iterable_sections.h:10:
In file included from /Users/gjonesblackcyton/Documents/src/klausscpu-runtime/zephyr-ws/zephyr/include/zephyr/sys/__assert.h:11:
In file included from /Users/gjonesblackcyton/Documents/src/klausscpu-runtime/zephyr-ws/zephyr/include/zephyr/toolchain.h:48:
/Users/gjonesblackcyton/Documents/src/klausscpu-runtime/zephyr-ws/zephyr/include/zephyr/toolchain/llvm.h:120:9: warning: '__UINT8_C' macro redefined [-Wmacro-redefined]
  120 | #define __UINT8_C(x)    uint_c(x, __int_least8_c_suffix__)
      |         ^
<built-in>:201:9: note: previous definition is here
  201 | #define __UINT8_C(c) c
      |         ^
In file included from /Users/gjonesblackcyton/Documents/src/klausscpu-runtime/zephyr-ws/zephyr/subsys/net/lib/dhcpv4/dhcpv4.c:13:
In file included from /Users/gjonesblackcyton/Documents/src/klausscpu-runtime/zephyr-ws/zephyr/include/zephyr/logging/log.h:10:
In file included from /Users/gjonesblackcyton/Documents/src/klausscpu-runtime/zephyr-ws/zephyr/include/zephyr/logging/log_instance.h:10:
In file included from /Users/gjonesblackcyton/Documents/src/klausscpu-runtime/zephyr-ws/zephyr/include/zephyr/sys/iterable_sections.h:10:
In file included from /Users/gjonesblackcyton/Documents/src/klausscpu-runtime/zephyr-ws/zephyr/include/zephyr/sys/__assert.h:11:
In file included from /Users/gjonesblackcyton/Documents/src/klausscpu-runtime/zephyr-ws/zephyr/include/zephyr/toolchain.h:48:
/Users/gjonesblackcyton/Documents/src/klausscpu-runtime/zephyr-ws/zephyr/include/zephyr/toolchain/llvm.h:127:9: warning: '__INTMAX_C' macro redefined [-Wmacro-redefined]
  127 | #define __INTMAX_C(x)   int_c(x, __INTMAX_C_SUFFIX__)
      |         ^
<built-in>:98:9: note: previous definition is here
   98 | #define __INTMAX_C(c) c##L
      |         ^
In file included from /Users/gjonesblackcyton/Documents/src/klausscpu-runtime/zephyr-ws/zephyr/subsys/net/lib/dhcpv4/dhcpv4.c:13:
In file included from /Users/gjonesblackcyton/Documents/src/klausscpu-runtime/zephyr-ws/zephyr/include/zephyr/logging/log.h:10:
In file included from /Users/gjonesblackcyton/Documents/src/klausscpu-runtime/zephyr-ws/zephyr/include/zephyr/logging/log_instance.h:10:
In file included from /Users/gjonesblackcyton/Documents/src/klausscpu-runtime/zephyr-ws/zephyr/include/zephyr/sys/iterable_sections.h:10:
In file included from /Users/gjonesblackcyton/Documents/src/klausscpu-runtime/zephyr-ws/zephyr/include/zephyr/sys/__assert.h:11:
In file included from /Users/gjonesblackcyton/Documents/src/klausscpu-runtime/zephyr-ws/zephyr/include/zephyr/toolchain.h:48:
/Users/gjonesblackcyton/Documents/src/klausscpu-runtime/zephyr-ws/zephyr/include/zephyr/toolchain/llvm.h:128:9: warning: '__UINTMAX_C' macro redefined [-Wmacro-redefined]
  128 | #define __UINTMAX_C(x)  int_c(x, __UINTMAX_C_SUFFIX__)
      |         ^
<built-in>:105:9: note: previous definition is here
  105 | #define __UINTMAX_C(c) c##UL
      |         ^
/Users/gjonesblackcyton/Documents/src/klausscpu-runtime/zephyr-ws/zephyr/subsys/net/lib/dhcpv4/dhcpv4.c:1855:28: warning: variable 'local_addr' is uninitialized when passed as a const pointer argument here [-Wuninitialized-const-pointer]
 1855 |         net_ipaddr_copy(&net_sin(&local_addr)->sin_addr,
      |                                   ^~~~~~~~~~
7 warnings generated.
[99/144] Building C object zephyr/kernel/CMakeFiles/kernel.dir/version.c.obj
[100/144] Building C object zephyr/kernel/CMakeFiles/kernel.dir/fatal.c.obj
In file included from /Users/gjonesblackcyton/Documents/src/klausscpu-runtime/zephyr-ws/zephyr/kernel/fatal.c:7:
In file included from /Users/gjonesblackcyton/Documents/src/klausscpu-runtime/zephyr-ws/zephyr/include/zephyr/kernel.h:17:
In file included from /Users/gjonesblackcyton/Documents/src/klausscpu-runtime/zephyr-ws/zephyr/include/zephyr/kernel_includes.h:23:
In file included from /Users/gjonesblackcyton/Documents/src/klausscpu-runtime/zephyr-ws/zephyr/include/zephyr/toolchain.h:48:
/Users/gjonesblackcyton/Documents/src/klausscpu-runtime/zephyr-ws/zephyr/include/zephyr/toolchain/llvm.h:102:9: warning: '__INT16_C' macro redefined [-Wmacro-redefined]
  102 | #define __INT16_C(x)    int_c(x, __int_least16_c_suffix__)
      |         ^
<built-in>:184:9: note: previous definition is here
  184 | #define __INT16_C(c) c
      |         ^
In file included from /Users/gjonesblackcyton/Documents/src/klausscpu-runtime/zephyr-ws/zephyr/kernel/fatal.c:7:
In file included from /Users/gjonesblackcyton/Documents/src/klausscpu-runtime/zephyr-ws/zephyr/include/zephyr/kernel.h:17:
In file included from /Users/gjonesblackcyton/Documents/src/klausscpu-runtime/zephyr-ws/zephyr/include/zephyr/kernel_includes.h:23:
In file included from /Users/gjonesblackcyton/Documents/src/klausscpu-runtime/zephyr-ws/zephyr/include/zephyr/toolchain.h:48:
/Users/gjonesblackcyton/Documents/src/klausscpu-runtime/zephyr-ws/zephyr/include/zephyr/toolchain/llvm.h:103:9: warning: '__UINT16_C' macro redefined [-Wmacro-redefined]
  103 | #define __UINT16_C(x)   uint_c(x, __int_least16_c_suffix__)
      |         ^
<built-in>:210:9: note: previous definition is here
  210 | #define __UINT16_C(c) c
      |         ^
In file included from /Users/gjonesblackcyton/Documents/src/klausscpu-runtime/zephyr-ws/zephyr/kernel/fatal.c:7:
In file included from /Users/gjonesblackcyton/Documents/src/klausscpu-runtime/zephyr-ws/zephyr/include/zephyr/kernel.h:17:
In file included from /Users/gjonesblackcyton/Documents/src/klausscpu-runtime/zephyr-ws/zephyr/include/zephyr/kernel_includes.h:23:
In file included from /Users/gjonesblackcyton/Documents/src/klausscpu-runtime/zephyr-ws/zephyr/include/zephyr/toolchain.h:48:
/Users/gjonesblackcyton/Documents/src/klausscpu-runtime/zephyr-ws/zephyr/include/zephyr/toolchain/llvm.h:119:9: warning: '__INT8_C' macro redefined [-Wmacro-redefined]
  119 | #define __INT8_C(x)     int_c(x, __int_least8_c_suffix__)
      |         ^
<built-in>:179:9: note: previous definition is here
  179 | #define __INT8_C(c) c
      |         ^
In file included from /Users/gjonesblackcyton/Documents/src/klausscpu-runtime/zephyr-ws/zephyr/kernel/fatal.c:7:
In file included from /Users/gjonesblackcyton/Documents/src/klausscpu-runtime/zephyr-ws/zephyr/include/zephyr/kernel.h:17:
In file included from /Users/gjonesblackcyton/Documents/src/klausscpu-runtime/zephyr-ws/zephyr/include/zephyr/kernel_includes.h:23:
In file included from /Users/gjonesblackcyton/Documents/src/klausscpu-runtime/zephyr-ws/zephyr/include/zephyr/toolchain.h:48:
/Users/gjonesblackcyton/Documents/src/klausscpu-runtime/zephyr-ws/zephyr/include/zephyr/toolchain/llvm.h:120:9: warning: '__UINT8_C' macro redefined [-Wmacro-redefined]
  120 | #define __UINT8_C(x)    uint_c(x, __int_least8_c_suffix__)
      |         ^
<built-in>:201:9: note: previous definition is here
  201 | #define __UINT8_C(c) c
      |         ^
In file included from /Users/gjonesblackcyton/Documents/src/klausscpu-runtime/zephyr-ws/zephyr/kernel/fatal.c:7:
In file included from /Users/gjonesblackcyton/Documents/src/klausscpu-runtime/zephyr-ws/zephyr/include/zephyr/kernel.h:17:
In file included from /Users/gjonesblackcyton/Documents/src/klausscpu-runtime/zephyr-ws/zephyr/include/zephyr/kernel_includes.h:23:
In file included from /Users/gjonesblackcyton/Documents/src/klausscpu-runtime/zephyr-ws/zephyr/include/zephyr/toolchain.h:48:
/Users/gjonesblackcyton/Documents/src/klausscpu-runtime/zephyr-ws/zephyr/include/zephyr/toolchain/llvm.h:127:9: warning: '__INTMAX_C' macro redefined [-Wmacro-redefined]
  127 | #define __INTMAX_C(x)   int_c(x, __INTMAX_C_SUFFIX__)
      |         ^
<built-in>:98:9: note: previous definition is here
   98 | #define __INTMAX_C(c) c##L
      |         ^
In file included from /Users/gjonesblackcyton/Documents/src/klausscpu-runtime/zephyr-ws/zephyr/kernel/fatal.c:7:
In file included from /Users/gjonesblackcyton/Documents/src/klausscpu-runtime/zephyr-ws/zephyr/include/zephyr/kernel.h:17:
In file included from /Users/gjonesblackcyton/Documents/src/klausscpu-runtime/zephyr-ws/zephyr/include/zephyr/kernel_includes.h:23:
In file included from /Users/gjonesblackcyton/Documents/src/klausscpu-runtime/zephyr-ws/zephyr/include/zephyr/toolchain.h:48:
/Users/gjonesblackcyton/Documents/src/klausscpu-runtime/zephyr-ws/zephyr/include/zephyr/toolchain/llvm.h:128:9: warning: '__UINTMAX_C' macro redefined [-Wmacro-redefined]
  128 | #define __UINTMAX_C(x)  int_c(x, __UINTMAX_C_SUFFIX__)
      |         ^
<built-in>:105:9: note: previous definition is here
  105 | #define __UINTMAX_C(c) c##UL
      |         ^
6 warnings generated.
[101/144] Building C object modules/klausscpu-zephyr/vnc/CMakeFiles/..__klausscpu-zephyr__vnc.dir/vnc_server.c.obj
In file included from /Users/gjonesblackcyton/Documents/src/klausscpu-runtime/zephyr-ws/klausscpu-zephyr/vnc/vnc_server.c:26:
In file included from /Users/gjonesblackcyton/Documents/src/klausscpu-runtime/zephyr-ws/zephyr/include/zephyr/kernel.h:17:
In file included from /Users/gjonesblackcyton/Documents/src/klausscpu-runtime/zephyr-ws/zephyr/include/zephyr/kernel_includes.h:23:
In file included from /Users/gjonesblackcyton/Documents/src/klausscpu-runtime/zephyr-ws/zephyr/include/zephyr/toolchain.h:48:
/Users/gjonesblackcyton/Documents/src/klausscpu-runtime/zephyr-ws/zephyr/include/zephyr/toolchain/llvm.h:102:9: warning: '__INT16_C' macro redefined [-Wmacro-redefined]
  102 | #define __INT16_C(x)    int_c(x, __int_least16_c_suffix__)
      |         ^
<built-in>:184:9: note: previous definition is here
  184 | #define __INT16_C(c) c
      |         ^
In file included from /Users/gjonesblackcyton/Documents/src/klausscpu-runtime/zephyr-ws/klausscpu-zephyr/vnc/vnc_server.c:26:
In file included from /Users/gjonesblackcyton/Documents/src/klausscpu-runtime/zephyr-ws/zephyr/include/zephyr/kernel.h:17:
In file included from /Users/gjonesblackcyton/Documents/src/klausscpu-runtime/zephyr-ws/zephyr/include/zephyr/kernel_includes.h:23:
In file included from /Users/gjonesblackcyton/Documents/src/klausscpu-runtime/zephyr-ws/zephyr/include/zephyr/toolchain.h:48:
/Users/gjonesblackcyton/Documents/src/klausscpu-runtime/zephyr-ws/zephyr/include/zephyr/toolchain/llvm.h:103:9: warning: '__UINT16_C' macro redefined [-Wmacro-redefined]
  103 | #define __UINT16_C(x)   uint_c(x, __int_least16_c_suffix__)
      |         ^
<built-in>:210:9: note: previous definition is here
  210 | #define __UINT16_C(c) c
      |         ^
In file included from /Users/gjonesblackcyton/Documents/src/klausscpu-runtime/zephyr-ws/klausscpu-zephyr/vnc/vnc_server.c:26:
In file included from /Users/gjonesblackcyton/Documents/src/klausscpu-runtime/zephyr-ws/zephyr/include/zephyr/kernel.h:17:
In file included from /Users/gjonesblackcyton/Documents/src/klausscpu-runtime/zephyr-ws/zephyr/include/zephyr/kernel_includes.h:23:
In file included from /Users/gjonesblackcyton/Documents/src/klausscpu-runtime/zephyr-ws/zephyr/include/zephyr/toolchain.h:48:
/Users/gjonesblackcyton/Documents/src/klausscpu-runtime/zephyr-ws/zephyr/include/zephyr/toolchain/llvm.h:119:9: warning: '__INT8_C' macro redefined [-Wmacro-redefined]
  119 | #define __INT8_C(x)     int_c(x, __int_least8_c_suffix__)
      |         ^
<built-in>:179:9: note: previous definition is here
  179 | #define __INT8_C(c) c
      |         ^
In file included from /Users/gjonesblackcyton/Documents/src/klausscpu-runtime/zephyr-ws/klausscpu-zephyr/vnc/vnc_server.c:26:
In file included from /Users/gjonesblackcyton/Documents/src/klausscpu-runtime/zephyr-ws/zephyr/include/zephyr/kernel.h:17:
In file included from /Users/gjonesblackcyton/Documents/src/klausscpu-runtime/zephyr-ws/zephyr/include/zephyr/kernel_includes.h:23:
In file included from /Users/gjonesblackcyton/Documents/src/klausscpu-runtime/zephyr-ws/zephyr/include/zephyr/toolchain.h:48:
/Users/gjonesblackcyton/Documents/src/klausscpu-runtime/zephyr-ws/zephyr/include/zephyr/toolchain/llvm.h:120:9: warning: '__UINT8_C' macro redefined [-Wmacro-redefined]
  120 | #define __UINT8_C(x)    uint_c(x, __int_least8_c_suffix__)
      |         ^
<built-in>:201:9: note: previous definition is here
  201 | #define __UINT8_C(c) c
      |         ^
In file included from /Users/gjonesblackcyton/Documents/src/klausscpu-runtime/zephyr-ws/klausscpu-zephyr/vnc/vnc_server.c:26:
In file included from /Users/gjonesblackcyton/Documents/src/klausscpu-runtime/zephyr-ws/zephyr/include/zephyr/kernel.h:17:
In file included from /Users/gjonesblackcyton/Documents/src/klausscpu-runtime/zephyr-ws/zephyr/include/zephyr/kernel_includes.h:23:
In file included from /Users/gjonesblackcyton/Documents/src/klausscpu-runtime/zephyr-ws/zephyr/include/zephyr/toolchain.h:48:
/Users/gjonesblackcyton/Documents/src/klausscpu-runtime/zephyr-ws/zephyr/include/zephyr/toolchain/llvm.h:127:9: warning: '__INTMAX_C' macro redefined [-Wmacro-redefined]
  127 | #define __INTMAX_C(x)   int_c(x, __INTMAX_C_SUFFIX__)
      |         ^
<built-in>:98:9: note: previous definition is here
   98 | #define __INTMAX_C(c) c##L
      |         ^
In file included from /Users/gjonesblackcyton/Documents/src/klausscpu-runtime/zephyr-ws/klausscpu-zephyr/vnc/vnc_server.c:26:
In file included from /Users/gjonesblackcyton/Documents/src/klausscpu-runtime/zephyr-ws/zephyr/include/zephyr/kernel.h:17:
In file included from /Users/gjonesblackcyton/Documents/src/klausscpu-runtime/zephyr-ws/zephyr/include/zephyr/kernel_includes.h:23:
In file included from /Users/gjonesblackcyton/Documents/src/klausscpu-runtime/zephyr-ws/zephyr/include/zephyr/toolchain.h:48:
/Users/gjonesblackcyton/Documents/src/klausscpu-runtime/zephyr-ws/zephyr/include/zephyr/toolchain/llvm.h:128:9: warning: '__UINTMAX_C' macro redefined [-Wmacro-redefined]
  128 | #define __UINTMAX_C(x)  int_c(x, __UINTMAX_C_SUFFIX__)
      |         ^
<built-in>:105:9: note: previous definition is here
  105 | #define __UINTMAX_C(c) c##UL
      |         ^
6 warnings generated.
[102/144] Building C object zephyr/kernel/CMakeFiles/kernel.dir/float.c.obj
In file included from /Users/gjonesblackcyton/Documents/src/klausscpu-runtime/zephyr-ws/zephyr/kernel/float.c:7:
In file included from /Users/gjonesblackcyton/Documents/src/klausscpu-runtime/zephyr-ws/zephyr/include/zephyr/kernel.h:17:
In file included from /Users/gjonesblackcyton/Documents/src/klausscpu-runtime/zephyr-ws/zephyr/include/zephyr/kernel_includes.h:23:
In file included from /Users/gjonesblackcyton/Documents/src/klausscpu-runtime/zephyr-ws/zephyr/include/zephyr/toolchain.h:48:
/Users/gjonesblackcyton/Documents/src/klausscpu-runtime/zephyr-ws/zephyr/include/zephyr/toolchain/llvm.h:102:9: warning: '__INT16_C' macro redefined [-Wmacro-redefined]
  102 | #define __INT16_C(x)    int_c(x, __int_least16_c_suffix__)
      |         ^
<built-in>:184:9: note: previous definition is here
  184 | #define __INT16_C(c) c
      |         ^
In file included from /Users/gjonesblackcyton/Documents/src/klausscpu-runtime/zephyr-ws/zephyr/kernel/float.c:7:
In file included from /Users/gjonesblackcyton/Documents/src/klausscpu-runtime/zephyr-ws/zephyr/include/zephyr/kernel.h:17:
In file included from /Users/gjonesblackcyton/Documents/src/klausscpu-runtime/zephyr-ws/zephyr/include/zephyr/kernel_includes.h:23:
In file included from /Users/gjonesblackcyton/Documents/src/klausscpu-runtime/zephyr-ws/zephyr/include/zephyr/toolchain.h:48:
/Users/gjonesblackcyton/Documents/src/klausscpu-runtime/zephyr-ws/zephyr/include/zephyr/toolchain/llvm.h:103:9: warning: '__UINT16_C' macro redefined [-Wmacro-redefined]
  103 | #define __UINT16_C(x)   uint_c(x, __int_least16_c_suffix__)
      |         ^
<built-in>:210:9: note: previous definition is here
  210 | #define __UINT16_C(c) c
      |         ^
In file included from /Users/gjonesblackcyton/Documents/src/klausscpu-runtime/zephyr-ws/zephyr/kernel/float.c:7:
In file included from /Users/gjonesblackcyton/Documents/src/klausscpu-runtime/zephyr-ws/zephyr/include/zephyr/kernel.h:17:
In file included from /Users/gjonesblackcyton/Documents/src/klausscpu-runtime/zephyr-ws/zephyr/include/zephyr/kernel_includes.h:23:
In file included from /Users/gjonesblackcyton/Documents/src/klausscpu-runtime/zephyr-ws/zephyr/include/zephyr/toolchain.h:48:
/Users/gjonesblackcyton/Documents/src/klausscpu-runtime/zephyr-ws/zephyr/include/zephyr/toolchain/llvm.h:119:9: warning: '__INT8_C' macro redefined [-Wmacro-redefined]
  119 | #define __INT8_C(x)     int_c(x, __int_least8_c_suffix__)
      |         ^
<built-in>:179:9: note: previous definition is here
  179 | #define __INT8_C(c) c
      |         ^
In file included from /Users/gjonesblackcyton/Documents/src/klausscpu-runtime/zephyr-ws/zephyr/kernel/float.c:7:
In file included from /Users/gjonesblackcyton/Documents/src/klausscpu-runtime/zephyr-ws/zephyr/include/zephyr/kernel.h:17:
In file included from /Users/gjonesblackcyton/Documents/src/klausscpu-runtime/zephyr-ws/zephyr/include/zephyr/kernel_includes.h:23:
In file included from /Users/gjonesblackcyton/Documents/src/klausscpu-runtime/zephyr-ws/zephyr/include/zephyr/toolchain.h:48:
/Users/gjonesblackcyton/Documents/src/klausscpu-runtime/zephyr-ws/zephyr/include/zephyr/toolchain/llvm.h:120:9: warning: '__UINT8_C' macro redefined [-Wmacro-redefined]
  120 | #define __UINT8_C(x)    uint_c(x, __int_least8_c_suffix__)
      |         ^
<built-in>:201:9: note: previous definition is here
  201 | #define __UINT8_C(c) c
      |         ^
In file included from /Users/gjonesblackcyton/Documents/src/klausscpu-runtime/zephyr-ws/zephyr/kernel/float.c:7:
In file included from /Users/gjonesblackcyton/Documents/src/klausscpu-runtime/zephyr-ws/zephyr/include/zephyr/kernel.h:17:
In file included from /Users/gjonesblackcyton/Documents/src/klausscpu-runtime/zephyr-ws/zephyr/include/zephyr/kernel_includes.h:23:
In file included from /Users/gjonesblackcyton/Documents/src/klausscpu-runtime/zephyr-ws/zephyr/include/zephyr/toolchain.h:48:
/Users/gjonesblackcyton/Documents/src/klausscpu-runtime/zephyr-ws/zephyr/include/zephyr/toolchain/llvm.h:127:9: warning: '__INTMAX_C' macro redefined [-Wmacro-redefined]
  127 | #define __INTMAX_C(x)   int_c(x, __INTMAX_C_SUFFIX__)
      |         ^
<built-in>:98:9: note: previous definition is here
   98 | #define __INTMAX_C(c) c##L
      |         ^
In file included from /Users/gjonesblackcyton/Documents/src/klausscpu-runtime/zephyr-ws/zephyr/kernel/float.c:7:
In file included from /Users/gjonesblackcyton/Documents/src/klausscpu-runtime/zephyr-ws/zephyr/include/zephyr/kernel.h:17:
In file included from /Users/gjonesblackcyton/Documents/src/klausscpu-runtime/zephyr-ws/zephyr/include/zephyr/kernel_includes.h:23:
In file included from /Users/gjonesblackcyton/Documents/src/klausscpu-runtime/zephyr-ws/zephyr/include/zephyr/toolchain.h:48:
/Users/gjonesblackcyton/Documents/src/klausscpu-runtime/zephyr-ws/zephyr/include/zephyr/toolchain/llvm.h:128:9: warning: '__UINTMAX_C' macro redefined [-Wmacro-redefined]
  128 | #define __UINTMAX_C(x)  int_c(x, __UINTMAX_C_SUFFIX__)
      |         ^
<built-in>:105:9: note: previous definition is here
  105 | #define __UINTMAX_C(c) c##UL
      |         ^
6 warnings generated.
[103/144] Building C object zephyr/kernel/CMakeFiles/kernel.dir/kheap.c.obj
In file included from /Users/gjonesblackcyton/Documents/src/klausscpu-runtime/zephyr-ws/zephyr/kernel/kheap.c:7:
In file included from /Users/gjonesblackcyton/Documents/src/klausscpu-runtime/zephyr-ws/zephyr/include/zephyr/kernel.h:17:
In file included from /Users/gjonesblackcyton/Documents/src/klausscpu-runtime/zephyr-ws/zephyr/include/zephyr/kernel_includes.h:23:
In file included from /Users/gjonesblackcyton/Documents/src/klausscpu-runtime/zephyr-ws/zephyr/include/zephyr/toolchain.h:48:
/Users/gjonesblackcyton/Documents/src/klausscpu-runtime/zephyr-ws/zephyr/include/zephyr/toolchain/llvm.h:102:9: warning: '__INT16_C' macro redefined [-Wmacro-redefined]
  102 | #define __INT16_C(x)    int_c(x, __int_least16_c_suffix__)
      |         ^
<built-in>:184:9: note: previous definition is here
  184 | #define __INT16_C(c) c
      |         ^
In file included from /Users/gjonesblackcyton/Documents/src/klausscpu-runtime/zephyr-ws/zephyr/kernel/kheap.c:7:
In file included from /Users/gjonesblackcyton/Documents/src/klausscpu-runtime/zephyr-ws/zephyr/include/zephyr/kernel.h:17:
In file included from /Users/gjonesblackcyton/Documents/src/klausscpu-runtime/zephyr-ws/zephyr/include/zephyr/kernel_includes.h:23:
In file included from /Users/gjonesblackcyton/Documents/src/klausscpu-runtime/zephyr-ws/zephyr/include/zephyr/toolchain.h:48:
/Users/gjonesblackcyton/Documents/src/klausscpu-runtime/zephyr-ws/zephyr/include/zephyr/toolchain/llvm.h:103:9: warning: '__UINT16_C' macro redefined [-Wmacro-redefined]
  103 | #define __UINT16_C(x)   uint_c(x, __int_least16_c_suffix__)
      |         ^
<built-in>:210:9: note: previous definition is here
  210 | #define __UINT16_C(c) c
      |         ^
In file included from /Users/gjonesblackcyton/Documents/src/klausscpu-runtime/zephyr-ws/zephyr/kernel/kheap.c:7:
In file included from /Users/gjonesblackcyton/Documents/src/klausscpu-runtime/zephyr-ws/zephyr/include/zephyr/kernel.h:17:
In file included from /Users/gjonesblackcyton/Documents/src/klausscpu-runtime/zephyr-ws/zephyr/include/zephyr/kernel_includes.h:23:
In file included from /Users/gjonesblackcyton/Documents/src/klausscpu-runtime/zephyr-ws/zephyr/include/zephyr/toolchain.h:48:
/Users/gjonesblackcyton/Documents/src/klausscpu-runtime/zephyr-ws/zephyr/include/zephyr/toolchain/llvm.h:119:9: warning: '__INT8_C' macro redefined [-Wmacro-redefined]
  119 | #define __INT8_C(x)     int_c(x, __int_least8_c_suffix__)
      |         ^
<built-in>:179:9: note: previous definition is here
  179 | #define __INT8_C(c) c
      |         ^
In file included from /Users/gjonesblackcyton/Documents/src/klausscpu-runtime/zephyr-ws/zephyr/kernel/kheap.c:7:
In file included from /Users/gjonesblackcyton/Documents/src/klausscpu-runtime/zephyr-ws/zephyr/include/zephyr/kernel.h:17:
In file included from /Users/gjonesblackcyton/Documents/src/klausscpu-runtime/zephyr-ws/zephyr/include/zephyr/kernel_includes.h:23:
In file included from /Users/gjonesblackcyton/Documents/src/klausscpu-runtime/zephyr-ws/zephyr/include/zephyr/toolchain.h:48:
/Users/gjonesblackcyton/Documents/src/klausscpu-runtime/zephyr-ws/zephyr/include/zephyr/toolchain/llvm.h:120:9: warning: '__UINT8_C' macro redefined [-Wmacro-redefined]
  120 | #define __UINT8_C(x)    uint_c(x, __int_least8_c_suffix__)
      |         ^
<built-in>:201:9: note: previous definition is here
  201 | #define __UINT8_C(c) c
      |         ^
In file included from /Users/gjonesblackcyton/Documents/src/klausscpu-runtime/zephyr-ws/zephyr/kernel/kheap.c:7:
In file included from /Users/gjonesblackcyton/Documents/src/klausscpu-runtime/zephyr-ws/zephyr/include/zephyr/kernel.h:17:
In file included from /Users/gjonesblackcyton/Documents/src/klausscpu-runtime/zephyr-ws/zephyr/include/zephyr/kernel_includes.h:23:
In file included from /Users/gjonesblackcyton/Documents/src/klausscpu-runtime/zephyr-ws/zephyr/include/zephyr/toolchain.h:48:
/Users/gjonesblackcyton/Documents/src/klausscpu-runtime/zephyr-ws/zephyr/include/zephyr/toolchain/llvm.h:127:9: warning: '__INTMAX_C' macro redefined [-Wmacro-redefined]
  127 | #define __INTMAX_C(x)   int_c(x, __INTMAX_C_SUFFIX__)
      |         ^
<built-in>:98:9: note: previous definition is here
   98 | #define __INTMAX_C(c) c##L
      |         ^
In file included from /Users/gjonesblackcyton/Documents/src/klausscpu-runtime/zephyr-ws/zephyr/kernel/kheap.c:7:
In file included from /Users/gjonesblackcyton/Documents/src/klausscpu-runtime/zephyr-ws/zephyr/include/zephyr/kernel.h:17:
In file included from /Users/gjonesblackcyton/Documents/src/klausscpu-runtime/zephyr-ws/zephyr/include/zephyr/kernel_includes.h:23:
In file included from /Users/gjonesblackcyton/Documents/src/klausscpu-runtime/zephyr-ws/zephyr/include/zephyr/toolchain.h:48:
/Users/gjonesblackcyton/Documents/src/klausscpu-runtime/zephyr-ws/zephyr/include/zephyr/toolchain/llvm.h:128:9: warning: '__UINTMAX_C' macro redefined [-Wmacro-redefined]
  128 | #define __UINTMAX_C(x)  int_c(x, __UINTMAX_C_SUFFIX__)
      |         ^
<built-in>:105:9: note: previous definition is here
  105 | #define __UINTMAX_C(c) c##UL
      |         ^
6 warnings generated.
[104/144] Building C object zephyr/kernel/CMakeFiles/kernel.dir/mem_slab.c.obj
In file included from /Users/gjonesblackcyton/Documents/src/klausscpu-runtime/zephyr-ws/zephyr/kernel/mem_slab.c:7:
In file included from /Users/gjonesblackcyton/Documents/src/klausscpu-runtime/zephyr-ws/zephyr/include/zephyr/kernel.h:17:
In file included from /Users/gjonesblackcyton/Documents/src/klausscpu-runtime/zephyr-ws/zephyr/include/zephyr/kernel_includes.h:23:
In file included from /Users/gjonesblackcyton/Documents/src/klausscpu-runtime/zephyr-ws/zephyr/include/zephyr/toolchain.h:48:
/Users/gjonesblackcyton/Documents/src/klausscpu-runtime/zephyr-ws/zephyr/include/zephyr/toolchain/llvm.h:102:9: warning: '__INT16_C' macro redefined [-Wmacro-redefined]
  102 | #define __INT16_C(x)    int_c(x, __int_least16_c_suffix__)
      |         ^
<built-in>:184:9: note: previous definition is here
  184 | #define __INT16_C(c) c
      |         ^
In file included from /Users/gjonesblackcyton/Documents/src/klausscpu-runtime/zephyr-ws/zephyr/kernel/mem_slab.c:7:
In file included from /Users/gjonesblackcyton/Documents/src/klausscpu-runtime/zephyr-ws/zephyr/include/zephyr/kernel.h:17:
In file included from /Users/gjonesblackcyton/Documents/src/klausscpu-runtime/zephyr-ws/zephyr/include/zephyr/kernel_includes.h:23:
In file included from /Users/gjonesblackcyton/Documents/src/klausscpu-runtime/zephyr-ws/zephyr/include/zephyr/toolchain.h:48:
/Users/gjonesblackcyton/Documents/src/klausscpu-runtime/zephyr-ws/zephyr/include/zephyr/toolchain/llvm.h:103:9: warning: '__UINT16_C' macro redefined [-Wmacro-redefined]
  103 | #define __UINT16_C(x)   uint_c(x, __int_least16_c_suffix__)
      |         ^
<built-in>:210:9: note: previous definition is here
  210 | #define __UINT16_C(c) c
      |         ^
In file included from /Users/gjonesblackcyton/Documents/src/klausscpu-runtime/zephyr-ws/zephyr/kernel/mem_slab.c:7:
In file included from /Users/gjonesblackcyton/Documents/src/klausscpu-runtime/zephyr-ws/zephyr/include/zephyr/kernel.h:17:
In file included from /Users/gjonesblackcyton/Documents/src/klausscpu-runtime/zephyr-ws/zephyr/include/zephyr/kernel_includes.h:23:
In file included from /Users/gjonesblackcyton/Documents/src/klausscpu-runtime/zephyr-ws/zephyr/include/zephyr/toolchain.h:48:
/Users/gjonesblackcyton/Documents/src/klausscpu-runtime/zephyr-ws/zephyr/include/zephyr/toolchain/llvm.h:119:9: warning: '__INT8_C' macro redefined [-Wmacro-redefined]
  119 | #define __INT8_C(x)     int_c(x, __int_least8_c_suffix__)
      |         ^
<built-in>:179:9: note: previous definition is here
  179 | #define __INT8_C(c) c
      |         ^
In file included from /Users/gjonesblackcyton/Documents/src/klausscpu-runtime/zephyr-ws/zephyr/kernel/mem_slab.c:7:
In file included from /Users/gjonesblackcyton/Documents/src/klausscpu-runtime/zephyr-ws/zephyr/include/zephyr/kernel.h:17:
In file included from /Users/gjonesblackcyton/Documents/src/klausscpu-runtime/zephyr-ws/zephyr/include/zephyr/kernel_includes.h:23:
In file included from /Users/gjonesblackcyton/Documents/src/klausscpu-runtime/zephyr-ws/zephyr/include/zephyr/toolchain.h:48:
/Users/gjonesblackcyton/Documents/src/klausscpu-runtime/zephyr-ws/zephyr/include/zephyr/toolchain/llvm.h:120:9: warning: '__UINT8_C' macro redefined [-Wmacro-redefined]
  120 | #define __UINT8_C(x)    uint_c(x, __int_least8_c_suffix__)
      |         ^
<built-in>:201:9: note: previous definition is here
  201 | #define __UINT8_C(c) c
      |         ^
In file included from /Users/gjonesblackcyton/Documents/src/klausscpu-runtime/zephyr-ws/zephyr/kernel/mem_slab.c:7:
In file included from /Users/gjonesblackcyton/Documents/src/klausscpu-runtime/zephyr-ws/zephyr/include/zephyr/kernel.h:17:
In file included from /Users/gjonesblackcyton/Documents/src/klausscpu-runtime/zephyr-ws/zephyr/include/zephyr/kernel_includes.h:23:
In file included from /Users/gjonesblackcyton/Documents/src/klausscpu-runtime/zephyr-ws/zephyr/include/zephyr/toolchain.h:48:
/Users/gjonesblackcyton/Documents/src/klausscpu-runtime/zephyr-ws/zephyr/include/zephyr/toolchain/llvm.h:127:9: warning: '__INTMAX_C' macro redefined [-Wmacro-redefined]
  127 | #define __INTMAX_C(x)   int_c(x, __INTMAX_C_SUFFIX__)
      |         ^
<built-in>:98:9: note: previous definition is here
   98 | #define __INTMAX_C(c) c##L
      |         ^
In file included from /Users/gjonesblackcyton/Documents/src/klausscpu-runtime/zephyr-ws/zephyr/kernel/mem_slab.c:7:
In file included from /Users/gjonesblackcyton/Documents/src/klausscpu-runtime/zephyr-ws/zephyr/include/zephyr/kernel.h:17:
In file included from /Users/gjonesblackcyton/Documents/src/klausscpu-runtime/zephyr-ws/zephyr/include/zephyr/kernel_includes.h:23:
In file included from /Users/gjonesblackcyton/Documents/src/klausscpu-runtime/zephyr-ws/zephyr/include/zephyr/toolchain.h:48:
/Users/gjonesblackcyton/Documents/src/klausscpu-runtime/zephyr-ws/zephyr/include/zephyr/toolchain/llvm.h:128:9: warning: '__UINTMAX_C' macro redefined [-Wmacro-redefined]
  128 | #define __UINTMAX_C(x)  int_c(x, __UINTMAX_C_SUFFIX__)
      |         ^
<built-in>:105:9: note: previous definition is here
  105 | #define __UINTMAX_C(c) c##UL
      |         ^
6 warnings generated.
[105/144] Building C object zephyr/kernel/CMakeFiles/kernel.dir/idle.c.obj
In file included from /Users/gjonesblackcyton/Documents/src/klausscpu-runtime/zephyr-ws/zephyr/kernel/idle.c:7:
In file included from /Users/gjonesblackcyton/Documents/src/klausscpu-runtime/zephyr-ws/zephyr/include/zephyr/kernel.h:17:
In file included from /Users/gjonesblackcyton/Documents/src/klausscpu-runtime/zephyr-ws/zephyr/include/zephyr/kernel_includes.h:23:
In file included from /Users/gjonesblackcyton/Documents/src/klausscpu-runtime/zephyr-ws/zephyr/include/zephyr/toolchain.h:48:
/Users/gjonesblackcyton/Documents/src/klausscpu-runtime/zephyr-ws/zephyr/include/zephyr/toolchain/llvm.h:102:9: warning: '__INT16_C' macro redefined [-Wmacro-redefined]
  102 | #define __INT16_C(x)    int_c(x, __int_least16_c_suffix__)
      |         ^
<built-in>:184:9: note: previous definition is here
  184 | #define __INT16_C(c) c
      |         ^
In file included from /Users/gjonesblackcyton/Documents/src/klausscpu-runtime/zephyr-ws/zephyr/kernel/idle.c:7:
In file included from /Users/gjonesblackcyton/Documents/src/klausscpu-runtime/zephyr-ws/zephyr/include/zephyr/kernel.h:17:
In file included from /Users/gjonesblackcyton/Documents/src/klausscpu-runtime/zephyr-ws/zephyr/include/zephyr/kernel_includes.h:23:
In file included from /Users/gjonesblackcyton/Documents/src/klausscpu-runtime/zephyr-ws/zephyr/include/zephyr/toolchain.h:48:
/Users/gjonesblackcyton/Documents/src/klausscpu-runtime/zephyr-ws/zephyr/include/zephyr/toolchain/llvm.h:103:9: warning: '__UINT16_C' macro redefined [-Wmacro-redefined]
  103 | #define __UINT16_C(x)   uint_c(x, __int_least16_c_suffix__)
      |         ^
<built-in>:210:9: note: previous definition is here
  210 | #define __UINT16_C(c) c
      |         ^
In file included from /Users/gjonesblackcyton/Documents/src/klausscpu-runtime/zephyr-ws/zephyr/kernel/idle.c:7:
In file included from /Users/gjonesblackcyton/Documents/src/klausscpu-runtime/zephyr-ws/zephyr/include/zephyr/kernel.h:17:
In file included from /Users/gjonesblackcyton/Documents/src/klausscpu-runtime/zephyr-ws/zephyr/include/zephyr/kernel_includes.h:23:
In file included from /Users/gjonesblackcyton/Documents/src/klausscpu-runtime/zephyr-ws/zephyr/include/zephyr/toolchain.h:48:
/Users/gjonesblackcyton/Documents/src/klausscpu-runtime/zephyr-ws/zephyr/include/zephyr/toolchain/llvm.h:119:9: warning: '__INT8_C' macro redefined [-Wmacro-redefined]
  119 | #define __INT8_C(x)     int_c(x, __int_least8_c_suffix__)
      |         ^
<built-in>:179:9: note: previous definition is here
  179 | #define __INT8_C(c) c
      |         ^
In file included from /Users/gjonesblackcyton/Documents/src/klausscpu-runtime/zephyr-ws/zephyr/kernel/idle.c:7:
In file included from /Users/gjonesblackcyton/Documents/src/klausscpu-runtime/zephyr-ws/zephyr/include/zephyr/kernel.h:17:
In file included from /Users/gjonesblackcyton/Documents/src/klausscpu-runtime/zephyr-ws/zephyr/include/zephyr/kernel_includes.h:23:
In file included from /Users/gjonesblackcyton/Documents/src/klausscpu-runtime/zephyr-ws/zephyr/include/zephyr/toolchain.h:48:
/Users/gjonesblackcyton/Documents/src/klausscpu-runtime/zephyr-ws/zephyr/include/zephyr/toolchain/llvm.h:120:9: warning: '__UINT8_C' macro redefined [-Wmacro-redefined]
  120 | #define __UINT8_C(x)    uint_c(x, __int_least8_c_suffix__)
      |         ^
<built-in>:201:9: note: previous definition is here
  201 | #define __UINT8_C(c) c
      |         ^
In file included from /Users/gjonesblackcyton/Documents/src/klausscpu-runtime/zephyr-ws/zephyr/kernel/idle.c:7:
In file included from /Users/gjonesblackcyton/Documents/src/klausscpu-runtime/zephyr-ws/zephyr/include/zephyr/kernel.h:17:
In file included from /Users/gjonesblackcyton/Documents/src/klausscpu-runtime/zephyr-ws/zephyr/include/zephyr/kernel_includes.h:23:
In file included from /Users/gjonesblackcyton/Documents/src/klausscpu-runtime/zephyr-ws/zephyr/include/zephyr/toolchain.h:48:
/Users/gjonesblackcyton/Documents/src/klausscpu-runtime/zephyr-ws/zephyr/include/zephyr/toolchain/llvm.h:127:9: warning: '__INTMAX_C' macro redefined [-Wmacro-redefined]
  127 | #define __INTMAX_C(x)   int_c(x, __INTMAX_C_SUFFIX__)
      |         ^
<built-in>:98:9: note: previous definition is here
   98 | #define __INTMAX_C(c) c##L
      |         ^
In file included from /Users/gjonesblackcyton/Documents/src/klausscpu-runtime/zephyr-ws/zephyr/kernel/idle.c:7:
In file included from /Users/gjonesblackcyton/Documents/src/klausscpu-runtime/zephyr-ws/zephyr/include/zephyr/kernel.h:17:
In file included from /Users/gjonesblackcyton/Documents/src/klausscpu-runtime/zephyr-ws/zephyr/include/zephyr/kernel_includes.h:23:
In file included from /Users/gjonesblackcyton/Documents/src/klausscpu-runtime/zephyr-ws/zephyr/include/zephyr/toolchain.h:48:
/Users/gjonesblackcyton/Documents/src/klausscpu-runtime/zephyr-ws/zephyr/include/zephyr/toolchain/llvm.h:128:9: warning: '__UINTMAX_C' macro redefined [-Wmacro-redefined]
  128 | #define __UINTMAX_C(x)  int_c(x, __UINTMAX_C_SUFFIX__)
      |         ^
<built-in>:105:9: note: previous definition is here
  105 | #define __UINTMAX_C(c) c##UL
      |         ^
In file included from /Users/gjonesblackcyton/Documents/src/klausscpu-runtime/zephyr-ws/zephyr/kernel/idle.c:15:
In file included from /Users/gjonesblackcyton/Documents/src/klausscpu-runtime/zephyr-ws/zephyr/kernel/include/ksched.h:11:
In file included from /Users/gjonesblackcyton/Documents/src/klausscpu-runtime/zephyr-ws/zephyr/kernel/include/kernel_internal.h:18:
/Users/gjonesblackcyton/Documents/src/klausscpu-runtime/zephyr-ws/zephyr/kernel/include/kernel_arch_interface.h:131:20: warning: function 'arch_switch' has internal linkage but is not defined [-Wundefined-internal]
  131 | static inline void arch_switch(void *switch_to, void **switched_from);
      |                    ^
/Users/gjonesblackcyton/Documents/src/klausscpu-runtime/zephyr-ws/zephyr/kernel/include/kswap.h:167:3: note: used here
  167 |                 arch_switch(newsh, &old_thread->switch_handle);
      |                 ^
7 warnings generated.
[106/144] Building C object zephyr/kernel/CMakeFiles/kernel.dir/init.c.obj
In file included from /Users/gjonesblackcyton/Documents/src/klausscpu-runtime/zephyr-ws/zephyr/kernel/init.c:15:
In file included from /Users/gjonesblackcyton/Documents/src/klausscpu-runtime/zephyr-ws/zephyr/include/zephyr/kernel.h:17:
In file included from /Users/gjonesblackcyton/Documents/src/klausscpu-runtime/zephyr-ws/zephyr/include/zephyr/kernel_includes.h:23:
In file included from /Users/gjonesblackcyton/Documents/src/klausscpu-runtime/zephyr-ws/zephyr/include/zephyr/toolchain.h:48:
/Users/gjonesblackcyton/Documents/src/klausscpu-runtime/zephyr-ws/zephyr/include/zephyr/toolchain/llvm.h:102:9: warning: '__INT16_C' macro redefined [-Wmacro-redefined]
  102 | #define __INT16_C(x)    int_c(x, __int_least16_c_suffix__)
      |         ^
<built-in>:184:9: note: previous definition is here
  184 | #define __INT16_C(c) c
      |         ^
In file included from /Users/gjonesblackcyton/Documents/src/klausscpu-runtime/zephyr-ws/zephyr/kernel/init.c:15:
In file included from /Users/gjonesblackcyton/Documents/src/klausscpu-runtime/zephyr-ws/zephyr/include/zephyr/kernel.h:17:
In file included from /Users/gjonesblackcyton/Documents/src/klausscpu-runtime/zephyr-ws/zephyr/include/zephyr/kernel_includes.h:23:
In file included from /Users/gjonesblackcyton/Documents/src/klausscpu-runtime/zephyr-ws/zephyr/include/zephyr/toolchain.h:48:
/Users/gjonesblackcyton/Documents/src/klausscpu-runtime/zephyr-ws/zephyr/include/zephyr/toolchain/llvm.h:103:9: warning: '__UINT16_C' macro redefined [-Wmacro-redefined]
  103 | #define __UINT16_C(x)   uint_c(x, __int_least16_c_suffix__)
      |         ^
<built-in>:210:9: note: previous definition is here
  210 | #define __UINT16_C(c) c
      |         ^
In file included from /Users/gjonesblackcyton/Documents/src/klausscpu-runtime/zephyr-ws/zephyr/kernel/init.c:15:
In file included from /Users/gjonesblackcyton/Documents/src/klausscpu-runtime/zephyr-ws/zephyr/include/zephyr/kernel.h:17:
In file included from /Users/gjonesblackcyton/Documents/src/klausscpu-runtime/zephyr-ws/zephyr/include/zephyr/kernel_includes.h:23:
In file included from /Users/gjonesblackcyton/Documents/src/klausscpu-runtime/zephyr-ws/zephyr/include/zephyr/toolchain.h:48:
/Users/gjonesblackcyton/Documents/src/klausscpu-runtime/zephyr-ws/zephyr/include/zephyr/toolchain/llvm.h:119:9: warning: '__INT8_C' macro redefined [-Wmacro-redefined]
  119 | #define __INT8_C(x)     int_c(x, __int_least8_c_suffix__)
      |         ^
<built-in>:179:9: note: previous definition is here
  179 | #define __INT8_C(c) c
      |         ^
In file included from /Users/gjonesblackcyton/Documents/src/klausscpu-runtime/zephyr-ws/zephyr/kernel/init.c:15:
In file included from /Users/gjonesblackcyton/Documents/src/klausscpu-runtime/zephyr-ws/zephyr/include/zephyr/kernel.h:17:
In file included from /Users/gjonesblackcyton/Documents/src/klausscpu-runtime/zephyr-ws/zephyr/include/zephyr/kernel_includes.h:23:
In file included from /Users/gjonesblackcyton/Documents/src/klausscpu-runtime/zephyr-ws/zephyr/include/zephyr/toolchain.h:48:
/Users/gjonesblackcyton/Documents/src/klausscpu-runtime/zephyr-ws/zephyr/include/zephyr/toolchain/llvm.h:120:9: warning: '__UINT8_C' macro redefined [-Wmacro-redefined]
  120 | #define __UINT8_C(x)    uint_c(x, __int_least8_c_suffix__)
      |         ^
<built-in>:201:9: note: previous definition is here
  201 | #define __UINT8_C(c) c
      |         ^
In file included from /Users/gjonesblackcyton/Documents/src/klausscpu-runtime/zephyr-ws/zephyr/kernel/init.c:15:
In file included from /Users/gjonesblackcyton/Documents/src/klausscpu-runtime/zephyr-ws/zephyr/include/zephyr/kernel.h:17:
In file included from /Users/gjonesblackcyton/Documents/src/klausscpu-runtime/zephyr-ws/zephyr/include/zephyr/kernel_includes.h:23:
In file included from /Users/gjonesblackcyton/Documents/src/klausscpu-runtime/zephyr-ws/zephyr/include/zephyr/toolchain.h:48:
/Users/gjonesblackcyton/Documents/src/klausscpu-runtime/zephyr-ws/zephyr/include/zephyr/toolchain/llvm.h:127:9: warning: '__INTMAX_C' macro redefined [-Wmacro-redefined]
  127 | #define __INTMAX_C(x)   int_c(x, __INTMAX_C_SUFFIX__)
      |         ^
<built-in>:98:9: note: previous definition is here
   98 | #define __INTMAX_C(c) c##L
      |         ^
In file included from /Users/gjonesblackcyton/Documents/src/klausscpu-runtime/zephyr-ws/zephyr/kernel/init.c:15:
In file included from /Users/gjonesblackcyton/Documents/src/klausscpu-runtime/zephyr-ws/zephyr/include/zephyr/kernel.h:17:
In file included from /Users/gjonesblackcyton/Documents/src/klausscpu-runtime/zephyr-ws/zephyr/include/zephyr/kernel_includes.h:23:
In file included from /Users/gjonesblackcyton/Documents/src/klausscpu-runtime/zephyr-ws/zephyr/include/zephyr/toolchain.h:48:
/Users/gjonesblackcyton/Documents/src/klausscpu-runtime/zephyr-ws/zephyr/include/zephyr/toolchain/llvm.h:128:9: warning: '__UINTMAX_C' macro redefined [-Wmacro-redefined]
  128 | #define __UINTMAX_C(x)  int_c(x, __UINTMAX_C_SUFFIX__)
      |         ^
<built-in>:105:9: note: previous definition is here
  105 | #define __UINTMAX_C(c) c##UL
      |         ^
In file included from /Users/gjonesblackcyton/Documents/src/klausscpu-runtime/zephyr-ws/zephyr/kernel/init.c:25:
In file included from /Users/gjonesblackcyton/Documents/src/klausscpu-runtime/zephyr-ws/zephyr/kernel/include/ksched.h:11:
In file included from /Users/gjonesblackcyton/Documents/src/klausscpu-runtime/zephyr-ws/zephyr/kernel/include/kernel_internal.h:18:
/Users/gjonesblackcyton/Documents/src/klausscpu-runtime/zephyr-ws/zephyr/kernel/include/kernel_arch_interface.h:131:20: warning: function 'arch_switch' has internal linkage but is not defined [-Wundefined-internal]
  131 | static inline void arch_switch(void *switch_to, void **switched_from);
      |                    ^
/Users/gjonesblackcyton/Documents/src/klausscpu-runtime/zephyr-ws/zephyr/kernel/include/kswap.h:167:3: note: used here
  167 |                 arch_switch(newsh, &old_thread->switch_handle);
      |                 ^
7 warnings generated.
[107/144] Building C object zephyr/kernel/CMakeFiles/kernel.dir/mailbox.c.obj
In file included from /Users/gjonesblackcyton/Documents/src/klausscpu-runtime/zephyr-ws/zephyr/kernel/mailbox.c:11:
In file included from /Users/gjonesblackcyton/Documents/src/klausscpu-runtime/zephyr-ws/zephyr/include/zephyr/kernel.h:17:
In file included from /Users/gjonesblackcyton/Documents/src/klausscpu-runtime/zephyr-ws/zephyr/include/zephyr/kernel_includes.h:23:
In file included from /Users/gjonesblackcyton/Documents/src/klausscpu-runtime/zephyr-ws/zephyr/include/zephyr/toolchain.h:48:
/Users/gjonesblackcyton/Documents/src/klausscpu-runtime/zephyr-ws/zephyr/include/zephyr/toolchain/llvm.h:102:9: warning: '__INT16_C' macro redefined [-Wmacro-redefined]
  102 | #define __INT16_C(x)    int_c(x, __int_least16_c_suffix__)
      |         ^
<built-in>:184:9: note: previous definition is here
  184 | #define __INT16_C(c) c
      |         ^
In file included from /Users/gjonesblackcyton/Documents/src/klausscpu-runtime/zephyr-ws/zephyr/kernel/mailbox.c:11:
In file included from /Users/gjonesblackcyton/Documents/src/klausscpu-runtime/zephyr-ws/zephyr/include/zephyr/kernel.h:17:
In file included from /Users/gjonesblackcyton/Documents/src/klausscpu-runtime/zephyr-ws/zephyr/include/zephyr/kernel_includes.h:23:
In file included from /Users/gjonesblackcyton/Documents/src/klausscpu-runtime/zephyr-ws/zephyr/include/zephyr/toolchain.h:48:
/Users/gjonesblackcyton/Documents/src/klausscpu-runtime/zephyr-ws/zephyr/include/zephyr/toolchain/llvm.h:103:9: warning: '__UINT16_C' macro redefined [-Wmacro-redefined]
  103 | #define __UINT16_C(x)   uint_c(x, __int_least16_c_suffix__)
      |         ^
<built-in>:210:9: note: previous definition is here
  210 | #define __UINT16_C(c) c
      |         ^
In file included from /Users/gjonesblackcyton/Documents/src/klausscpu-runtime/zephyr-ws/zephyr/kernel/mailbox.c:11:
In file included from /Users/gjonesblackcyton/Documents/src/klausscpu-runtime/zephyr-ws/zephyr/include/zephyr/kernel.h:17:
In file included from /Users/gjonesblackcyton/Documents/src/klausscpu-runtime/zephyr-ws/zephyr/include/zephyr/kernel_includes.h:23:
In file included from /Users/gjonesblackcyton/Documents/src/klausscpu-runtime/zephyr-ws/zephyr/include/zephyr/toolchain.h:48:
/Users/gjonesblackcyton/Documents/src/klausscpu-runtime/zephyr-ws/zephyr/include/zephyr/toolchain/llvm.h:119:9: warning: '__INT8_C' macro redefined [-Wmacro-redefined]
  119 | #define __INT8_C(x)     int_c(x, __int_least8_c_suffix__)
      |         ^
<built-in>:179:9: note: previous definition is here
  179 | #define __INT8_C(c) c
      |         ^
In file included from /Users/gjonesblackcyton/Documents/src/klausscpu-runtime/zephyr-ws/zephyr/kernel/mailbox.c:11:
In file included from /Users/gjonesblackcyton/Documents/src/klausscpu-runtime/zephyr-ws/zephyr/include/zephyr/kernel.h:17:
In file included from /Users/gjonesblackcyton/Documents/src/klausscpu-runtime/zephyr-ws/zephyr/include/zephyr/kernel_includes.h:23:
In file included from /Users/gjonesblackcyton/Documents/src/klausscpu-runtime/zephyr-ws/zephyr/include/zephyr/toolchain.h:48:
/Users/gjonesblackcyton/Documents/src/klausscpu-runtime/zephyr-ws/zephyr/include/zephyr/toolchain/llvm.h:120:9: warning: '__UINT8_C' macro redefined [-Wmacro-redefined]
  120 | #define __UINT8_C(x)    uint_c(x, __int_least8_c_suffix__)
      |         ^
<built-in>:201:9: note: previous definition is here
  201 | #define __UINT8_C(c) c
      |         ^
In file included from /Users/gjonesblackcyton/Documents/src/klausscpu-runtime/zephyr-ws/zephyr/kernel/mailbox.c:11:
In file included from /Users/gjonesblackcyton/Documents/src/klausscpu-runtime/zephyr-ws/zephyr/include/zephyr/kernel.h:17:
In file included from /Users/gjonesblackcyton/Documents/src/klausscpu-runtime/zephyr-ws/zephyr/include/zephyr/kernel_includes.h:23:
In file included from /Users/gjonesblackcyton/Documents/src/klausscpu-runtime/zephyr-ws/zephyr/include/zephyr/toolchain.h:48:
/Users/gjonesblackcyton/Documents/src/klausscpu-runtime/zephyr-ws/zephyr/include/zephyr/toolchain/llvm.h:127:9: warning: '__INTMAX_C' macro redefined [-Wmacro-redefined]
  127 | #define __INTMAX_C(x)   int_c(x, __INTMAX_C_SUFFIX__)
      |         ^
<built-in>:98:9: note: previous definition is here
   98 | #define __INTMAX_C(c) c##L
      |         ^
In file included from /Users/gjonesblackcyton/Documents/src/klausscpu-runtime/zephyr-ws/zephyr/kernel/mailbox.c:11:
In file included from /Users/gjonesblackcyton/Documents/src/klausscpu-runtime/zephyr-ws/zephyr/include/zephyr/kernel.h:17:
In file included from /Users/gjonesblackcyton/Documents/src/klausscpu-runtime/zephyr-ws/zephyr/include/zephyr/kernel_includes.h:23:
In file included from /Users/gjonesblackcyton/Documents/src/klausscpu-runtime/zephyr-ws/zephyr/include/zephyr/toolchain.h:48:
/Users/gjonesblackcyton/Documents/src/klausscpu-runtime/zephyr-ws/zephyr/include/zephyr/toolchain/llvm.h:128:9: warning: '__UINTMAX_C' macro redefined [-Wmacro-redefined]
  128 | #define __UINTMAX_C(x)  int_c(x, __UINTMAX_C_SUFFIX__)
      |         ^
<built-in>:105:9: note: previous definition is here
  105 | #define __UINTMAX_C(c) c##UL
      |         ^
6 warnings generated.
[108/144] Building C object zephyr/kernel/CMakeFiles/kernel.dir/msg_q.c.obj
In file included from /Users/gjonesblackcyton/Documents/src/klausscpu-runtime/zephyr-ws/zephyr/kernel/msg_q.c:13:
In file included from /Users/gjonesblackcyton/Documents/src/klausscpu-runtime/zephyr-ws/zephyr/include/zephyr/kernel.h:17:
In file included from /Users/gjonesblackcyton/Documents/src/klausscpu-runtime/zephyr-ws/zephyr/include/zephyr/kernel_includes.h:23:
In file included from /Users/gjonesblackcyton/Documents/src/klausscpu-runtime/zephyr-ws/zephyr/include/zephyr/toolchain.h:48:
/Users/gjonesblackcyton/Documents/src/klausscpu-runtime/zephyr-ws/zephyr/include/zephyr/toolchain/llvm.h:102:9: warning: '__INT16_C' macro redefined [-Wmacro-redefined]
  102 | #define __INT16_C(x)    int_c(x, __int_least16_c_suffix__)
      |         ^
<built-in>:184:9: note: previous definition is here
  184 | #define __INT16_C(c) c
      |         ^
In file included from /Users/gjonesblackcyton/Documents/src/klausscpu-runtime/zephyr-ws/zephyr/kernel/msg_q.c:13:
In file included from /Users/gjonesblackcyton/Documents/src/klausscpu-runtime/zephyr-ws/zephyr/include/zephyr/kernel.h:17:
In file included from /Users/gjonesblackcyton/Documents/src/klausscpu-runtime/zephyr-ws/zephyr/include/zephyr/kernel_includes.h:23:
In file included from /Users/gjonesblackcyton/Documents/src/klausscpu-runtime/zephyr-ws/zephyr/include/zephyr/toolchain.h:48:
/Users/gjonesblackcyton/Documents/src/klausscpu-runtime/zephyr-ws/zephyr/include/zephyr/toolchain/llvm.h:103:9: warning: '__UINT16_C' macro redefined [-Wmacro-redefined]
  103 | #define __UINT16_C(x)   uint_c(x, __int_least16_c_suffix__)
      |         ^
<built-in>:210:9: note: previous definition is here
  210 | #define __UINT16_C(c) c
      |         ^
In file included from /Users/gjonesblackcyton/Documents/src/klausscpu-runtime/zephyr-ws/zephyr/kernel/msg_q.c:13:
In file included from /Users/gjonesblackcyton/Documents/src/klausscpu-runtime/zephyr-ws/zephyr/include/zephyr/kernel.h:17:
In file included from /Users/gjonesblackcyton/Documents/src/klausscpu-runtime/zephyr-ws/zephyr/include/zephyr/kernel_includes.h:23:
In file included from /Users/gjonesblackcyton/Documents/src/klausscpu-runtime/zephyr-ws/zephyr/include/zephyr/toolchain.h:48:
/Users/gjonesblackcyton/Documents/src/klausscpu-runtime/zephyr-ws/zephyr/include/zephyr/toolchain/llvm.h:119:9: warning: '__INT8_C' macro redefined [-Wmacro-redefined]
  119 | #define __INT8_C(x)     int_c(x, __int_least8_c_suffix__)
      |         ^
<built-in>:179:9: note: previous definition is here
  179 | #define __INT8_C(c) c
      |         ^
In file included from /Users/gjonesblackcyton/Documents/src/klausscpu-runtime/zephyr-ws/zephyr/kernel/msg_q.c:13:
In file included from /Users/gjonesblackcyton/Documents/src/klausscpu-runtime/zephyr-ws/zephyr/include/zephyr/kernel.h:17:
In file included from /Users/gjonesblackcyton/Documents/src/klausscpu-runtime/zephyr-ws/zephyr/include/zephyr/kernel_includes.h:23:
In file included from /Users/gjonesblackcyton/Documents/src/klausscpu-runtime/zephyr-ws/zephyr/include/zephyr/toolchain.h:48:
/Users/gjonesblackcyton/Documents/src/klausscpu-runtime/zephyr-ws/zephyr/include/zephyr/toolchain/llvm.h:120:9: warning: '__UINT8_C' macro redefined [-Wmacro-redefined]
  120 | #define __UINT8_C(x)    uint_c(x, __int_least8_c_suffix__)
      |         ^
<built-in>:201:9: note: previous definition is here
  201 | #define __UINT8_C(c) c
      |         ^
In file included from /Users/gjonesblackcyton/Documents/src/klausscpu-runtime/zephyr-ws/zephyr/kernel/msg_q.c:13:
In file included from /Users/gjonesblackcyton/Documents/src/klausscpu-runtime/zephyr-ws/zephyr/include/zephyr/kernel.h:17:
In file included from /Users/gjonesblackcyton/Documents/src/klausscpu-runtime/zephyr-ws/zephyr/include/zephyr/kernel_includes.h:23:
In file included from /Users/gjonesblackcyton/Documents/src/klausscpu-runtime/zephyr-ws/zephyr/include/zephyr/toolchain.h:48:
/Users/gjonesblackcyton/Documents/src/klausscpu-runtime/zephyr-ws/zephyr/include/zephyr/toolchain/llvm.h:127:9: warning: '__INTMAX_C' macro redefined [-Wmacro-redefined]
  127 | #define __INTMAX_C(x)   int_c(x, __INTMAX_C_SUFFIX__)
      |         ^
<built-in>:98:9: note: previous definition is here
   98 | #define __INTMAX_C(c) c##L
      |         ^
In file included from /Users/gjonesblackcyton/Documents/src/klausscpu-runtime/zephyr-ws/zephyr/kernel/msg_q.c:13:
In file included from /Users/gjonesblackcyton/Documents/src/klausscpu-runtime/zephyr-ws/zephyr/include/zephyr/kernel.h:17:
In file included from /Users/gjonesblackcyton/Documents/src/klausscpu-runtime/zephyr-ws/zephyr/include/zephyr/kernel_includes.h:23:
In file included from /Users/gjonesblackcyton/Documents/src/klausscpu-runtime/zephyr-ws/zephyr/include/zephyr/toolchain.h:48:
/Users/gjonesblackcyton/Documents/src/klausscpu-runtime/zephyr-ws/zephyr/include/zephyr/toolchain/llvm.h:128:9: warning: '__UINTMAX_C' macro redefined [-Wmacro-redefined]
  128 | #define __UINTMAX_C(x)  int_c(x, __UINTMAX_C_SUFFIX__)
      |         ^
<built-in>:105:9: note: previous definition is here
  105 | #define __UINTMAX_C(c) c##UL
      |         ^
6 warnings generated.
[109/144] Building C object zephyr/kernel/CMakeFiles/kernel.dir/sem.c.obj
In file included from /Users/gjonesblackcyton/Documents/src/klausscpu-runtime/zephyr-ws/zephyr/kernel/sem.c:20:
In file included from /Users/gjonesblackcyton/Documents/src/klausscpu-runtime/zephyr-ws/zephyr/include/zephyr/kernel.h:17:
In file included from /Users/gjonesblackcyton/Documents/src/klausscpu-runtime/zephyr-ws/zephyr/include/zephyr/kernel_includes.h:23:
In file included from /Users/gjonesblackcyton/Documents/src/klausscpu-runtime/zephyr-ws/zephyr/include/zephyr/toolchain.h:48:
/Users/gjonesblackcyton/Documents/src/klausscpu-runtime/zephyr-ws/zephyr/include/zephyr/toolchain/llvm.h:102:9: warning: '__INT16_C' macro redefined [-Wmacro-redefined]
  102 | #define __INT16_C(x)    int_c(x, __int_least16_c_suffix__)
      |         ^
<built-in>:184:9: note: previous definition is here
  184 | #define __INT16_C(c) c
      |         ^
In file included from /Users/gjonesblackcyton/Documents/src/klausscpu-runtime/zephyr-ws/zephyr/kernel/sem.c:20:
In file included from /Users/gjonesblackcyton/Documents/src/klausscpu-runtime/zephyr-ws/zephyr/include/zephyr/kernel.h:17:
In file included from /Users/gjonesblackcyton/Documents/src/klausscpu-runtime/zephyr-ws/zephyr/include/zephyr/kernel_includes.h:23:
In file included from /Users/gjonesblackcyton/Documents/src/klausscpu-runtime/zephyr-ws/zephyr/include/zephyr/toolchain.h:48:
/Users/gjonesblackcyton/Documents/src/klausscpu-runtime/zephyr-ws/zephyr/include/zephyr/toolchain/llvm.h:103:9: warning: '__UINT16_C' macro redefined [-Wmacro-redefined]
  103 | #define __UINT16_C(x)   uint_c(x, __int_least16_c_suffix__)
      |         ^
<built-in>:210:9: note: previous definition is here
  210 | #define __UINT16_C(c) c
      |         ^
In file included from /Users/gjonesblackcyton/Documents/src/klausscpu-runtime/zephyr-ws/zephyr/kernel/sem.c:20:
In file included from /Users/gjonesblackcyton/Documents/src/klausscpu-runtime/zephyr-ws/zephyr/include/zephyr/kernel.h:17:
In file included from /Users/gjonesblackcyton/Documents/src/klausscpu-runtime/zephyr-ws/zephyr/include/zephyr/kernel_includes.h:23:
In file included from /Users/gjonesblackcyton/Documents/src/klausscpu-runtime/zephyr-ws/zephyr/include/zephyr/toolchain.h:48:
/Users/gjonesblackcyton/Documents/src/klausscpu-runtime/zephyr-ws/zephyr/include/zephyr/toolchain/llvm.h:119:9: warning: '__INT8_C' macro redefined [-Wmacro-redefined]
  119 | #define __INT8_C(x)     int_c(x, __int_least8_c_suffix__)
      |         ^
<built-in>:179:9: note: previous definition is here
  179 | #define __INT8_C(c) c
      |         ^
In file included from /Users/gjonesblackcyton/Documents/src/klausscpu-runtime/zephyr-ws/zephyr/kernel/sem.c:20:
In file included from /Users/gjonesblackcyton/Documents/src/klausscpu-runtime/zephyr-ws/zephyr/include/zephyr/kernel.h:17:
In file included from /Users/gjonesblackcyton/Documents/src/klausscpu-runtime/zephyr-ws/zephyr/include/zephyr/kernel_includes.h:23:
In file included from /Users/gjonesblackcyton/Documents/src/klausscpu-runtime/zephyr-ws/zephyr/include/zephyr/toolchain.h:48:
/Users/gjonesblackcyton/Documents/src/klausscpu-runtime/zephyr-ws/zephyr/include/zephyr/toolchain/llvm.h:120:9: warning: '__UINT8_C' macro redefined [-Wmacro-redefined]
  120 | #define __UINT8_C(x)    uint_c(x, __int_least8_c_suffix__)
      |         ^
<built-in>:201:9: note: previous definition is here
  201 | #define __UINT8_C(c) c
      |         ^
In file included from /Users/gjonesblackcyton/Documents/src/klausscpu-runtime/zephyr-ws/zephyr/kernel/sem.c:20:
In file included from /Users/gjonesblackcyton/Documents/src/klausscpu-runtime/zephyr-ws/zephyr/include/zephyr/kernel.h:17:
In file included from /Users/gjonesblackcyton/Documents/src/klausscpu-runtime/zephyr-ws/zephyr/include/zephyr/kernel_includes.h:23:
In file included from /Users/gjonesblackcyton/Documents/src/klausscpu-runtime/zephyr-ws/zephyr/include/zephyr/toolchain.h:48:
/Users/gjonesblackcyton/Documents/src/klausscpu-runtime/zephyr-ws/zephyr/include/zephyr/toolchain/llvm.h:127:9: warning: '__INTMAX_C' macro redefined [-Wmacro-redefined]
  127 | #define __INTMAX_C(x)   int_c(x, __INTMAX_C_SUFFIX__)
      |         ^
<built-in>:98:9: note: previous definition is here
   98 | #define __INTMAX_C(c) c##L
      |         ^
In file included from /Users/gjonesblackcyton/Documents/src/klausscpu-runtime/zephyr-ws/zephyr/kernel/sem.c:20:
In file included from /Users/gjonesblackcyton/Documents/src/klausscpu-runtime/zephyr-ws/zephyr/include/zephyr/kernel.h:17:
In file included from /Users/gjonesblackcyton/Documents/src/klausscpu-runtime/zephyr-ws/zephyr/include/zephyr/kernel_includes.h:23:
In file included from /Users/gjonesblackcyton/Documents/src/klausscpu-runtime/zephyr-ws/zephyr/include/zephyr/toolchain.h:48:
/Users/gjonesblackcyton/Documents/src/klausscpu-runtime/zephyr-ws/zephyr/include/zephyr/toolchain/llvm.h:128:9: warning: '__UINTMAX_C' macro redefined [-Wmacro-redefined]
  128 | #define __UINTMAX_C(x)  int_c(x, __UINTMAX_C_SUFFIX__)
      |         ^
<built-in>:105:9: note: previous definition is here
  105 | #define __UINTMAX_C(c) c##UL
      |         ^
6 warnings generated.
[110/144] Building C object zephyr/kernel/CMakeFiles/kernel.dir/mutex.c.obj
In file included from /Users/gjonesblackcyton/Documents/src/klausscpu-runtime/zephyr-ws/zephyr/kernel/mutex.c:29:
In file included from /Users/gjonesblackcyton/Documents/src/klausscpu-runtime/zephyr-ws/zephyr/include/zephyr/kernel.h:17:
In file included from /Users/gjonesblackcyton/Documents/src/klausscpu-runtime/zephyr-ws/zephyr/include/zephyr/kernel_includes.h:23:
In file included from /Users/gjonesblackcyton/Documents/src/klausscpu-runtime/zephyr-ws/zephyr/include/zephyr/toolchain.h:48:
/Users/gjonesblackcyton/Documents/src/klausscpu-runtime/zephyr-ws/zephyr/include/zephyr/toolchain/llvm.h:102:9: warning: '__INT16_C' macro redefined [-Wmacro-redefined]
  102 | #define __INT16_C(x)    int_c(x, __int_least16_c_suffix__)
      |         ^
<built-in>:184:9: note: previous definition is here
  184 | #define __INT16_C(c) c
      |         ^
In file included from /Users/gjonesblackcyton/Documents/src/klausscpu-runtime/zephyr-ws/zephyr/kernel/mutex.c:29:
In file included from /Users/gjonesblackcyton/Documents/src/klausscpu-runtime/zephyr-ws/zephyr/include/zephyr/kernel.h:17:
In file included from /Users/gjonesblackcyton/Documents/src/klausscpu-runtime/zephyr-ws/zephyr/include/zephyr/kernel_includes.h:23:
In file included from /Users/gjonesblackcyton/Documents/src/klausscpu-runtime/zephyr-ws/zephyr/include/zephyr/toolchain.h:48:
/Users/gjonesblackcyton/Documents/src/klausscpu-runtime/zephyr-ws/zephyr/include/zephyr/toolchain/llvm.h:103:9: warning: '__UINT16_C' macro redefined [-Wmacro-redefined]
  103 | #define __UINT16_C(x)   uint_c(x, __int_least16_c_suffix__)
      |         ^
<built-in>:210:9: note: previous definition is here
  210 | #define __UINT16_C(c) c
      |         ^
In file included from /Users/gjonesblackcyton/Documents/src/klausscpu-runtime/zephyr-ws/zephyr/kernel/mutex.c:29:
In file included from /Users/gjonesblackcyton/Documents/src/klausscpu-runtime/zephyr-ws/zephyr/include/zephyr/kernel.h:17:
In file included from /Users/gjonesblackcyton/Documents/src/klausscpu-runtime/zephyr-ws/zephyr/include/zephyr/kernel_includes.h:23:
In file included from /Users/gjonesblackcyton/Documents/src/klausscpu-runtime/zephyr-ws/zephyr/include/zephyr/toolchain.h:48:
/Users/gjonesblackcyton/Documents/src/klausscpu-runtime/zephyr-ws/zephyr/include/zephyr/toolchain/llvm.h:119:9: warning: '__INT8_C' macro redefined [-Wmacro-redefined]
  119 | #define __INT8_C(x)     int_c(x, __int_least8_c_suffix__)
      |         ^
<built-in>:179:9: note: previous definition is here
  179 | #define __INT8_C(c) c
      |         ^
In file included from /Users/gjonesblackcyton/Documents/src/klausscpu-runtime/zephyr-ws/zephyr/kernel/mutex.c:29:
In file included from /Users/gjonesblackcyton/Documents/src/klausscpu-runtime/zephyr-ws/zephyr/include/zephyr/kernel.h:17:
In file included from /Users/gjonesblackcyton/Documents/src/klausscpu-runtime/zephyr-ws/zephyr/include/zephyr/kernel_includes.h:23:
In file included from /Users/gjonesblackcyton/Documents/src/klausscpu-runtime/zephyr-ws/zephyr/include/zephyr/toolchain.h:48:
/Users/gjonesblackcyton/Documents/src/klausscpu-runtime/zephyr-ws/zephyr/include/zephyr/toolchain/llvm.h:120:9: warning: '__UINT8_C' macro redefined [-Wmacro-redefined]
  120 | #define __UINT8_C(x)    uint_c(x, __int_least8_c_suffix__)
      |         ^
<built-in>:201:9: note: previous definition is here
  201 | #define __UINT8_C(c) c
      |         ^
In file included from /Users/gjonesblackcyton/Documents/src/klausscpu-runtime/zephyr-ws/zephyr/kernel/mutex.c:29:
In file included from /Users/gjonesblackcyton/Documents/src/klausscpu-runtime/zephyr-ws/zephyr/include/zephyr/kernel.h:17:
In file included from /Users/gjonesblackcyton/Documents/src/klausscpu-runtime/zephyr-ws/zephyr/include/zephyr/kernel_includes.h:23:
In file included from /Users/gjonesblackcyton/Documents/src/klausscpu-runtime/zephyr-ws/zephyr/include/zephyr/toolchain.h:48:
/Users/gjonesblackcyton/Documents/src/klausscpu-runtime/zephyr-ws/zephyr/include/zephyr/toolchain/llvm.h:127:9: warning: '__INTMAX_C' macro redefined [-Wmacro-redefined]
  127 | #define __INTMAX_C(x)   int_c(x, __INTMAX_C_SUFFIX__)
      |         ^
<built-in>:98:9: note: previous definition is here
   98 | #define __INTMAX_C(c) c##L
      |         ^
In file included from /Users/gjonesblackcyton/Documents/src/klausscpu-runtime/zephyr-ws/zephyr/kernel/mutex.c:29:
In file included from /Users/gjonesblackcyton/Documents/src/klausscpu-runtime/zephyr-ws/zephyr/include/zephyr/kernel.h:17:
In file included from /Users/gjonesblackcyton/Documents/src/klausscpu-runtime/zephyr-ws/zephyr/include/zephyr/kernel_includes.h:23:
In file included from /Users/gjonesblackcyton/Documents/src/klausscpu-runtime/zephyr-ws/zephyr/include/zephyr/toolchain.h:48:
/Users/gjonesblackcyton/Documents/src/klausscpu-runtime/zephyr-ws/zephyr/include/zephyr/toolchain/llvm.h:128:9: warning: '__UINTMAX_C' macro redefined [-Wmacro-redefined]
  128 | #define __UINTMAX_C(x)  int_c(x, __UINTMAX_C_SUFFIX__)
      |         ^
<built-in>:105:9: note: previous definition is here
  105 | #define __UINTMAX_C(c) c##UL
      |         ^
6 warnings generated.
[111/144] Building C object zephyr/kernel/CMakeFiles/kernel.dir/system_work_q.c.obj
In file included from /Users/gjonesblackcyton/Documents/src/klausscpu-runtime/zephyr-ws/zephyr/kernel/system_work_q.c:14:
In file included from /Users/gjonesblackcyton/Documents/src/klausscpu-runtime/zephyr-ws/zephyr/include/zephyr/kernel.h:17:
In file included from /Users/gjonesblackcyton/Documents/src/klausscpu-runtime/zephyr-ws/zephyr/include/zephyr/kernel_includes.h:23:
In file included from /Users/gjonesblackcyton/Documents/src/klausscpu-runtime/zephyr-ws/zephyr/include/zephyr/toolchain.h:48:
/Users/gjonesblackcyton/Documents/src/klausscpu-runtime/zephyr-ws/zephyr/include/zephyr/toolchain/llvm.h:102:9: warning: '__INT16_C' macro redefined [-Wmacro-redefined]
  102 | #define __INT16_C(x)    int_c(x, __int_least16_c_suffix__)
      |         ^
<built-in>:184:9: note: previous definition is here
  184 | #define __INT16_C(c) c
      |         ^
In file included from /Users/gjonesblackcyton/Documents/src/klausscpu-runtime/zephyr-ws/zephyr/kernel/system_work_q.c:14:
In file included from /Users/gjonesblackcyton/Documents/src/klausscpu-runtime/zephyr-ws/zephyr/include/zephyr/kernel.h:17:
In file included from /Users/gjonesblackcyton/Documents/src/klausscpu-runtime/zephyr-ws/zephyr/include/zephyr/kernel_includes.h:23:
In file included from /Users/gjonesblackcyton/Documents/src/klausscpu-runtime/zephyr-ws/zephyr/include/zephyr/toolchain.h:48:
/Users/gjonesblackcyton/Documents/src/klausscpu-runtime/zephyr-ws/zephyr/include/zephyr/toolchain/llvm.h:103:9: warning: '__UINT16_C' macro redefined [-Wmacro-redefined]
  103 | #define __UINT16_C(x)   uint_c(x, __int_least16_c_suffix__)
      |         ^
<built-in>:210:9: note: previous definition is here
  210 | #define __UINT16_C(c) c
      |         ^
In file included from /Users/gjonesblackcyton/Documents/src/klausscpu-runtime/zephyr-ws/zephyr/kernel/system_work_q.c:14:
In file included from /Users/gjonesblackcyton/Documents/src/klausscpu-runtime/zephyr-ws/zephyr/include/zephyr/kernel.h:17:
In file included from /Users/gjonesblackcyton/Documents/src/klausscpu-runtime/zephyr-ws/zephyr/include/zephyr/kernel_includes.h:23:
In file included from /Users/gjonesblackcyton/Documents/src/klausscpu-runtime/zephyr-ws/zephyr/include/zephyr/toolchain.h:48:
/Users/gjonesblackcyton/Documents/src/klausscpu-runtime/zephyr-ws/zephyr/include/zephyr/toolchain/llvm.h:119:9: warning: '__INT8_C' macro redefined [-Wmacro-redefined]
  119 | #define __INT8_C(x)     int_c(x, __int_least8_c_suffix__)
      |         ^
<built-in>:179:9: note: previous definition is here
  179 | #define __INT8_C(c) c
      |         ^
In file included from /Users/gjonesblackcyton/Documents/src/klausscpu-runtime/zephyr-ws/zephyr/kernel/system_work_q.c:14:
In file included from /Users/gjonesblackcyton/Documents/src/klausscpu-runtime/zephyr-ws/zephyr/include/zephyr/kernel.h:17:
In file included from /Users/gjonesblackcyton/Documents/src/klausscpu-runtime/zephyr-ws/zephyr/include/zephyr/kernel_includes.h:23:
In file included from /Users/gjonesblackcyton/Documents/src/klausscpu-runtime/zephyr-ws/zephyr/include/zephyr/toolchain.h:48:
/Users/gjonesblackcyton/Documents/src/klausscpu-runtime/zephyr-ws/zephyr/include/zephyr/toolchain/llvm.h:120:9: warning: '__UINT8_C' macro redefined [-Wmacro-redefined]
  120 | #define __UINT8_C(x)    uint_c(x, __int_least8_c_suffix__)
      |         ^
<built-in>:201:9: note: previous definition is here
  201 | #define __UINT8_C(c) c
      |         ^
In file included from /Users/gjonesblackcyton/Documents/src/klausscpu-runtime/zephyr-ws/zephyr/kernel/system_work_q.c:14:
In file included from /Users/gjonesblackcyton/Documents/src/klausscpu-runtime/zephyr-ws/zephyr/include/zephyr/kernel.h:17:
In file included from /Users/gjonesblackcyton/Documents/src/klausscpu-runtime/zephyr-ws/zephyr/include/zephyr/kernel_includes.h:23:
In file included from /Users/gjonesblackcyton/Documents/src/klausscpu-runtime/zephyr-ws/zephyr/include/zephyr/toolchain.h:48:
/Users/gjonesblackcyton/Documents/src/klausscpu-runtime/zephyr-ws/zephyr/include/zephyr/toolchain/llvm.h:127:9: warning: '__INTMAX_C' macro redefined [-Wmacro-redefined]
  127 | #define __INTMAX_C(x)   int_c(x, __INTMAX_C_SUFFIX__)
      |         ^
<built-in>:98:9: note: previous definition is here
   98 | #define __INTMAX_C(c) c##L
      |         ^
In file included from /Users/gjonesblackcyton/Documents/src/klausscpu-runtime/zephyr-ws/zephyr/kernel/system_work_q.c:14:
In file included from /Users/gjonesblackcyton/Documents/src/klausscpu-runtime/zephyr-ws/zephyr/include/zephyr/kernel.h:17:
In file included from /Users/gjonesblackcyton/Documents/src/klausscpu-runtime/zephyr-ws/zephyr/include/zephyr/kernel_includes.h:23:
In file included from /Users/gjonesblackcyton/Documents/src/klausscpu-runtime/zephyr-ws/zephyr/include/zephyr/toolchain.h:48:
/Users/gjonesblackcyton/Documents/src/klausscpu-runtime/zephyr-ws/zephyr/include/zephyr/toolchain/llvm.h:128:9: warning: '__UINTMAX_C' macro redefined [-Wmacro-redefined]
  128 | #define __UINTMAX_C(x)  int_c(x, __UINTMAX_C_SUFFIX__)
      |         ^
<built-in>:105:9: note: previous definition is here
  105 | #define __UINTMAX_C(c) c##UL
      |         ^
6 warnings generated.
[112/144] Building C object zephyr/kernel/CMakeFiles/kernel.dir/queue.c.obj
In file included from /Users/gjonesblackcyton/Documents/src/klausscpu-runtime/zephyr-ws/zephyr/kernel/queue.c:14:
In file included from /Users/gjonesblackcyton/Documents/src/klausscpu-runtime/zephyr-ws/zephyr/include/zephyr/kernel.h:17:
In file included from /Users/gjonesblackcyton/Documents/src/klausscpu-runtime/zephyr-ws/zephyr/include/zephyr/kernel_includes.h:23:
In file included from /Users/gjonesblackcyton/Documents/src/klausscpu-runtime/zephyr-ws/zephyr/include/zephyr/toolchain.h:48:
/Users/gjonesblackcyton/Documents/src/klausscpu-runtime/zephyr-ws/zephyr/include/zephyr/toolchain/llvm.h:102:9: warning: '__INT16_C' macro redefined [-Wmacro-redefined]
  102 | #define __INT16_C(x)    int_c(x, __int_least16_c_suffix__)
      |         ^
<built-in>:184:9: note: previous definition is here
  184 | #define __INT16_C(c) c
      |         ^
In file included from /Users/gjonesblackcyton/Documents/src/klausscpu-runtime/zephyr-ws/zephyr/kernel/queue.c:14:
In file included from /Users/gjonesblackcyton/Documents/src/klausscpu-runtime/zephyr-ws/zephyr/include/zephyr/kernel.h:17:
In file included from /Users/gjonesblackcyton/Documents/src/klausscpu-runtime/zephyr-ws/zephyr/include/zephyr/kernel_includes.h:23:
In file included from /Users/gjonesblackcyton/Documents/src/klausscpu-runtime/zephyr-ws/zephyr/include/zephyr/toolchain.h:48:
/Users/gjonesblackcyton/Documents/src/klausscpu-runtime/zephyr-ws/zephyr/include/zephyr/toolchain/llvm.h:103:9: warning: '__UINT16_C' macro redefined [-Wmacro-redefined]
  103 | #define __UINT16_C(x)   uint_c(x, __int_least16_c_suffix__)
      |         ^
<built-in>:210:9: note: previous definition is here
  210 | #define __UINT16_C(c) c
      |         ^
In file included from /Users/gjonesblackcyton/Documents/src/klausscpu-runtime/zephyr-ws/zephyr/kernel/queue.c:14:
In file included from /Users/gjonesblackcyton/Documents/src/klausscpu-runtime/zephyr-ws/zephyr/include/zephyr/kernel.h:17:
In file included from /Users/gjonesblackcyton/Documents/src/klausscpu-runtime/zephyr-ws/zephyr/include/zephyr/kernel_includes.h:23:
In file included from /Users/gjonesblackcyton/Documents/src/klausscpu-runtime/zephyr-ws/zephyr/include/zephyr/toolchain.h:48:
/Users/gjonesblackcyton/Documents/src/klausscpu-runtime/zephyr-ws/zephyr/include/zephyr/toolchain/llvm.h:119:9: warning: '__INT8_C' macro redefined [-Wmacro-redefined]
  119 | #define __INT8_C(x)     int_c(x, __int_least8_c_suffix__)
      |         ^
<built-in>:179:9: note: previous definition is here
  179 | #define __INT8_C(c) c
      |         ^
In file included from /Users/gjonesblackcyton/Documents/src/klausscpu-runtime/zephyr-ws/zephyr/kernel/queue.c:14:
In file included from /Users/gjonesblackcyton/Documents/src/klausscpu-runtime/zephyr-ws/zephyr/include/zephyr/kernel.h:17:
In file included from /Users/gjonesblackcyton/Documents/src/klausscpu-runtime/zephyr-ws/zephyr/include/zephyr/kernel_includes.h:23:
In file included from /Users/gjonesblackcyton/Documents/src/klausscpu-runtime/zephyr-ws/zephyr/include/zephyr/toolchain.h:48:
/Users/gjonesblackcyton/Documents/src/klausscpu-runtime/zephyr-ws/zephyr/include/zephyr/toolchain/llvm.h:120:9: warning: '__UINT8_C' macro redefined [-Wmacro-redefined]
  120 | #define __UINT8_C(x)    uint_c(x, __int_least8_c_suffix__)
      |         ^
<built-in>:201:9: note: previous definition is here
  201 | #define __UINT8_C(c) c
      |         ^
In file included from /Users/gjonesblackcyton/Documents/src/klausscpu-runtime/zephyr-ws/zephyr/kernel/queue.c:14:
In file included from /Users/gjonesblackcyton/Documents/src/klausscpu-runtime/zephyr-ws/zephyr/include/zephyr/kernel.h:17:
In file included from /Users/gjonesblackcyton/Documents/src/klausscpu-runtime/zephyr-ws/zephyr/include/zephyr/kernel_includes.h:23:
In file included from /Users/gjonesblackcyton/Documents/src/klausscpu-runtime/zephyr-ws/zephyr/include/zephyr/toolchain.h:48:
/Users/gjonesblackcyton/Documents/src/klausscpu-runtime/zephyr-ws/zephyr/include/zephyr/toolchain/llvm.h:127:9: warning: '__INTMAX_C' macro redefined [-Wmacro-redefined]
  127 | #define __INTMAX_C(x)   int_c(x, __INTMAX_C_SUFFIX__)
      |         ^
<built-in>:98:9: note: previous definition is here
   98 | #define __INTMAX_C(c) c##L
      |         ^
In file included from /Users/gjonesblackcyton/Documents/src/klausscpu-runtime/zephyr-ws/zephyr/kernel/queue.c:14:
In file included from /Users/gjonesblackcyton/Documents/src/klausscpu-runtime/zephyr-ws/zephyr/include/zephyr/kernel.h:17:
In file included from /Users/gjonesblackcyton/Documents/src/klausscpu-runtime/zephyr-ws/zephyr/include/zephyr/kernel_includes.h:23:
In file included from /Users/gjonesblackcyton/Documents/src/klausscpu-runtime/zephyr-ws/zephyr/include/zephyr/toolchain.h:48:
/Users/gjonesblackcyton/Documents/src/klausscpu-runtime/zephyr-ws/zephyr/include/zephyr/toolchain/llvm.h:128:9: warning: '__UINTMAX_C' macro redefined [-Wmacro-redefined]
  128 | #define __UINTMAX_C(x)  int_c(x, __UINTMAX_C_SUFFIX__)
      |         ^
<built-in>:105:9: note: previous definition is here
  105 | #define __UINTMAX_C(c) c##UL
      |         ^
6 warnings generated.
[113/144] Building C object zephyr/kernel/CMakeFiles/kernel.dir/stack.c.obj
In file included from /Users/gjonesblackcyton/Documents/src/klausscpu-runtime/zephyr-ws/zephyr/kernel/stack.c:11:
In file included from /Users/gjonesblackcyton/Documents/src/klausscpu-runtime/zephyr-ws/zephyr/include/zephyr/sys/math_extras.h:169:
In file included from /Users/gjonesblackcyton/Documents/src/klausscpu-runtime/zephyr-ws/zephyr/include/zephyr/sys/math_extras_impl.h:16:
In file included from /Users/gjonesblackcyton/Documents/src/klausscpu-runtime/zephyr-ws/zephyr/include/zephyr/toolchain.h:48:
/Users/gjonesblackcyton/Documents/src/klausscpu-runtime/zephyr-ws/zephyr/include/zephyr/toolchain/llvm.h:102:9: warning: '__INT16_C' macro redefined [-Wmacro-redefined]
  102 | #define __INT16_C(x)    int_c(x, __int_least16_c_suffix__)
      |         ^
<built-in>:184:9: note: previous definition is here
  184 | #define __INT16_C(c) c
      |         ^
In file included from /Users/gjonesblackcyton/Documents/src/klausscpu-runtime/zephyr-ws/zephyr/kernel/stack.c:11:
In file included from /Users/gjonesblackcyton/Documents/src/klausscpu-runtime/zephyr-ws/zephyr/include/zephyr/sys/math_extras.h:169:
In file included from /Users/gjonesblackcyton/Documents/src/klausscpu-runtime/zephyr-ws/zephyr/include/zephyr/sys/math_extras_impl.h:16:
In file included from /Users/gjonesblackcyton/Documents/src/klausscpu-runtime/zephyr-ws/zephyr/include/zephyr/toolchain.h:48:
/Users/gjonesblackcyton/Documents/src/klausscpu-runtime/zephyr-ws/zephyr/include/zephyr/toolchain/llvm.h:103:9: warning: '__UINT16_C' macro redefined [-Wmacro-redefined]
  103 | #define __UINT16_C(x)   uint_c(x, __int_least16_c_suffix__)
      |         ^
<built-in>:210:9: note: previous definition is here
  210 | #define __UINT16_C(c) c
      |         ^
In file included from /Users/gjonesblackcyton/Documents/src/klausscpu-runtime/zephyr-ws/zephyr/kernel/stack.c:11:
In file included from /Users/gjonesblackcyton/Documents/src/klausscpu-runtime/zephyr-ws/zephyr/include/zephyr/sys/math_extras.h:169:
In file included from /Users/gjonesblackcyton/Documents/src/klausscpu-runtime/zephyr-ws/zephyr/include/zephyr/sys/math_extras_impl.h:16:
In file included from /Users/gjonesblackcyton/Documents/src/klausscpu-runtime/zephyr-ws/zephyr/include/zephyr/toolchain.h:48:
/Users/gjonesblackcyton/Documents/src/klausscpu-runtime/zephyr-ws/zephyr/include/zephyr/toolchain/llvm.h:119:9: warning: '__INT8_C' macro redefined [-Wmacro-redefined]
  119 | #define __INT8_C(x)     int_c(x, __int_least8_c_suffix__)
      |         ^
<built-in>:179:9: note: previous definition is here
  179 | #define __INT8_C(c) c
      |         ^
In file included from /Users/gjonesblackcyton/Documents/src/klausscpu-runtime/zephyr-ws/zephyr/kernel/stack.c:11:
In file included from /Users/gjonesblackcyton/Documents/src/klausscpu-runtime/zephyr-ws/zephyr/include/zephyr/sys/math_extras.h:169:
In file included from /Users/gjonesblackcyton/Documents/src/klausscpu-runtime/zephyr-ws/zephyr/include/zephyr/sys/math_extras_impl.h:16:
In file included from /Users/gjonesblackcyton/Documents/src/klausscpu-runtime/zephyr-ws/zephyr/include/zephyr/toolchain.h:48:
/Users/gjonesblackcyton/Documents/src/klausscpu-runtime/zephyr-ws/zephyr/include/zephyr/toolchain/llvm.h:120:9: warning: '__UINT8_C' macro redefined [-Wmacro-redefined]
  120 | #define __UINT8_C(x)    uint_c(x, __int_least8_c_suffix__)
      |         ^
<built-in>:201:9: note: previous definition is here
  201 | #define __UINT8_C(c) c
      |         ^
In file included from /Users/gjonesblackcyton/Documents/src/klausscpu-runtime/zephyr-ws/zephyr/kernel/stack.c:11:
In file included from /Users/gjonesblackcyton/Documents/src/klausscpu-runtime/zephyr-ws/zephyr/include/zephyr/sys/math_extras.h:169:
In file included from /Users/gjonesblackcyton/Documents/src/klausscpu-runtime/zephyr-ws/zephyr/include/zephyr/sys/math_extras_impl.h:16:
In file included from /Users/gjonesblackcyton/Documents/src/klausscpu-runtime/zephyr-ws/zephyr/include/zephyr/toolchain.h:48:
/Users/gjonesblackcyton/Documents/src/klausscpu-runtime/zephyr-ws/zephyr/include/zephyr/toolchain/llvm.h:127:9: warning: '__INTMAX_C' macro redefined [-Wmacro-redefined]
  127 | #define __INTMAX_C(x)   int_c(x, __INTMAX_C_SUFFIX__)
      |         ^
<built-in>:98:9: note: previous definition is here
   98 | #define __INTMAX_C(c) c##L
      |         ^
In file included from /Users/gjonesblackcyton/Documents/src/klausscpu-runtime/zephyr-ws/zephyr/kernel/stack.c:11:
In file included from /Users/gjonesblackcyton/Documents/src/klausscpu-runtime/zephyr-ws/zephyr/include/zephyr/sys/math_extras.h:169:
In file included from /Users/gjonesblackcyton/Documents/src/klausscpu-runtime/zephyr-ws/zephyr/include/zephyr/sys/math_extras_impl.h:16:
In file included from /Users/gjonesblackcyton/Documents/src/klausscpu-runtime/zephyr-ws/zephyr/include/zephyr/toolchain.h:48:
/Users/gjonesblackcyton/Documents/src/klausscpu-runtime/zephyr-ws/zephyr/include/zephyr/toolchain/llvm.h:128:9: warning: '__UINTMAX_C' macro redefined [-Wmacro-redefined]
  128 | #define __UINTMAX_C(x)  int_c(x, __UINTMAX_C_SUFFIX__)
      |         ^
<built-in>:105:9: note: previous definition is here
  105 | #define __UINTMAX_C(c) c##UL
      |         ^
6 warnings generated.
[114/144] Building C object zephyr/kernel/CMakeFiles/kernel.dir/condvar.c.obj
In file included from /Users/gjonesblackcyton/Documents/src/klausscpu-runtime/zephyr-ws/zephyr/kernel/condvar.c:7:
In file included from /Users/gjonesblackcyton/Documents/src/klausscpu-runtime/zephyr-ws/zephyr/include/zephyr/kernel.h:17:
In file included from /Users/gjonesblackcyton/Documents/src/klausscpu-runtime/zephyr-ws/zephyr/include/zephyr/kernel_includes.h:23:
In file included from /Users/gjonesblackcyton/Documents/src/klausscpu-runtime/zephyr-ws/zephyr/include/zephyr/toolchain.h:48:
/Users/gjonesblackcyton/Documents/src/klausscpu-runtime/zephyr-ws/zephyr/include/zephyr/toolchain/llvm.h:102:9: warning: '__INT16_C' macro redefined [-Wmacro-redefined]
  102 | #define __INT16_C(x)    int_c(x, __int_least16_c_suffix__)
      |         ^
<built-in>:184:9: note: previous definition is here
  184 | #define __INT16_C(c) c
      |         ^
In file included from /Users/gjonesblackcyton/Documents/src/klausscpu-runtime/zephyr-ws/zephyr/kernel/condvar.c:7:
In file included from /Users/gjonesblackcyton/Documents/src/klausscpu-runtime/zephyr-ws/zephyr/include/zephyr/kernel.h:17:
In file included from /Users/gjonesblackcyton/Documents/src/klausscpu-runtime/zephyr-ws/zephyr/include/zephyr/kernel_includes.h:23:
In file included from /Users/gjonesblackcyton/Documents/src/klausscpu-runtime/zephyr-ws/zephyr/include/zephyr/toolchain.h:48:
/Users/gjonesblackcyton/Documents/src/klausscpu-runtime/zephyr-ws/zephyr/include/zephyr/toolchain/llvm.h:103:9: warning: '__UINT16_C' macro redefined [-Wmacro-redefined]
  103 | #define __UINT16_C(x)   uint_c(x, __int_least16_c_suffix__)
      |         ^
<built-in>:210:9: note: previous definition is here
  210 | #define __UINT16_C(c) c
      |         ^
In file included from /Users/gjonesblackcyton/Documents/src/klausscpu-runtime/zephyr-ws/zephyr/kernel/condvar.c:7:
In file included from /Users/gjonesblackcyton/Documents/src/klausscpu-runtime/zephyr-ws/zephyr/include/zephyr/kernel.h:17:
In file included from /Users/gjonesblackcyton/Documents/src/klausscpu-runtime/zephyr-ws/zephyr/include/zephyr/kernel_includes.h:23:
In file included from /Users/gjonesblackcyton/Documents/src/klausscpu-runtime/zephyr-ws/zephyr/include/zephyr/toolchain.h:48:
/Users/gjonesblackcyton/Documents/src/klausscpu-runtime/zephyr-ws/zephyr/include/zephyr/toolchain/llvm.h:119:9: warning: '__INT8_C' macro redefined [-Wmacro-redefined]
  119 | #define __INT8_C(x)     int_c(x, __int_least8_c_suffix__)
      |         ^
<built-in>:179:9: note: previous definition is here
  179 | #define __INT8_C(c) c
      |         ^
In file included from /Users/gjonesblackcyton/Documents/src/klausscpu-runtime/zephyr-ws/zephyr/kernel/condvar.c:7:
In file included from /Users/gjonesblackcyton/Documents/src/klausscpu-runtime/zephyr-ws/zephyr/include/zephyr/kernel.h:17:
In file included from /Users/gjonesblackcyton/Documents/src/klausscpu-runtime/zephyr-ws/zephyr/include/zephyr/kernel_includes.h:23:
In file included from /Users/gjonesblackcyton/Documents/src/klausscpu-runtime/zephyr-ws/zephyr/include/zephyr/toolchain.h:48:
/Users/gjonesblackcyton/Documents/src/klausscpu-runtime/zephyr-ws/zephyr/include/zephyr/toolchain/llvm.h:120:9: warning: '__UINT8_C' macro redefined [-Wmacro-redefined]
  120 | #define __UINT8_C(x)    uint_c(x, __int_least8_c_suffix__)
      |         ^
<built-in>:201:9: note: previous definition is here
  201 | #define __UINT8_C(c) c
      |         ^
In file included from /Users/gjonesblackcyton/Documents/src/klausscpu-runtime/zephyr-ws/zephyr/kernel/condvar.c:7:
In file included from /Users/gjonesblackcyton/Documents/src/klausscpu-runtime/zephyr-ws/zephyr/include/zephyr/kernel.h:17:
In file included from /Users/gjonesblackcyton/Documents/src/klausscpu-runtime/zephyr-ws/zephyr/include/zephyr/kernel_includes.h:23:
In file included from /Users/gjonesblackcyton/Documents/src/klausscpu-runtime/zephyr-ws/zephyr/include/zephyr/toolchain.h:48:
/Users/gjonesblackcyton/Documents/src/klausscpu-runtime/zephyr-ws/zephyr/include/zephyr/toolchain/llvm.h:127:9: warning: '__INTMAX_C' macro redefined [-Wmacro-redefined]
  127 | #define __INTMAX_C(x)   int_c(x, __INTMAX_C_SUFFIX__)
      |         ^
<built-in>:98:9: note: previous definition is here
   98 | #define __INTMAX_C(c) c##L
      |         ^
In file included from /Users/gjonesblackcyton/Documents/src/klausscpu-runtime/zephyr-ws/zephyr/kernel/condvar.c:7:
In file included from /Users/gjonesblackcyton/Documents/src/klausscpu-runtime/zephyr-ws/zephyr/include/zephyr/kernel.h:17:
In file included from /Users/gjonesblackcyton/Documents/src/klausscpu-runtime/zephyr-ws/zephyr/include/zephyr/kernel_includes.h:23:
In file included from /Users/gjonesblackcyton/Documents/src/klausscpu-runtime/zephyr-ws/zephyr/include/zephyr/toolchain.h:48:
/Users/gjonesblackcyton/Documents/src/klausscpu-runtime/zephyr-ws/zephyr/include/zephyr/toolchain/llvm.h:128:9: warning: '__UINTMAX_C' macro redefined [-Wmacro-redefined]
  128 | #define __UINTMAX_C(x)  int_c(x, __UINTMAX_C_SUFFIX__)
      |         ^
<built-in>:105:9: note: previous definition is here
  105 | #define __UINTMAX_C(c) c##UL
      |         ^
6 warnings generated.
[115/144] Building C object zephyr/kernel/CMakeFiles/kernel.dir/priority_queues.c.obj
In file included from /Users/gjonesblackcyton/Documents/src/klausscpu-runtime/zephyr-ws/zephyr/kernel/priority_queues.c:7:
In file included from /Users/gjonesblackcyton/Documents/src/klausscpu-runtime/zephyr-ws/zephyr/include/zephyr/kernel.h:17:
In file included from /Users/gjonesblackcyton/Documents/src/klausscpu-runtime/zephyr-ws/zephyr/include/zephyr/kernel_includes.h:23:
In file included from /Users/gjonesblackcyton/Documents/src/klausscpu-runtime/zephyr-ws/zephyr/include/zephyr/toolchain.h:48:
/Users/gjonesblackcyton/Documents/src/klausscpu-runtime/zephyr-ws/zephyr/include/zephyr/toolchain/llvm.h:102:9: warning: '__INT16_C' macro redefined [-Wmacro-redefined]
  102 | #define __INT16_C(x)    int_c(x, __int_least16_c_suffix__)
      |         ^
<built-in>:184:9: note: previous definition is here
  184 | #define __INT16_C(c) c
      |         ^
In file included from /Users/gjonesblackcyton/Documents/src/klausscpu-runtime/zephyr-ws/zephyr/kernel/priority_queues.c:7:
In file included from /Users/gjonesblackcyton/Documents/src/klausscpu-runtime/zephyr-ws/zephyr/include/zephyr/kernel.h:17:
In file included from /Users/gjonesblackcyton/Documents/src/klausscpu-runtime/zephyr-ws/zephyr/include/zephyr/kernel_includes.h:23:
In file included from /Users/gjonesblackcyton/Documents/src/klausscpu-runtime/zephyr-ws/zephyr/include/zephyr/toolchain.h:48:
/Users/gjonesblackcyton/Documents/src/klausscpu-runtime/zephyr-ws/zephyr/include/zephyr/toolchain/llvm.h:103:9: warning: '__UINT16_C' macro redefined [-Wmacro-redefined]
  103 | #define __UINT16_C(x)   uint_c(x, __int_least16_c_suffix__)
      |         ^
<built-in>:210:9: note: previous definition is here
  210 | #define __UINT16_C(c) c
      |         ^
In file included from /Users/gjonesblackcyton/Documents/src/klausscpu-runtime/zephyr-ws/zephyr/kernel/priority_queues.c:7:
In file included from /Users/gjonesblackcyton/Documents/src/klausscpu-runtime/zephyr-ws/zephyr/include/zephyr/kernel.h:17:
In file included from /Users/gjonesblackcyton/Documents/src/klausscpu-runtime/zephyr-ws/zephyr/include/zephyr/kernel_includes.h:23:
In file included from /Users/gjonesblackcyton/Documents/src/klausscpu-runtime/zephyr-ws/zephyr/include/zephyr/toolchain.h:48:
/Users/gjonesblackcyton/Documents/src/klausscpu-runtime/zephyr-ws/zephyr/include/zephyr/toolchain/llvm.h:119:9: warning: '__INT8_C' macro redefined [-Wmacro-redefined]
  119 | #define __INT8_C(x)     int_c(x, __int_least8_c_suffix__)
      |         ^
<built-in>:179:9: note: previous definition is here
  179 | #define __INT8_C(c) c
      |         ^
In file included from /Users/gjonesblackcyton/Documents/src/klausscpu-runtime/zephyr-ws/zephyr/kernel/priority_queues.c:7:
In file included from /Users/gjonesblackcyton/Documents/src/klausscpu-runtime/zephyr-ws/zephyr/include/zephyr/kernel.h:17:
In file included from /Users/gjonesblackcyton/Documents/src/klausscpu-runtime/zephyr-ws/zephyr/include/zephyr/kernel_includes.h:23:
In file included from /Users/gjonesblackcyton/Documents/src/klausscpu-runtime/zephyr-ws/zephyr/include/zephyr/toolchain.h:48:
/Users/gjonesblackcyton/Documents/src/klausscpu-runtime/zephyr-ws/zephyr/include/zephyr/toolchain/llvm.h:120:9: warning: '__UINT8_C' macro redefined [-Wmacro-redefined]
  120 | #define __UINT8_C(x)    uint_c(x, __int_least8_c_suffix__)
      |         ^
<built-in>:201:9: note: previous definition is here
  201 | #define __UINT8_C(c) c
      |         ^
In file included from /Users/gjonesblackcyton/Documents/src/klausscpu-runtime/zephyr-ws/zephyr/kernel/priority_queues.c:7:
In file included from /Users/gjonesblackcyton/Documents/src/klausscpu-runtime/zephyr-ws/zephyr/include/zephyr/kernel.h:17:
In file included from /Users/gjonesblackcyton/Documents/src/klausscpu-runtime/zephyr-ws/zephyr/include/zephyr/kernel_includes.h:23:
In file included from /Users/gjonesblackcyton/Documents/src/klausscpu-runtime/zephyr-ws/zephyr/include/zephyr/toolchain.h:48:
/Users/gjonesblackcyton/Documents/src/klausscpu-runtime/zephyr-ws/zephyr/include/zephyr/toolchain/llvm.h:127:9: warning: '__INTMAX_C' macro redefined [-Wmacro-redefined]
  127 | #define __INTMAX_C(x)   int_c(x, __INTMAX_C_SUFFIX__)
      |         ^
<built-in>:98:9: note: previous definition is here
   98 | #define __INTMAX_C(c) c##L
      |         ^
In file included from /Users/gjonesblackcyton/Documents/src/klausscpu-runtime/zephyr-ws/zephyr/kernel/priority_queues.c:7:
In file included from /Users/gjonesblackcyton/Documents/src/klausscpu-runtime/zephyr-ws/zephyr/include/zephyr/kernel.h:17:
In file included from /Users/gjonesblackcyton/Documents/src/klausscpu-runtime/zephyr-ws/zephyr/include/zephyr/kernel_includes.h:23:
In file included from /Users/gjonesblackcyton/Documents/src/klausscpu-runtime/zephyr-ws/zephyr/include/zephyr/toolchain.h:48:
/Users/gjonesblackcyton/Documents/src/klausscpu-runtime/zephyr-ws/zephyr/include/zephyr/toolchain/llvm.h:128:9: warning: '__UINTMAX_C' macro redefined [-Wmacro-redefined]
  128 | #define __UINTMAX_C(x)  int_c(x, __UINTMAX_C_SUFFIX__)
      |         ^
<built-in>:105:9: note: previous definition is here
  105 | #define __UINTMAX_C(c) c##UL
      |         ^
6 warnings generated.
[116/144] Building C object zephyr/kernel/CMakeFiles/kernel.dir/timeslicing.c.obj
In file included from /Users/gjonesblackcyton/Documents/src/klausscpu-runtime/zephyr-ws/zephyr/kernel/timeslicing.c:6:
In file included from /Users/gjonesblackcyton/Documents/src/klausscpu-runtime/zephyr-ws/zephyr/include/zephyr/kernel.h:17:
In file included from /Users/gjonesblackcyton/Documents/src/klausscpu-runtime/zephyr-ws/zephyr/include/zephyr/kernel_includes.h:23:
In file included from /Users/gjonesblackcyton/Documents/src/klausscpu-runtime/zephyr-ws/zephyr/include/zephyr/toolchain.h:48:
/Users/gjonesblackcyton/Documents/src/klausscpu-runtime/zephyr-ws/zephyr/include/zephyr/toolchain/llvm.h:102:9: warning: '__INT16_C' macro redefined [-Wmacro-redefined]
  102 | #define __INT16_C(x)    int_c(x, __int_least16_c_suffix__)
      |         ^
<built-in>:184:9: note: previous definition is here
  184 | #define __INT16_C(c) c
      |         ^
In file included from /Users/gjonesblackcyton/Documents/src/klausscpu-runtime/zephyr-ws/zephyr/kernel/timeslicing.c:6:
In file included from /Users/gjonesblackcyton/Documents/src/klausscpu-runtime/zephyr-ws/zephyr/include/zephyr/kernel.h:17:
In file included from /Users/gjonesblackcyton/Documents/src/klausscpu-runtime/zephyr-ws/zephyr/include/zephyr/kernel_includes.h:23:
In file included from /Users/gjonesblackcyton/Documents/src/klausscpu-runtime/zephyr-ws/zephyr/include/zephyr/toolchain.h:48:
/Users/gjonesblackcyton/Documents/src/klausscpu-runtime/zephyr-ws/zephyr/include/zephyr/toolchain/llvm.h:103:9: warning: '__UINT16_C' macro redefined [-Wmacro-redefined]
  103 | #define __UINT16_C(x)   uint_c(x, __int_least16_c_suffix__)
      |         ^
<built-in>:210:9: note: previous definition is here
  210 | #define __UINT16_C(c) c
      |         ^
In file included from /Users/gjonesblackcyton/Documents/src/klausscpu-runtime/zephyr-ws/zephyr/kernel/timeslicing.c:6:
In file included from /Users/gjonesblackcyton/Documents/src/klausscpu-runtime/zephyr-ws/zephyr/include/zephyr/kernel.h:17:
In file included from /Users/gjonesblackcyton/Documents/src/klausscpu-runtime/zephyr-ws/zephyr/include/zephyr/kernel_includes.h:23:
In file included from /Users/gjonesblackcyton/Documents/src/klausscpu-runtime/zephyr-ws/zephyr/include/zephyr/toolchain.h:48:
/Users/gjonesblackcyton/Documents/src/klausscpu-runtime/zephyr-ws/zephyr/include/zephyr/toolchain/llvm.h:119:9: warning: '__INT8_C' macro redefined [-Wmacro-redefined]
  119 | #define __INT8_C(x)     int_c(x, __int_least8_c_suffix__)
      |         ^
<built-in>:179:9: note: previous definition is here
  179 | #define __INT8_C(c) c
      |         ^
In file included from /Users/gjonesblackcyton/Documents/src/klausscpu-runtime/zephyr-ws/zephyr/kernel/timeslicing.c:6:
In file included from /Users/gjonesblackcyton/Documents/src/klausscpu-runtime/zephyr-ws/zephyr/include/zephyr/kernel.h:17:
In file included from /Users/gjonesblackcyton/Documents/src/klausscpu-runtime/zephyr-ws/zephyr/include/zephyr/kernel_includes.h:23:
In file included from /Users/gjonesblackcyton/Documents/src/klausscpu-runtime/zephyr-ws/zephyr/include/zephyr/toolchain.h:48:
/Users/gjonesblackcyton/Documents/src/klausscpu-runtime/zephyr-ws/zephyr/include/zephyr/toolchain/llvm.h:120:9: warning: '__UINT8_C' macro redefined [-Wmacro-redefined]
  120 | #define __UINT8_C(x)    uint_c(x, __int_least8_c_suffix__)
      |         ^
<built-in>:201:9: note: previous definition is here
  201 | #define __UINT8_C(c) c
      |         ^
In file included from /Users/gjonesblackcyton/Documents/src/klausscpu-runtime/zephyr-ws/zephyr/kernel/timeslicing.c:6:
In file included from /Users/gjonesblackcyton/Documents/src/klausscpu-runtime/zephyr-ws/zephyr/include/zephyr/kernel.h:17:
In file included from /Users/gjonesblackcyton/Documents/src/klausscpu-runtime/zephyr-ws/zephyr/include/zephyr/kernel_includes.h:23:
In file included from /Users/gjonesblackcyton/Documents/src/klausscpu-runtime/zephyr-ws/zephyr/include/zephyr/toolchain.h:48:
/Users/gjonesblackcyton/Documents/src/klausscpu-runtime/zephyr-ws/zephyr/include/zephyr/toolchain/llvm.h:127:9: warning: '__INTMAX_C' macro redefined [-Wmacro-redefined]
  127 | #define __INTMAX_C(x)   int_c(x, __INTMAX_C_SUFFIX__)
      |         ^
<built-in>:98:9: note: previous definition is here
   98 | #define __INTMAX_C(c) c##L
      |         ^
In file included from /Users/gjonesblackcyton/Documents/src/klausscpu-runtime/zephyr-ws/zephyr/kernel/timeslicing.c:6:
In file included from /Users/gjonesblackcyton/Documents/src/klausscpu-runtime/zephyr-ws/zephyr/include/zephyr/kernel.h:17:
In file included from /Users/gjonesblackcyton/Documents/src/klausscpu-runtime/zephyr-ws/zephyr/include/zephyr/kernel_includes.h:23:
In file included from /Users/gjonesblackcyton/Documents/src/klausscpu-runtime/zephyr-ws/zephyr/include/zephyr/toolchain.h:48:
/Users/gjonesblackcyton/Documents/src/klausscpu-runtime/zephyr-ws/zephyr/include/zephyr/toolchain/llvm.h:128:9: warning: '__UINTMAX_C' macro redefined [-Wmacro-redefined]
  128 | #define __UINTMAX_C(x)  int_c(x, __UINTMAX_C_SUFFIX__)
      |         ^
<built-in>:105:9: note: previous definition is here
  105 | #define __UINTMAX_C(c) c##UL
      |         ^
In file included from /Users/gjonesblackcyton/Documents/src/klausscpu-runtime/zephyr-ws/zephyr/kernel/timeslicing.c:7:
In file included from /Users/gjonesblackcyton/Documents/src/klausscpu-runtime/zephyr-ws/zephyr/kernel/include/kswap.h:9:
In file included from /Users/gjonesblackcyton/Documents/src/klausscpu-runtime/zephyr-ws/zephyr/kernel/include/ksched.h:11:
In file included from /Users/gjonesblackcyton/Documents/src/klausscpu-runtime/zephyr-ws/zephyr/kernel/include/kernel_internal.h:18:
/Users/gjonesblackcyton/Documents/src/klausscpu-runtime/zephyr-ws/zephyr/kernel/include/kernel_arch_interface.h:131:20: warning: function 'arch_switch' has internal linkage but is not defined [-Wundefined-internal]
  131 | static inline void arch_switch(void *switch_to, void **switched_from);
      |                    ^
/Users/gjonesblackcyton/Documents/src/klausscpu-runtime/zephyr-ws/zephyr/kernel/include/kswap.h:167:3: note: used here
  167 |                 arch_switch(newsh, &old_thread->switch_handle);
      |                 ^
7 warnings generated.
[117/144] Building C object zephyr/kernel/CMakeFiles/kernel.dir/thread.c.obj
In file included from /Users/gjonesblackcyton/Documents/src/klausscpu-runtime/zephyr-ws/zephyr/kernel/thread.c:14:
In file included from /Users/gjonesblackcyton/Documents/src/klausscpu-runtime/zephyr-ws/zephyr/include/zephyr/kernel.h:17:
In file included from /Users/gjonesblackcyton/Documents/src/klausscpu-runtime/zephyr-ws/zephyr/include/zephyr/kernel_includes.h:23:
In file included from /Users/gjonesblackcyton/Documents/src/klausscpu-runtime/zephyr-ws/zephyr/include/zephyr/toolchain.h:48:
/Users/gjonesblackcyton/Documents/src/klausscpu-runtime/zephyr-ws/zephyr/include/zephyr/toolchain/llvm.h:102:9: warning: '__INT16_C' macro redefined [-Wmacro-redefined]
  102 | #define __INT16_C(x)    int_c(x, __int_least16_c_suffix__)
      |         ^
<built-in>:184:9: note: previous definition is here
  184 | #define __INT16_C(c) c
      |         ^
In file included from /Users/gjonesblackcyton/Documents/src/klausscpu-runtime/zephyr-ws/zephyr/kernel/thread.c:14:
In file included from /Users/gjonesblackcyton/Documents/src/klausscpu-runtime/zephyr-ws/zephyr/include/zephyr/kernel.h:17:
In file included from /Users/gjonesblackcyton/Documents/src/klausscpu-runtime/zephyr-ws/zephyr/include/zephyr/kernel_includes.h:23:
In file included from /Users/gjonesblackcyton/Documents/src/klausscpu-runtime/zephyr-ws/zephyr/include/zephyr/toolchain.h:48:
/Users/gjonesblackcyton/Documents/src/klausscpu-runtime/zephyr-ws/zephyr/include/zephyr/toolchain/llvm.h:103:9: warning: '__UINT16_C' macro redefined [-Wmacro-redefined]
  103 | #define __UINT16_C(x)   uint_c(x, __int_least16_c_suffix__)
      |         ^
<built-in>:210:9: note: previous definition is here
  210 | #define __UINT16_C(c) c
      |         ^
In file included from /Users/gjonesblackcyton/Documents/src/klausscpu-runtime/zephyr-ws/zephyr/kernel/thread.c:14:
In file included from /Users/gjonesblackcyton/Documents/src/klausscpu-runtime/zephyr-ws/zephyr/include/zephyr/kernel.h:17:
In file included from /Users/gjonesblackcyton/Documents/src/klausscpu-runtime/zephyr-ws/zephyr/include/zephyr/kernel_includes.h:23:
In file included from /Users/gjonesblackcyton/Documents/src/klausscpu-runtime/zephyr-ws/zephyr/include/zephyr/toolchain.h:48:
/Users/gjonesblackcyton/Documents/src/klausscpu-runtime/zephyr-ws/zephyr/include/zephyr/toolchain/llvm.h:119:9: warning: '__INT8_C' macro redefined [-Wmacro-redefined]
  119 | #define __INT8_C(x)     int_c(x, __int_least8_c_suffix__)
      |         ^
<built-in>:179:9: note: previous definition is here
  179 | #define __INT8_C(c) c
      |         ^
In file included from /Users/gjonesblackcyton/Documents/src/klausscpu-runtime/zephyr-ws/zephyr/kernel/thread.c:14:
In file included from /Users/gjonesblackcyton/Documents/src/klausscpu-runtime/zephyr-ws/zephyr/include/zephyr/kernel.h:17:
In file included from /Users/gjonesblackcyton/Documents/src/klausscpu-runtime/zephyr-ws/zephyr/include/zephyr/kernel_includes.h:23:
In file included from /Users/gjonesblackcyton/Documents/src/klausscpu-runtime/zephyr-ws/zephyr/include/zephyr/toolchain.h:48:
/Users/gjonesblackcyton/Documents/src/klausscpu-runtime/zephyr-ws/zephyr/include/zephyr/toolchain/llvm.h:120:9: warning: '__UINT8_C' macro redefined [-Wmacro-redefined]
  120 | #define __UINT8_C(x)    uint_c(x, __int_least8_c_suffix__)
      |         ^
<built-in>:201:9: note: previous definition is here
  201 | #define __UINT8_C(c) c
      |         ^
In file included from /Users/gjonesblackcyton/Documents/src/klausscpu-runtime/zephyr-ws/zephyr/kernel/thread.c:14:
In file included from /Users/gjonesblackcyton/Documents/src/klausscpu-runtime/zephyr-ws/zephyr/include/zephyr/kernel.h:17:
In file included from /Users/gjonesblackcyton/Documents/src/klausscpu-runtime/zephyr-ws/zephyr/include/zephyr/kernel_includes.h:23:
In file included from /Users/gjonesblackcyton/Documents/src/klausscpu-runtime/zephyr-ws/zephyr/include/zephyr/toolchain.h:48:
/Users/gjonesblackcyton/Documents/src/klausscpu-runtime/zephyr-ws/zephyr/include/zephyr/toolchain/llvm.h:127:9: warning: '__INTMAX_C' macro redefined [-Wmacro-redefined]
  127 | #define __INTMAX_C(x)   int_c(x, __INTMAX_C_SUFFIX__)
      |         ^
<built-in>:98:9: note: previous definition is here
   98 | #define __INTMAX_C(c) c##L
      |         ^
In file included from /Users/gjonesblackcyton/Documents/src/klausscpu-runtime/zephyr-ws/zephyr/kernel/thread.c:14:
In file included from /Users/gjonesblackcyton/Documents/src/klausscpu-runtime/zephyr-ws/zephyr/include/zephyr/kernel.h:17:
In file included from /Users/gjonesblackcyton/Documents/src/klausscpu-runtime/zephyr-ws/zephyr/include/zephyr/kernel_includes.h:23:
In file included from /Users/gjonesblackcyton/Documents/src/klausscpu-runtime/zephyr-ws/zephyr/include/zephyr/toolchain.h:48:
/Users/gjonesblackcyton/Documents/src/klausscpu-runtime/zephyr-ws/zephyr/include/zephyr/toolchain/llvm.h:128:9: warning: '__UINTMAX_C' macro redefined [-Wmacro-redefined]
  128 | #define __UINTMAX_C(x)  int_c(x, __UINTMAX_C_SUFFIX__)
      |         ^
<built-in>:105:9: note: previous definition is here
  105 | #define __UINTMAX_C(c) c##UL
      |         ^
In file included from /Users/gjonesblackcyton/Documents/src/klausscpu-runtime/zephyr-ws/zephyr/kernel/thread.c:18:
In file included from /Users/gjonesblackcyton/Documents/src/klausscpu-runtime/zephyr-ws/zephyr/kernel/include/ksched.h:11:
In file included from /Users/gjonesblackcyton/Documents/src/klausscpu-runtime/zephyr-ws/zephyr/kernel/include/kernel_internal.h:18:
/Users/gjonesblackcyton/Documents/src/klausscpu-runtime/zephyr-ws/zephyr/kernel/include/kernel_arch_interface.h:131:20: warning: function 'arch_switch' has internal linkage but is not defined [-Wundefined-internal]
  131 | static inline void arch_switch(void *switch_to, void **switched_from);
      |                    ^
/Users/gjonesblackcyton/Documents/src/klausscpu-runtime/zephyr-ws/zephyr/kernel/include/kswap.h:167:3: note: used here
  167 |                 arch_switch(newsh, &old_thread->switch_handle);
      |                 ^
7 warnings generated.
[118/144] Building C object zephyr/kernel/CMakeFiles/kernel.dir/atomic_c.c.obj
In file included from /Users/gjonesblackcyton/Documents/src/klausscpu-runtime/zephyr-ws/zephyr/kernel/atomic_c.c:21:
In file included from /Users/gjonesblackcyton/Documents/src/klausscpu-runtime/zephyr-ws/zephyr/include/zephyr/toolchain.h:48:
/Users/gjonesblackcyton/Documents/src/klausscpu-runtime/zephyr-ws/zephyr/include/zephyr/toolchain/llvm.h:102:9: warning: '__INT16_C' macro redefined [-Wmacro-redefined]
  102 | #define __INT16_C(x)    int_c(x, __int_least16_c_suffix__)
      |         ^
<built-in>:184:9: note: previous definition is here
  184 | #define __INT16_C(c) c
      |         ^
In file included from /Users/gjonesblackcyton/Documents/src/klausscpu-runtime/zephyr-ws/zephyr/kernel/atomic_c.c:21:
In file included from /Users/gjonesblackcyton/Documents/src/klausscpu-runtime/zephyr-ws/zephyr/include/zephyr/toolchain.h:48:
/Users/gjonesblackcyton/Documents/src/klausscpu-runtime/zephyr-ws/zephyr/include/zephyr/toolchain/llvm.h:103:9: warning: '__UINT16_C' macro redefined [-Wmacro-redefined]
  103 | #define __UINT16_C(x)   uint_c(x, __int_least16_c_suffix__)
      |         ^
<built-in>:210:9: note: previous definition is here
  210 | #define __UINT16_C(c) c
      |         ^
In file included from /Users/gjonesblackcyton/Documents/src/klausscpu-runtime/zephyr-ws/zephyr/kernel/atomic_c.c:21:
In file included from /Users/gjonesblackcyton/Documents/src/klausscpu-runtime/zephyr-ws/zephyr/include/zephyr/toolchain.h:48:
/Users/gjonesblackcyton/Documents/src/klausscpu-runtime/zephyr-ws/zephyr/include/zephyr/toolchain/llvm.h:119:9: warning: '__INT8_C' macro redefined [-Wmacro-redefined]
  119 | #define __INT8_C(x)     int_c(x, __int_least8_c_suffix__)
      |         ^
<built-in>:179:9: note: previous definition is here
  179 | #define __INT8_C(c) c
      |         ^
In file included from /Users/gjonesblackcyton/Documents/src/klausscpu-runtime/zephyr-ws/zephyr/kernel/atomic_c.c:21:
In file included from /Users/gjonesblackcyton/Documents/src/klausscpu-runtime/zephyr-ws/zephyr/include/zephyr/toolchain.h:48:
/Users/gjonesblackcyton/Documents/src/klausscpu-runtime/zephyr-ws/zephyr/include/zephyr/toolchain/llvm.h:120:9: warning: '__UINT8_C' macro redefined [-Wmacro-redefined]
  120 | #define __UINT8_C(x)    uint_c(x, __int_least8_c_suffix__)
      |         ^
<built-in>:201:9: note: previous definition is here
  201 | #define __UINT8_C(c) c
      |         ^
In file included from /Users/gjonesblackcyton/Documents/src/klausscpu-runtime/zephyr-ws/zephyr/kernel/atomic_c.c:21:
In file included from /Users/gjonesblackcyton/Documents/src/klausscpu-runtime/zephyr-ws/zephyr/include/zephyr/toolchain.h:48:
/Users/gjonesblackcyton/Documents/src/klausscpu-runtime/zephyr-ws/zephyr/include/zephyr/toolchain/llvm.h:127:9: warning: '__INTMAX_C' macro redefined [-Wmacro-redefined]
  127 | #define __INTMAX_C(x)   int_c(x, __INTMAX_C_SUFFIX__)
      |         ^
<built-in>:98:9: note: previous definition is here
   98 | #define __INTMAX_C(c) c##L
      |         ^
In file included from /Users/gjonesblackcyton/Documents/src/klausscpu-runtime/zephyr-ws/zephyr/kernel/atomic_c.c:21:
In file included from /Users/gjonesblackcyton/Documents/src/klausscpu-runtime/zephyr-ws/zephyr/include/zephyr/toolchain.h:48:
/Users/gjonesblackcyton/Documents/src/klausscpu-runtime/zephyr-ws/zephyr/include/zephyr/toolchain/llvm.h:128:9: warning: '__UINTMAX_C' macro redefined [-Wmacro-redefined]
  128 | #define __UINTMAX_C(x)  int_c(x, __UINTMAX_C_SUFFIX__)
      |         ^
<built-in>:105:9: note: previous definition is here
  105 | #define __UINTMAX_C(c) c##UL
      |         ^
6 warnings generated.
[119/144] Building C object zephyr/kernel/CMakeFiles/kernel.dir/work.c.obj
In file included from /Users/gjonesblackcyton/Documents/src/klausscpu-runtime/zephyr-ws/zephyr/kernel/work.c:13:
In file included from /Users/gjonesblackcyton/Documents/src/klausscpu-runtime/zephyr-ws/zephyr/include/zephyr/kernel.h:17:
In file included from /Users/gjonesblackcyton/Documents/src/klausscpu-runtime/zephyr-ws/zephyr/include/zephyr/kernel_includes.h:23:
In file included from /Users/gjonesblackcyton/Documents/src/klausscpu-runtime/zephyr-ws/zephyr/include/zephyr/toolchain.h:48:
/Users/gjonesblackcyton/Documents/src/klausscpu-runtime/zephyr-ws/zephyr/include/zephyr/toolchain/llvm.h:102:9: warning: '__INT16_C' macro redefined [-Wmacro-redefined]
  102 | #define __INT16_C(x)    int_c(x, __int_least16_c_suffix__)
      |         ^
<built-in>:184:9: note: previous definition is here
  184 | #define __INT16_C(c) c
      |         ^
In file included from /Users/gjonesblackcyton/Documents/src/klausscpu-runtime/zephyr-ws/zephyr/kernel/work.c:13:
In file included from /Users/gjonesblackcyton/Documents/src/klausscpu-runtime/zephyr-ws/zephyr/include/zephyr/kernel.h:17:
In file included from /Users/gjonesblackcyton/Documents/src/klausscpu-runtime/zephyr-ws/zephyr/include/zephyr/kernel_includes.h:23:
In file included from /Users/gjonesblackcyton/Documents/src/klausscpu-runtime/zephyr-ws/zephyr/include/zephyr/toolchain.h:48:
/Users/gjonesblackcyton/Documents/src/klausscpu-runtime/zephyr-ws/zephyr/include/zephyr/toolchain/llvm.h:103:9: warning: '__UINT16_C' macro redefined [-Wmacro-redefined]
  103 | #define __UINT16_C(x)   uint_c(x, __int_least16_c_suffix__)
      |         ^
<built-in>:210:9: note: previous definition is here
  210 | #define __UINT16_C(c) c
      |         ^
In file included from /Users/gjonesblackcyton/Documents/src/klausscpu-runtime/zephyr-ws/zephyr/kernel/work.c:13:
In file included from /Users/gjonesblackcyton/Documents/src/klausscpu-runtime/zephyr-ws/zephyr/include/zephyr/kernel.h:17:
In file included from /Users/gjonesblackcyton/Documents/src/klausscpu-runtime/zephyr-ws/zephyr/include/zephyr/kernel_includes.h:23:
In file included from /Users/gjonesblackcyton/Documents/src/klausscpu-runtime/zephyr-ws/zephyr/include/zephyr/toolchain.h:48:
/Users/gjonesblackcyton/Documents/src/klausscpu-runtime/zephyr-ws/zephyr/include/zephyr/toolchain/llvm.h:119:9: warning: '__INT8_C' macro redefined [-Wmacro-redefined]
  119 | #define __INT8_C(x)     int_c(x, __int_least8_c_suffix__)
      |         ^
<built-in>:179:9: note: previous definition is here
  179 | #define __INT8_C(c) c
      |         ^
In file included from /Users/gjonesblackcyton/Documents/src/klausscpu-runtime/zephyr-ws/zephyr/kernel/work.c:13:
In file included from /Users/gjonesblackcyton/Documents/src/klausscpu-runtime/zephyr-ws/zephyr/include/zephyr/kernel.h:17:
In file included from /Users/gjonesblackcyton/Documents/src/klausscpu-runtime/zephyr-ws/zephyr/include/zephyr/kernel_includes.h:23:
In file included from /Users/gjonesblackcyton/Documents/src/klausscpu-runtime/zephyr-ws/zephyr/include/zephyr/toolchain.h:48:
/Users/gjonesblackcyton/Documents/src/klausscpu-runtime/zephyr-ws/zephyr/include/zephyr/toolchain/llvm.h:120:9: warning: '__UINT8_C' macro redefined [-Wmacro-redefined]
  120 | #define __UINT8_C(x)    uint_c(x, __int_least8_c_suffix__)
      |         ^
<built-in>:201:9: note: previous definition is here
  201 | #define __UINT8_C(c) c
      |         ^
In file included from /Users/gjonesblackcyton/Documents/src/klausscpu-runtime/zephyr-ws/zephyr/kernel/work.c:13:
In file included from /Users/gjonesblackcyton/Documents/src/klausscpu-runtime/zephyr-ws/zephyr/include/zephyr/kernel.h:17:
In file included from /Users/gjonesblackcyton/Documents/src/klausscpu-runtime/zephyr-ws/zephyr/include/zephyr/kernel_includes.h:23:
In file included from /Users/gjonesblackcyton/Documents/src/klausscpu-runtime/zephyr-ws/zephyr/include/zephyr/toolchain.h:48:
/Users/gjonesblackcyton/Documents/src/klausscpu-runtime/zephyr-ws/zephyr/include/zephyr/toolchain/llvm.h:127:9: warning: '__INTMAX_C' macro redefined [-Wmacro-redefined]
  127 | #define __INTMAX_C(x)   int_c(x, __INTMAX_C_SUFFIX__)
      |         ^
<built-in>:98:9: note: previous definition is here
   98 | #define __INTMAX_C(c) c##L
      |         ^
In file included from /Users/gjonesblackcyton/Documents/src/klausscpu-runtime/zephyr-ws/zephyr/kernel/work.c:13:
In file included from /Users/gjonesblackcyton/Documents/src/klausscpu-runtime/zephyr-ws/zephyr/include/zephyr/kernel.h:17:
In file included from /Users/gjonesblackcyton/Documents/src/klausscpu-runtime/zephyr-ws/zephyr/include/zephyr/kernel_includes.h:23:
In file included from /Users/gjonesblackcyton/Documents/src/klausscpu-runtime/zephyr-ws/zephyr/include/zephyr/toolchain.h:48:
/Users/gjonesblackcyton/Documents/src/klausscpu-runtime/zephyr-ws/zephyr/include/zephyr/toolchain/llvm.h:128:9: warning: '__UINTMAX_C' macro redefined [-Wmacro-redefined]
  128 | #define __UINTMAX_C(x)  int_c(x, __UINTMAX_C_SUFFIX__)
      |         ^
<built-in>:105:9: note: previous definition is here
  105 | #define __UINTMAX_C(c) c##UL
      |         ^
6 warnings generated.
[120/144] Linking C static library app/libapp.a
[121/144] Linking C static library zephyr/libzephyr.a
[122/144] Building C object zephyr/kernel/CMakeFiles/kernel.dir/timer.c.obj
In file included from /Users/gjonesblackcyton/Documents/src/klausscpu-runtime/zephyr-ws/zephyr/kernel/timer.c:7:
In file included from /Users/gjonesblackcyton/Documents/src/klausscpu-runtime/zephyr-ws/zephyr/include/zephyr/kernel.h:17:
In file included from /Users/gjonesblackcyton/Documents/src/klausscpu-runtime/zephyr-ws/zephyr/include/zephyr/kernel_includes.h:23:
In file included from /Users/gjonesblackcyton/Documents/src/klausscpu-runtime/zephyr-ws/zephyr/include/zephyr/toolchain.h:48:
/Users/gjonesblackcyton/Documents/src/klausscpu-runtime/zephyr-ws/zephyr/include/zephyr/toolchain/llvm.h:102:9: warning: '__INT16_C' macro redefined [-Wmacro-redefined]
  102 | #define __INT16_C(x)    int_c(x, __int_least16_c_suffix__)
      |         ^
<built-in>:184:9: note: previous definition is here
  184 | #define __INT16_C(c) c
      |         ^
In file included from /Users/gjonesblackcyton/Documents/src/klausscpu-runtime/zephyr-ws/zephyr/kernel/timer.c:7:
In file included from /Users/gjonesblackcyton/Documents/src/klausscpu-runtime/zephyr-ws/zephyr/include/zephyr/kernel.h:17:
In file included from /Users/gjonesblackcyton/Documents/src/klausscpu-runtime/zephyr-ws/zephyr/include/zephyr/kernel_includes.h:23:
In file included from /Users/gjonesblackcyton/Documents/src/klausscpu-runtime/zephyr-ws/zephyr/include/zephyr/toolchain.h:48:
/Users/gjonesblackcyton/Documents/src/klausscpu-runtime/zephyr-ws/zephyr/include/zephyr/toolchain/llvm.h:103:9: warning: '__UINT16_C' macro redefined [-Wmacro-redefined]
  103 | #define __UINT16_C(x)   uint_c(x, __int_least16_c_suffix__)
      |         ^
<built-in>:210:9: note: previous definition is here
  210 | #define __UINT16_C(c) c
      |         ^
In file included from /Users/gjonesblackcyton/Documents/src/klausscpu-runtime/zephyr-ws/zephyr/kernel/timer.c:7:
In file included from /Users/gjonesblackcyton/Documents/src/klausscpu-runtime/zephyr-ws/zephyr/include/zephyr/kernel.h:17:
In file included from /Users/gjonesblackcyton/Documents/src/klausscpu-runtime/zephyr-ws/zephyr/include/zephyr/kernel_includes.h:23:
In file included from /Users/gjonesblackcyton/Documents/src/klausscpu-runtime/zephyr-ws/zephyr/include/zephyr/toolchain.h:48:
/Users/gjonesblackcyton/Documents/src/klausscpu-runtime/zephyr-ws/zephyr/include/zephyr/toolchain/llvm.h:119:9: warning: '__INT8_C' macro redefined [-Wmacro-redefined]
  119 | #define __INT8_C(x)     int_c(x, __int_least8_c_suffix__)
      |         ^
<built-in>:179:9: note: previous definition is here
  179 | #define __INT8_C(c) c
      |         ^
In file included from /Users/gjonesblackcyton/Documents/src/klausscpu-runtime/zephyr-ws/zephyr/kernel/timer.c:7:
In file included from /Users/gjonesblackcyton/Documents/src/klausscpu-runtime/zephyr-ws/zephyr/include/zephyr/kernel.h:17:
In file included from /Users/gjonesblackcyton/Documents/src/klausscpu-runtime/zephyr-ws/zephyr/include/zephyr/kernel_includes.h:23:
In file included from /Users/gjonesblackcyton/Documents/src/klausscpu-runtime/zephyr-ws/zephyr/include/zephyr/toolchain.h:48:
/Users/gjonesblackcyton/Documents/src/klausscpu-runtime/zephyr-ws/zephyr/include/zephyr/toolchain/llvm.h:120:9: warning: '__UINT8_C' macro redefined [-Wmacro-redefined]
  120 | #define __UINT8_C(x)    uint_c(x, __int_least8_c_suffix__)
      |         ^
<built-in>:201:9: note: previous definition is here
  201 | #define __UINT8_C(c) c
      |         ^
In file included from /Users/gjonesblackcyton/Documents/src/klausscpu-runtime/zephyr-ws/zephyr/kernel/timer.c:7:
In file included from /Users/gjonesblackcyton/Documents/src/klausscpu-runtime/zephyr-ws/zephyr/include/zephyr/kernel.h:17:
In file included from /Users/gjonesblackcyton/Documents/src/klausscpu-runtime/zephyr-ws/zephyr/include/zephyr/kernel_includes.h:23:
In file included from /Users/gjonesblackcyton/Documents/src/klausscpu-runtime/zephyr-ws/zephyr/include/zephyr/toolchain.h:48:
/Users/gjonesblackcyton/Documents/src/klausscpu-runtime/zephyr-ws/zephyr/include/zephyr/toolchain/llvm.h:127:9: warning: '__INTMAX_C' macro redefined [-Wmacro-redefined]
  127 | #define __INTMAX_C(x)   int_c(x, __INTMAX_C_SUFFIX__)
      |         ^
<built-in>:98:9: note: previous definition is here
   98 | #define __INTMAX_C(c) c##L
      |         ^
In file included from /Users/gjonesblackcyton/Documents/src/klausscpu-runtime/zephyr-ws/zephyr/kernel/timer.c:7:
In file included from /Users/gjonesblackcyton/Documents/src/klausscpu-runtime/zephyr-ws/zephyr/include/zephyr/kernel.h:17:
In file included from /Users/gjonesblackcyton/Documents/src/klausscpu-runtime/zephyr-ws/zephyr/include/zephyr/kernel_includes.h:23:
In file included from /Users/gjonesblackcyton/Documents/src/klausscpu-runtime/zephyr-ws/zephyr/include/zephyr/toolchain.h:48:
/Users/gjonesblackcyton/Documents/src/klausscpu-runtime/zephyr-ws/zephyr/include/zephyr/toolchain/llvm.h:128:9: warning: '__UINTMAX_C' macro redefined [-Wmacro-redefined]
  128 | #define __UINTMAX_C(x)  int_c(x, __UINTMAX_C_SUFFIX__)
      |         ^
<built-in>:105:9: note: previous definition is here
  105 | #define __UINTMAX_C(c) c##UL
      |         ^
6 warnings generated.
[123/144] Linking C static library zephyr/arch/arch/klausscpu/core/lib..__klausscpu-zephyr__arch__klausscpu__core.a
[124/144] Linking C static library zephyr/lib/libc/minimal/liblib__libc__minimal.a
[125/144] Building C object zephyr/CMakeFiles/zephyr_pre0.dir/misc/empty_file.c.obj
[126/144] Linking C static library zephyr/lib/libc/common/liblib__libc__common.a
[127/144] Building C object zephyr/kernel/CMakeFiles/kernel.dir/timeout.c.obj
In file included from /Users/gjonesblackcyton/Documents/src/klausscpu-runtime/zephyr-ws/zephyr/kernel/timeout.c:7:
In file included from /Users/gjonesblackcyton/Documents/src/klausscpu-runtime/zephyr-ws/zephyr/include/zephyr/kernel.h:17:
In file included from /Users/gjonesblackcyton/Documents/src/klausscpu-runtime/zephyr-ws/zephyr/include/zephyr/kernel_includes.h:23:
In file included from /Users/gjonesblackcyton/Documents/src/klausscpu-runtime/zephyr-ws/zephyr/include/zephyr/toolchain.h:48:
/Users/gjonesblackcyton/Documents/src/klausscpu-runtime/zephyr-ws/zephyr/include/zephyr/toolchain/llvm.h:102:9: warning: '__INT16_C' macro redefined [-Wmacro-redefined]
  102 | #define __INT16_C(x)    int_c(x, __int_least16_c_suffix__)
      |         ^
<built-in>:184:9: note: previous definition is here
  184 | #define __INT16_C(c) c
      |         ^
In file included from /Users/gjonesblackcyton/Documents/src/klausscpu-runtime/zephyr-ws/zephyr/kernel/timeout.c:7:
In file included from /Users/gjonesblackcyton/Documents/src/klausscpu-runtime/zephyr-ws/zephyr/include/zephyr/kernel.h:17:
In file included from /Users/gjonesblackcyton/Documents/src/klausscpu-runtime/zephyr-ws/zephyr/include/zephyr/kernel_includes.h:23:
In file included from /Users/gjonesblackcyton/Documents/src/klausscpu-runtime/zephyr-ws/zephyr/include/zephyr/toolchain.h:48:
/Users/gjonesblackcyton/Documents/src/klausscpu-runtime/zephyr-ws/zephyr/include/zephyr/toolchain/llvm.h:103:9: warning: '__UINT16_C' macro redefined [-Wmacro-redefined]
  103 | #define __UINT16_C(x)   uint_c(x, __int_least16_c_suffix__)
      |         ^
<built-in>:210:9: note: previous definition is here
  210 | #define __UINT16_C(c) c
      |         ^
In file included from /Users/gjonesblackcyton/Documents/src/klausscpu-runtime/zephyr-ws/zephyr/kernel/timeout.c:7:
In file included from /Users/gjonesblackcyton/Documents/src/klausscpu-runtime/zephyr-ws/zephyr/include/zephyr/kernel.h:17:
In file included from /Users/gjonesblackcyton/Documents/src/klausscpu-runtime/zephyr-ws/zephyr/include/zephyr/kernel_includes.h:23:
In file included from /Users/gjonesblackcyton/Documents/src/klausscpu-runtime/zephyr-ws/zephyr/include/zephyr/toolchain.h:48:
/Users/gjonesblackcyton/Documents/src/klausscpu-runtime/zephyr-ws/zephyr/include/zephyr/toolchain/llvm.h:119:9: warning: '__INT8_C' macro redefined [-Wmacro-redefined]
  119 | #define __INT8_C(x)     int_c(x, __int_least8_c_suffix__)
      |         ^
<built-in>:179:9: note: previous definition is here
  179 | #define __INT8_C(c) c
      |         ^
In file included from /Users/gjonesblackcyton/Documents/src/klausscpu-runtime/zephyr-ws/zephyr/kernel/timeout.c:7:
In file included from /Users/gjonesblackcyton/Documents/src/klausscpu-runtime/zephyr-ws/zephyr/include/zephyr/kernel.h:17:
In file included from /Users/gjonesblackcyton/Documents/src/klausscpu-runtime/zephyr-ws/zephyr/include/zephyr/kernel_includes.h:23:
In file included from /Users/gjonesblackcyton/Documents/src/klausscpu-runtime/zephyr-ws/zephyr/include/zephyr/toolchain.h:48:
/Users/gjonesblackcyton/Documents/src/klausscpu-runtime/zephyr-ws/zephyr/include/zephyr/toolchain/llvm.h:120:9: warning: '__UINT8_C' macro redefined [-Wmacro-redefined]
  120 | #define __UINT8_C(x)    uint_c(x, __int_least8_c_suffix__)
      |         ^
<built-in>:201:9: note: previous definition is here
  201 | #define __UINT8_C(c) c
      |         ^
In file included from /Users/gjonesblackcyton/Documents/src/klausscpu-runtime/zephyr-ws/zephyr/kernel/timeout.c:7:
In file included from /Users/gjonesblackcyton/Documents/src/klausscpu-runtime/zephyr-ws/zephyr/include/zephyr/kernel.h:17:
In file included from /Users/gjonesblackcyton/Documents/src/klausscpu-runtime/zephyr-ws/zephyr/include/zephyr/kernel_includes.h:23:
In file included from /Users/gjonesblackcyton/Documents/src/klausscpu-runtime/zephyr-ws/zephyr/include/zephyr/toolchain.h:48:
/Users/gjonesblackcyton/Documents/src/klausscpu-runtime/zephyr-ws/zephyr/include/zephyr/toolchain/llvm.h:127:9: warning: '__INTMAX_C' macro redefined [-Wmacro-redefined]
  127 | #define __INTMAX_C(x)   int_c(x, __INTMAX_C_SUFFIX__)
      |         ^
<built-in>:98:9: note: previous definition is here
   98 | #define __INTMAX_C(c) c##L
      |         ^
In file included from /Users/gjonesblackcyton/Documents/src/klausscpu-runtime/zephyr-ws/zephyr/kernel/timeout.c:7:
In file included from /Users/gjonesblackcyton/Documents/src/klausscpu-runtime/zephyr-ws/zephyr/include/zephyr/kernel.h:17:
In file included from /Users/gjonesblackcyton/Documents/src/klausscpu-runtime/zephyr-ws/zephyr/include/zephyr/kernel_includes.h:23:
In file included from /Users/gjonesblackcyton/Documents/src/klausscpu-runtime/zephyr-ws/zephyr/include/zephyr/toolchain.h:48:
/Users/gjonesblackcyton/Documents/src/klausscpu-runtime/zephyr-ws/zephyr/include/zephyr/toolchain/llvm.h:128:9: warning: '__UINTMAX_C' macro redefined [-Wmacro-redefined]
  128 | #define __UINTMAX_C(x)  int_c(x, __UINTMAX_C_SUFFIX__)
      |         ^
<built-in>:105:9: note: previous definition is here
  105 | #define __UINTMAX_C(c) c##UL
      |         ^
6 warnings generated.
[128/144] Linking C static library zephyr/subsys/net/libsubsys__net.a
[129/144] Linking C static library zephyr/subsys/net/lib/dhcpv4/libsubsys__net__lib__dhcpv4.a
[130/144] Linking C static library zephyr/subsys/net/l2/ethernet/libsubsys__net__l2__ethernet.a
[131/144] Linking C static library zephyr/drivers/console/libdrivers__console.a
[132/144] Linking C static library zephyr/drivers/timer/libdrivers__timer.a
[133/144] Linking C static library modules/klausscpu-zephyr/drivers/serial/lib..__klausscpu-zephyr__drivers__serial.a
[134/144] Linking C static library modules/klausscpu-zephyr/drivers/ethernet/lib..__klausscpu-zephyr__drivers__ethernet.a
[135/144] Building C object zephyr/subsys/net/ip/CMakeFiles/subsys__net__ip.dir/tcp.c.obj
In file included from /Users/gjonesblackcyton/Documents/src/klausscpu-runtime/zephyr-ws/zephyr/subsys/net/ip/tcp.c:7:
In file included from /Users/gjonesblackcyton/Documents/src/klausscpu-runtime/zephyr-ws/zephyr/include/zephyr/logging/log.h:10:
In file included from /Users/gjonesblackcyton/Documents/src/klausscpu-runtime/zephyr-ws/zephyr/include/zephyr/logging/log_instance.h:10:
In file included from /Users/gjonesblackcyton/Documents/src/klausscpu-runtime/zephyr-ws/zephyr/include/zephyr/sys/iterable_sections.h:10:
In file included from /Users/gjonesblackcyton/Documents/src/klausscpu-runtime/zephyr-ws/zephyr/include/zephyr/sys/__assert.h:11:
In file included from /Users/gjonesblackcyton/Documents/src/klausscpu-runtime/zephyr-ws/zephyr/include/zephyr/toolchain.h:48:
/Users/gjonesblackcyton/Documents/src/klausscpu-runtime/zephyr-ws/zephyr/include/zephyr/toolchain/llvm.h:102:9: warning: '__INT16_C' macro redefined [-Wmacro-redefined]
  102 | #define __INT16_C(x)    int_c(x, __int_least16_c_suffix__)
      |         ^
<built-in>:184:9: note: previous definition is here
  184 | #define __INT16_C(c) c
      |         ^
In file included from /Users/gjonesblackcyton/Documents/src/klausscpu-runtime/zephyr-ws/zephyr/subsys/net/ip/tcp.c:7:
In file included from /Users/gjonesblackcyton/Documents/src/klausscpu-runtime/zephyr-ws/zephyr/include/zephyr/logging/log.h:10:
In file included from /Users/gjonesblackcyton/Documents/src/klausscpu-runtime/zephyr-ws/zephyr/include/zephyr/logging/log_instance.h:10:
In file included from /Users/gjonesblackcyton/Documents/src/klausscpu-runtime/zephyr-ws/zephyr/include/zephyr/sys/iterable_sections.h:10:
In file included from /Users/gjonesblackcyton/Documents/src/klausscpu-runtime/zephyr-ws/zephyr/include/zephyr/sys/__assert.h:11:
In file included from /Users/gjonesblackcyton/Documents/src/klausscpu-runtime/zephyr-ws/zephyr/include/zephyr/toolchain.h:48:
/Users/gjonesblackcyton/Documents/src/klausscpu-runtime/zephyr-ws/zephyr/include/zephyr/toolchain/llvm.h:103:9: warning: '__UINT16_C' macro redefined [-Wmacro-redefined]
  103 | #define __UINT16_C(x)   uint_c(x, __int_least16_c_suffix__)
      |         ^
<built-in>:210:9: note: previous definition is here
  210 | #define __UINT16_C(c) c
      |         ^
In file included from /Users/gjonesblackcyton/Documents/src/klausscpu-runtime/zephyr-ws/zephyr/subsys/net/ip/tcp.c:7:
In file included from /Users/gjonesblackcyton/Documents/src/klausscpu-runtime/zephyr-ws/zephyr/include/zephyr/logging/log.h:10:
In file included from /Users/gjonesblackcyton/Documents/src/klausscpu-runtime/zephyr-ws/zephyr/include/zephyr/logging/log_instance.h:10:
In file included from /Users/gjonesblackcyton/Documents/src/klausscpu-runtime/zephyr-ws/zephyr/include/zephyr/sys/iterable_sections.h:10:
In file included from /Users/gjonesblackcyton/Documents/src/klausscpu-runtime/zephyr-ws/zephyr/include/zephyr/sys/__assert.h:11:
In file included from /Users/gjonesblackcyton/Documents/src/klausscpu-runtime/zephyr-ws/zephyr/include/zephyr/toolchain.h:48:
/Users/gjonesblackcyton/Documents/src/klausscpu-runtime/zephyr-ws/zephyr/include/zephyr/toolchain/llvm.h:119:9: warning: '__INT8_C' macro redefined [-Wmacro-redefined]
  119 | #define __INT8_C(x)     int_c(x, __int_least8_c_suffix__)
      |         ^
<built-in>:179:9: note: previous definition is here
  179 | #define __INT8_C(c) c
      |         ^
In file included from /Users/gjonesblackcyton/Documents/src/klausscpu-runtime/zephyr-ws/zephyr/subsys/net/ip/tcp.c:7:
In file included from /Users/gjonesblackcyton/Documents/src/klausscpu-runtime/zephyr-ws/zephyr/include/zephyr/logging/log.h:10:
In file included from /Users/gjonesblackcyton/Documents/src/klausscpu-runtime/zephyr-ws/zephyr/include/zephyr/logging/log_instance.h:10:
In file included from /Users/gjonesblackcyton/Documents/src/klausscpu-runtime/zephyr-ws/zephyr/include/zephyr/sys/iterable_sections.h:10:
In file included from /Users/gjonesblackcyton/Documents/src/klausscpu-runtime/zephyr-ws/zephyr/include/zephyr/sys/__assert.h:11:
In file included from /Users/gjonesblackcyton/Documents/src/klausscpu-runtime/zephyr-ws/zephyr/include/zephyr/toolchain.h:48:
/Users/gjonesblackcyton/Documents/src/klausscpu-runtime/zephyr-ws/zephyr/include/zephyr/toolchain/llvm.h:120:9: warning: '__UINT8_C' macro redefined [-Wmacro-redefined]
  120 | #define __UINT8_C(x)    uint_c(x, __int_least8_c_suffix__)
      |         ^
<built-in>:201:9: note: previous definition is here
  201 | #define __UINT8_C(c) c
      |         ^
In file included from /Users/gjonesblackcyton/Documents/src/klausscpu-runtime/zephyr-ws/zephyr/subsys/net/ip/tcp.c:7:
In file included from /Users/gjonesblackcyton/Documents/src/klausscpu-runtime/zephyr-ws/zephyr/include/zephyr/logging/log.h:10:
In file included from /Users/gjonesblackcyton/Documents/src/klausscpu-runtime/zephyr-ws/zephyr/include/zephyr/logging/log_instance.h:10:
In file included from /Users/gjonesblackcyton/Documents/src/klausscpu-runtime/zephyr-ws/zephyr/include/zephyr/sys/iterable_sections.h:10:
In file included from /Users/gjonesblackcyton/Documents/src/klausscpu-runtime/zephyr-ws/zephyr/include/zephyr/sys/__assert.h:11:
In file included from /Users/gjonesblackcyton/Documents/src/klausscpu-runtime/zephyr-ws/zephyr/include/zephyr/toolchain.h:48:
/Users/gjonesblackcyton/Documents/src/klausscpu-runtime/zephyr-ws/zephyr/include/zephyr/toolchain/llvm.h:127:9: warning: '__INTMAX_C' macro redefined [-Wmacro-redefined]
  127 | #define __INTMAX_C(x)   int_c(x, __INTMAX_C_SUFFIX__)
      |         ^
<built-in>:98:9: note: previous definition is here
   98 | #define __INTMAX_C(c) c##L
      |         ^
In file included from /Users/gjonesblackcyton/Documents/src/klausscpu-runtime/zephyr-ws/zephyr/subsys/net/ip/tcp.c:7:
In file included from /Users/gjonesblackcyton/Documents/src/klausscpu-runtime/zephyr-ws/zephyr/include/zephyr/logging/log.h:10:
In file included from /Users/gjonesblackcyton/Documents/src/klausscpu-runtime/zephyr-ws/zephyr/include/zephyr/logging/log_instance.h:10:
In file included from /Users/gjonesblackcyton/Documents/src/klausscpu-runtime/zephyr-ws/zephyr/include/zephyr/sys/iterable_sections.h:10:
In file included from /Users/gjonesblackcyton/Documents/src/klausscpu-runtime/zephyr-ws/zephyr/include/zephyr/sys/__assert.h:11:
In file included from /Users/gjonesblackcyton/Documents/src/klausscpu-runtime/zephyr-ws/zephyr/include/zephyr/toolchain.h:48:
/Users/gjonesblackcyton/Documents/src/klausscpu-runtime/zephyr-ws/zephyr/include/zephyr/toolchain/llvm.h:128:9: warning: '__UINTMAX_C' macro redefined [-Wmacro-redefined]
  128 | #define __UINTMAX_C(x)  int_c(x, __UINTMAX_C_SUFFIX__)
      |         ^
<built-in>:105:9: note: previous definition is here
  105 | #define __UINTMAX_C(c) c##UL
      |         ^
6 warnings generated.
[136/144] Linking C static library modules/klausscpu-zephyr/drivers/timer/lib..__klausscpu-zephyr__drivers__timer.a
[137/144] Linking C static library modules/klausscpu-zephyr/vnc/lib..__klausscpu-zephyr__vnc.a
[138/144] Building C object zephyr/kernel/CMakeFiles/kernel.dir/mempool.c.obj
In file included from /Users/gjonesblackcyton/Documents/src/klausscpu-runtime/zephyr-ws/zephyr/kernel/mempool.c:7:
In file included from /Users/gjonesblackcyton/Documents/src/klausscpu-runtime/zephyr-ws/zephyr/include/zephyr/kernel.h:17:
In file included from /Users/gjonesblackcyton/Documents/src/klausscpu-runtime/zephyr-ws/zephyr/include/zephyr/kernel_includes.h:23:
In file included from /Users/gjonesblackcyton/Documents/src/klausscpu-runtime/zephyr-ws/zephyr/include/zephyr/toolchain.h:48:
/Users/gjonesblackcyton/Documents/src/klausscpu-runtime/zephyr-ws/zephyr/include/zephyr/toolchain/llvm.h:102:9: warning: '__INT16_C' macro redefined [-Wmacro-redefined]
  102 | #define __INT16_C(x)    int_c(x, __int_least16_c_suffix__)
      |         ^
<built-in>:184:9: note: previous definition is here
  184 | #define __INT16_C(c) c
      |         ^
In file included from /Users/gjonesblackcyton/Documents/src/klausscpu-runtime/zephyr-ws/zephyr/kernel/mempool.c:7:
In file included from /Users/gjonesblackcyton/Documents/src/klausscpu-runtime/zephyr-ws/zephyr/include/zephyr/kernel.h:17:
In file included from /Users/gjonesblackcyton/Documents/src/klausscpu-runtime/zephyr-ws/zephyr/include/zephyr/kernel_includes.h:23:
In file included from /Users/gjonesblackcyton/Documents/src/klausscpu-runtime/zephyr-ws/zephyr/include/zephyr/toolchain.h:48:
/Users/gjonesblackcyton/Documents/src/klausscpu-runtime/zephyr-ws/zephyr/include/zephyr/toolchain/llvm.h:103:9: warning: '__UINT16_C' macro redefined [-Wmacro-redefined]
  103 | #define __UINT16_C(x)   uint_c(x, __int_least16_c_suffix__)
      |         ^
<built-in>:210:9: note: previous definition is here
  210 | #define __UINT16_C(c) c
      |         ^
In file included from /Users/gjonesblackcyton/Documents/src/klausscpu-runtime/zephyr-ws/zephyr/kernel/mempool.c:7:
In file included from /Users/gjonesblackcyton/Documents/src/klausscpu-runtime/zephyr-ws/zephyr/include/zephyr/kernel.h:17:
In file included from /Users/gjonesblackcyton/Documents/src/klausscpu-runtime/zephyr-ws/zephyr/include/zephyr/kernel_includes.h:23:
In file included from /Users/gjonesblackcyton/Documents/src/klausscpu-runtime/zephyr-ws/zephyr/include/zephyr/toolchain.h:48:
/Users/gjonesblackcyton/Documents/src/klausscpu-runtime/zephyr-ws/zephyr/include/zephyr/toolchain/llvm.h:119:9: warning: '__INT8_C' macro redefined [-Wmacro-redefined]
  119 | #define __INT8_C(x)     int_c(x, __int_least8_c_suffix__)
      |         ^
<built-in>:179:9: note: previous definition is here
  179 | #define __INT8_C(c) c
      |         ^
In file included from /Users/gjonesblackcyton/Documents/src/klausscpu-runtime/zephyr-ws/zephyr/kernel/mempool.c:7:
In file included from /Users/gjonesblackcyton/Documents/src/klausscpu-runtime/zephyr-ws/zephyr/include/zephyr/kernel.h:17:
In file included from /Users/gjonesblackcyton/Documents/src/klausscpu-runtime/zephyr-ws/zephyr/include/zephyr/kernel_includes.h:23:
In file included from /Users/gjonesblackcyton/Documents/src/klausscpu-runtime/zephyr-ws/zephyr/include/zephyr/toolchain.h:48:
/Users/gjonesblackcyton/Documents/src/klausscpu-runtime/zephyr-ws/zephyr/include/zephyr/toolchain/llvm.h:120:9: warning: '__UINT8_C' macro redefined [-Wmacro-redefined]
  120 | #define __UINT8_C(x)    uint_c(x, __int_least8_c_suffix__)
      |         ^
<built-in>:201:9: note: previous definition is here
  201 | #define __UINT8_C(c) c
      |         ^
In file included from /Users/gjonesblackcyton/Documents/src/klausscpu-runtime/zephyr-ws/zephyr/kernel/mempool.c:7:
In file included from /Users/gjonesblackcyton/Documents/src/klausscpu-runtime/zephyr-ws/zephyr/include/zephyr/kernel.h:17:
In file included from /Users/gjonesblackcyton/Documents/src/klausscpu-runtime/zephyr-ws/zephyr/include/zephyr/kernel_includes.h:23:
In file included from /Users/gjonesblackcyton/Documents/src/klausscpu-runtime/zephyr-ws/zephyr/include/zephyr/toolchain.h:48:
/Users/gjonesblackcyton/Documents/src/klausscpu-runtime/zephyr-ws/zephyr/include/zephyr/toolchain/llvm.h:127:9: warning: '__INTMAX_C' macro redefined [-Wmacro-redefined]
  127 | #define __INTMAX_C(x)   int_c(x, __INTMAX_C_SUFFIX__)
      |         ^
<built-in>:98:9: note: previous definition is here
   98 | #define __INTMAX_C(c) c##L
      |         ^
In file included from /Users/gjonesblackcyton/Documents/src/klausscpu-runtime/zephyr-ws/zephyr/kernel/mempool.c:7:
In file included from /Users/gjonesblackcyton/Documents/src/klausscpu-runtime/zephyr-ws/zephyr/include/zephyr/kernel.h:17:
In file included from /Users/gjonesblackcyton/Documents/src/klausscpu-runtime/zephyr-ws/zephyr/include/zephyr/kernel_includes.h:23:
In file included from /Users/gjonesblackcyton/Documents/src/klausscpu-runtime/zephyr-ws/zephyr/include/zephyr/toolchain.h:48:
/Users/gjonesblackcyton/Documents/src/klausscpu-runtime/zephyr-ws/zephyr/include/zephyr/toolchain/llvm.h:128:9: warning: '__UINTMAX_C' macro redefined [-Wmacro-redefined]
  128 | #define __UINTMAX_C(x)  int_c(x, __UINTMAX_C_SUFFIX__)
      |         ^
<built-in>:105:9: note: previous definition is here
  105 | #define __UINTMAX_C(c) c##UL
      |         ^
6 warnings generated.
[139/144] Linking C static library zephyr/subsys/net/ip/libsubsys__net__ip.a
[140/144] Building C object zephyr/kernel/CMakeFiles/kernel.dir/dynamic_disabled.c.obj
[141/144] Building C object zephyr/kernel/CMakeFiles/kernel.dir/sched.c.obj
In file included from /Users/gjonesblackcyton/Documents/src/klausscpu-runtime/zephyr-ws/zephyr/kernel/sched.c:6:
In file included from /Users/gjonesblackcyton/Documents/src/klausscpu-runtime/zephyr-ws/zephyr/include/zephyr/kernel.h:17:
In file included from /Users/gjonesblackcyton/Documents/src/klausscpu-runtime/zephyr-ws/zephyr/include/zephyr/kernel_includes.h:23:
In file included from /Users/gjonesblackcyton/Documents/src/klausscpu-runtime/zephyr-ws/zephyr/include/zephyr/toolchain.h:48:
/Users/gjonesblackcyton/Documents/src/klausscpu-runtime/zephyr-ws/zephyr/include/zephyr/toolchain/llvm.h:102:9: warning: '__INT16_C' macro redefined [-Wmacro-redefined]
  102 | #define __INT16_C(x)    int_c(x, __int_least16_c_suffix__)
      |         ^
<built-in>:184:9: note: previous definition is here
  184 | #define __INT16_C(c) c
      |         ^
In file included from /Users/gjonesblackcyton/Documents/src/klausscpu-runtime/zephyr-ws/zephyr/kernel/sched.c:6:
In file included from /Users/gjonesblackcyton/Documents/src/klausscpu-runtime/zephyr-ws/zephyr/include/zephyr/kernel.h:17:
In file included from /Users/gjonesblackcyton/Documents/src/klausscpu-runtime/zephyr-ws/zephyr/include/zephyr/kernel_includes.h:23:
In file included from /Users/gjonesblackcyton/Documents/src/klausscpu-runtime/zephyr-ws/zephyr/include/zephyr/toolchain.h:48:
/Users/gjonesblackcyton/Documents/src/klausscpu-runtime/zephyr-ws/zephyr/include/zephyr/toolchain/llvm.h:103:9: warning: '__UINT16_C' macro redefined [-Wmacro-redefined]
  103 | #define __UINT16_C(x)   uint_c(x, __int_least16_c_suffix__)
      |         ^
<built-in>:210:9: note: previous definition is here
  210 | #define __UINT16_C(c) c
      |         ^
In file included from /Users/gjonesblackcyton/Documents/src/klausscpu-runtime/zephyr-ws/zephyr/kernel/sched.c:6:
In file included from /Users/gjonesblackcyton/Documents/src/klausscpu-runtime/zephyr-ws/zephyr/include/zephyr/kernel.h:17:
In file included from /Users/gjonesblackcyton/Documents/src/klausscpu-runtime/zephyr-ws/zephyr/include/zephyr/kernel_includes.h:23:
In file included from /Users/gjonesblackcyton/Documents/src/klausscpu-runtime/zephyr-ws/zephyr/include/zephyr/toolchain.h:48:
/Users/gjonesblackcyton/Documents/src/klausscpu-runtime/zephyr-ws/zephyr/include/zephyr/toolchain/llvm.h:119:9: warning: '__INT8_C' macro redefined [-Wmacro-redefined]
  119 | #define __INT8_C(x)     int_c(x, __int_least8_c_suffix__)
      |         ^
<built-in>:179:9: note: previous definition is here
  179 | #define __INT8_C(c) c
      |         ^
In file included from /Users/gjonesblackcyton/Documents/src/klausscpu-runtime/zephyr-ws/zephyr/kernel/sched.c:6:
In file included from /Users/gjonesblackcyton/Documents/src/klausscpu-runtime/zephyr-ws/zephyr/include/zephyr/kernel.h:17:
In file included from /Users/gjonesblackcyton/Documents/src/klausscpu-runtime/zephyr-ws/zephyr/include/zephyr/kernel_includes.h:23:
In file included from /Users/gjonesblackcyton/Documents/src/klausscpu-runtime/zephyr-ws/zephyr/include/zephyr/toolchain.h:48:
/Users/gjonesblackcyton/Documents/src/klausscpu-runtime/zephyr-ws/zephyr/include/zephyr/toolchain/llvm.h:120:9: warning: '__UINT8_C' macro redefined [-Wmacro-redefined]
  120 | #define __UINT8_C(x)    uint_c(x, __int_least8_c_suffix__)
      |         ^
<built-in>:201:9: note: previous definition is here
  201 | #define __UINT8_C(c) c
      |         ^
In file included from /Users/gjonesblackcyton/Documents/src/klausscpu-runtime/zephyr-ws/zephyr/kernel/sched.c:6:
In file included from /Users/gjonesblackcyton/Documents/src/klausscpu-runtime/zephyr-ws/zephyr/include/zephyr/kernel.h:17:
In file included from /Users/gjonesblackcyton/Documents/src/klausscpu-runtime/zephyr-ws/zephyr/include/zephyr/kernel_includes.h:23:
In file included from /Users/gjonesblackcyton/Documents/src/klausscpu-runtime/zephyr-ws/zephyr/include/zephyr/toolchain.h:48:
/Users/gjonesblackcyton/Documents/src/klausscpu-runtime/zephyr-ws/zephyr/include/zephyr/toolchain/llvm.h:127:9: warning: '__INTMAX_C' macro redefined [-Wmacro-redefined]
  127 | #define __INTMAX_C(x)   int_c(x, __INTMAX_C_SUFFIX__)
      |         ^
<built-in>:98:9: note: previous definition is here
   98 | #define __INTMAX_C(c) c##L
      |         ^
In file included from /Users/gjonesblackcyton/Documents/src/klausscpu-runtime/zephyr-ws/zephyr/kernel/sched.c:6:
In file included from /Users/gjonesblackcyton/Documents/src/klausscpu-runtime/zephyr-ws/zephyr/include/zephyr/kernel.h:17:
In file included from /Users/gjonesblackcyton/Documents/src/klausscpu-runtime/zephyr-ws/zephyr/include/zephyr/kernel_includes.h:23:
In file included from /Users/gjonesblackcyton/Documents/src/klausscpu-runtime/zephyr-ws/zephyr/include/zephyr/toolchain.h:48:
/Users/gjonesblackcyton/Documents/src/klausscpu-runtime/zephyr-ws/zephyr/include/zephyr/toolchain/llvm.h:128:9: warning: '__UINTMAX_C' macro redefined [-Wmacro-redefined]
  128 | #define __UINTMAX_C(x)  int_c(x, __UINTMAX_C_SUFFIX__)
      |         ^
<built-in>:105:9: note: previous definition is here
  105 | #define __UINTMAX_C(c) c##UL
      |         ^
In file included from /Users/gjonesblackcyton/Documents/src/klausscpu-runtime/zephyr-ws/zephyr/kernel/sched.c:7:
In file included from /Users/gjonesblackcyton/Documents/src/klausscpu-runtime/zephyr-ws/zephyr/kernel/include/ksched.h:11:
In file included from /Users/gjonesblackcyton/Documents/src/klausscpu-runtime/zephyr-ws/zephyr/kernel/include/kernel_internal.h:18:
/Users/gjonesblackcyton/Documents/src/klausscpu-runtime/zephyr-ws/zephyr/kernel/include/kernel_arch_interface.h:131:20: warning: function 'arch_switch' has internal linkage but is not defined [-Wundefined-internal]
  131 | static inline void arch_switch(void *switch_to, void **switched_from);
      |                    ^
/Users/gjonesblackcyton/Documents/src/klausscpu-runtime/zephyr-ws/zephyr/kernel/include/kswap.h:167:3: note: used here
  167 |                 arch_switch(newsh, &old_thread->switch_handle);
      |                 ^
7 warnings generated.
[142/144] Building C object zephyr/kernel/CMakeFiles/kernel.dir/poll.c.obj
In file included from /Users/gjonesblackcyton/Documents/src/klausscpu-runtime/zephyr-ws/zephyr/kernel/poll.c:18:
In file included from /Users/gjonesblackcyton/Documents/src/klausscpu-runtime/zephyr-ws/zephyr/include/zephyr/kernel.h:17:
In file included from /Users/gjonesblackcyton/Documents/src/klausscpu-runtime/zephyr-ws/zephyr/include/zephyr/kernel_includes.h:23:
In file included from /Users/gjonesblackcyton/Documents/src/klausscpu-runtime/zephyr-ws/zephyr/include/zephyr/toolchain.h:48:
/Users/gjonesblackcyton/Documents/src/klausscpu-runtime/zephyr-ws/zephyr/include/zephyr/toolchain/llvm.h:102:9: warning: '__INT16_C' macro redefined [-Wmacro-redefined]
  102 | #define __INT16_C(x)    int_c(x, __int_least16_c_suffix__)
      |         ^
<built-in>:184:9: note: previous definition is here
  184 | #define __INT16_C(c) c
      |         ^
In file included from /Users/gjonesblackcyton/Documents/src/klausscpu-runtime/zephyr-ws/zephyr/kernel/poll.c:18:
In file included from /Users/gjonesblackcyton/Documents/src/klausscpu-runtime/zephyr-ws/zephyr/include/zephyr/kernel.h:17:
In file included from /Users/gjonesblackcyton/Documents/src/klausscpu-runtime/zephyr-ws/zephyr/include/zephyr/kernel_includes.h:23:
In file included from /Users/gjonesblackcyton/Documents/src/klausscpu-runtime/zephyr-ws/zephyr/include/zephyr/toolchain.h:48:
/Users/gjonesblackcyton/Documents/src/klausscpu-runtime/zephyr-ws/zephyr/include/zephyr/toolchain/llvm.h:103:9: warning: '__UINT16_C' macro redefined [-Wmacro-redefined]
  103 | #define __UINT16_C(x)   uint_c(x, __int_least16_c_suffix__)
      |         ^
<built-in>:210:9: note: previous definition is here
  210 | #define __UINT16_C(c) c
      |         ^
In file included from /Users/gjonesblackcyton/Documents/src/klausscpu-runtime/zephyr-ws/zephyr/kernel/poll.c:18:
In file included from /Users/gjonesblackcyton/Documents/src/klausscpu-runtime/zephyr-ws/zephyr/include/zephyr/kernel.h:17:
In file included from /Users/gjonesblackcyton/Documents/src/klausscpu-runtime/zephyr-ws/zephyr/include/zephyr/kernel_includes.h:23:
In file included from /Users/gjonesblackcyton/Documents/src/klausscpu-runtime/zephyr-ws/zephyr/include/zephyr/toolchain.h:48:
/Users/gjonesblackcyton/Documents/src/klausscpu-runtime/zephyr-ws/zephyr/include/zephyr/toolchain/llvm.h:119:9: warning: '__INT8_C' macro redefined [-Wmacro-redefined]
  119 | #define __INT8_C(x)     int_c(x, __int_least8_c_suffix__)
      |         ^
<built-in>:179:9: note: previous definition is here
  179 | #define __INT8_C(c) c
      |         ^
In file included from /Users/gjonesblackcyton/Documents/src/klausscpu-runtime/zephyr-ws/zephyr/kernel/poll.c:18:
In file included from /Users/gjonesblackcyton/Documents/src/klausscpu-runtime/zephyr-ws/zephyr/include/zephyr/kernel.h:17:
In file included from /Users/gjonesblackcyton/Documents/src/klausscpu-runtime/zephyr-ws/zephyr/include/zephyr/kernel_includes.h:23:
In file included from /Users/gjonesblackcyton/Documents/src/klausscpu-runtime/zephyr-ws/zephyr/include/zephyr/toolchain.h:48:
/Users/gjonesblackcyton/Documents/src/klausscpu-runtime/zephyr-ws/zephyr/include/zephyr/toolchain/llvm.h:120:9: warning: '__UINT8_C' macro redefined [-Wmacro-redefined]
  120 | #define __UINT8_C(x)    uint_c(x, __int_least8_c_suffix__)
      |         ^
<built-in>:201:9: note: previous definition is here
  201 | #define __UINT8_C(c) c
      |         ^
In file included from /Users/gjonesblackcyton/Documents/src/klausscpu-runtime/zephyr-ws/zephyr/kernel/poll.c:18:
In file included from /Users/gjonesblackcyton/Documents/src/klausscpu-runtime/zephyr-ws/zephyr/include/zephyr/kernel.h:17:
In file included from /Users/gjonesblackcyton/Documents/src/klausscpu-runtime/zephyr-ws/zephyr/include/zephyr/kernel_includes.h:23:
In file included from /Users/gjonesblackcyton/Documents/src/klausscpu-runtime/zephyr-ws/zephyr/include/zephyr/toolchain.h:48:
/Users/gjonesblackcyton/Documents/src/klausscpu-runtime/zephyr-ws/zephyr/include/zephyr/toolchain/llvm.h:127:9: warning: '__INTMAX_C' macro redefined [-Wmacro-redefined]
  127 | #define __INTMAX_C(x)   int_c(x, __INTMAX_C_SUFFIX__)
      |         ^
<built-in>:98:9: note: previous definition is here
   98 | #define __INTMAX_C(c) c##L
      |         ^
In file included from /Users/gjonesblackcyton/Documents/src/klausscpu-runtime/zephyr-ws/zephyr/kernel/poll.c:18:
In file included from /Users/gjonesblackcyton/Documents/src/klausscpu-runtime/zephyr-ws/zephyr/include/zephyr/kernel.h:17:
In file included from /Users/gjonesblackcyton/Documents/src/klausscpu-runtime/zephyr-ws/zephyr/include/zephyr/kernel_includes.h:23:
In file included from /Users/gjonesblackcyton/Documents/src/klausscpu-runtime/zephyr-ws/zephyr/include/zephyr/toolchain.h:48:
/Users/gjonesblackcyton/Documents/src/klausscpu-runtime/zephyr-ws/zephyr/include/zephyr/toolchain/llvm.h:128:9: warning: '__UINTMAX_C' macro redefined [-Wmacro-redefined]
  128 | #define __UINTMAX_C(x)  int_c(x, __UINTMAX_C_SUFFIX__)
      |         ^
<built-in>:105:9: note: previous definition is here
  105 | #define __UINTMAX_C(c) c##UL
      |         ^
6 warnings generated.
[143/144] Linking C static library zephyr/kernel/libkernel.a
[144/144] Linking C executable zephyr/zephyr.elf; Logical command for additional byproducts on target: zephyr_pre0
ld.lld: warning: zephyr/CMakeFiles/zephyr_pre0.dir/misc/empty_file.c.obj:(.comment) is being placed in '.comment'
ld.lld: warning: zephyr/CMakeFiles/offsets.dir/./Users/gjonesblackcyton/Documents/src/klausscpu-runtime/zephyr-ws/klausscpu-zephyr/arch/klausscpu/core/offsets/offsets.c.obj:(.debug_abbrev) is being placed in '.debug_abbrev'
ld.lld: warning: zephyr/CMakeFiles/offsets.dir/./Users/gjonesblackcyton/Documents/src/klausscpu-runtime/zephyr-ws/klausscpu-zephyr/arch/klausscpu/core/offsets/offsets.c.obj:(.debug_info) is being placed in '.debug_info'
ld.lld: warning: zephyr/CMakeFiles/offsets.dir/./Users/gjonesblackcyton/Documents/src/klausscpu-runtime/zephyr-ws/klausscpu-zephyr/arch/klausscpu/core/offsets/offsets.c.obj:(.debug_str) is being placed in '.debug_str'
ld.lld: warning: zephyr/CMakeFiles/offsets.dir/./Users/gjonesblackcyton/Documents/src/klausscpu-runtime/zephyr-ws/klausscpu-zephyr/arch/klausscpu/core/offsets/offsets.c.obj:(.comment) is being placed in '.comment'
ld.lld: warning: zephyr/CMakeFiles/offsets.dir/./Users/gjonesblackcyton/Documents/src/klausscpu-runtime/zephyr-ws/klausscpu-zephyr/arch/klausscpu/core/offsets/offsets.c.obj:(.debug_frame) is being placed in '.debug_frame'
ld.lld: warning: zephyr/CMakeFiles/offsets.dir/./Users/gjonesblackcyton/Documents/src/klausscpu-runtime/zephyr-ws/klausscpu-zephyr/arch/klausscpu/core/offsets/offsets.c.obj:(.debug_line) is being placed in '.debug_line'
ld.lld: warning: app/libapp.a(main.c.obj):(.debug_loc) is being placed in '.debug_loc'
ld.lld: warning: app/libapp.a(main.c.obj):(.debug_abbrev) is being placed in '.debug_abbrev'
ld.lld: warning: app/libapp.a(main.c.obj):(.debug_info) is being placed in '.debug_info'
ld.lld: warning: app/libapp.a(main.c.obj):(.debug_ranges) is being placed in '.debug_ranges'
ld.lld: warning: app/libapp.a(main.c.obj):(.debug_str) is being placed in '.debug_str'
ld.lld: warning: app/libapp.a(main.c.obj):(.comment) is being placed in '.comment'
ld.lld: warning: app/libapp.a(main.c.obj):(.debug_frame) is being placed in '.debug_frame'
ld.lld: warning: app/libapp.a(main.c.obj):(.debug_line) is being placed in '.debug_line'
ld.lld: warning: app/libapp.a(gui.c.obj):(.debug_loc) is being placed in '.debug_loc'
ld.lld: warning: app/libapp.a(gui.c.obj):(.debug_abbrev) is being placed in '.debug_abbrev'
ld.lld: warning: app/libapp.a(gui.c.obj):(.debug_info) is being placed in '.debug_info'
ld.lld: warning: app/libapp.a(gui.c.obj):(.debug_ranges) is being placed in '.debug_ranges'
ld.lld: warning: app/libapp.a(gui.c.obj):(.debug_str) is being placed in '.debug_str'
ld.lld: warning: app/libapp.a(gui.c.obj):(.comment) is being placed in '.comment'
ld.lld: warning: app/libapp.a(gui.c.obj):(.debug_frame) is being placed in '.debug_frame'
ld.lld: warning: app/libapp.a(gui.c.obj):(.debug_line) is being placed in '.debug_line'
ld.lld: warning: zephyr/libzephyr.a(heap.c.obj):(.debug_loc) is being placed in '.debug_loc'
ld.lld: warning: zephyr/libzephyr.a(heap.c.obj):(.debug_abbrev) is being placed in '.debug_abbrev'
ld.lld: warning: zephyr/libzephyr.a(heap.c.obj):(.debug_info) is being placed in '.debug_info'
ld.lld: warning: zephyr/libzephyr.a(heap.c.obj):(.debug_ranges) is being placed in '.debug_ranges'
ld.lld: warning: zephyr/libzephyr.a(heap.c.obj):(.debug_str) is being placed in '.debug_str'
ld.lld: warning: zephyr/libzephyr.a(heap.c.obj):(.comment) is being placed in '.comment'
ld.lld: warning: zephyr/libzephyr.a(heap.c.obj):(.debug_frame) is being placed in '.debug_frame'
ld.lld: warning: zephyr/libzephyr.a(heap.c.obj):(.debug_line) is being placed in '.debug_line'
ld.lld: warning: zephyr/libzephyr.a(cbprintf_packaged.c.obj):(.debug_loc) is being placed in '.debug_loc'
ld.lld: warning: zephyr/libzephyr.a(cbprintf_packaged.c.obj):(.debug_abbrev) is being placed in '.debug_abbrev'
ld.lld: warning: zephyr/libzephyr.a(cbprintf_packaged.c.obj):(.debug_info) is being placed in '.debug_info'
ld.lld: warning: zephyr/libzephyr.a(cbprintf_packaged.c.obj):(.debug_ranges) is being placed in '.debug_ranges'
ld.lld: warning: zephyr/libzephyr.a(cbprintf_packaged.c.obj):(.debug_str) is being placed in '.debug_str'
ld.lld: warning: zephyr/libzephyr.a(cbprintf_packaged.c.obj):(.comment) is being placed in '.comment'
ld.lld: warning: zephyr/libzephyr.a(cbprintf_packaged.c.obj):(.debug_frame) is being placed in '.debug_frame'
ld.lld: warning: zephyr/libzephyr.a(cbprintf_packaged.c.obj):(.debug_line) is being placed in '.debug_line'
ld.lld: warning: zephyr/libzephyr.a(printk.c.obj):(.debug_loc) is being placed in '.debug_loc'
ld.lld: warning: zephyr/libzephyr.a(printk.c.obj):(.debug_abbrev) is being placed in '.debug_abbrev'
ld.lld: warning: zephyr/libzephyr.a(printk.c.obj):(.debug_info) is being placed in '.debug_info'
ld.lld: warning: zephyr/libzephyr.a(printk.c.obj):(.debug_ranges) is being placed in '.debug_ranges'
ld.lld: warning: zephyr/libzephyr.a(printk.c.obj):(.debug_str) is being placed in '.debug_str'
ld.lld: warning: zephyr/libzephyr.a(printk.c.obj):(.comment) is being placed in '.comment'
ld.lld: warning: zephyr/libzephyr.a(printk.c.obj):(.debug_frame) is being placed in '.debug_frame'
ld.lld: warning: zephyr/libzephyr.a(printk.c.obj):(.debug_line) is being placed in '.debug_line'
ld.lld: warning: zephyr/libzephyr.a(sem.c.obj):(.debug_loc) is being placed in '.debug_loc'
ld.lld: warning: zephyr/libzephyr.a(sem.c.obj):(.debug_abbrev) is being placed in '.debug_abbrev'
ld.lld: warning: zephyr/libzephyr.a(sem.c.obj):(.debug_info) is being placed in '.debug_info'
ld.lld: warning: zephyr/libzephyr.a(sem.c.obj):(.debug_ranges) is being placed in '.debug_ranges'
ld.lld: warning: zephyr/libzephyr.a(sem.c.obj):(.debug_str) is being placed in '.debug_str'
ld.lld: warning: zephyr/libzephyr.a(sem.c.obj):(.comment) is being placed in '.comment'
ld.lld: warning: zephyr/libzephyr.a(sem.c.obj):(.debug_frame) is being placed in '.debug_frame'
ld.lld: warning: zephyr/libzephyr.a(sem.c.obj):(.debug_line) is being placed in '.debug_line'
ld.lld: warning: zephyr/libzephyr.a(thread_entry.c.obj):(.debug_loc) is being placed in '.debug_loc'
ld.lld: warning: zephyr/libzephyr.a(thread_entry.c.obj):(.debug_abbrev) is being placed in '.debug_abbrev'
ld.lld: warning: zephyr/libzephyr.a(thread_entry.c.obj):(.debug_info) is being placed in '.debug_info'
ld.lld: warning: zephyr/libzephyr.a(thread_entry.c.obj):(.debug_ranges) is being placed in '.debug_ranges'
ld.lld: warning: zephyr/libzephyr.a(thread_entry.c.obj):(.debug_str) is being placed in '.debug_str'
ld.lld: warning: zephyr/libzephyr.a(thread_entry.c.obj):(.comment) is being placed in '.comment'
ld.lld: warning: zephyr/libzephyr.a(thread_entry.c.obj):(.debug_frame) is being placed in '.debug_frame'
ld.lld: warning: zephyr/libzephyr.a(thread_entry.c.obj):(.debug_line) is being placed in '.debug_line'
ld.lld: warning: zephyr/libzephyr.a(fdtable.c.obj):(.debug_loc) is being placed in '.debug_loc'
ld.lld: warning: zephyr/libzephyr.a(fdtable.c.obj):(.debug_abbrev) is being placed in '.debug_abbrev'
ld.lld: warning: zephyr/libzephyr.a(fdtable.c.obj):(.debug_info) is being placed in '.debug_info'
ld.lld: warning: zephyr/libzephyr.a(fdtable.c.obj):(.debug_ranges) is being placed in '.debug_ranges'
ld.lld: warning: zephyr/libzephyr.a(fdtable.c.obj):(.debug_str) is being placed in '.debug_str'
ld.lld: warning: zephyr/libzephyr.a(fdtable.c.obj):(.comment) is being placed in '.comment'
ld.lld: warning: zephyr/libzephyr.a(fdtable.c.obj):(.debug_frame) is being placed in '.debug_frame'
ld.lld: warning: zephyr/libzephyr.a(fdtable.c.obj):(.debug_line) is being placed in '.debug_line'
ld.lld: warning: zephyr/libzephyr.a(cbprintf_complete.c.obj):(.debug_loc) is being placed in '.debug_loc'
ld.lld: warning: zephyr/libzephyr.a(cbprintf_complete.c.obj):(.debug_abbrev) is being placed in '.debug_abbrev'
ld.lld: warning: zephyr/libzephyr.a(cbprintf_complete.c.obj):(.debug_info) is being placed in '.debug_info'
ld.lld: warning: zephyr/libzephyr.a(cbprintf_complete.c.obj):(.debug_ranges) is being placed in '.debug_ranges'
ld.lld: warning: zephyr/libzephyr.a(cbprintf_complete.c.obj):(.debug_str) is being placed in '.debug_str'
ld.lld: warning: zephyr/libzephyr.a(cbprintf_complete.c.obj):(.comment) is being placed in '.comment'
ld.lld: warning: zephyr/libzephyr.a(cbprintf_complete.c.obj):(.debug_frame) is being placed in '.debug_frame'
ld.lld: warning: zephyr/libzephyr.a(cbprintf_complete.c.obj):(.debug_line) is being placed in '.debug_line'
ld.lld: warning: zephyr/libzephyr.a(cbprintf.c.obj):(.debug_loc) is being placed in '.debug_loc'
ld.lld: warning: zephyr/libzephyr.a(cbprintf.c.obj):(.debug_abbrev) is being placed in '.debug_abbrev'
ld.lld: warning: zephyr/libzephyr.a(cbprintf.c.obj):(.debug_info) is being placed in '.debug_info'
ld.lld: warning: zephyr/libzephyr.a(cbprintf.c.obj):(.debug_str) is being placed in '.debug_str'
ld.lld: warning: zephyr/libzephyr.a(cbprintf.c.obj):(.comment) is being placed in '.comment'
ld.lld: warning: zephyr/libzephyr.a(cbprintf.c.obj):(.debug_frame) is being placed in '.debug_frame'
ld.lld: warning: zephyr/libzephyr.a(cbprintf.c.obj):(.debug_line) is being placed in '.debug_line'
ld.lld: warning: zephyr/libzephyr.a(assert.c.obj):(.debug_loc) is being placed in '.debug_loc'
ld.lld: warning: zephyr/libzephyr.a(assert.c.obj):(.debug_abbrev) is being placed in '.debug_abbrev'
ld.lld: warning: zephyr/libzephyr.a(assert.c.obj):(.debug_info) is being placed in '.debug_info'
ld.lld: warning: zephyr/libzephyr.a(assert.c.obj):(.debug_ranges) is being placed in '.debug_ranges'
ld.lld: warning: zephyr/libzephyr.a(assert.c.obj):(.debug_str) is being placed in '.debug_str'
ld.lld: warning: zephyr/libzephyr.a(assert.c.obj):(.comment) is being placed in '.comment'
ld.lld: warning: zephyr/libzephyr.a(assert.c.obj):(.debug_frame) is being placed in '.debug_frame'
ld.lld: warning: zephyr/libzephyr.a(assert.c.obj):(.debug_line) is being placed in '.debug_line'
ld.lld: warning: zephyr/libzephyr.a(dec.c.obj):(.debug_loc) is being placed in '.debug_loc'
ld.lld: warning: zephyr/libzephyr.a(dec.c.obj):(.debug_abbrev) is being placed in '.debug_abbrev'
ld.lld: warning: zephyr/libzephyr.a(dec.c.obj):(.debug_info) is being placed in '.debug_info'
ld.lld: warning: zephyr/libzephyr.a(dec.c.obj):(.debug_str) is being placed in '.debug_str'
ld.lld: warning: zephyr/libzephyr.a(dec.c.obj):(.comment) is being placed in '.comment'
ld.lld: warning: zephyr/libzephyr.a(dec.c.obj):(.debug_frame) is being placed in '.debug_frame'
ld.lld: warning: zephyr/libzephyr.a(dec.c.obj):(.debug_line) is being placed in '.debug_line'
ld.lld: warning: zephyr/libzephyr.a(hex.c.obj):(.debug_loc) is being placed in '.debug_loc'
ld.lld: warning: zephyr/libzephyr.a(hex.c.obj):(.debug_abbrev) is being placed in '.debug_abbrev'
ld.lld: warning: zephyr/libzephyr.a(hex.c.obj):(.debug_info) is being placed in '.debug_info'
ld.lld: warning: zephyr/libzephyr.a(hex.c.obj):(.debug_ranges) is being placed in '.debug_ranges'
ld.lld: warning: zephyr/libzephyr.a(hex.c.obj):(.debug_str) is being placed in '.debug_str'
ld.lld: warning: zephyr/libzephyr.a(hex.c.obj):(.comment) is being placed in '.comment'
ld.lld: warning: zephyr/libzephyr.a(hex.c.obj):(.debug_frame) is being placed in '.debug_frame'
ld.lld: warning: zephyr/libzephyr.a(hex.c.obj):(.debug_line) is being placed in '.debug_line'
ld.lld: warning: zephyr/libzephyr.a(rb.c.obj):(.debug_loc) is being placed in '.debug_loc'
ld.lld: warning: zephyr/libzephyr.a(rb.c.obj):(.debug_abbrev) is being placed in '.debug_abbrev'
ld.lld: warning: zephyr/libzephyr.a(rb.c.obj):(.debug_info) is being placed in '.debug_info'
ld.lld: warning: zephyr/libzephyr.a(rb.c.obj):(.debug_ranges) is being placed in '.debug_ranges'
ld.lld: warning: zephyr/libzephyr.a(rb.c.obj):(.debug_str) is being placed in '.debug_str'
ld.lld: warning: zephyr/libzephyr.a(rb.c.obj):(.comment) is being placed in '.comment'
ld.lld: warning: zephyr/libzephyr.a(rb.c.obj):(.debug_frame) is being placed in '.debug_frame'
ld.lld: warning: zephyr/libzephyr.a(rb.c.obj):(.debug_line) is being placed in '.debug_line'
ld.lld: warning: zephyr/libzephyr.a(timeutil.c.obj):(.debug_loc) is being placed in '.debug_loc'
ld.lld: warning: zephyr/libzephyr.a(timeutil.c.obj):(.debug_abbrev) is being placed in '.debug_abbrev'
ld.lld: warning: zephyr/libzephyr.a(timeutil.c.obj):(.debug_info) is being placed in '.debug_info'
ld.lld: warning: zephyr/libzephyr.a(timeutil.c.obj):(.debug_ranges) is being placed in '.debug_ranges'
ld.lld: warning: zephyr/libzephyr.a(timeutil.c.obj):(.debug_str) is being placed in '.debug_str'
ld.lld: warning: zephyr/libzephyr.a(timeutil.c.obj):(.comment) is being placed in '.comment'
ld.lld: warning: zephyr/libzephyr.a(timeutil.c.obj):(.debug_frame) is being placed in '.debug_frame'
ld.lld: warning: zephyr/libzephyr.a(timeutil.c.obj):(.debug_line) is being placed in '.debug_line'
ld.lld: warning: zephyr/libzephyr.a(bitarray.c.obj):(.debug_loc) is being placed in '.debug_loc'
ld.lld: warning: zephyr/libzephyr.a(bitarray.c.obj):(.debug_abbrev) is being placed in '.debug_abbrev'
ld.lld: warning: zephyr/libzephyr.a(bitarray.c.obj):(.debug_info) is being placed in '.debug_info'
ld.lld: warning: zephyr/libzephyr.a(bitarray.c.obj):(.debug_ranges) is being placed in '.debug_ranges'
ld.lld: warning: zephyr/libzephyr.a(bitarray.c.obj):(.debug_str) is being placed in '.debug_str'
ld.lld: warning: zephyr/libzephyr.a(bitarray.c.obj):(.comment) is being placed in '.comment'
ld.lld: warning: zephyr/libzephyr.a(bitarray.c.obj):(.debug_frame) is being placed in '.debug_frame'
ld.lld: warning: zephyr/libzephyr.a(bitarray.c.obj):(.debug_line) is being placed in '.debug_line'
ld.lld: warning: zephyr/libzephyr.a(configs.c.obj):(.debug_abbrev) is being placed in '.debug_abbrev'
ld.lld: warning: zephyr/libzephyr.a(configs.c.obj):(.debug_info) is being placed in '.debug_info'
ld.lld: warning: zephyr/libzephyr.a(configs.c.obj):(.debug_str) is being placed in '.debug_str'
ld.lld: warning: zephyr/libzephyr.a(configs.c.obj):(.comment) is being placed in '.comment'
ld.lld: warning: zephyr/libzephyr.a(configs.c.obj):(.debug_frame) is being placed in '.debug_frame'
ld.lld: warning: zephyr/libzephyr.a(configs.c.obj):(.debug_line) is being placed in '.debug_line'
ld.lld: warning: zephyr/libzephyr.a(log_core.c.obj):(.debug_loc) is being placed in '.debug_loc'
ld.lld: warning: zephyr/libzephyr.a(log_core.c.obj):(.debug_abbrev) is being placed in '.debug_abbrev'
ld.lld: warning: zephyr/libzephyr.a(log_core.c.obj):(.debug_info) is being placed in '.debug_info'
ld.lld: warning: zephyr/libzephyr.a(log_core.c.obj):(.debug_ranges) is being placed in '.debug_ranges'
ld.lld: warning: zephyr/libzephyr.a(log_core.c.obj):(.debug_str) is being placed in '.debug_str'
ld.lld: warning: zephyr/libzephyr.a(log_core.c.obj):(.comment) is being placed in '.comment'
ld.lld: warning: zephyr/libzephyr.a(log_core.c.obj):(.debug_frame) is being placed in '.debug_frame'
ld.lld: warning: zephyr/libzephyr.a(log_core.c.obj):(.debug_line) is being placed in '.debug_line'
ld.lld: warning: zephyr/libzephyr.a(log_mgmt.c.obj):(.debug_loc) is being placed in '.debug_loc'
ld.lld: warning: zephyr/libzephyr.a(log_mgmt.c.obj):(.debug_abbrev) is being placed in '.debug_abbrev'
ld.lld: warning: zephyr/libzephyr.a(log_mgmt.c.obj):(.debug_info) is being placed in '.debug_info'
ld.lld: warning: zephyr/libzephyr.a(log_mgmt.c.obj):(.debug_ranges) is being placed in '.debug_ranges'
ld.lld: warning: zephyr/libzephyr.a(log_mgmt.c.obj):(.debug_str) is being placed in '.debug_str'
ld.lld: warning: zephyr/libzephyr.a(log_mgmt.c.obj):(.comment) is being placed in '.comment'
ld.lld: warning: zephyr/libzephyr.a(log_mgmt.c.obj):(.debug_frame) is being placed in '.debug_frame'
ld.lld: warning: zephyr/libzephyr.a(log_mgmt.c.obj):(.debug_line) is being placed in '.debug_line'
ld.lld: warning: zephyr/libzephyr.a(log_cache.c.obj):(.debug_loc) is being placed in '.debug_loc'
ld.lld: warning: zephyr/libzephyr.a(log_cache.c.obj):(.debug_abbrev) is being placed in '.debug_abbrev'
ld.lld: warning: zephyr/libzephyr.a(log_cache.c.obj):(.debug_info) is being placed in '.debug_info'
ld.lld: warning: zephyr/libzephyr.a(log_cache.c.obj):(.debug_ranges) is being placed in '.debug_ranges'
ld.lld: warning: zephyr/libzephyr.a(log_cache.c.obj):(.debug_str) is being placed in '.debug_str'
ld.lld: warning: zephyr/libzephyr.a(log_cache.c.obj):(.comment) is being placed in '.comment'
ld.lld: warning: zephyr/libzephyr.a(log_cache.c.obj):(.debug_frame) is being placed in '.debug_frame'
ld.lld: warning: zephyr/libzephyr.a(log_cache.c.obj):(.debug_line) is being placed in '.debug_line'
ld.lld: warning: zephyr/libzephyr.a(log_msg.c.obj):(.debug_loc) is being placed in '.debug_loc'
ld.lld: warning: zephyr/libzephyr.a(log_msg.c.obj):(.debug_abbrev) is being placed in '.debug_abbrev'
ld.lld: warning: zephyr/libzephyr.a(log_msg.c.obj):(.debug_info) is being placed in '.debug_info'
ld.lld: warning: zephyr/libzephyr.a(log_msg.c.obj):(.debug_ranges) is being placed in '.debug_ranges'
ld.lld: warning: zephyr/libzephyr.a(log_msg.c.obj):(.debug_str) is being placed in '.debug_str'
ld.lld: warning: zephyr/libzephyr.a(log_msg.c.obj):(.comment) is being placed in '.comment'
ld.lld: warning: zephyr/libzephyr.a(log_msg.c.obj):(.debug_frame) is being placed in '.debug_frame'
ld.lld: warning: zephyr/libzephyr.a(log_msg.c.obj):(.debug_line) is being placed in '.debug_line'
ld.lld: warning: zephyr/libzephyr.a(log_output.c.obj):(.debug_loc) is being placed in '.debug_loc'
ld.lld: warning: zephyr/libzephyr.a(log_output.c.obj):(.debug_abbrev) is being placed in '.debug_abbrev'
ld.lld: warning: zephyr/libzephyr.a(log_output.c.obj):(.debug_info) is being placed in '.debug_info'
ld.lld: warning: zephyr/libzephyr.a(log_output.c.obj):(.debug_ranges) is being placed in '.debug_ranges'
ld.lld: warning: zephyr/libzephyr.a(log_output.c.obj):(.debug_str) is being placed in '.debug_str'
ld.lld: warning: zephyr/libzephyr.a(log_output.c.obj):(.comment) is being placed in '.comment'
ld.lld: warning: zephyr/libzephyr.a(log_output.c.obj):(.debug_frame) is being placed in '.debug_frame'
ld.lld: warning: zephyr/libzephyr.a(log_output.c.obj):(.debug_line) is being placed in '.debug_line'
ld.lld: warning: zephyr/libzephyr.a(log_backend_uart.c.obj):(.debug_loc) is being placed in '.debug_loc'
ld.lld: warning: zephyr/libzephyr.a(log_backend_uart.c.obj):(.debug_abbrev) is being placed in '.debug_abbrev'
ld.lld: warning: zephyr/libzephyr.a(log_backend_uart.c.obj):(.debug_info) is being placed in '.debug_info'
ld.lld: warning: zephyr/libzephyr.a(log_backend_uart.c.obj):(.debug_ranges) is being placed in '.debug_ranges'
ld.lld: warning: zephyr/libzephyr.a(log_backend_uart.c.obj):(.debug_str) is being placed in '.debug_str'
ld.lld: warning: zephyr/libzephyr.a(log_backend_uart.c.obj):(.comment) is being placed in '.comment'
ld.lld: warning: zephyr/libzephyr.a(log_backend_uart.c.obj):(.debug_frame) is being placed in '.debug_frame'
ld.lld: warning: zephyr/libzephyr.a(log_backend_uart.c.obj):(.debug_line) is being placed in '.debug_line'
ld.lld: warning: zephyr/libzephyr.a(tracing_none.c.obj):(.debug_abbrev) is being placed in '.debug_abbrev'
ld.lld: warning: zephyr/libzephyr.a(tracing_none.c.obj):(.debug_info) is being placed in '.debug_info'
ld.lld: warning: zephyr/libzephyr.a(tracing_none.c.obj):(.debug_ranges) is being placed in '.debug_ranges'
ld.lld: warning: zephyr/libzephyr.a(tracing_none.c.obj):(.debug_str) is being placed in '.debug_str'
ld.lld: warning: zephyr/libzephyr.a(tracing_none.c.obj):(.comment) is being placed in '.comment'
ld.lld: warning: zephyr/libzephyr.a(tracing_none.c.obj):(.debug_frame) is being placed in '.debug_frame'
ld.lld: warning: zephyr/libzephyr.a(tracing_none.c.obj):(.debug_line) is being placed in '.debug_line'
ld.lld: warning: zephyr/libzephyr.a(addr_utils.c.obj):(.debug_loc) is being placed in '.debug_loc'
ld.lld: warning: zephyr/libzephyr.a(addr_utils.c.obj):(.debug_abbrev) is being placed in '.debug_abbrev'
ld.lld: warning: zephyr/libzephyr.a(addr_utils.c.obj):(.debug_info) is being placed in '.debug_info'
ld.lld: warning: zephyr/libzephyr.a(addr_utils.c.obj):(.debug_ranges) is being placed in '.debug_ranges'
ld.lld: warning: zephyr/libzephyr.a(addr_utils.c.obj):(.debug_str) is being placed in '.debug_str'
ld.lld: warning: zephyr/libzephyr.a(addr_utils.c.obj):(.comment) is being placed in '.comment'
ld.lld: warning: zephyr/libzephyr.a(addr_utils.c.obj):(.debug_frame) is being placed in '.debug_frame'
ld.lld: warning: zephyr/libzephyr.a(addr_utils.c.obj):(.debug_line) is being placed in '.debug_line'
ld.lld: warning: zephyr/arch/arch/klausscpu/core/lib..__klausscpu-zephyr__arch__klausscpu__core.a(thread.c.obj):(.debug_loc) is being placed in '.debug_loc'
ld.lld: warning: zephyr/arch/arch/klausscpu/core/lib..__klausscpu-zephyr__arch__klausscpu__core.a(thread.c.obj):(.debug_abbrev) is being placed in '.debug_abbrev'
ld.lld: warning: zephyr/arch/arch/klausscpu/core/lib..__klausscpu-zephyr__arch__klausscpu__core.a(thread.c.obj):(.debug_info) is being placed in '.debug_info'
ld.lld: warning: zephyr/arch/arch/klausscpu/core/lib..__klausscpu-zephyr__arch__klausscpu__core.a(thread.c.obj):(.debug_ranges) is being placed in '.debug_ranges'
ld.lld: warning: zephyr/arch/arch/klausscpu/core/lib..__klausscpu-zephyr__arch__klausscpu__core.a(thread.c.obj):(.debug_str) is being placed in '.debug_str'
ld.lld: warning: zephyr/arch/arch/klausscpu/core/lib..__klausscpu-zephyr__arch__klausscpu__core.a(thread.c.obj):(.comment) is being placed in '.comment'
ld.lld: warning: zephyr/arch/arch/klausscpu/core/lib..__klausscpu-zephyr__arch__klausscpu__core.a(thread.c.obj):(.debug_frame) is being placed in '.debug_frame'
ld.lld: warning: zephyr/arch/arch/klausscpu/core/lib..__klausscpu-zephyr__arch__klausscpu__core.a(thread.c.obj):(.debug_line) is being placed in '.debug_line'
ld.lld: warning: zephyr/arch/arch/klausscpu/core/lib..__klausscpu-zephyr__arch__klausscpu__core.a(irq.c.obj):(.debug_loc) is being placed in '.debug_loc'
ld.lld: warning: zephyr/arch/arch/klausscpu/core/lib..__klausscpu-zephyr__arch__klausscpu__core.a(irq.c.obj):(.debug_abbrev) is being placed in '.debug_abbrev'
ld.lld: warning: zephyr/arch/arch/klausscpu/core/lib..__klausscpu-zephyr__arch__klausscpu__core.a(irq.c.obj):(.debug_info) is being placed in '.debug_info'
ld.lld: warning: zephyr/arch/arch/klausscpu/core/lib..__klausscpu-zephyr__arch__klausscpu__core.a(irq.c.obj):(.debug_ranges) is being placed in '.debug_ranges'
ld.lld: warning: zephyr/arch/arch/klausscpu/core/lib..__klausscpu-zephyr__arch__klausscpu__core.a(irq.c.obj):(.debug_str) is being placed in '.debug_str'
ld.lld: warning: zephyr/arch/arch/klausscpu/core/lib..__klausscpu-zephyr__arch__klausscpu__core.a(irq.c.obj):(.comment) is being placed in '.comment'
ld.lld: warning: zephyr/arch/arch/klausscpu/core/lib..__klausscpu-zephyr__arch__klausscpu__core.a(irq.c.obj):(.debug_frame) is being placed in '.debug_frame'
ld.lld: warning: zephyr/arch/arch/klausscpu/core/lib..__klausscpu-zephyr__arch__klausscpu__core.a(irq.c.obj):(.debug_line) is being placed in '.debug_line'
ld.lld: warning: zephyr/arch/arch/klausscpu/core/lib..__klausscpu-zephyr__arch__klausscpu__core.a(fatal.c.obj):(.debug_loc) is being placed in '.debug_loc'
ld.lld: warning: zephyr/arch/arch/klausscpu/core/lib..__klausscpu-zephyr__arch__klausscpu__core.a(fatal.c.obj):(.debug_abbrev) is being placed in '.debug_abbrev'
ld.lld: warning: zephyr/arch/arch/klausscpu/core/lib..__klausscpu-zephyr__arch__klausscpu__core.a(fatal.c.obj):(.debug_info) is being placed in '.debug_info'
ld.lld: warning: zephyr/arch/arch/klausscpu/core/lib..__klausscpu-zephyr__arch__klausscpu__core.a(fatal.c.obj):(.debug_ranges) is being placed in '.debug_ranges'
ld.lld: warning: zephyr/arch/arch/klausscpu/core/lib..__klausscpu-zephyr__arch__klausscpu__core.a(fatal.c.obj):(.debug_str) is being placed in '.debug_str'
ld.lld: warning: zephyr/arch/arch/klausscpu/core/lib..__klausscpu-zephyr__arch__klausscpu__core.a(fatal.c.obj):(.comment) is being placed in '.comment'
ld.lld: warning: zephyr/arch/arch/klausscpu/core/lib..__klausscpu-zephyr__arch__klausscpu__core.a(fatal.c.obj):(.debug_frame) is being placed in '.debug_frame'
ld.lld: warning: zephyr/arch/arch/klausscpu/core/lib..__klausscpu-zephyr__arch__klausscpu__core.a(fatal.c.obj):(.debug_line) is being placed in '.debug_line'
ld.lld: warning: zephyr/arch/arch/klausscpu/core/lib..__klausscpu-zephyr__arch__klausscpu__core.a(swap.S.obj):(.debug_info) is being placed in '.debug_info'
ld.lld: warning: zephyr/arch/arch/klausscpu/core/lib..__klausscpu-zephyr__arch__klausscpu__core.a(swap.S.obj):(.debug_abbrev) is being placed in '.debug_abbrev'
ld.lld: warning: zephyr/arch/arch/klausscpu/core/lib..__klausscpu-zephyr__arch__klausscpu__core.a(swap.S.obj):(.debug_aranges) is being placed in '.debug_aranges'
ld.lld: warning: zephyr/arch/arch/klausscpu/core/lib..__klausscpu-zephyr__arch__klausscpu__core.a(swap.S.obj):(.debug_ranges) is being placed in '.debug_ranges'
ld.lld: warning: zephyr/arch/arch/klausscpu/core/lib..__klausscpu-zephyr__arch__klausscpu__core.a(swap.S.obj):(.debug_line) is being placed in '.debug_line'
ld.lld: warning: zephyr/lib/libc/minimal/liblib__libc__minimal.a(atoi.c.obj):(.debug_loc) is being placed in '.debug_loc'
ld.lld: warning: zephyr/lib/libc/minimal/liblib__libc__minimal.a(atoi.c.obj):(.debug_abbrev) is being placed in '.debug_abbrev'
ld.lld: warning: zephyr/lib/libc/minimal/liblib__libc__minimal.a(atoi.c.obj):(.debug_info) is being placed in '.debug_info'
ld.lld: warning: zephyr/lib/libc/minimal/liblib__libc__minimal.a(atoi.c.obj):(.debug_ranges) is being placed in '.debug_ranges'
ld.lld: warning: zephyr/lib/libc/minimal/liblib__libc__minimal.a(atoi.c.obj):(.debug_str) is being placed in '.debug_str'
ld.lld: warning: zephyr/lib/libc/minimal/liblib__libc__minimal.a(atoi.c.obj):(.comment) is being placed in '.comment'
ld.lld: warning: zephyr/lib/libc/minimal/liblib__libc__minimal.a(atoi.c.obj):(.debug_frame) is being placed in '.debug_frame'
ld.lld: warning: zephyr/lib/libc/minimal/liblib__libc__minimal.a(atoi.c.obj):(.debug_line) is being placed in '.debug_line'
ld.lld: warning: zephyr/lib/libc/minimal/liblib__libc__minimal.a(strtol.c.obj):(.debug_loc) is being placed in '.debug_loc'
ld.lld: warning: zephyr/lib/libc/minimal/liblib__libc__minimal.a(strtol.c.obj):(.debug_abbrev) is being placed in '.debug_abbrev'
ld.lld: warning: zephyr/lib/libc/minimal/liblib__libc__minimal.a(strtol.c.obj):(.debug_info) is being placed in '.debug_info'
ld.lld: warning: zephyr/lib/libc/minimal/liblib__libc__minimal.a(strtol.c.obj):(.debug_str) is being placed in '.debug_str'
ld.lld: warning: zephyr/lib/libc/minimal/liblib__libc__minimal.a(strtol.c.obj):(.comment) is being placed in '.comment'
ld.lld: warning: zephyr/lib/libc/minimal/liblib__libc__minimal.a(strtol.c.obj):(.debug_frame) is being placed in '.debug_frame'
ld.lld: warning: zephyr/lib/libc/minimal/liblib__libc__minimal.a(strtol.c.obj):(.debug_line) is being placed in '.debug_line'
ld.lld: warning: zephyr/lib/libc/minimal/liblib__libc__minimal.a(strtoul.c.obj):(.debug_loc) is being placed in '.debug_loc'
ld.lld: warning: zephyr/lib/libc/minimal/liblib__libc__minimal.a(strtoul.c.obj):(.debug_abbrev) is being placed in '.debug_abbrev'
ld.lld: warning: zephyr/lib/libc/minimal/liblib__libc__minimal.a(strtoul.c.obj):(.debug_info) is being placed in '.debug_info'
ld.lld: warning: zephyr/lib/libc/minimal/liblib__libc__minimal.a(strtoul.c.obj):(.debug_str) is being placed in '.debug_str'
ld.lld: warning: zephyr/lib/libc/minimal/liblib__libc__minimal.a(strtoul.c.obj):(.comment) is being placed in '.comment'
ld.lld: warning: zephyr/lib/libc/minimal/liblib__libc__minimal.a(strtoul.c.obj):(.debug_frame) is being placed in '.debug_frame'
ld.lld: warning: zephyr/lib/libc/minimal/liblib__libc__minimal.a(strtoul.c.obj):(.debug_line) is being placed in '.debug_line'
ld.lld: warning: zephyr/lib/libc/minimal/liblib__libc__minimal.a(strtoll.c.obj):(.debug_loc) is being placed in '.debug_loc'
ld.lld: warning: zephyr/lib/libc/minimal/liblib__libc__minimal.a(strtoll.c.obj):(.debug_abbrev) is being placed in '.debug_abbrev'
ld.lld: warning: zephyr/lib/libc/minimal/liblib__libc__minimal.a(strtoll.c.obj):(.debug_info) is being placed in '.debug_info'
ld.lld: warning: zephyr/lib/libc/minimal/liblib__libc__minimal.a(strtoll.c.obj):(.debug_str) is being placed in '.debug_str'
ld.lld: warning: zephyr/lib/libc/minimal/liblib__libc__minimal.a(strtoll.c.obj):(.comment) is being placed in '.comment'
ld.lld: warning: zephyr/lib/libc/minimal/liblib__libc__minimal.a(strtoll.c.obj):(.debug_frame) is being placed in '.debug_frame'
ld.lld: warning: zephyr/lib/libc/minimal/liblib__libc__minimal.a(strtoll.c.obj):(.debug_line) is being placed in '.debug_line'
ld.lld: warning: zephyr/lib/libc/minimal/liblib__libc__minimal.a(strtoull.c.obj):(.debug_loc) is being placed in '.debug_loc'
ld.lld: warning: zephyr/lib/libc/minimal/liblib__libc__minimal.a(strtoull.c.obj):(.debug_abbrev) is being placed in '.debug_abbrev'
ld.lld: warning: zephyr/lib/libc/minimal/liblib__libc__minimal.a(strtoull.c.obj):(.debug_info) is being placed in '.debug_info'
ld.lld: warning: zephyr/lib/libc/minimal/liblib__libc__minimal.a(strtoull.c.obj):(.debug_str) is being placed in '.debug_str'
ld.lld: warning: zephyr/lib/libc/minimal/liblib__libc__minimal.a(strtoull.c.obj):(.comment) is being placed in '.comment'
ld.lld: warning: zephyr/lib/libc/minimal/liblib__libc__minimal.a(strtoull.c.obj):(.debug_frame) is being placed in '.debug_frame'
ld.lld: warning: zephyr/lib/libc/minimal/liblib__libc__minimal.a(strtoull.c.obj):(.debug_line) is being placed in '.debug_line'
ld.lld: warning: zephyr/lib/libc/minimal/liblib__libc__minimal.a(bsearch.c.obj):(.debug_loc) is being placed in '.debug_loc'
ld.lld: warning: zephyr/lib/libc/minimal/liblib__libc__minimal.a(bsearch.c.obj):(.debug_abbrev) is being placed in '.debug_abbrev'
ld.lld: warning: zephyr/lib/libc/minimal/liblib__libc__minimal.a(bsearch.c.obj):(.debug_info) is being placed in '.debug_info'
ld.lld: warning: zephyr/lib/libc/minimal/liblib__libc__minimal.a(bsearch.c.obj):(.debug_str) is being placed in '.debug_str'
ld.lld: warning: zephyr/lib/libc/minimal/liblib__libc__minimal.a(bsearch.c.obj):(.comment) is being placed in '.comment'
ld.lld: warning: zephyr/lib/libc/minimal/liblib__libc__minimal.a(bsearch.c.obj):(.debug_frame) is being placed in '.debug_frame'
ld.lld: warning: zephyr/lib/libc/minimal/liblib__libc__minimal.a(bsearch.c.obj):(.debug_line) is being placed in '.debug_line'
ld.lld: warning: zephyr/lib/libc/minimal/liblib__libc__minimal.a(exit.c.obj):(.debug_loc) is being placed in '.debug_loc'
ld.lld: warning: zephyr/lib/libc/minimal/liblib__libc__minimal.a(exit.c.obj):(.debug_abbrev) is being placed in '.debug_abbrev'
ld.lld: warning: zephyr/lib/libc/minimal/liblib__libc__minimal.a(exit.c.obj):(.debug_info) is being placed in '.debug_info'
ld.lld: warning: zephyr/lib/libc/minimal/liblib__libc__minimal.a(exit.c.obj):(.debug_str) is being placed in '.debug_str'
ld.lld: warning: zephyr/lib/libc/minimal/liblib__libc__minimal.a(exit.c.obj):(.comment) is being placed in '.comment'
ld.lld: warning: zephyr/lib/libc/minimal/liblib__libc__minimal.a(exit.c.obj):(.debug_frame) is being placed in '.debug_frame'
ld.lld: warning: zephyr/lib/libc/minimal/liblib__libc__minimal.a(exit.c.obj):(.debug_line) is being placed in '.debug_line'
ld.lld: warning: zephyr/lib/libc/minimal/liblib__libc__minimal.a(qsort.c.obj):(.debug_loc) is being placed in '.debug_loc'
ld.lld: warning: zephyr/lib/libc/minimal/liblib__libc__minimal.a(qsort.c.obj):(.debug_abbrev) is being placed in '.debug_abbrev'
ld.lld: warning: zephyr/lib/libc/minimal/liblib__libc__minimal.a(qsort.c.obj):(.debug_info) is being placed in '.debug_info'
ld.lld: warning: zephyr/lib/libc/minimal/liblib__libc__minimal.a(qsort.c.obj):(.debug_ranges) is being placed in '.debug_ranges'
ld.lld: warning: zephyr/lib/libc/minimal/liblib__libc__minimal.a(qsort.c.obj):(.debug_str) is being placed in '.debug_str'
ld.lld: warning: zephyr/lib/libc/minimal/liblib__libc__minimal.a(qsort.c.obj):(.comment) is being placed in '.comment'
ld.lld: warning: zephyr/lib/libc/minimal/liblib__libc__minimal.a(qsort.c.obj):(.debug_frame) is being placed in '.debug_frame'
ld.lld: warning: zephyr/lib/libc/minimal/liblib__libc__minimal.a(qsort.c.obj):(.debug_line) is being placed in '.debug_line'
ld.lld: warning: zephyr/lib/libc/minimal/liblib__libc__minimal.a(strerror.c.obj):(.debug_loc) is being placed in '.debug_loc'
ld.lld: warning: zephyr/lib/libc/minimal/liblib__libc__minimal.a(strerror.c.obj):(.debug_abbrev) is being placed in '.debug_abbrev'
ld.lld: warning: zephyr/lib/libc/minimal/liblib__libc__minimal.a(strerror.c.obj):(.debug_info) is being placed in '.debug_info'
ld.lld: warning: zephyr/lib/libc/minimal/liblib__libc__minimal.a(strerror.c.obj):(.debug_ranges) is being placed in '.debug_ranges'
ld.lld: warning: zephyr/lib/libc/minimal/liblib__libc__minimal.a(strerror.c.obj):(.debug_str) is being placed in '.debug_str'
ld.lld: warning: zephyr/lib/libc/minimal/liblib__libc__minimal.a(strerror.c.obj):(.comment) is being placed in '.comment'
ld.lld: warning: zephyr/lib/libc/minimal/liblib__libc__minimal.a(strerror.c.obj):(.debug_frame) is being placed in '.debug_frame'
ld.lld: warning: zephyr/lib/libc/minimal/liblib__libc__minimal.a(strerror.c.obj):(.debug_line) is being placed in '.debug_line'
ld.lld: warning: zephyr/lib/libc/minimal/liblib__libc__minimal.a(strncasecmp.c.obj):(.debug_loc) is being placed in '.debug_loc'
ld.lld: warning: zephyr/lib/libc/minimal/liblib__libc__minimal.a(strncasecmp.c.obj):(.debug_abbrev) is being placed in '.debug_abbrev'
ld.lld: warning: zephyr/lib/libc/minimal/liblib__libc__minimal.a(strncasecmp.c.obj):(.debug_info) is being placed in '.debug_info'
ld.lld: warning: zephyr/lib/libc/minimal/liblib__libc__minimal.a(strncasecmp.c.obj):(.debug_str) is being placed in '.debug_str'
ld.lld: warning: zephyr/lib/libc/minimal/liblib__libc__minimal.a(strncasecmp.c.obj):(.comment) is being placed in '.comment'
ld.lld: warning: zephyr/lib/libc/minimal/liblib__libc__minimal.a(strncasecmp.c.obj):(.debug_frame) is being placed in '.debug_frame'
ld.lld: warning: zephyr/lib/libc/minimal/liblib__libc__minimal.a(strncasecmp.c.obj):(.debug_line) is being placed in '.debug_line'
ld.lld: warning: zephyr/lib/libc/minimal/liblib__libc__minimal.a(strstr.c.obj):(.debug_loc) is being placed in '.debug_loc'
ld.lld: warning: zephyr/lib/libc/minimal/liblib__libc__minimal.a(strstr.c.obj):(.debug_abbrev) is being placed in '.debug_abbrev'
ld.lld: warning: zephyr/lib/libc/minimal/liblib__libc__minimal.a(strstr.c.obj):(.debug_info) is being placed in '.debug_info'
ld.lld: warning: zephyr/lib/libc/minimal/liblib__libc__minimal.a(strstr.c.obj):(.debug_str) is being placed in '.debug_str'
ld.lld: warning: zephyr/lib/libc/minimal/liblib__libc__minimal.a(strstr.c.obj):(.comment) is being placed in '.comment'
ld.lld: warning: zephyr/lib/libc/minimal/liblib__libc__minimal.a(strstr.c.obj):(.debug_frame) is being placed in '.debug_frame'
ld.lld: warning: zephyr/lib/libc/minimal/liblib__libc__minimal.a(strstr.c.obj):(.debug_line) is being placed in '.debug_line'
ld.lld: warning: zephyr/lib/libc/minimal/liblib__libc__minimal.a(string.c.obj):(.debug_loc) is being placed in '.debug_loc'
ld.lld: warning: zephyr/lib/libc/minimal/liblib__libc__minimal.a(string.c.obj):(.debug_abbrev) is being placed in '.debug_abbrev'
ld.lld: warning: zephyr/lib/libc/minimal/liblib__libc__minimal.a(string.c.obj):(.debug_info) is being placed in '.debug_info'
ld.lld: warning: zephyr/lib/libc/minimal/liblib__libc__minimal.a(string.c.obj):(.debug_ranges) is being placed in '.debug_ranges'
ld.lld: warning: zephyr/lib/libc/minimal/liblib__libc__minimal.a(string.c.obj):(.debug_str) is being placed in '.debug_str'
ld.lld: warning: zephyr/lib/libc/minimal/liblib__libc__minimal.a(string.c.obj):(.comment) is being placed in '.comment'
ld.lld: warning: zephyr/lib/libc/minimal/liblib__libc__minimal.a(string.c.obj):(.debug_frame) is being placed in '.debug_frame'
ld.lld: warning: zephyr/lib/libc/minimal/liblib__libc__minimal.a(string.c.obj):(.debug_line) is being placed in '.debug_line'
ld.lld: warning: zephyr/lib/libc/minimal/liblib__libc__minimal.a(strspn.c.obj):(.debug_loc) is being placed in '.debug_loc'
ld.lld: warning: zephyr/lib/libc/minimal/liblib__libc__minimal.a(strspn.c.obj):(.debug_abbrev) is being placed in '.debug_abbrev'
ld.lld: warning: zephyr/lib/libc/minimal/liblib__libc__minimal.a(strspn.c.obj):(.debug_info) is being placed in '.debug_info'
ld.lld: warning: zephyr/lib/libc/minimal/liblib__libc__minimal.a(strspn.c.obj):(.debug_ranges) is being placed in '.debug_ranges'
ld.lld: warning: zephyr/lib/libc/minimal/liblib__libc__minimal.a(strspn.c.obj):(.debug_str) is being placed in '.debug_str'
ld.lld: warning: zephyr/lib/libc/minimal/liblib__libc__minimal.a(strspn.c.obj):(.comment) is being placed in '.comment'
ld.lld: warning: zephyr/lib/libc/minimal/liblib__libc__minimal.a(strspn.c.obj):(.debug_frame) is being placed in '.debug_frame'
ld.lld: warning: zephyr/lib/libc/minimal/liblib__libc__minimal.a(strspn.c.obj):(.debug_line) is being placed in '.debug_line'
ld.lld: warning: zephyr/lib/libc/minimal/liblib__libc__minimal.a(stdout_console.c.obj):(.debug_loc) is being placed in '.debug_loc'
ld.lld: warning: zephyr/lib/libc/minimal/liblib__libc__minimal.a(stdout_console.c.obj):(.debug_abbrev) is being placed in '.debug_abbrev'
ld.lld: warning: zephyr/lib/libc/minimal/liblib__libc__minimal.a(stdout_console.c.obj):(.debug_info) is being placed in '.debug_info'
ld.lld: warning: zephyr/lib/libc/minimal/liblib__libc__minimal.a(stdout_console.c.obj):(.debug_ranges) is being placed in '.debug_ranges'
ld.lld: warning: zephyr/lib/libc/minimal/liblib__libc__minimal.a(stdout_console.c.obj):(.debug_str) is being placed in '.debug_str'
ld.lld: warning: zephyr/lib/libc/minimal/liblib__libc__minimal.a(stdout_console.c.obj):(.comment) is being placed in '.comment'
ld.lld: warning: zephyr/lib/libc/minimal/liblib__libc__minimal.a(stdout_console.c.obj):(.debug_frame) is being placed in '.debug_frame'
ld.lld: warning: zephyr/lib/libc/minimal/liblib__libc__minimal.a(stdout_console.c.obj):(.debug_line) is being placed in '.debug_line'
ld.lld: warning: zephyr/lib/libc/minimal/liblib__libc__minimal.a(sprintf.c.obj):(.debug_loc) is being placed in '.debug_loc'
ld.lld: warning: zephyr/lib/libc/minimal/liblib__libc__minimal.a(sprintf.c.obj):(.debug_abbrev) is being placed in '.debug_abbrev'
ld.lld: warning: zephyr/lib/libc/minimal/liblib__libc__minimal.a(sprintf.c.obj):(.debug_info) is being placed in '.debug_info'
ld.lld: warning: zephyr/lib/libc/minimal/liblib__libc__minimal.a(sprintf.c.obj):(.debug_ranges) is being placed in '.debug_ranges'
ld.lld: warning: zephyr/lib/libc/minimal/liblib__libc__minimal.a(sprintf.c.obj):(.debug_str) is being placed in '.debug_str'
ld.lld: warning: zephyr/lib/libc/minimal/liblib__libc__minimal.a(sprintf.c.obj):(.comment) is being placed in '.comment'
ld.lld: warning: zephyr/lib/libc/minimal/liblib__libc__minimal.a(sprintf.c.obj):(.debug_frame) is being placed in '.debug_frame'
ld.lld: warning: zephyr/lib/libc/minimal/liblib__libc__minimal.a(sprintf.c.obj):(.debug_line) is being placed in '.debug_line'
ld.lld: warning: zephyr/lib/libc/minimal/liblib__libc__minimal.a(fprintf.c.obj):(.debug_loc) is being placed in '.debug_loc'
ld.lld: warning: zephyr/lib/libc/minimal/liblib__libc__minimal.a(fprintf.c.obj):(.debug_abbrev) is being placed in '.debug_abbrev'
ld.lld: warning: zephyr/lib/libc/minimal/liblib__libc__minimal.a(fprintf.c.obj):(.debug_info) is being placed in '.debug_info'
ld.lld: warning: zephyr/lib/libc/minimal/liblib__libc__minimal.a(fprintf.c.obj):(.debug_ranges) is being placed in '.debug_ranges'
ld.lld: warning: zephyr/lib/libc/minimal/liblib__libc__minimal.a(fprintf.c.obj):(.debug_str) is being placed in '.debug_str'
ld.lld: warning: zephyr/lib/libc/minimal/liblib__libc__minimal.a(fprintf.c.obj):(.comment) is being placed in '.comment'
ld.lld: warning: zephyr/lib/libc/minimal/liblib__libc__minimal.a(fprintf.c.obj):(.debug_frame) is being placed in '.debug_frame'
ld.lld: warning: zephyr/lib/libc/minimal/liblib__libc__minimal.a(fprintf.c.obj):(.debug_line) is being placed in '.debug_line'
ld.lld: warning: zephyr/lib/libc/minimal/liblib__libc__minimal.a(sqrtf.c.obj):(.debug_loc) is being placed in '.debug_loc'
ld.lld: warning: zephyr/lib/libc/minimal/liblib__libc__minimal.a(sqrtf.c.obj):(.debug_abbrev) is being placed in '.debug_abbrev'
ld.lld: warning: zephyr/lib/libc/minimal/liblib__libc__minimal.a(sqrtf.c.obj):(.debug_info) is being placed in '.debug_info'
ld.lld: warning: zephyr/lib/libc/minimal/liblib__libc__minimal.a(sqrtf.c.obj):(.debug_str) is being placed in '.debug_str'
ld.lld: warning: zephyr/lib/libc/minimal/liblib__libc__minimal.a(sqrtf.c.obj):(.comment) is being placed in '.comment'
ld.lld: warning: zephyr/lib/libc/minimal/liblib__libc__minimal.a(sqrtf.c.obj):(.debug_frame) is being placed in '.debug_frame'
ld.lld: warning: zephyr/lib/libc/minimal/liblib__libc__minimal.a(sqrtf.c.obj):(.debug_line) is being placed in '.debug_line'
ld.lld: warning: zephyr/lib/libc/minimal/liblib__libc__minimal.a(sqrt.c.obj):(.debug_loc) is being placed in '.debug_loc'
ld.lld: warning: zephyr/lib/libc/minimal/liblib__libc__minimal.a(sqrt.c.obj):(.debug_abbrev) is being placed in '.debug_abbrev'
ld.lld: warning: zephyr/lib/libc/minimal/liblib__libc__minimal.a(sqrt.c.obj):(.debug_info) is being placed in '.debug_info'
ld.lld: warning: zephyr/lib/libc/minimal/liblib__libc__minimal.a(sqrt.c.obj):(.debug_str) is being placed in '.debug_str'
ld.lld: warning: zephyr/lib/libc/minimal/liblib__libc__minimal.a(sqrt.c.obj):(.comment) is being placed in '.comment'
ld.lld: warning: zephyr/lib/libc/minimal/liblib__libc__minimal.a(sqrt.c.obj):(.debug_frame) is being placed in '.debug_frame'
ld.lld: warning: zephyr/lib/libc/minimal/liblib__libc__minimal.a(sqrt.c.obj):(.debug_line) is being placed in '.debug_line'
ld.lld: warning: zephyr/lib/libc/minimal/liblib__libc__minimal.a(gmtime.c.obj):(.debug_loc) is being placed in '.debug_loc'
ld.lld: warning: zephyr/lib/libc/minimal/liblib__libc__minimal.a(gmtime.c.obj):(.debug_abbrev) is being placed in '.debug_abbrev'
ld.lld: warning: zephyr/lib/libc/minimal/liblib__libc__minimal.a(gmtime.c.obj):(.debug_info) is being placed in '.debug_info'
ld.lld: warning: zephyr/lib/libc/minimal/liblib__libc__minimal.a(gmtime.c.obj):(.debug_str) is being placed in '.debug_str'
ld.lld: warning: zephyr/lib/libc/minimal/liblib__libc__minimal.a(gmtime.c.obj):(.comment) is being placed in '.comment'
ld.lld: warning: zephyr/lib/libc/minimal/liblib__libc__minimal.a(gmtime.c.obj):(.debug_frame) is being placed in '.debug_frame'
ld.lld: warning: zephyr/lib/libc/minimal/liblib__libc__minimal.a(gmtime.c.obj):(.debug_line) is being placed in '.debug_line'
ld.lld: warning: zephyr/lib/libc/common/liblib__libc__common.a(abort.c.obj):(.debug_abbrev) is being placed in '.debug_abbrev'
ld.lld: warning: zephyr/lib/libc/common/liblib__libc__common.a(abort.c.obj):(.debug_info) is being placed in '.debug_info'
ld.lld: warning: zephyr/lib/libc/common/liblib__libc__common.a(abort.c.obj):(.debug_str) is being placed in '.debug_str'
ld.lld: warning: zephyr/lib/libc/common/liblib__libc__common.a(abort.c.obj):(.comment) is being placed in '.comment'
ld.lld: warning: zephyr/lib/libc/common/liblib__libc__common.a(abort.c.obj):(.debug_frame) is being placed in '.debug_frame'
ld.lld: warning: zephyr/lib/libc/common/liblib__libc__common.a(abort.c.obj):(.debug_line) is being placed in '.debug_line'
ld.lld: warning: zephyr/lib/libc/common/liblib__libc__common.a(gmtime_r.c.obj):(.debug_loc) is being placed in '.debug_loc'
ld.lld: warning: zephyr/lib/libc/common/liblib__libc__common.a(gmtime_r.c.obj):(.debug_abbrev) is being placed in '.debug_abbrev'
ld.lld: warning: zephyr/lib/libc/common/liblib__libc__common.a(gmtime_r.c.obj):(.debug_info) is being placed in '.debug_info'
ld.lld: warning: zephyr/lib/libc/common/liblib__libc__common.a(gmtime_r.c.obj):(.debug_ranges) is being placed in '.debug_ranges'
ld.lld: warning: zephyr/lib/libc/common/liblib__libc__common.a(gmtime_r.c.obj):(.debug_str) is being placed in '.debug_str'
ld.lld: warning: zephyr/lib/libc/common/liblib__libc__common.a(gmtime_r.c.obj):(.comment) is being placed in '.comment'
ld.lld: warning: zephyr/lib/libc/common/liblib__libc__common.a(gmtime_r.c.obj):(.debug_frame) is being placed in '.debug_frame'
ld.lld: warning: zephyr/lib/libc/common/liblib__libc__common.a(gmtime_r.c.obj):(.debug_line) is being placed in '.debug_line'
ld.lld: warning: zephyr/lib/libc/common/liblib__libc__common.a(malloc.c.obj):(.debug_loc) is being placed in '.debug_loc'
ld.lld: warning: zephyr/lib/libc/common/liblib__libc__common.a(malloc.c.obj):(.debug_abbrev) is being placed in '.debug_abbrev'
ld.lld: warning: zephyr/lib/libc/common/liblib__libc__common.a(malloc.c.obj):(.debug_info) is being placed in '.debug_info'
ld.lld: warning: zephyr/lib/libc/common/liblib__libc__common.a(malloc.c.obj):(.debug_ranges) is being placed in '.debug_ranges'
ld.lld: warning: zephyr/lib/libc/common/liblib__libc__common.a(malloc.c.obj):(.debug_str) is being placed in '.debug_str'
ld.lld: warning: zephyr/lib/libc/common/liblib__libc__common.a(malloc.c.obj):(.comment) is being placed in '.comment'
ld.lld: warning: zephyr/lib/libc/common/liblib__libc__common.a(malloc.c.obj):(.debug_frame) is being placed in '.debug_frame'
ld.lld: warning: zephyr/lib/libc/common/liblib__libc__common.a(malloc.c.obj):(.debug_line) is being placed in '.debug_line'
ld.lld: warning: zephyr/lib/libc/common/liblib__libc__common.a(strnlen.c.obj):(.debug_loc) is being placed in '.debug_loc'
ld.lld: warning: zephyr/lib/libc/common/liblib__libc__common.a(strnlen.c.obj):(.debug_abbrev) is being placed in '.debug_abbrev'
ld.lld: warning: zephyr/lib/libc/common/liblib__libc__common.a(strnlen.c.obj):(.debug_info) is being placed in '.debug_info'
ld.lld: warning: zephyr/lib/libc/common/liblib__libc__common.a(strnlen.c.obj):(.debug_str) is being placed in '.debug_str'
ld.lld: warning: zephyr/lib/libc/common/liblib__libc__common.a(strnlen.c.obj):(.comment) is being placed in '.comment'
ld.lld: warning: zephyr/lib/libc/common/liblib__libc__common.a(strnlen.c.obj):(.debug_frame) is being placed in '.debug_frame'
ld.lld: warning: zephyr/lib/libc/common/liblib__libc__common.a(strnlen.c.obj):(.debug_line) is being placed in '.debug_line'
ld.lld: warning: zephyr/subsys/net/libsubsys__net.a(buf.c.obj):(.debug_loc) is being placed in '.debug_loc'
ld.lld: warning: zephyr/subsys/net/libsubsys__net.a(buf.c.obj):(.debug_abbrev) is being placed in '.debug_abbrev'
ld.lld: warning: zephyr/subsys/net/libsubsys__net.a(buf.c.obj):(.debug_info) is being placed in '.debug_info'
ld.lld: warning: zephyr/subsys/net/libsubsys__net.a(buf.c.obj):(.debug_ranges) is being placed in '.debug_ranges'
ld.lld: warning: zephyr/subsys/net/libsubsys__net.a(buf.c.obj):(.debug_str) is being placed in '.debug_str'
ld.lld: warning: zephyr/subsys/net/libsubsys__net.a(buf.c.obj):(.comment) is being placed in '.comment'
ld.lld: warning: zephyr/subsys/net/libsubsys__net.a(buf.c.obj):(.debug_frame) is being placed in '.debug_frame'
ld.lld: warning: zephyr/subsys/net/libsubsys__net.a(buf.c.obj):(.debug_line) is being placed in '.debug_line'
ld.lld: warning: zephyr/subsys/net/libsubsys__net.a(buf_simple.c.obj):(.debug_loc) is being placed in '.debug_loc'
ld.lld: warning: zephyr/subsys/net/libsubsys__net.a(buf_simple.c.obj):(.debug_abbrev) is being placed in '.debug_abbrev'
ld.lld: warning: zephyr/subsys/net/libsubsys__net.a(buf_simple.c.obj):(.debug_info) is being placed in '.debug_info'
ld.lld: warning: zephyr/subsys/net/libsubsys__net.a(buf_simple.c.obj):(.debug_ranges) is being placed in '.debug_ranges'
ld.lld: warning: zephyr/subsys/net/libsubsys__net.a(buf_simple.c.obj):(.debug_str) is being placed in '.debug_str'
ld.lld: warning: zephyr/subsys/net/libsubsys__net.a(buf_simple.c.obj):(.comment) is being placed in '.comment'
ld.lld: warning: zephyr/subsys/net/libsubsys__net.a(buf_simple.c.obj):(.debug_frame) is being placed in '.debug_frame'
ld.lld: warning: zephyr/subsys/net/libsubsys__net.a(buf_simple.c.obj):(.debug_line) is being placed in '.debug_line'
ld.lld: warning: zephyr/subsys/net/libsubsys__net.a(getaddrinfo.c.obj):(.debug_loc) is being placed in '.debug_loc'
ld.lld: warning: zephyr/subsys/net/libsubsys__net.a(getaddrinfo.c.obj):(.debug_abbrev) is being placed in '.debug_abbrev'
ld.lld: warning: zephyr/subsys/net/libsubsys__net.a(getaddrinfo.c.obj):(.debug_info) is being placed in '.debug_info'
ld.lld: warning: zephyr/subsys/net/libsubsys__net.a(getaddrinfo.c.obj):(.debug_ranges) is being placed in '.debug_ranges'
ld.lld: warning: zephyr/subsys/net/libsubsys__net.a(getaddrinfo.c.obj):(.debug_str) is being placed in '.debug_str'
ld.lld: warning: zephyr/subsys/net/libsubsys__net.a(getaddrinfo.c.obj):(.comment) is being placed in '.comment'
ld.lld: warning: zephyr/subsys/net/libsubsys__net.a(getaddrinfo.c.obj):(.debug_frame) is being placed in '.debug_frame'
ld.lld: warning: zephyr/subsys/net/libsubsys__net.a(getaddrinfo.c.obj):(.debug_line) is being placed in '.debug_line'
ld.lld: warning: zephyr/subsys/net/libsubsys__net.a(sockets.c.obj):(.debug_loc) is being placed in '.debug_loc'
ld.lld: warning: zephyr/subsys/net/libsubsys__net.a(sockets.c.obj):(.debug_abbrev) is being placed in '.debug_abbrev'
ld.lld: warning: zephyr/subsys/net/libsubsys__net.a(sockets.c.obj):(.debug_info) is being placed in '.debug_info'
ld.lld: warning: zephyr/subsys/net/libsubsys__net.a(sockets.c.obj):(.debug_ranges) is being placed in '.debug_ranges'
ld.lld: warning: zephyr/subsys/net/libsubsys__net.a(sockets.c.obj):(.debug_str) is being placed in '.debug_str'
ld.lld: warning: zephyr/subsys/net/libsubsys__net.a(sockets.c.obj):(.comment) is being placed in '.comment'
ld.lld: warning: zephyr/subsys/net/libsubsys__net.a(sockets.c.obj):(.debug_frame) is being placed in '.debug_frame'
ld.lld: warning: zephyr/subsys/net/libsubsys__net.a(sockets.c.obj):(.debug_line) is being placed in '.debug_line'
ld.lld: warning: zephyr/subsys/net/libsubsys__net.a(sockets_select.c.obj):(.debug_loc) is being placed in '.debug_loc'
ld.lld: warning: zephyr/subsys/net/libsubsys__net.a(sockets_select.c.obj):(.debug_abbrev) is being placed in '.debug_abbrev'
ld.lld: warning: zephyr/subsys/net/libsubsys__net.a(sockets_select.c.obj):(.debug_info) is being placed in '.debug_info'
ld.lld: warning: zephyr/subsys/net/libsubsys__net.a(sockets_select.c.obj):(.debug_ranges) is being placed in '.debug_ranges'
ld.lld: warning: zephyr/subsys/net/libsubsys__net.a(sockets_select.c.obj):(.debug_str) is being placed in '.debug_str'
ld.lld: warning: zephyr/subsys/net/libsubsys__net.a(sockets_select.c.obj):(.comment) is being placed in '.comment'
ld.lld: warning: zephyr/subsys/net/libsubsys__net.a(sockets_select.c.obj):(.debug_frame) is being placed in '.debug_frame'
ld.lld: warning: zephyr/subsys/net/libsubsys__net.a(sockets_select.c.obj):(.debug_line) is being placed in '.debug_line'
ld.lld: warning: zephyr/subsys/net/libsubsys__net.a(getnameinfo.c.obj):(.debug_loc) is being placed in '.debug_loc'
ld.lld: warning: zephyr/subsys/net/libsubsys__net.a(getnameinfo.c.obj):(.debug_abbrev) is being placed in '.debug_abbrev'
ld.lld: warning: zephyr/subsys/net/libsubsys__net.a(getnameinfo.c.obj):(.debug_info) is being placed in '.debug_info'
ld.lld: warning: zephyr/subsys/net/libsubsys__net.a(getnameinfo.c.obj):(.debug_ranges) is being placed in '.debug_ranges'
ld.lld: warning: zephyr/subsys/net/libsubsys__net.a(getnameinfo.c.obj):(.debug_str) is being placed in '.debug_str'
ld.lld: warning: zephyr/subsys/net/libsubsys__net.a(getnameinfo.c.obj):(.comment) is being placed in '.comment'
ld.lld: warning: zephyr/subsys/net/libsubsys__net.a(getnameinfo.c.obj):(.debug_frame) is being placed in '.debug_frame'
ld.lld: warning: zephyr/subsys/net/libsubsys__net.a(getnameinfo.c.obj):(.debug_line) is being placed in '.debug_line'
ld.lld: warning: zephyr/subsys/net/libsubsys__net.a(sockets_misc.c.obj):(.debug_loc) is being placed in '.debug_loc'
ld.lld: warning: zephyr/subsys/net/libsubsys__net.a(sockets_misc.c.obj):(.debug_abbrev) is being placed in '.debug_abbrev'
ld.lld: warning: zephyr/subsys/net/libsubsys__net.a(sockets_misc.c.obj):(.debug_info) is being placed in '.debug_info'
ld.lld: warning: zephyr/subsys/net/libsubsys__net.a(sockets_misc.c.obj):(.debug_str) is being placed in '.debug_str'
ld.lld: warning: zephyr/subsys/net/libsubsys__net.a(sockets_misc.c.obj):(.comment) is being placed in '.comment'
ld.lld: warning: zephyr/subsys/net/libsubsys__net.a(sockets_misc.c.obj):(.debug_frame) is being placed in '.debug_frame'
ld.lld: warning: zephyr/subsys/net/libsubsys__net.a(sockets_misc.c.obj):(.debug_line) is being placed in '.debug_line'
ld.lld: warning: zephyr/subsys/net/l2/ethernet/libsubsys__net__l2__ethernet.a(ethernet.c.obj):(.debug_loc) is being placed in '.debug_loc'
ld.lld: warning: zephyr/subsys/net/l2/ethernet/libsubsys__net__l2__ethernet.a(ethernet.c.obj):(.debug_abbrev) is being placed in '.debug_abbrev'
ld.lld: warning: zephyr/subsys/net/l2/ethernet/libsubsys__net__l2__ethernet.a(ethernet.c.obj):(.debug_info) is being placed in '.debug_info'
ld.lld: warning: zephyr/subsys/net/l2/ethernet/libsubsys__net__l2__ethernet.a(ethernet.c.obj):(.debug_ranges) is being placed in '.debug_ranges'
ld.lld: warning: zephyr/subsys/net/l2/ethernet/libsubsys__net__l2__ethernet.a(ethernet.c.obj):(.debug_str) is being placed in '.debug_str'
ld.lld: warning: zephyr/subsys/net/l2/ethernet/libsubsys__net__l2__ethernet.a(ethernet.c.obj):(.comment) is being placed in '.comment'
ld.lld: warning: zephyr/subsys/net/l2/ethernet/libsubsys__net__l2__ethernet.a(ethernet.c.obj):(.debug_frame) is being placed in '.debug_frame'
ld.lld: warning: zephyr/subsys/net/l2/ethernet/libsubsys__net__l2__ethernet.a(ethernet.c.obj):(.debug_line) is being placed in '.debug_line'
ld.lld: warning: zephyr/subsys/net/l2/ethernet/libsubsys__net__l2__ethernet.a(arp.c.obj):(.debug_loc) is being placed in '.debug_loc'
ld.lld: warning: zephyr/subsys/net/l2/ethernet/libsubsys__net__l2__ethernet.a(arp.c.obj):(.debug_abbrev) is being placed in '.debug_abbrev'
ld.lld: warning: zephyr/subsys/net/l2/ethernet/libsubsys__net__l2__ethernet.a(arp.c.obj):(.debug_info) is being placed in '.debug_info'
ld.lld: warning: zephyr/subsys/net/l2/ethernet/libsubsys__net__l2__ethernet.a(arp.c.obj):(.debug_ranges) is being placed in '.debug_ranges'
ld.lld: warning: zephyr/subsys/net/l2/ethernet/libsubsys__net__l2__ethernet.a(arp.c.obj):(.debug_str) is being placed in '.debug_str'
ld.lld: warning: zephyr/subsys/net/l2/ethernet/libsubsys__net__l2__ethernet.a(arp.c.obj):(.comment) is being placed in '.comment'
ld.lld: warning: zephyr/subsys/net/l2/ethernet/libsubsys__net__l2__ethernet.a(arp.c.obj):(.debug_frame) is being placed in '.debug_frame'
ld.lld: warning: zephyr/subsys/net/l2/ethernet/libsubsys__net__l2__ethernet.a(arp.c.obj):(.debug_line) is being placed in '.debug_line'
ld.lld: warning: zephyr/subsys/net/ip/libsubsys__net__ip.a(net_core.c.obj):(.debug_loc) is being placed in '.debug_loc'
ld.lld: warning: zephyr/subsys/net/ip/libsubsys__net__ip.a(net_core.c.obj):(.debug_abbrev) is being placed in '.debug_abbrev'
ld.lld: warning: zephyr/subsys/net/ip/libsubsys__net__ip.a(net_core.c.obj):(.debug_info) is being placed in '.debug_info'
ld.lld: warning: zephyr/subsys/net/ip/libsubsys__net__ip.a(net_core.c.obj):(.debug_ranges) is being placed in '.debug_ranges'
ld.lld: warning: zephyr/subsys/net/ip/libsubsys__net__ip.a(net_core.c.obj):(.debug_str) is being placed in '.debug_str'
ld.lld: warning: zephyr/subsys/net/ip/libsubsys__net__ip.a(net_core.c.obj):(.comment) is being placed in '.comment'
ld.lld: warning: zephyr/subsys/net/ip/libsubsys__net__ip.a(net_core.c.obj):(.debug_frame) is being placed in '.debug_frame'
ld.lld: warning: zephyr/subsys/net/ip/libsubsys__net__ip.a(net_core.c.obj):(.debug_line) is being placed in '.debug_line'
ld.lld: warning: zephyr/subsys/net/ip/libsubsys__net__ip.a(net_if.c.obj):(.debug_loc) is being placed in '.debug_loc'
ld.lld: warning: zephyr/subsys/net/ip/libsubsys__net__ip.a(net_if.c.obj):(.debug_abbrev) is being placed in '.debug_abbrev'
ld.lld: warning: zephyr/subsys/net/ip/libsubsys__net__ip.a(net_if.c.obj):(.debug_info) is being placed in '.debug_info'
ld.lld: warning: zephyr/subsys/net/ip/libsubsys__net__ip.a(net_if.c.obj):(.debug_ranges) is being placed in '.debug_ranges'
ld.lld: warning: zephyr/subsys/net/ip/libsubsys__net__ip.a(net_if.c.obj):(.debug_str) is being placed in '.debug_str'
ld.lld: warning: zephyr/subsys/net/ip/libsubsys__net__ip.a(net_if.c.obj):(.comment) is being placed in '.comment'
ld.lld: warning: zephyr/subsys/net/ip/libsubsys__net__ip.a(net_if.c.obj):(.debug_frame) is being placed in '.debug_frame'
ld.lld: warning: zephyr/subsys/net/ip/libsubsys__net__ip.a(net_if.c.obj):(.debug_line) is being placed in '.debug_line'
ld.lld: warning: zephyr/subsys/net/ip/libsubsys__net__ip.a(net_timeout.c.obj):(.debug_loc) is being placed in '.debug_loc'
ld.lld: warning: zephyr/subsys/net/ip/libsubsys__net__ip.a(net_timeout.c.obj):(.debug_abbrev) is being placed in '.debug_abbrev'
ld.lld: warning: zephyr/subsys/net/ip/libsubsys__net__ip.a(net_timeout.c.obj):(.debug_info) is being placed in '.debug_info'
ld.lld: warning: zephyr/subsys/net/ip/libsubsys__net__ip.a(net_timeout.c.obj):(.debug_ranges) is being placed in '.debug_ranges'
ld.lld: warning: zephyr/subsys/net/ip/libsubsys__net__ip.a(net_timeout.c.obj):(.debug_str) is being placed in '.debug_str'
ld.lld: warning: zephyr/subsys/net/ip/libsubsys__net__ip.a(net_timeout.c.obj):(.comment) is being placed in '.comment'
ld.lld: warning: zephyr/subsys/net/ip/libsubsys__net__ip.a(net_timeout.c.obj):(.debug_frame) is being placed in '.debug_frame'
ld.lld: warning: zephyr/subsys/net/ip/libsubsys__net__ip.a(net_timeout.c.obj):(.debug_line) is being placed in '.debug_line'
ld.lld: warning: zephyr/subsys/net/ip/libsubsys__net__ip.a(utils.c.obj):(.debug_loc) is being placed in '.debug_loc'
ld.lld: warning: zephyr/subsys/net/ip/libsubsys__net__ip.a(utils.c.obj):(.debug_abbrev) is being placed in '.debug_abbrev'
ld.lld: warning: zephyr/subsys/net/ip/libsubsys__net__ip.a(utils.c.obj):(.debug_info) is being placed in '.debug_info'
ld.lld: warning: zephyr/subsys/net/ip/libsubsys__net__ip.a(utils.c.obj):(.debug_ranges) is being placed in '.debug_ranges'
ld.lld: warning: zephyr/subsys/net/ip/libsubsys__net__ip.a(utils.c.obj):(.debug_str) is being placed in '.debug_str'
ld.lld: warning: zephyr/subsys/net/ip/libsubsys__net__ip.a(utils.c.obj):(.comment) is being placed in '.comment'
ld.lld: warning: zephyr/subsys/net/ip/libsubsys__net__ip.a(utils.c.obj):(.debug_frame) is being placed in '.debug_frame'
ld.lld: warning: zephyr/subsys/net/ip/libsubsys__net__ip.a(utils.c.obj):(.debug_line) is being placed in '.debug_line'
ld.lld: warning: zephyr/subsys/net/ip/libsubsys__net__ip.a(net_mgmt.c.obj):(.debug_loc) is being placed in '.debug_loc'
ld.lld: warning: zephyr/subsys/net/ip/libsubsys__net__ip.a(net_mgmt.c.obj):(.debug_abbrev) is being placed in '.debug_abbrev'
ld.lld: warning: zephyr/subsys/net/ip/libsubsys__net__ip.a(net_mgmt.c.obj):(.debug_info) is being placed in '.debug_info'
ld.lld: warning: zephyr/subsys/net/ip/libsubsys__net__ip.a(net_mgmt.c.obj):(.debug_ranges) is being placed in '.debug_ranges'
ld.lld: warning: zephyr/subsys/net/ip/libsubsys__net__ip.a(net_mgmt.c.obj):(.debug_str) is being placed in '.debug_str'
ld.lld: warning: zephyr/subsys/net/ip/libsubsys__net__ip.a(net_mgmt.c.obj):(.comment) is being placed in '.comment'
ld.lld: warning: zephyr/subsys/net/ip/libsubsys__net__ip.a(net_mgmt.c.obj):(.debug_frame) is being placed in '.debug_frame'
ld.lld: warning: zephyr/subsys/net/ip/libsubsys__net__ip.a(net_mgmt.c.obj):(.debug_line) is being placed in '.debug_line'
ld.lld: warning: zephyr/subsys/net/ip/libsubsys__net__ip.a(net_context.c.obj):(.debug_loc) is being placed in '.debug_loc'
ld.lld: warning: zephyr/subsys/net/ip/libsubsys__net__ip.a(net_context.c.obj):(.debug_abbrev) is being placed in '.debug_abbrev'
ld.lld: warning: zephyr/subsys/net/ip/libsubsys__net__ip.a(net_context.c.obj):(.debug_info) is being placed in '.debug_info'
ld.lld: warning: zephyr/subsys/net/ip/libsubsys__net__ip.a(net_context.c.obj):(.debug_ranges) is being placed in '.debug_ranges'
ld.lld: warning: zephyr/subsys/net/ip/libsubsys__net__ip.a(net_context.c.obj):(.debug_str) is being placed in '.debug_str'
ld.lld: warning: zephyr/subsys/net/ip/libsubsys__net__ip.a(net_context.c.obj):(.comment) is being placed in '.comment'
ld.lld: warning: zephyr/subsys/net/ip/libsubsys__net__ip.a(net_context.c.obj):(.debug_frame) is being placed in '.debug_frame'
ld.lld: warning: zephyr/subsys/net/ip/libsubsys__net__ip.a(net_context.c.obj):(.debug_line) is being placed in '.debug_line'
ld.lld: warning: zephyr/subsys/net/ip/libsubsys__net__ip.a(net_pkt.c.obj):(.debug_loc) is being placed in '.debug_loc'
ld.lld: warning: zephyr/subsys/net/ip/libsubsys__net__ip.a(net_pkt.c.obj):(.debug_abbrev) is being placed in '.debug_abbrev'
ld.lld: warning: zephyr/subsys/net/ip/libsubsys__net__ip.a(net_pkt.c.obj):(.debug_info) is being placed in '.debug_info'
ld.lld: warning: zephyr/subsys/net/ip/libsubsys__net__ip.a(net_pkt.c.obj):(.debug_ranges) is being placed in '.debug_ranges'
ld.lld: warning: zephyr/subsys/net/ip/libsubsys__net__ip.a(net_pkt.c.obj):(.debug_str) is being placed in '.debug_str'
ld.lld: warning: zephyr/subsys/net/ip/libsubsys__net__ip.a(net_pkt.c.obj):(.comment) is being placed in '.comment'
ld.lld: warning: zephyr/subsys/net/ip/libsubsys__net__ip.a(net_pkt.c.obj):(.debug_frame) is being placed in '.debug_frame'
ld.lld: warning: zephyr/subsys/net/ip/libsubsys__net__ip.a(net_pkt.c.obj):(.debug_line) is being placed in '.debug_line'
ld.lld: warning: zephyr/subsys/net/ip/libsubsys__net__ip.a(net_tc.c.obj):(.debug_loc) is being placed in '.debug_loc'
ld.lld: warning: zephyr/subsys/net/ip/libsubsys__net__ip.a(net_tc.c.obj):(.debug_abbrev) is being placed in '.debug_abbrev'
ld.lld: warning: zephyr/subsys/net/ip/libsubsys__net__ip.a(net_tc.c.obj):(.debug_info) is being placed in '.debug_info'
ld.lld: warning: zephyr/subsys/net/ip/libsubsys__net__ip.a(net_tc.c.obj):(.debug_ranges) is being placed in '.debug_ranges'
ld.lld: warning: zephyr/subsys/net/ip/libsubsys__net__ip.a(net_tc.c.obj):(.debug_str) is being placed in '.debug_str'
ld.lld: warning: zephyr/subsys/net/ip/libsubsys__net__ip.a(net_tc.c.obj):(.comment) is being placed in '.comment'
ld.lld: warning: zephyr/subsys/net/ip/libsubsys__net__ip.a(net_tc.c.obj):(.debug_frame) is being placed in '.debug_frame'
ld.lld: warning: zephyr/subsys/net/ip/libsubsys__net__ip.a(net_tc.c.obj):(.debug_line) is being placed in '.debug_line'
ld.lld: warning: zephyr/subsys/net/ip/libsubsys__net__ip.a(icmp.c.obj):(.debug_loc) is being placed in '.debug_loc'
ld.lld: warning: zephyr/subsys/net/ip/libsubsys__net__ip.a(icmp.c.obj):(.debug_abbrev) is being placed in '.debug_abbrev'
ld.lld: warning: zephyr/subsys/net/ip/libsubsys__net__ip.a(icmp.c.obj):(.debug_info) is being placed in '.debug_info'
ld.lld: warning: zephyr/subsys/net/ip/libsubsys__net__ip.a(icmp.c.obj):(.debug_ranges) is being placed in '.debug_ranges'
ld.lld: warning: zephyr/subsys/net/ip/libsubsys__net__ip.a(icmp.c.obj):(.debug_str) is being placed in '.debug_str'
ld.lld: warning: zephyr/subsys/net/ip/libsubsys__net__ip.a(icmp.c.obj):(.comment) is being placed in '.comment'
ld.lld: warning: zephyr/subsys/net/ip/libsubsys__net__ip.a(icmp.c.obj):(.debug_frame) is being placed in '.debug_frame'
ld.lld: warning: zephyr/subsys/net/ip/libsubsys__net__ip.a(icmp.c.obj):(.debug_line) is being placed in '.debug_line'
ld.lld: warning: zephyr/subsys/net/ip/libsubsys__net__ip.a(connection.c.obj):(.debug_loc) is being placed in '.debug_loc'
ld.lld: warning: zephyr/subsys/net/ip/libsubsys__net__ip.a(connection.c.obj):(.debug_abbrev) is being placed in '.debug_abbrev'
ld.lld: warning: zephyr/subsys/net/ip/libsubsys__net__ip.a(connection.c.obj):(.debug_info) is being placed in '.debug_info'
ld.lld: warning: zephyr/subsys/net/ip/libsubsys__net__ip.a(connection.c.obj):(.debug_ranges) is being placed in '.debug_ranges'
ld.lld: warning: zephyr/subsys/net/ip/libsubsys__net__ip.a(connection.c.obj):(.debug_str) is being placed in '.debug_str'
ld.lld: warning: zephyr/subsys/net/ip/libsubsys__net__ip.a(connection.c.obj):(.comment) is being placed in '.comment'
ld.lld: warning: zephyr/subsys/net/ip/libsubsys__net__ip.a(connection.c.obj):(.debug_frame) is being placed in '.debug_frame'
ld.lld: warning: zephyr/subsys/net/ip/libsubsys__net__ip.a(connection.c.obj):(.debug_line) is being placed in '.debug_line'
ld.lld: warning: zephyr/subsys/net/ip/libsubsys__net__ip.a(icmpv4.c.obj):(.debug_loc) is being placed in '.debug_loc'
ld.lld: warning: zephyr/subsys/net/ip/libsubsys__net__ip.a(icmpv4.c.obj):(.debug_abbrev) is being placed in '.debug_abbrev'
ld.lld: warning: zephyr/subsys/net/ip/libsubsys__net__ip.a(icmpv4.c.obj):(.debug_info) is being placed in '.debug_info'
ld.lld: warning: zephyr/subsys/net/ip/libsubsys__net__ip.a(icmpv4.c.obj):(.debug_ranges) is being placed in '.debug_ranges'
ld.lld: warning: zephyr/subsys/net/ip/libsubsys__net__ip.a(icmpv4.c.obj):(.debug_str) is being placed in '.debug_str'
ld.lld: warning: zephyr/subsys/net/ip/libsubsys__net__ip.a(icmpv4.c.obj):(.comment) is being placed in '.comment'
ld.lld: warning: zephyr/subsys/net/ip/libsubsys__net__ip.a(icmpv4.c.obj):(.debug_frame) is being placed in '.debug_frame'
ld.lld: warning: zephyr/subsys/net/ip/libsubsys__net__ip.a(icmpv4.c.obj):(.debug_line) is being placed in '.debug_line'
ld.lld: warning: zephyr/subsys/net/ip/libsubsys__net__ip.a(ipv4.c.obj):(.debug_loc) is being placed in '.debug_loc'
ld.lld: warning: zephyr/subsys/net/ip/libsubsys__net__ip.a(ipv4.c.obj):(.debug_abbrev) is being placed in '.debug_abbrev'
ld.lld: warning: zephyr/subsys/net/ip/libsubsys__net__ip.a(ipv4.c.obj):(.debug_info) is being placed in '.debug_info'
ld.lld: warning: zephyr/subsys/net/ip/libsubsys__net__ip.a(ipv4.c.obj):(.debug_ranges) is being placed in '.debug_ranges'
ld.lld: warning: zephyr/subsys/net/ip/libsubsys__net__ip.a(ipv4.c.obj):(.debug_str) is being placed in '.debug_str'
ld.lld: warning: zephyr/subsys/net/ip/libsubsys__net__ip.a(ipv4.c.obj):(.comment) is being placed in '.comment'
ld.lld: warning: zephyr/subsys/net/ip/libsubsys__net__ip.a(ipv4.c.obj):(.debug_frame) is being placed in '.debug_frame'
ld.lld: warning: zephyr/subsys/net/ip/libsubsys__net__ip.a(ipv4.c.obj):(.debug_line) is being placed in '.debug_line'
ld.lld: warning: zephyr/subsys/net/ip/libsubsys__net__ip.a(tcp.c.obj):(.debug_loc) is being placed in '.debug_loc'
ld.lld: warning: zephyr/subsys/net/ip/libsubsys__net__ip.a(tcp.c.obj):(.debug_abbrev) is being placed in '.debug_abbrev'
ld.lld: warning: zephyr/subsys/net/ip/libsubsys__net__ip.a(tcp.c.obj):(.debug_info) is being placed in '.debug_info'
ld.lld: warning: zephyr/subsys/net/ip/libsubsys__net__ip.a(tcp.c.obj):(.debug_ranges) is being placed in '.debug_ranges'
ld.lld: warning: zephyr/subsys/net/ip/libsubsys__net__ip.a(tcp.c.obj):(.debug_str) is being placed in '.debug_str'
ld.lld: warning: zephyr/subsys/net/ip/libsubsys__net__ip.a(tcp.c.obj):(.comment) is being placed in '.comment'
ld.lld: warning: zephyr/subsys/net/ip/libsubsys__net__ip.a(tcp.c.obj):(.debug_frame) is being placed in '.debug_frame'
ld.lld: warning: zephyr/subsys/net/ip/libsubsys__net__ip.a(tcp.c.obj):(.debug_line) is being placed in '.debug_line'
ld.lld: warning: zephyr/subsys/net/ip/libsubsys__net__ip.a(udp.c.obj):(.debug_loc) is being placed in '.debug_loc'
ld.lld: warning: zephyr/subsys/net/ip/libsubsys__net__ip.a(udp.c.obj):(.debug_abbrev) is being placed in '.debug_abbrev'
ld.lld: warning: zephyr/subsys/net/ip/libsubsys__net__ip.a(udp.c.obj):(.debug_info) is being placed in '.debug_info'
ld.lld: warning: zephyr/subsys/net/ip/libsubsys__net__ip.a(udp.c.obj):(.debug_ranges) is being placed in '.debug_ranges'
ld.lld: warning: zephyr/subsys/net/ip/libsubsys__net__ip.a(udp.c.obj):(.debug_str) is being placed in '.debug_str'
ld.lld: warning: zephyr/subsys/net/ip/libsubsys__net__ip.a(udp.c.obj):(.comment) is being placed in '.comment'
ld.lld: warning: zephyr/subsys/net/ip/libsubsys__net__ip.a(udp.c.obj):(.debug_frame) is being placed in '.debug_frame'
ld.lld: warning: zephyr/subsys/net/ip/libsubsys__net__ip.a(udp.c.obj):(.debug_line) is being placed in '.debug_line'
ld.lld: warning: zephyr/subsys/net/lib/dhcpv4/libsubsys__net__lib__dhcpv4.a(dhcpv4.c.obj):(.debug_loc) is being placed in '.debug_loc'
ld.lld: warning: zephyr/subsys/net/lib/dhcpv4/libsubsys__net__lib__dhcpv4.a(dhcpv4.c.obj):(.debug_abbrev) is being placed in '.debug_abbrev'
ld.lld: warning: zephyr/subsys/net/lib/dhcpv4/libsubsys__net__lib__dhcpv4.a(dhcpv4.c.obj):(.debug_info) is being placed in '.debug_info'
ld.lld: warning: zephyr/subsys/net/lib/dhcpv4/libsubsys__net__lib__dhcpv4.a(dhcpv4.c.obj):(.debug_ranges) is being placed in '.debug_ranges'
ld.lld: warning: zephyr/subsys/net/lib/dhcpv4/libsubsys__net__lib__dhcpv4.a(dhcpv4.c.obj):(.debug_str) is being placed in '.debug_str'
ld.lld: warning: zephyr/subsys/net/lib/dhcpv4/libsubsys__net__lib__dhcpv4.a(dhcpv4.c.obj):(.comment) is being placed in '.comment'
ld.lld: warning: zephyr/subsys/net/lib/dhcpv4/libsubsys__net__lib__dhcpv4.a(dhcpv4.c.obj):(.debug_frame) is being placed in '.debug_frame'
ld.lld: warning: zephyr/subsys/net/lib/dhcpv4/libsubsys__net__lib__dhcpv4.a(dhcpv4.c.obj):(.debug_line) is being placed in '.debug_line'
ld.lld: warning: zephyr/drivers/console/libdrivers__console.a(uart_console.c.obj):(.debug_loc) is being placed in '.debug_loc'
ld.lld: warning: zephyr/drivers/console/libdrivers__console.a(uart_console.c.obj):(.debug_abbrev) is being placed in '.debug_abbrev'
ld.lld: warning: zephyr/drivers/console/libdrivers__console.a(uart_console.c.obj):(.debug_info) is being placed in '.debug_info'
ld.lld: warning: zephyr/drivers/console/libdrivers__console.a(uart_console.c.obj):(.debug_ranges) is being placed in '.debug_ranges'
ld.lld: warning: zephyr/drivers/console/libdrivers__console.a(uart_console.c.obj):(.debug_str) is being placed in '.debug_str'
ld.lld: warning: zephyr/drivers/console/libdrivers__console.a(uart_console.c.obj):(.comment) is being placed in '.comment'
ld.lld: warning: zephyr/drivers/console/libdrivers__console.a(uart_console.c.obj):(.debug_frame) is being placed in '.debug_frame'
ld.lld: warning: zephyr/drivers/console/libdrivers__console.a(uart_console.c.obj):(.debug_line) is being placed in '.debug_line'
ld.lld: warning: zephyr/drivers/timer/libdrivers__timer.a(sys_clock_init.c.obj):(.debug_abbrev) is being placed in '.debug_abbrev'
ld.lld: warning: zephyr/drivers/timer/libdrivers__timer.a(sys_clock_init.c.obj):(.debug_info) is being placed in '.debug_info'
ld.lld: warning: zephyr/drivers/timer/libdrivers__timer.a(sys_clock_init.c.obj):(.debug_ranges) is being placed in '.debug_ranges'
ld.lld: warning: zephyr/drivers/timer/libdrivers__timer.a(sys_clock_init.c.obj):(.debug_str) is being placed in '.debug_str'
ld.lld: warning: zephyr/drivers/timer/libdrivers__timer.a(sys_clock_init.c.obj):(.comment) is being placed in '.comment'
ld.lld: warning: zephyr/drivers/timer/libdrivers__timer.a(sys_clock_init.c.obj):(.debug_frame) is being placed in '.debug_frame'
ld.lld: warning: zephyr/drivers/timer/libdrivers__timer.a(sys_clock_init.c.obj):(.debug_line) is being placed in '.debug_line'
ld.lld: warning: modules/klausscpu-zephyr/drivers/serial/lib..__klausscpu-zephyr__drivers__serial.a(uart_klausscpu.c.obj):(.debug_loc) is being placed in '.debug_loc'
ld.lld: warning: modules/klausscpu-zephyr/drivers/serial/lib..__klausscpu-zephyr__drivers__serial.a(uart_klausscpu.c.obj):(.debug_abbrev) is being placed in '.debug_abbrev'
ld.lld: warning: modules/klausscpu-zephyr/drivers/serial/lib..__klausscpu-zephyr__drivers__serial.a(uart_klausscpu.c.obj):(.debug_info) is being placed in '.debug_info'
ld.lld: warning: modules/klausscpu-zephyr/drivers/serial/lib..__klausscpu-zephyr__drivers__serial.a(uart_klausscpu.c.obj):(.debug_ranges) is being placed in '.debug_ranges'
ld.lld: warning: modules/klausscpu-zephyr/drivers/serial/lib..__klausscpu-zephyr__drivers__serial.a(uart_klausscpu.c.obj):(.debug_str) is being placed in '.debug_str'
ld.lld: warning: modules/klausscpu-zephyr/drivers/serial/lib..__klausscpu-zephyr__drivers__serial.a(uart_klausscpu.c.obj):(.comment) is being placed in '.comment'
ld.lld: warning: modules/klausscpu-zephyr/drivers/serial/lib..__klausscpu-zephyr__drivers__serial.a(uart_klausscpu.c.obj):(.debug_frame) is being placed in '.debug_frame'
ld.lld: warning: modules/klausscpu-zephyr/drivers/serial/lib..__klausscpu-zephyr__drivers__serial.a(uart_klausscpu.c.obj):(.debug_line) is being placed in '.debug_line'
ld.lld: warning: modules/klausscpu-zephyr/drivers/timer/lib..__klausscpu-zephyr__drivers__timer.a(klausscpu_timer.c.obj):(.debug_loc) is being placed in '.debug_loc'
ld.lld: warning: modules/klausscpu-zephyr/drivers/timer/lib..__klausscpu-zephyr__drivers__timer.a(klausscpu_timer.c.obj):(.debug_abbrev) is being placed in '.debug_abbrev'
ld.lld: warning: modules/klausscpu-zephyr/drivers/timer/lib..__klausscpu-zephyr__drivers__timer.a(klausscpu_timer.c.obj):(.debug_info) is being placed in '.debug_info'
ld.lld: warning: modules/klausscpu-zephyr/drivers/timer/lib..__klausscpu-zephyr__drivers__timer.a(klausscpu_timer.c.obj):(.debug_ranges) is being placed in '.debug_ranges'
ld.lld: warning: modules/klausscpu-zephyr/drivers/timer/lib..__klausscpu-zephyr__drivers__timer.a(klausscpu_timer.c.obj):(.debug_str) is being placed in '.debug_str'
ld.lld: warning: modules/klausscpu-zephyr/drivers/timer/lib..__klausscpu-zephyr__drivers__timer.a(klausscpu_timer.c.obj):(.comment) is being placed in '.comment'
ld.lld: warning: modules/klausscpu-zephyr/drivers/timer/lib..__klausscpu-zephyr__drivers__timer.a(klausscpu_timer.c.obj):(.debug_frame) is being placed in '.debug_frame'
ld.lld: warning: modules/klausscpu-zephyr/drivers/timer/lib..__klausscpu-zephyr__drivers__timer.a(klausscpu_timer.c.obj):(.debug_line) is being placed in '.debug_line'
ld.lld: warning: modules/klausscpu-zephyr/drivers/ethernet/lib..__klausscpu-zephyr__drivers__ethernet.a(eth_klausscpu.c.obj):(.debug_loc) is being placed in '.debug_loc'
ld.lld: warning: modules/klausscpu-zephyr/drivers/ethernet/lib..__klausscpu-zephyr__drivers__ethernet.a(eth_klausscpu.c.obj):(.debug_abbrev) is being placed in '.debug_abbrev'
ld.lld: warning: modules/klausscpu-zephyr/drivers/ethernet/lib..__klausscpu-zephyr__drivers__ethernet.a(eth_klausscpu.c.obj):(.debug_info) is being placed in '.debug_info'
ld.lld: warning: modules/klausscpu-zephyr/drivers/ethernet/lib..__klausscpu-zephyr__drivers__ethernet.a(eth_klausscpu.c.obj):(.debug_ranges) is being placed in '.debug_ranges'
ld.lld: warning: modules/klausscpu-zephyr/drivers/ethernet/lib..__klausscpu-zephyr__drivers__ethernet.a(eth_klausscpu.c.obj):(.debug_str) is being placed in '.debug_str'
ld.lld: warning: modules/klausscpu-zephyr/drivers/ethernet/lib..__klausscpu-zephyr__drivers__ethernet.a(eth_klausscpu.c.obj):(.comment) is being placed in '.comment'
ld.lld: warning: modules/klausscpu-zephyr/drivers/ethernet/lib..__klausscpu-zephyr__drivers__ethernet.a(eth_klausscpu.c.obj):(.debug_frame) is being placed in '.debug_frame'
ld.lld: warning: modules/klausscpu-zephyr/drivers/ethernet/lib..__klausscpu-zephyr__drivers__ethernet.a(eth_klausscpu.c.obj):(.debug_line) is being placed in '.debug_line'
ld.lld: warning: modules/klausscpu-zephyr/vnc/lib..__klausscpu-zephyr__vnc.a(vnc_server.c.obj):(.debug_loc) is being placed in '.debug_loc'
ld.lld: warning: modules/klausscpu-zephyr/vnc/lib..__klausscpu-zephyr__vnc.a(vnc_server.c.obj):(.debug_abbrev) is being placed in '.debug_abbrev'
ld.lld: warning: modules/klausscpu-zephyr/vnc/lib..__klausscpu-zephyr__vnc.a(vnc_server.c.obj):(.debug_info) is being placed in '.debug_info'
ld.lld: warning: modules/klausscpu-zephyr/vnc/lib..__klausscpu-zephyr__vnc.a(vnc_server.c.obj):(.debug_ranges) is being placed in '.debug_ranges'
ld.lld: warning: modules/klausscpu-zephyr/vnc/lib..__klausscpu-zephyr__vnc.a(vnc_server.c.obj):(.debug_str) is being placed in '.debug_str'
ld.lld: warning: modules/klausscpu-zephyr/vnc/lib..__klausscpu-zephyr__vnc.a(vnc_server.c.obj):(.comment) is being placed in '.comment'
ld.lld: warning: modules/klausscpu-zephyr/vnc/lib..__klausscpu-zephyr__vnc.a(vnc_server.c.obj):(.debug_frame) is being placed in '.debug_frame'
ld.lld: warning: modules/klausscpu-zephyr/vnc/lib..__klausscpu-zephyr__vnc.a(vnc_server.c.obj):(.debug_line) is being placed in '.debug_line'
ld.lld: warning: modules/klausscpu-zephyr/vnc/lib..__klausscpu-zephyr__vnc.a(framebuffer.c.obj):(.debug_loc) is being placed in '.debug_loc'
ld.lld: warning: modules/klausscpu-zephyr/vnc/lib..__klausscpu-zephyr__vnc.a(framebuffer.c.obj):(.debug_abbrev) is being placed in '.debug_abbrev'
ld.lld: warning: modules/klausscpu-zephyr/vnc/lib..__klausscpu-zephyr__vnc.a(framebuffer.c.obj):(.debug_info) is being placed in '.debug_info'
ld.lld: warning: modules/klausscpu-zephyr/vnc/lib..__klausscpu-zephyr__vnc.a(framebuffer.c.obj):(.debug_ranges) is being placed in '.debug_ranges'
ld.lld: warning: modules/klausscpu-zephyr/vnc/lib..__klausscpu-zephyr__vnc.a(framebuffer.c.obj):(.debug_str) is being placed in '.debug_str'
ld.lld: warning: modules/klausscpu-zephyr/vnc/lib..__klausscpu-zephyr__vnc.a(framebuffer.c.obj):(.comment) is being placed in '.comment'
ld.lld: warning: modules/klausscpu-zephyr/vnc/lib..__klausscpu-zephyr__vnc.a(framebuffer.c.obj):(.debug_frame) is being placed in '.debug_frame'
ld.lld: warning: modules/klausscpu-zephyr/vnc/lib..__klausscpu-zephyr__vnc.a(framebuffer.c.obj):(.debug_line) is being placed in '.debug_line'
ld.lld: warning: zephyr/kernel/libkernel.a(busy_wait.c.obj):(.debug_loc) is being placed in '.debug_loc'
ld.lld: warning: zephyr/kernel/libkernel.a(busy_wait.c.obj):(.debug_abbrev) is being placed in '.debug_abbrev'
ld.lld: warning: zephyr/kernel/libkernel.a(busy_wait.c.obj):(.debug_info) is being placed in '.debug_info'
ld.lld: warning: zephyr/kernel/libkernel.a(busy_wait.c.obj):(.debug_str) is being placed in '.debug_str'
ld.lld: warning: zephyr/kernel/libkernel.a(busy_wait.c.obj):(.comment) is being placed in '.comment'
ld.lld: warning: zephyr/kernel/libkernel.a(busy_wait.c.obj):(.debug_frame) is being placed in '.debug_frame'
ld.lld: warning: zephyr/kernel/libkernel.a(busy_wait.c.obj):(.debug_line) is being placed in '.debug_line'
ld.lld: warning: zephyr/kernel/libkernel.a(device.c.obj):(.debug_loc) is being placed in '.debug_loc'
ld.lld: warning: zephyr/kernel/libkernel.a(device.c.obj):(.debug_abbrev) is being placed in '.debug_abbrev'
ld.lld: warning: zephyr/kernel/libkernel.a(device.c.obj):(.debug_info) is being placed in '.debug_info'
ld.lld: warning: zephyr/kernel/libkernel.a(device.c.obj):(.debug_ranges) is being placed in '.debug_ranges'
ld.lld: warning: zephyr/kernel/libkernel.a(device.c.obj):(.debug_str) is being placed in '.debug_str'
ld.lld: warning: zephyr/kernel/libkernel.a(device.c.obj):(.comment) is being placed in '.comment'
ld.lld: warning: zephyr/kernel/libkernel.a(device.c.obj):(.debug_frame) is being placed in '.debug_frame'
ld.lld: warning: zephyr/kernel/libkernel.a(device.c.obj):(.debug_line) is being placed in '.debug_line'
ld.lld: warning: zephyr/kernel/libkernel.a(errno.c.obj):(.debug_abbrev) is being placed in '.debug_abbrev'
ld.lld: warning: zephyr/kernel/libkernel.a(errno.c.obj):(.debug_info) is being placed in '.debug_info'
ld.lld: warning: zephyr/kernel/libkernel.a(errno.c.obj):(.debug_str) is being placed in '.debug_str'
ld.lld: warning: zephyr/kernel/libkernel.a(errno.c.obj):(.comment) is being placed in '.comment'
ld.lld: warning: zephyr/kernel/libkernel.a(errno.c.obj):(.debug_frame) is being placed in '.debug_frame'
ld.lld: warning: zephyr/kernel/libkernel.a(errno.c.obj):(.debug_line) is being placed in '.debug_line'
ld.lld: warning: zephyr/kernel/libkernel.a(fatal.c.obj):(.debug_loc) is being placed in '.debug_loc'
ld.lld: warning: zephyr/kernel/libkernel.a(fatal.c.obj):(.debug_abbrev) is being placed in '.debug_abbrev'
ld.lld: warning: zephyr/kernel/libkernel.a(fatal.c.obj):(.debug_info) is being placed in '.debug_info'
ld.lld: warning: zephyr/kernel/libkernel.a(fatal.c.obj):(.debug_ranges) is being placed in '.debug_ranges'
ld.lld: warning: zephyr/kernel/libkernel.a(fatal.c.obj):(.debug_str) is being placed in '.debug_str'
ld.lld: warning: zephyr/kernel/libkernel.a(fatal.c.obj):(.comment) is being placed in '.comment'
ld.lld: warning: zephyr/kernel/libkernel.a(fatal.c.obj):(.debug_frame) is being placed in '.debug_frame'
ld.lld: warning: zephyr/kernel/libkernel.a(fatal.c.obj):(.debug_line) is being placed in '.debug_line'
ld.lld: warning: zephyr/kernel/libkernel.a(init.c.obj):(.debug_loc) is being placed in '.debug_loc'
ld.lld: warning: zephyr/kernel/libkernel.a(init.c.obj):(.debug_abbrev) is being placed in '.debug_abbrev'
ld.lld: warning: zephyr/kernel/libkernel.a(init.c.obj):(.debug_info) is being placed in '.debug_info'
ld.lld: warning: zephyr/kernel/libkernel.a(init.c.obj):(.debug_ranges) is being placed in '.debug_ranges'
ld.lld: warning: zephyr/kernel/libkernel.a(init.c.obj):(.debug_str) is being placed in '.debug_str'
ld.lld: warning: zephyr/kernel/libkernel.a(init.c.obj):(.comment) is being placed in '.comment'
ld.lld: warning: zephyr/kernel/libkernel.a(init.c.obj):(.debug_frame) is being placed in '.debug_frame'
ld.lld: warning: zephyr/kernel/libkernel.a(init.c.obj):(.debug_line) is being placed in '.debug_line'
ld.lld: warning: zephyr/kernel/libkernel.a(banner.c.obj):(.debug_abbrev) is being placed in '.debug_abbrev'
ld.lld: warning: zephyr/kernel/libkernel.a(banner.c.obj):(.debug_info) is being placed in '.debug_info'
ld.lld: warning: zephyr/kernel/libkernel.a(banner.c.obj):(.debug_str) is being placed in '.debug_str'
ld.lld: warning: zephyr/kernel/libkernel.a(banner.c.obj):(.comment) is being placed in '.comment'
ld.lld: warning: zephyr/kernel/libkernel.a(banner.c.obj):(.debug_frame) is being placed in '.debug_frame'
ld.lld: warning: zephyr/kernel/libkernel.a(banner.c.obj):(.debug_line) is being placed in '.debug_line'
ld.lld: warning: zephyr/kernel/libkernel.a(init_static.c.obj):(.debug_abbrev) is being placed in '.debug_abbrev'
ld.lld: warning: zephyr/kernel/libkernel.a(init_static.c.obj):(.debug_info) is being placed in '.debug_info'
ld.lld: warning: zephyr/kernel/libkernel.a(init_static.c.obj):(.debug_str) is being placed in '.debug_str'
ld.lld: warning: zephyr/kernel/libkernel.a(init_static.c.obj):(.comment) is being placed in '.comment'
ld.lld: warning: zephyr/kernel/libkernel.a(init_static.c.obj):(.debug_frame) is being placed in '.debug_frame'
ld.lld: warning: zephyr/kernel/libkernel.a(init_static.c.obj):(.debug_line) is being placed in '.debug_line'
ld.lld: warning: zephyr/kernel/libkernel.a(kheap.c.obj):(.debug_loc) is being placed in '.debug_loc'
ld.lld: warning: zephyr/kernel/libkernel.a(kheap.c.obj):(.debug_abbrev) is being placed in '.debug_abbrev'
ld.lld: warning: zephyr/kernel/libkernel.a(kheap.c.obj):(.debug_info) is being placed in '.debug_info'
ld.lld: warning: zephyr/kernel/libkernel.a(kheap.c.obj):(.debug_ranges) is being placed in '.debug_ranges'
ld.lld: warning: zephyr/kernel/libkernel.a(kheap.c.obj):(.debug_str) is being placed in '.debug_str'
ld.lld: warning: zephyr/kernel/libkernel.a(kheap.c.obj):(.comment) is being placed in '.comment'
ld.lld: warning: zephyr/kernel/libkernel.a(kheap.c.obj):(.debug_frame) is being placed in '.debug_frame'
ld.lld: warning: zephyr/kernel/libkernel.a(kheap.c.obj):(.debug_line) is being placed in '.debug_line'
ld.lld: warning: zephyr/kernel/libkernel.a(mem_slab.c.obj):(.debug_loc) is being placed in '.debug_loc'
ld.lld: warning: zephyr/kernel/libkernel.a(mem_slab.c.obj):(.debug_abbrev) is being placed in '.debug_abbrev'
ld.lld: warning: zephyr/kernel/libkernel.a(mem_slab.c.obj):(.debug_info) is being placed in '.debug_info'
ld.lld: warning: zephyr/kernel/libkernel.a(mem_slab.c.obj):(.debug_ranges) is being placed in '.debug_ranges'
ld.lld: warning: zephyr/kernel/libkernel.a(mem_slab.c.obj):(.debug_str) is being placed in '.debug_str'
ld.lld: warning: zephyr/kernel/libkernel.a(mem_slab.c.obj):(.comment) is being placed in '.comment'
ld.lld: warning: zephyr/kernel/libkernel.a(mem_slab.c.obj):(.debug_frame) is being placed in '.debug_frame'
ld.lld: warning: zephyr/kernel/libkernel.a(mem_slab.c.obj):(.debug_line) is being placed in '.debug_line'
ld.lld: warning: zephyr/kernel/libkernel.a(idle.c.obj):(.debug_loc) is being placed in '.debug_loc'
ld.lld: warning: zephyr/kernel/libkernel.a(idle.c.obj):(.debug_abbrev) is being placed in '.debug_abbrev'
ld.lld: warning: zephyr/kernel/libkernel.a(idle.c.obj):(.debug_info) is being placed in '.debug_info'
ld.lld: warning: zephyr/kernel/libkernel.a(idle.c.obj):(.debug_ranges) is being placed in '.debug_ranges'
ld.lld: warning: zephyr/kernel/libkernel.a(idle.c.obj):(.debug_str) is being placed in '.debug_str'
ld.lld: warning: zephyr/kernel/libkernel.a(idle.c.obj):(.comment) is being placed in '.comment'
ld.lld: warning: zephyr/kernel/libkernel.a(idle.c.obj):(.debug_frame) is being placed in '.debug_frame'
ld.lld: warning: zephyr/kernel/libkernel.a(idle.c.obj):(.debug_line) is being placed in '.debug_line'
ld.lld: warning: zephyr/kernel/libkernel.a(msg_q.c.obj):(.debug_loc) is being placed in '.debug_loc'
ld.lld: warning: zephyr/kernel/libkernel.a(msg_q.c.obj):(.debug_abbrev) is being placed in '.debug_abbrev'
ld.lld: warning: zephyr/kernel/libkernel.a(msg_q.c.obj):(.debug_info) is being placed in '.debug_info'
ld.lld: warning: zephyr/kernel/libkernel.a(msg_q.c.obj):(.debug_ranges) is being placed in '.debug_ranges'
ld.lld: warning: zephyr/kernel/libkernel.a(msg_q.c.obj):(.debug_str) is being placed in '.debug_str'
ld.lld: warning: zephyr/kernel/libkernel.a(msg_q.c.obj):(.comment) is being placed in '.comment'
ld.lld: warning: zephyr/kernel/libkernel.a(msg_q.c.obj):(.debug_frame) is being placed in '.debug_frame'
ld.lld: warning: zephyr/kernel/libkernel.a(msg_q.c.obj):(.debug_line) is being placed in '.debug_line'
ld.lld: warning: zephyr/kernel/libkernel.a(mutex.c.obj):(.debug_loc) is being placed in '.debug_loc'
ld.lld: warning: zephyr/kernel/libkernel.a(mutex.c.obj):(.debug_abbrev) is being placed in '.debug_abbrev'
ld.lld: warning: zephyr/kernel/libkernel.a(mutex.c.obj):(.debug_info) is being placed in '.debug_info'
ld.lld: warning: zephyr/kernel/libkernel.a(mutex.c.obj):(.debug_ranges) is being placed in '.debug_ranges'
ld.lld: warning: zephyr/kernel/libkernel.a(mutex.c.obj):(.debug_str) is being placed in '.debug_str'
ld.lld: warning: zephyr/kernel/libkernel.a(mutex.c.obj):(.comment) is being placed in '.comment'
ld.lld: warning: zephyr/kernel/libkernel.a(mutex.c.obj):(.debug_frame) is being placed in '.debug_frame'
ld.lld: warning: zephyr/kernel/libkernel.a(mutex.c.obj):(.debug_line) is being placed in '.debug_line'
ld.lld: warning: zephyr/kernel/libkernel.a(queue.c.obj):(.debug_loc) is being placed in '.debug_loc'
ld.lld: warning: zephyr/kernel/libkernel.a(queue.c.obj):(.debug_abbrev) is being placed in '.debug_abbrev'
ld.lld: warning: zephyr/kernel/libkernel.a(queue.c.obj):(.debug_info) is being placed in '.debug_info'
ld.lld: warning: zephyr/kernel/libkernel.a(queue.c.obj):(.debug_ranges) is being placed in '.debug_ranges'
ld.lld: warning: zephyr/kernel/libkernel.a(queue.c.obj):(.debug_str) is being placed in '.debug_str'
ld.lld: warning: zephyr/kernel/libkernel.a(queue.c.obj):(.comment) is being placed in '.comment'
ld.lld: warning: zephyr/kernel/libkernel.a(queue.c.obj):(.debug_frame) is being placed in '.debug_frame'
ld.lld: warning: zephyr/kernel/libkernel.a(queue.c.obj):(.debug_line) is being placed in '.debug_line'
ld.lld: warning: zephyr/kernel/libkernel.a(sem.c.obj):(.debug_loc) is being placed in '.debug_loc'
ld.lld: warning: zephyr/kernel/libkernel.a(sem.c.obj):(.debug_abbrev) is being placed in '.debug_abbrev'
ld.lld: warning: zephyr/kernel/libkernel.a(sem.c.obj):(.debug_info) is being placed in '.debug_info'
ld.lld: warning: zephyr/kernel/libkernel.a(sem.c.obj):(.debug_ranges) is being placed in '.debug_ranges'
ld.lld: warning: zephyr/kernel/libkernel.a(sem.c.obj):(.debug_str) is being placed in '.debug_str'
ld.lld: warning: zephyr/kernel/libkernel.a(sem.c.obj):(.comment) is being placed in '.comment'
ld.lld: warning: zephyr/kernel/libkernel.a(sem.c.obj):(.debug_frame) is being placed in '.debug_frame'
ld.lld: warning: zephyr/kernel/libkernel.a(sem.c.obj):(.debug_line) is being placed in '.debug_line'
ld.lld: warning: zephyr/kernel/libkernel.a(system_work_q.c.obj):(.debug_abbrev) is being placed in '.debug_abbrev'
ld.lld: warning: zephyr/kernel/libkernel.a(system_work_q.c.obj):(.debug_info) is being placed in '.debug_info'
ld.lld: warning: zephyr/kernel/libkernel.a(system_work_q.c.obj):(.debug_str) is being placed in '.debug_str'
ld.lld: warning: zephyr/kernel/libkernel.a(system_work_q.c.obj):(.comment) is being placed in '.comment'
ld.lld: warning: zephyr/kernel/libkernel.a(system_work_q.c.obj):(.debug_frame) is being placed in '.debug_frame'
ld.lld: warning: zephyr/kernel/libkernel.a(system_work_q.c.obj):(.debug_line) is being placed in '.debug_line'
ld.lld: warning: zephyr/kernel/libkernel.a(work.c.obj):(.debug_loc) is being placed in '.debug_loc'
ld.lld: warning: zephyr/kernel/libkernel.a(work.c.obj):(.debug_abbrev) is being placed in '.debug_abbrev'
ld.lld: warning: zephyr/kernel/libkernel.a(work.c.obj):(.debug_info) is being placed in '.debug_info'
ld.lld: warning: zephyr/kernel/libkernel.a(work.c.obj):(.debug_ranges) is being placed in '.debug_ranges'
ld.lld: warning: zephyr/kernel/libkernel.a(work.c.obj):(.debug_str) is being placed in '.debug_str'
ld.lld: warning: zephyr/kernel/libkernel.a(work.c.obj):(.comment) is being placed in '.comment'
ld.lld: warning: zephyr/kernel/libkernel.a(work.c.obj):(.debug_frame) is being placed in '.debug_frame'
ld.lld: warning: zephyr/kernel/libkernel.a(work.c.obj):(.debug_line) is being placed in '.debug_line'
ld.lld: warning: zephyr/kernel/libkernel.a(condvar.c.obj):(.debug_loc) is being placed in '.debug_loc'
ld.lld: warning: zephyr/kernel/libkernel.a(condvar.c.obj):(.debug_abbrev) is being placed in '.debug_abbrev'
ld.lld: warning: zephyr/kernel/libkernel.a(condvar.c.obj):(.debug_info) is being placed in '.debug_info'
ld.lld: warning: zephyr/kernel/libkernel.a(condvar.c.obj):(.debug_ranges) is being placed in '.debug_ranges'
ld.lld: warning: zephyr/kernel/libkernel.a(condvar.c.obj):(.debug_str) is being placed in '.debug_str'
ld.lld: warning: zephyr/kernel/libkernel.a(condvar.c.obj):(.comment) is being placed in '.comment'
ld.lld: warning: zephyr/kernel/libkernel.a(condvar.c.obj):(.debug_frame) is being placed in '.debug_frame'
ld.lld: warning: zephyr/kernel/libkernel.a(condvar.c.obj):(.debug_line) is being placed in '.debug_line'
ld.lld: warning: zephyr/kernel/libkernel.a(thread.c.obj):(.debug_loc) is being placed in '.debug_loc'
ld.lld: warning: zephyr/kernel/libkernel.a(thread.c.obj):(.debug_abbrev) is being placed in '.debug_abbrev'
ld.lld: warning: zephyr/kernel/libkernel.a(thread.c.obj):(.debug_info) is being placed in '.debug_info'
ld.lld: warning: zephyr/kernel/libkernel.a(thread.c.obj):(.debug_ranges) is being placed in '.debug_ranges'
ld.lld: warning: zephyr/kernel/libkernel.a(thread.c.obj):(.debug_str) is being placed in '.debug_str'
ld.lld: warning: zephyr/kernel/libkernel.a(thread.c.obj):(.comment) is being placed in '.comment'
ld.lld: warning: zephyr/kernel/libkernel.a(thread.c.obj):(.debug_frame) is being placed in '.debug_frame'
ld.lld: warning: zephyr/kernel/libkernel.a(thread.c.obj):(.debug_line) is being placed in '.debug_line'
ld.lld: warning: zephyr/kernel/libkernel.a(sched.c.obj):(.debug_loc) is being placed in '.debug_loc'
ld.lld: warning: zephyr/kernel/libkernel.a(sched.c.obj):(.debug_abbrev) is being placed in '.debug_abbrev'
ld.lld: warning: zephyr/kernel/libkernel.a(sched.c.obj):(.debug_info) is being placed in '.debug_info'
ld.lld: warning: zephyr/kernel/libkernel.a(sched.c.obj):(.debug_ranges) is being placed in '.debug_ranges'
ld.lld: warning: zephyr/kernel/libkernel.a(sched.c.obj):(.debug_str) is being placed in '.debug_str'
ld.lld: warning: zephyr/kernel/libkernel.a(sched.c.obj):(.comment) is being placed in '.comment'
ld.lld: warning: zephyr/kernel/libkernel.a(sched.c.obj):(.debug_frame) is being placed in '.debug_frame'
ld.lld: warning: zephyr/kernel/libkernel.a(sched.c.obj):(.debug_line) is being placed in '.debug_line'
ld.lld: warning: zephyr/kernel/libkernel.a(timeslicing.c.obj):(.debug_loc) is being placed in '.debug_loc'
ld.lld: warning: zephyr/kernel/libkernel.a(timeslicing.c.obj):(.debug_abbrev) is being placed in '.debug_abbrev'
ld.lld: warning: zephyr/kernel/libkernel.a(timeslicing.c.obj):(.debug_info) is being placed in '.debug_info'
ld.lld: warning: zephyr/kernel/libkernel.a(timeslicing.c.obj):(.debug_ranges) is being placed in '.debug_ranges'
ld.lld: warning: zephyr/kernel/libkernel.a(timeslicing.c.obj):(.debug_str) is being placed in '.debug_str'
ld.lld: warning: zephyr/kernel/libkernel.a(timeslicing.c.obj):(.comment) is being placed in '.comment'
ld.lld: warning: zephyr/kernel/libkernel.a(timeslicing.c.obj):(.debug_frame) is being placed in '.debug_frame'
ld.lld: warning: zephyr/kernel/libkernel.a(timeslicing.c.obj):(.debug_line) is being placed in '.debug_line'
ld.lld: warning: zephyr/kernel/libkernel.a(timeout.c.obj):(.debug_loc) is being placed in '.debug_loc'
ld.lld: warning: zephyr/kernel/libkernel.a(timeout.c.obj):(.debug_abbrev) is being placed in '.debug_abbrev'
ld.lld: warning: zephyr/kernel/libkernel.a(timeout.c.obj):(.debug_info) is being placed in '.debug_info'
ld.lld: warning: zephyr/kernel/libkernel.a(timeout.c.obj):(.debug_ranges) is being placed in '.debug_ranges'
ld.lld: warning: zephyr/kernel/libkernel.a(timeout.c.obj):(.debug_str) is being placed in '.debug_str'
ld.lld: warning: zephyr/kernel/libkernel.a(timeout.c.obj):(.comment) is being placed in '.comment'
ld.lld: warning: zephyr/kernel/libkernel.a(timeout.c.obj):(.debug_frame) is being placed in '.debug_frame'
ld.lld: warning: zephyr/kernel/libkernel.a(timeout.c.obj):(.debug_line) is being placed in '.debug_line'
ld.lld: warning: zephyr/kernel/libkernel.a(atomic_c.c.obj):(.debug_loc) is being placed in '.debug_loc'
ld.lld: warning: zephyr/kernel/libkernel.a(atomic_c.c.obj):(.debug_abbrev) is being placed in '.debug_abbrev'
ld.lld: warning: zephyr/kernel/libkernel.a(atomic_c.c.obj):(.debug_info) is being placed in '.debug_info'
ld.lld: warning: zephyr/kernel/libkernel.a(atomic_c.c.obj):(.debug_ranges) is being placed in '.debug_ranges'
ld.lld: warning: zephyr/kernel/libkernel.a(atomic_c.c.obj):(.debug_str) is being placed in '.debug_str'
ld.lld: warning: zephyr/kernel/libkernel.a(atomic_c.c.obj):(.comment) is being placed in '.comment'
ld.lld: warning: zephyr/kernel/libkernel.a(atomic_c.c.obj):(.debug_frame) is being placed in '.debug_frame'
ld.lld: warning: zephyr/kernel/libkernel.a(atomic_c.c.obj):(.debug_line) is being placed in '.debug_line'
ld.lld: warning: zephyr/kernel/libkernel.a(poll.c.obj):(.debug_loc) is being placed in '.debug_loc'
ld.lld: warning: zephyr/kernel/libkernel.a(poll.c.obj):(.debug_abbrev) is being placed in '.debug_abbrev'
ld.lld: warning: zephyr/kernel/libkernel.a(poll.c.obj):(.debug_info) is being placed in '.debug_info'
ld.lld: warning: zephyr/kernel/libkernel.a(poll.c.obj):(.debug_ranges) is being placed in '.debug_ranges'
ld.lld: warning: zephyr/kernel/libkernel.a(poll.c.obj):(.debug_str) is being placed in '.debug_str'
ld.lld: warning: zephyr/kernel/libkernel.a(poll.c.obj):(.comment) is being placed in '.comment'
ld.lld: warning: zephyr/kernel/libkernel.a(poll.c.obj):(.debug_frame) is being placed in '.debug_frame'
ld.lld: warning: zephyr/kernel/libkernel.a(poll.c.obj):(.debug_line) is being placed in '.debug_line'
ld.lld: warning: zephyr/kernel/libkernel.a(mempool.c.obj):(.debug_loc) is being placed in '.debug_loc'
ld.lld: warning: zephyr/kernel/libkernel.a(mempool.c.obj):(.debug_abbrev) is being placed in '.debug_abbrev'
ld.lld: warning: zephyr/kernel/libkernel.a(mempool.c.obj):(.debug_info) is being placed in '.debug_info'
ld.lld: warning: zephyr/kernel/libkernel.a(mempool.c.obj):(.debug_ranges) is being placed in '.debug_ranges'
ld.lld: warning: zephyr/kernel/libkernel.a(mempool.c.obj):(.debug_str) is being placed in '.debug_str'
ld.lld: warning: zephyr/kernel/libkernel.a(mempool.c.obj):(.comment) is being placed in '.comment'
ld.lld: warning: zephyr/kernel/libkernel.a(mempool.c.obj):(.debug_frame) is being placed in '.debug_frame'
ld.lld: warning: zephyr/kernel/libkernel.a(mempool.c.obj):(.debug_line) is being placed in '.debug_line'
ld.lld: warning: /Users/gjonesblackcyton/Documents/src/klausscpu-llvm/build/lib/clang/23/lib/klausscpu-unknown-unknown-elf/libclang_rt.builtins.a(adddf3.o):(.comment) is being placed in '.comment'
ld.lld: warning: /Users/gjonesblackcyton/Documents/src/klausscpu-llvm/build/lib/clang/23/lib/klausscpu-unknown-unknown-elf/libclang_rt.builtins.a(addsf3.o):(.comment) is being placed in '.comment'
ld.lld: warning: /Users/gjonesblackcyton/Documents/src/klausscpu-llvm/build/lib/clang/23/lib/klausscpu-unknown-unknown-elf/libclang_rt.builtins.a(comparedf2.o):(.comment) is being placed in '.comment'
ld.lld: warning: /Users/gjonesblackcyton/Documents/src/klausscpu-llvm/build/lib/clang/23/lib/klausscpu-unknown-unknown-elf/libclang_rt.builtins.a(comparesf2.o):(.comment) is being placed in '.comment'
ld.lld: warning: /Users/gjonesblackcyton/Documents/src/klausscpu-llvm/build/lib/clang/23/lib/klausscpu-unknown-unknown-elf/libclang_rt.builtins.a(divdf3.o):(.comment) is being placed in '.comment'
ld.lld: warning: /Users/gjonesblackcyton/Documents/src/klausscpu-llvm/build/lib/clang/23/lib/klausscpu-unknown-unknown-elf/libclang_rt.builtins.a(divsf3.o):(.comment) is being placed in '.comment'
ld.lld: warning: /Users/gjonesblackcyton/Documents/src/klausscpu-llvm/build/lib/clang/23/lib/klausscpu-unknown-unknown-elf/libclang_rt.builtins.a(extendsfdf2.o):(.comment) is being placed in '.comment'
ld.lld: warning: /Users/gjonesblackcyton/Documents/src/klausscpu-llvm/build/lib/clang/23/lib/klausscpu-unknown-unknown-elf/libclang_rt.builtins.a(fixdfdi.o):(.comment) is being placed in '.comment'
ld.lld: warning: /Users/gjonesblackcyton/Documents/src/klausscpu-llvm/build/lib/clang/23/lib/klausscpu-unknown-unknown-elf/libclang_rt.builtins.a(floatdidf.o):(.comment) is being placed in '.comment'
ld.lld: warning: /Users/gjonesblackcyton/Documents/src/klausscpu-llvm/build/lib/clang/23/lib/klausscpu-unknown-unknown-elf/libclang_rt.builtins.a(floatundidf.o):(.comment) is being placed in '.comment'
ld.lld: warning: /Users/gjonesblackcyton/Documents/src/klausscpu-llvm/build/lib/clang/23/lib/klausscpu-unknown-unknown-elf/libclang_rt.builtins.a(floatunsidf.o):(.comment) is being placed in '.comment'
ld.lld: warning: /Users/gjonesblackcyton/Documents/src/klausscpu-llvm/build/lib/clang/23/lib/klausscpu-unknown-unknown-elf/libclang_rt.builtins.a(fp_mode.o):(.comment) is being placed in '.comment'
ld.lld: warning: /Users/gjonesblackcyton/Documents/src/klausscpu-llvm/build/lib/clang/23/lib/klausscpu-unknown-unknown-elf/libclang_rt.builtins.a(muldf3.o):(.comment) is being placed in '.comment'
ld.lld: warning: /Users/gjonesblackcyton/Documents/src/klausscpu-llvm/build/lib/clang/23/lib/klausscpu-unknown-unknown-elf/libclang_rt.builtins.a(mulsf3.o):(.comment) is being placed in '.comment'
ld.lld: warning: /Users/gjonesblackcyton/Documents/src/klausscpu-llvm/build/lib/clang/23/lib/klausscpu-unknown-unknown-elf/libclang_rt.builtins.a(subdf3.o):(.comment) is being placed in '.comment'
ld.lld: warning: /Users/gjonesblackcyton/Documents/src/klausscpu-llvm/build/lib/clang/23/lib/klausscpu-unknown-unknown-elf/libclang_rt.builtins.a(subsf3.o):(.comment) is being placed in '.comment'
ld.lld: warning: /Users/gjonesblackcyton/Documents/src/klausscpu-llvm/build/lib/clang/23/lib/klausscpu-unknown-unknown-elf/libclang_rt.builtins.a(truncdfsf2.o):(.comment) is being placed in '.comment'
ld.lld: warning: <internal>:(.comment) is being placed in '.comment'
ld.lld: warning: <internal>:(.symtab) is being placed in '.symtab'
ld.lld: warning: <internal>:(.shstrtab) is being placed in '.shstrtab'
ld.lld: warning: <internal>:(.strtab) is being placed in '.strtab'
Memory region         Used Size  Region Size  %age Used
             RAM:     1407832 B  133169120 B      1.06%
           STACK:          0 GB         1 MB      0.00%
Generating files from /Users/gjonesblackcyton/Documents/src/klausscpu-runtime/zephyr-ws/build_gui/zephyr/zephyr.elf for board: nexys_a7
