00000000000294C8
0000000000000000
0000000000000000
0000000000000000
64C00F00640000F0
FFFFFFD0A5400000
FFFFFFF89F3004F0
FFFFFFF09F3005F0
F0040000CBC00C00
8BD00E0000000000
5E000EC000001111
00057B408B800C00
000294688B800E00
8BD004004C0000EC
A148000000000000
8B800C0000000034
5C0004C00002944C
8B800E0057880CC0
4C0000CE00057B0C
00000010A1480000
FFFFFFE4A1000000
F0040000CBC00C00
8BD00E0000000000
5E000EC000002222
00057AD88B800E00
000000009F300E40
000033338BD00E00
9E2004F05E000EC0
9A200CF0FFFFFFEC
8C1000C0FFFFFFEC
A144000000001387
9A200CF000000034
57880CC0FFFFFFEC
FFFFFFEC9E200CF0
FFFFFFEC9A200CF0
000013888C1000C0
FFFFFFDCA1380000
F0040000CBC00500
8BD00C0000000000
5E000C5000004444
000001E0A3000000
540000405E000450
A300000054000140
6C01000000021B28
64C00F00640000F0
FFFFFFE8A5400000
000293588B800C00
000000009B300CC0
000000008C1000C0
00000014A1480000
A10000006280000C
8C10000000000098
A14C00000000000A
CBC00C0000000048
00000000F0010010
89000CC05A000CC0
8C1000C000000001
A14C000000000000
CBC00C00FFFFFFE0
00000000F0010000
0000000D8BD00E00
CBC00C005E000EC0
00000000F0010010
89000CC05A000CC0
8C1000C000000001
A14C000000000000
89000000FFFFFFE0
CBC00C00000000FF
00000000F0010000
650000F05E0000C0
6580000064800F00
64C00F00640000F0
FFFFFFE8A5400000
000292888B800C00
000000009B300CC0
000000008C1000C0
00000010A14C0000
00000014A1000000
A10000006280000C
CBC00C0000000040
00000000F0010010
89000CC05A000CC0
8C1000C000000002
A14C000000000000
CBC00C00FFFFFFE0
00000000F0010008
89000CC05A000CC0
650000F0000000FF
6580000064800F00
64C00F00640000F0
FFFFFFE8A5400000
FFFFFE88A3000000
000000008BD00C00
64800F00650000F0
640000F065800000
A540000064C00F00
A3000000FFFFFFE8
89000CC0FFFFFF34
650000F0000000FF
6580000064800F00
64C00F00640000F0
000291D08B800C00
FFFFFFC48B800E00
000000109F300EC0
000000018BD00E00
000000029C200EC0
000291F08B800E00
000000009F300CE0
000291D88B800C00
000291708B800E00
000000009F300EC0
000000028BD00C00
000000029C200CE0
FFFFFF408B800D00
000000089F300DE0
000291808B800E00
000000089F300DE0
000000029C200CE0
000291988B800C00
000000009F300EC0
64800F00650000F0
640000F065800000
A540000064C00F00
8BD00E00FFFFFFF8
8BD00C0000000000
8BD00B0000000006
54000DE000000007
0000002CA1000000
54000AD057880DD0
8C1000A055600AA0
A14C000000000020
A100000000000010
CBC00A000000013C
00000000F0060804
9E200EF05E000CA0
9A200AF0FFFFFFFC
55200AA0FFFFFFFC
000000318C1000A0
00000038A1340000
FFFFFFFC9A200AF0
9E200AF057880AA0
9A200AF0FFFFFFFC
55200AA0FFFFFFFC
000000328C1000A0
FFFFFFD8A1280000
F0060804CBC00A00
5E000BA000000000
FFFFFFFC9E200EF0
FFFFFFFC9A200AF0
8C1000A055200AA0
A134000000000031
9A200AF000000038
57880AA0FFFFFFFC
FFFFFFFC9E200AF0
FFFFFFFC9A200AF0
8C1000A055200AA0
A128000000000032
CBC00A00FFFFFFD8
00000000F0060804
9E200EF05E000CA0
9A200AF0FFFFFFFC
55200AA0FFFFFFFC
000000318C1000A0
FFFFFEE8A1340000
FFFFFFFC9A200AF0
9E200AF057880AA0
9A200AF0FFFFFFFC
55200AA0FFFFFFFC
000000328C1000A0
FFFFFFD8A1280000
FFFFFEB0A1000000
F0060804CBC00E00
8BD00D0000000000
5E000DE000000002
000000008BD00E00
FFFFFFFC9E200EF0
FFFFFFFC9A200AF0
8C1000A055200AA0
A134000000000031
9A200AF000000038
57880AA0FFFFFFFC
FFFFFFFC9E200AF0
FFFFFFFC9A200AF0
8C1000A055200AA0
A128000000000032
CBC00900FFFFFFD8
00000000F0060804
000000038BD00A00
9E200EF05E000A90
9A2009F0FFFFFFFC
55200990FFFFFFFC
000000318C100090
00000038A1340000
FFFFFFFC9A2009F0
9E2009F057880990
9A2009F0FFFFFFFC
55200990FFFFFFFC
000000328C100090
FFFFFFD8A1280000
F0060804CBC00900
5E000D9000000000
FFFFFFFC9E200EF0
FFFFFFFC9A2009F0
8C10009055200990
A134000000000031
9A2009F000000038
57880990FFFFFFFC
FFFFFFFC9E2009F0
FFFFFFFC9A2009F0
8C10009055200990
A128000000000032
CBC00900FFFFFFD8
00000000F0060804
9E200EF05E000C90
9A2009F0FFFFFFFC
55200990FFFFFFFC
000000318C100090
00000038A1340000
FFFFFFFC9A2009F0
9E2009F057880990
9A2009F0FFFFFFFC
55200990FFFFFFFC
000000328C100090
FFFFFFD8A1280000
F0060804CBC00900
5E000B9000000000
FFFFFFFC9E200EF0
FFFFFFFC9A2009F0
8C10009055200990
A134000000000031
9A2009F000000038
57880990FFFFFFFC
FFFFFFFC9E2009F0
FFFFFFFC9A2009F0
8C10009055200990
A128000000000032
CBC00900FFFFFFD8
00000000F0060804
9E200EF05E000C90
9A2009F0FFFFFFFC
55200990FFFFFFFC
000000318C100090
00000038A1340000
FFFFFFFC9A2009F0
9E2009F057880990
9A2009F0FFFFFFFC
55200990FFFFFFFC
000000328C100090
FFFFFFD8A1280000
F0060804CBC00900
5E000C9000000000
FFFFFFFC9E200EF0
FFFFFFFC9A2009F0
8C10009055200990
A134000000000031
9A2009F000000038
57880990FFFFFFFC
FFFFFFFC9E2009F0
FFFFFFFC9A2009F0
8C10009055200990
A128000000000032
CBC00900FFFFFFD8
00000000F0060804
9E200EF05E000B90
9A200BF0FFFFFFFC
55200BB0FFFFFFFC
000000318C1000B0
00000038A1340000
FFFFFFFC9A200BF0
9E200BF057880BB0
9A200BF0FFFFFFFC
55200BB0FFFFFFFC
000000328C1000B0
FFFFFFD8A1280000
F0060804CBC00B00
5E000CB000000000
FFFFFFFC9E200EF0
FFFFFFFC9A200BF0
8C1000B055200BB0
A134000000000031
9A200BF000000038
57880BB0FFFFFFFC
FFFFFFFC9E200BF0
FFFFFFFC9A200BF0
8C1000B055200BB0
A128000000000032
CBC00B00FFFFFFD8
00000000F0060804
9E200EF05E000DB0
9A200BF0FFFFFFFC
55200BB0FFFFFFFC
000000318C1000B0
00000038A1340000
FFFFFFFC9A200BF0
9E200BF057880BB0
9A200BF0FFFFFFFC
55200BB0FFFFFFFC
000000328C1000B0
FFFFFFD8A1280000
F0060804CBC00B00
5E000AB000000000
FFFFFFFC9E200EF0
FFFFFFFC9A200BF0
8C1000B055200BB0
A134000000000031
9A200BF000000038
57880BB0FFFFFFFC
FFFFFFFC9E200BF0
FFFFFFFC9A200BF0
8C1000B055200BB0
A128000000000032
CBC00B00FFFFFFD8
00000000F0060804
9E200EF05E000DB0
9A200BF0FFFFFFFC
55200BB0FFFFFFFC
000000318C1000B0
00000038A1340000
FFFFFFFC9A200BF0
9E200BF057880BB0
9A200BF0FFFFFFFC
55200BB0FFFFFFFC
000000328C1000B0
FFFFFFD8A1280000
000000048BD00B00
0000001CA1000000
8C1000A057C80BB0
A148000000000000
54000AB000000178
5040490A55600AA0
0000000189000990
8C1000904C20099E
540009C000000000
00000A74A0480000
CBC00800540009D0
00000000F0060804
9E200EF05E000980
9A2008F0FFFFFFFC
55200880FFFFFFFC
000000318C100080
00000038A1340000
FFFFFFFC9A2008F0
9E2008F057880880
9A2008F0FFFFFFFC
55200880FFFFFFFC
000000328C100080
FFFFFFD8A1280000
8940088054000890
CBC0020000000001
00000000F0060804
9E200EF05E000820
9A2008F0FFFFFFFC
55200880FFFFFFFC
000000318C100080
00000038A1340000
FFFFFFFC9A2008F0
9E2008F057880880
9A2008F0FFFFFFFC
55200880FFFFFFFC
000000328C100080
FFFFFFD8A1280000
F0060804CBC00800
5E00098000000000
FFFFFFFC9E200EF0
FFFFFFFC9A2009F0
8C10009055200990
A134000000000031
9A2009F0FFFFFEBC
57880990FFFFFFFC
FFFFFFFC9E2009F0
FFFFFFFC9A2009F0
8C10009055200990
A128000000000032
A1000000FFFFFFD8
8BD00C00FFFFFE84
8BD00D0000000004
8BD00B0000000006
A100000000000002
57C80CC00000001C
000000008C1000A0
00000178A1480000
55600AA054000AC0
890009905040491A
4C20099E00000001
000000008C100090
A0480000540009D0
540009B000000C18
F0060804CBC00800
5E00098000000000
FFFFFFFC9E200EF0
FFFFFFFC9A2008F0
8C10008055200880
A134000000000031
9A2008F000000038
57880880FFFFFFFC
FFFFFFFC9E2008F0
FFFFFFFC9A2008F0
8C10008055200880
A128000000000032
54000890FFFFFFD8
0000000189400880
F0060804CBC00000
5E00080000000000
FFFFFFFC9E200EF0
FFFFFFFC9A2008F0
8C10008055200880
A134000000000031
9A2008F000000038
57880880FFFFFFFC
FFFFFFFC9E2008F0
FFFFFFFC9A2008F0
8C10008055200880
A128000000000032
CBC00800FFFFFFD8
00000000F0060804
9E200EF05E000980
9A2009F0FFFFFFFC
55200990FFFFFFFC
000000318C100090
FFFFFEBCA1340000
FFFFFFFC9A2009F0
9E2009F057880990
9A2009F0FFFFFFFC
55200990FFFFFFFC
000000328C100090
FFFFFFD8A1280000
FFFFFE84A1000000
F0060804CBC00C00
5E000EC000000000
FFFFFFFC9E200EF0
FFFFFFFC9A200CF0
8C1000C055200CC0
A134000000000031
9A200CF000000038
57880CC0FFFFFFFC
FFFFFFFC9E200CF0
FFFFFFFC9A200CF0
8C1000C055200CC0
A128000000000032
CBC00C00FFFFFFD8
00000000F0060804
000000018BD00D00
9E200EF05E000DC0
9A200CF0FFFFFFFC
55200CC0FFFFFFFC
000000318C1000C0
00000038A1340000
FFFFFFFC9A200CF0
9E200CF057880CC0
9A200CF0FFFFFFFC
55200CC0FFFFFFFC
000000328C1000C0
FFFFFFD8A1280000
F0060808CBC00C00
5A000CC000000000
F0060804CBC00C00
5E000EC000000000
FFFFFFFC9E200EF0
FFFFFFFC9A200CF0
8C1000C055200CC0
A134000000000031
9A200CF000000038
57880CC0FFFFFFFC
FFFFFFFC9E200CF0
FFFFFFFC9A200CF0
8C1000C055200CC0
A128000000000032
8BD00B00FFFFFFD8
54000CE00000000F
0000003CA1000000
55600990540009B0
89000AA0500048D9
54480AA000000001
45400CAC45000AA8
8C10009057C80BB0
A148000000000000
CBC00A000000014C
00000000F0060804
9E200EF05E000EA0
9A200AF0FFFFFFFC
55200AA0FFFFFFFC
000000318C1000A0
00000038A1340000
FFFFFFFC9A200AF0
9E200AF057880AA0
9A200AF0FFFFFFFC
55200AA0FFFFFFFC
000000328C1000A0
FFFFFFD8A1280000
F0060804CBC00A00
5E000DA000000000
FFFFFFFC9E200EF0
FFFFFFFC9A200AF0
8C1000A055200AA0
A134000000000031
9A200AF000000038
57880AA0FFFFFFFC
FFFFFFFC9E200AF0
FFFFFFFC9A200AF0
8C1000A055200AA0
A128000000000032
CBC00A00FFFFFFD8
00000000F0060808
CBC009005A000AA0
00000000F0060804
9E200EF05E000E90
9A2009F0FFFFFFFC
55200990FFFFFFFC
000000318C100090
FFFFFEC8A1340000
FFFFFFFC9A2009F0
9E2009F057880990
9A2009F0FFFFFFFC
55200990FFFFFFFC
000000328C100090
FFFFFFD8A1280000
FFFFFE90A1000000
F0060804CBC00E00
8BD00D0000000000
5E000DE000000000
0000FFFF89000CC0
64800F00650000F0
640000F065800000
A540000064C00F00
9F3004F0FFFFFFE8
9F3005F0FFFFFFF8
8BD00C00FFFFFFF0
8BD00B0000000000
8BD00E0000000006
54000DC000000007
0000002CA1000000
54000AD057880DD0
8C1000A055600AA0
A14C000000000020
A100000000000010
CBC00A000000013C
00000000F0060804
9E200CF05E000BA0
9A200AF0FFFFFFEC
55200AA0FFFFFFEC
000000318C1000A0
00000038A1340000
FFFFFFEC9A200AF0
9E200AF057880AA0
9A200AF0FFFFFFEC
55200AA0FFFFFFEC
000000328C1000A0
FFFFFFD8A1280000
F0060804CBC00A00
5E000EA000000000
FFFFFFEC9E200CF0
FFFFFFEC9A200AF0
8C1000A055200AA0
A134000000000031
9A200AF000000038
57880AA0FFFFFFEC
FFFFFFEC9E200AF0
FFFFFFEC9A200AF0
8C1000A055200AA0
A128000000000032
CBC00A00FFFFFFD8
00000000F0060804
9E200CF05E000BA0
9A200AF0FFFFFFEC
55200AA0FFFFFFEC
000000318C1000A0
FFFFFEE8A1340000
FFFFFFEC9A200AF0
9E200AF057880AA0
9A200AF0FFFFFFEC
55200AA0FFFFFFEC
000000328C1000A0
FFFFFFD8A1280000
FFFFFEB0A1000000
F0060804CBC00C00
8BD00A0000000000
5E000AC000000002
000000008BD00C00
FFFFFFEC9E200CF0
FFFFFFEC9A200DF0
8C1000D055200DD0
A134000000000031
9A200DF000000038
57880DD0FFFFFFEC
FFFFFFEC9E200DF0
FFFFFFEC9A200DF0
8C1000D055200DD0
A128000000000032
CBC00900FFFFFFD8
00000000F0060804
000000038BD00D00
9E200CF05E000D90
9A2009F0FFFFFFEC
55200990FFFFFFEC
000000318C100090
00000038A1340000
FFFFFFEC9A2009F0
9E2009F057880990
9A2009F0FFFFFFEC
55200990FFFFFFEC
000000328C100090
FFFFFFD8A1280000
F0060804CBC00900
5E000A9000000000
FFFFFFEC9E200CF0
FFFFFFEC9A2009F0
8C10009055200990
A134000000000031
9A2009F000000038
57880990FFFFFFEC
FFFFFFEC9E2009F0
FFFFFFEC9A2009F0
8C10009055200990
A128000000000032
CBC00900FFFFFFD8
00000000F0060804
9E200CF05E000B90
9A2009F0FFFFFFEC
55200990FFFFFFEC
000000318C100090
00000038A1340000
FFFFFFEC9A2009F0
9E2009F057880990
9A2009F0FFFFFFEC
55200990FFFFFFEC
000000328C100090
FFFFFFD8A1280000
F0060804CBC00900
5E000E9000000000
FFFFFFEC9E200CF0
FFFFFFEC9A2009F0
8C10009055200990
A134000000000031
9A2009F000000038
57880990FFFFFFEC
FFFFFFEC9E2009F0
FFFFFFEC9A2009F0
8C10009055200990
A128000000000032
CBC00900FFFFFFD8
00000000F0060804
9E200CF05E000B90
9A2009F0FFFFFFEC
55200990FFFFFFEC
000000318C100090
00000038A1340000
FFFFFFEC9A2009F0
9E2009F057880990
9A2009F0FFFFFFEC
55200990FFFFFFEC
000000328C100090
FFFFFFD8A1280000
F0060804CBC00900
5E000A9000000000
FFFFFFEC9E200CF0
FFFFFFEC9A2009F0
8C10009055200990
A134000000000031
9A2009F000000038
57880990FFFFFFEC
FFFFFFEC9E2009F0
FFFFFFEC9A2009F0
8C10009055200990
A128000000000032
CBC00900FFFFFFD8
00000000F0060804
9E200CF05E000D90
9A2009F0FFFFFFEC
55200990FFFFFFEC
000000318C100090
00000038A1340000
FFFFFFEC9A2009F0
9E2009F057880990
9A2009F0FFFFFFEC
55200990FFFFFFEC
000000328C100090
FFFFFFD8A1280000
F0060804CBC00900
5E000A9000000000
FFFFFFEC9E200CF0
FFFFFFEC9A2009F0
8C10009055200990
A134000000000031
9A2009F000000038
57880990FFFFFFEC
FFFFFFEC9E2009F0
FFFFFFEC9A2009F0
8C10009055200990
A128000000000032
CBC00900FFFFFFD8
00000000F0060804
9E200CF05E000B90
9A2009F0FFFFFFEC
55200990FFFFFFEC
000000318C100090
00000038A1340000
FFFFFFEC9A2009F0
9E2009F057880990
9A2009F0FFFFFFEC
55200990FFFFFFEC
000000328C100090
FFFFFFD8A1280000
F0060804CBC00900
5E000E9000000000
FFFFFFEC9E200CF0
FFFFFFEC9A2009F0
8C10009055200990
A134000000000031
9A2009F000000038
57880990FFFFFFEC
FFFFFFEC9E2009F0
FFFFFFEC9A2009F0
8C10009055200990
A128000000000032
CBC00900FFFFFFD8
00000000F0060804
9E200CF05E000B90
9A2009F0FFFFFFEC
55200990FFFFFFEC
000000318C100090
00000038A1340000
FFFFFFEC9A2009F0
9E2009F057880990
9A2009F0FFFFFFEC
55200990FFFFFFEC
000000328C100090
FFFFFFD8A1280000
000000048BD00900
0000001CA1000000
8C10008057C80990
A148000000000000
5400089000000178
5040430855600880
0000000189000330
8C1000304C20033C
540003B000000000
0000170CA0480000
CBC00400540003A0
00000000F0060804
9E200CF05E000340
9A2004F0FFFFFFEC
55200440FFFFFFEC
000000318C100040
00000038A1340000
FFFFFFEC9A2004F0
9E2004F057880440
9A2004F0FFFFFFEC
55200440FFFFFFEC
000000328C100040
FFFFFFD8A1280000
8940044054000430
CBC0050000000001
00000000F0060804
9E200CF05E000450
9A2004F0FFFFFFEC
55200440FFFFFFEC
000000318C100040
00000038A1340000
FFFFFFEC9A2004F0
9E2004F057880440
9A2004F0FFFFFFEC
55200440FFFFFFEC
000000328C100040
FFFFFFD8A1280000
F0060804CBC00400
5E00034000000000
FFFFFFEC9E200CF0
FFFFFFEC9A2003F0
8C10003055200330
A134000000000031
9A2003F0FFFFFEBC
57880330FFFFFFEC
FFFFFFEC9E2003F0
FFFFFFEC9A2003F0
8C10003055200330
A128000000000032
A1000000FFFFFFD8
8BD00B00FFFFFE84
8BD00A0000000004
8BD0090000000006
A100000000000002
57C80BB00000001C
000000008C100080
00000178A1480000
55600880540008B0
8900000050404018
4C20000C00000001
000000008C100000
A0480000540000A0
54000090000018B0
F0060804CBC00300
5E00003000000000
FFFFFFEC9E200CF0
FFFFFFEC9A2003F0
8C10003055200330
A134000000000031
9A2003F000000038
57880330FFFFFFEC
FFFFFFEC9E2003F0
FFFFFFEC9A2003F0
8C10003055200330
A128000000000032
54000300FFFFFFD8
0000000189400330
F0060804CBC00400
5E00034000000000
FFFFFFEC9E200CF0
FFFFFFEC9A2003F0
8C10003055200330
A134000000000031
9A2003F000000038
57880330FFFFFFEC
FFFFFFEC9E2003F0
FFFFFFEC9A2003F0
8C10003055200330
A128000000000032
CBC00300FFFFFFD8
00000000F0060804
9E200CF05E000030
9A2000F0FFFFFFEC
55200000FFFFFFEC
000000318C100000
FFFFFEBCA1340000
FFFFFFEC9A2000F0
9E2000F057880000
9A2000F0FFFFFFEC
55200000FFFFFFEC
000000328C100000
FFFFFFD8A1280000
FFFFFE84A1000000
F0060804CBC00A00
8BD00B0000000000
5E000BA000000006
FFFFFFEC9E200CF0
FFFFFFEC9A200AF0
8C1000A055200AA0
A134000000000031
9A200AF000000038
57880AA0FFFFFFEC
FFFFFFEC9E200AF0
FFFFFFEC9A200AF0
8C1000A055200AA0
A128000000000032
CBC00A00FFFFFFD8
00000000F0060804
9E200CF05E000EA0
9A200EF0FFFFFFEC
55200EE0FFFFFFEC
000000318C1000E0
00000038A1340000
FFFFFFEC9A200EF0
9E200EF057880EE0
9A200EF0FFFFFFEC
55200EE0FFFFFFEC
000000328C1000E0
FFFFFFD8A1280000
F0060804CBC00E00
5E000BE000000000
FFFFFFEC9E200CF0
FFFFFFEC9A200EF0
8C1000E055200EE0
A134000000000031
9A200EF000000038
57880EE0FFFFFFEC
FFFFFFEC9E200EF0
FFFFFFEC9A200EF0
8C1000E055200EE0
A128000000000032
CBC00A00FFFFFFD8
00000000F0060804
000000028BD00E00
9E200CF05E000EA0
9A200AF0FFFFFFEC
55200AA0FFFFFFEC
000000318C1000A0
00000038A1340000
FFFFFFEC9A200AF0
9E200AF057880AA0
9A200AF0FFFFFFEC
55200AA0FFFFFFEC
000000328C1000A0
FFFFFFD8A1280000
F0060804CBC00A00
5E000DA000000000
FFFFFFEC9E200CF0
FFFFFFEC9A200DF0
8C1000D055200DD0
A134000000000031
9A200DF000000038
57880DD0FFFFFFEC
FFFFFFEC9E200DF0
FFFFFFEC9A200DF0
8C1000D055200DD0
A128000000000032
CBC00D00FFFFFFD8
00000000F0060804
9E200CF05E000ED0
9A200DF0FFFFFFEC
55200DD0FFFFFFEC
000000318C1000D0
00000038A1340000
FFFFFFEC9A200DF0
9E200DF057880DD0
9A200DF0FFFFFFEC
55200DD0FFFFFFEC
000000328C1000D0
FFFFFFD8A1280000
0000000F8BD00D00
0000001CA1000000
8C1000A057C80DD0
A148000000000000
54000AD000000178
5040492A55600AA0
0000000189000990
8C1000904C20099C
540009B000000000
00001CACA0480000
CBC00800540009E0
00000000F0060804
9E200CF05E000980
9A2008F0FFFFFFEC
55200880FFFFFFEC
000000318C100080
00000038A1340000
FFFFFFEC9A2008F0
9E2008F057880880
9A2008F0FFFFFFEC
55200880FFFFFFEC
000000328C100080
FFFFFFD8A1280000
8940088054000890
CBC0000000000001
00000000F0060804
9E200CF05E000800
9A2008F0FFFFFFEC
55200880FFFFFFEC
000000318C100080
00000038A1340000
FFFFFFEC9A2008F0
9E2008F057880880
9A2008F0FFFFFFEC
55200880FFFFFFEC
000000328C100080
FFFFFFD8A1280000
F0060804CBC00800
5E00098000000000
FFFFFFEC9E200CF0
FFFFFFEC9A2009F0
8C10009055200990
A134000000000031
9A2009F0FFFFFEBC
57880990FFFFFFEC
FFFFFFEC9E2009F0
FFFFFFEC9A2009F0
8C10009055200990
A128000000000032
A1000000FFFFFFD8
CBC00E00FFFFFE84
00000000F0060804
9B3005F05E000CE0
9B3004F0FFFFFFF0
650000F0FFFFFFF8
6580000064800F00
64C00F00640000F0
FFFFFFD8A5400000
FFFFFFF89F3004F0
FFFFFFF09F3005F0
F0060000CBC00E00
8BD00C0000000000
5E000CE000000001
F00F0040CBC00E00
9B300EE000000000
88300EE000000000
CBC00D000000000A
00000000F00F0040
000000009B300DD0
A13800004C0000DE
CBC00E00FFFFFFE8
00000000F0060000
000000008BD00400
CBC00E005E0004E0
00000000F0060800
CBC00C005E000CE0
00000000F00F0040
000000009B300CC0
0000001E88300CC0
F00F0040CBC00E00
9B300EE000000000
4C0000EC00000000
FFFFFFE8A1380000
F0060800CBC00C00
5E0004C000000000
F00F0040CBC00C00
9B300CC000000000
88300CC000000000
CBC00E0000000032
00000000F00F0040
000000009B300EE0
A13800004C0000EC
8BD00500FFFFFFE8
8BD0010000000001
5400005000000002
FFFFE47CA3000000
8B800000540001C0
8BD00200000256A5
A300000000000007
8BD0020000020AC0
5400005000003300
A300000054000140
8B800000FFFFF0D0
A300000000025EF0
A100000000020A98
578804400000002C
55600CC054000C40
0000001E8C1000C0
00000010A14C0000
000000D0A1000000
F00F0040CBC00C00
9B300CC000000000
88300CC000000000
CBC00E0000000064
00000000F00F0040
000000009B300EE0
A13800004C0000EC
54000050FFFFFFE8
A300000054000150
8C1000C0FFFFE3C0
A14800000000FFFF
54000EC00000002C
0000002489000EE0
000000248C1000E0
00000010A14C0000
0000003CA1000000
55600EE054000E40
0000001D8C1000E0
FFFFFF4CA14C0000
000269DC8B800000
A3000000540001C0
A1000000000209C0
8B800000FFFFFF30
540001C000026408
000209A4A3000000
F0061014CBC00C00
5E0005C000000000
F0061034CBC00C00
5E0005C000000000
F0061010CBC00C00
5E0005C000000000
F0061030CBC00C00
5E0005C000000000
FFFFFFF09B3005F0
FFFFFFF89B3004F0
64800F00650000F0
640000F065800000
5580000064C00F00
54000C0050784000
64800F00650000F0
640000F065800000
5580000064C00F00
54000C0050704000
64800F00650000F0
640000F065800000
650000F064C00F00
6580000064800F00
64C00F00640000F0
000000018C100000
00000048A1440000
000000008BD00C00
8B800C004C200E1C
8C1000E000026DC0
A048000000000000
540001C000002180
8B800C0050214000
44200CC0000273CC
5E000EC05A000E10
64800F00650000F0
640000F065800000
A540000064C00F00
9F3004F0FFFFFFD8
9F3005F0FFFFFFF8
8BD00500FFFFFFF0
5400045000000000
000000FF89000440
A300000054000040
5788055000000038
000000038C100040
FFFFFFDCA1380000
FFFFFFF09B3005F0
FFFFFFF89B3004F0
64800F00650000F0
640000F065800000
A540000064C00F00
9F3004F0FFFFFFD0
9F3005F0FFFFFFF8
9F3006F0FFFFFFF0
8B800C00FFFFFFE8
8C1000000002731C
A138000000000004
A100000000000010
54000E00000000F4
00000110A8800EE0
98200C50442005CE
8C1000C00000000A
A134000000000001
8C1000C0000000FC
A148000000000000
8C1000C0000002B8
A148000000000001
A100000000000010
8BD0040000000144
5400060000000000
00024EBCA3000000
54000EC054000060
0000FFFF89000EE0
A100000054000D40
88300DD000000028
8C1000D000000110
A14C000000000440
A100000000000010
8B800B0000000124
44200BBD0002725C
0000000A98200BB0
000000028C1000B0
FFFFFFC4A14C0000
000272388B800B00
99200BB044200BBD
4C0000BE00000008
FFFFFF7CA1480000
FFFFFF9CA1000000
00026AF68B800000
000253058B800100
0000042F8BD00200
000262958B800300
000206C4A3000000
00000000A1000000
000000028C1000C0
000000D0A1480000
000000038C1000C0
00000010A1480000
00000050A1000000
8C1000C05A000C50
A148000000000000
57C80CC000000024
55600CC05E000C50
000000008C1000C0
0000017CA14C0000
000000008BD00C00
0000000A9C200C50
00000164A1000000
00026A568B800000
000252658B800100
0000046E8BD00200
00025D548B800300
00020624A3000000
00000000A1000000
000000018BD00E00
0000000C9D200E50
000000028BD00E00
0000000A9D200E50
000000089D200C50
00000128A3000000
000000FCA1000000
0000000C98200C50
9C200C5057C80CC0
89000CC00000000C
8C1000C0000000FF
A14C000000000000
98200C50000000D0
57880CC00000000D
0000000D9C200C50
89000EE054000EC0
8C1000E0000000FF
A14C000000000004
8B800C000000006C
9A200CC0000270A4
98200E5000000004
8C1000E00000000B
A14C000000000000
55600CC00000005C
000000008C1000C0
00000048A1480000
000000018BD00C00
0000000C9D200C50
0000000B9C200C50
00000068A3000000
0000003CA1000000
0000000C9C200C50
00000050A3000000
00000024A1000000
000000008BD00400
A300000054000140
9C200450000003F8
9B3006F00000000A
9B3005F0FFFFFFE8
9B3004F0FFFFFFF0
650000F0FFFFFFF8
6580000064800F00
64C00F00640000F0
FFFFFF90A5400000
FFFFFFF89F3004F0
FFFFFFF09F3005F0
FFFFFFE89F3006F0
FFFFFFE09F3007F0
A8800CC054000C00
8B800E0000000110
442006EC00026FB4
0000000B98200C60
000000028C1000C0
00000010A1380000
000002D4A1000000
8B800E0050214CC0
44200CEC00026F7C
8C1000C05A000CC0
A14C000000000000
A100000000000010
88300060000002D8
A300000000000010
883001C000024CF0
8900011000000012
8BD000000000FFFF
8BD0020000000036
A300000000000280
540004C000002450
000000008C100040
000002C0A1480000
FFFFFFD4883007F0
000000008BD00100
0000000C8BD00500
9F3001F054000070
54000250FFFFFFB8
00024C3CA3000000
0000000899200060
FFFFFA6CA3000000
000001008BD00E00
FFFFFFA89F300EF0
000000049D200E70
000000018BD00E00
000000029C200E70
FFFFFFD49D200CF0
FFFFFFC89F3004F0
5400017054000040
A300000054000250
9F3006F000003BB0
88300460FFFFFFB0
578804400000000F
FFFFFFB89B3002F0
4420074654000620
8C1000C058000C70
A148000000000000
8C1000C000000028
A14800000000002E
5788066000000018
A100000057880220
54000150FFFFFFD0
0000FFFF89000110
000000FF89000220
9F300CF044200C21
8C1000C0FFFFFFC0
A14400000000FFFE
9B3000F00000019C
A3000000FFFFFFC8
5788055000004118
0000FFFF89000550
8900022054000260
9B3000F00000FFFF
54000140FFFFFFC8
A300000054000350
44200C4600003CC0
FFFFFFC09B3006F0
5788055054000560
8C1000C058000CC0
5400047000000000
FFFFFF24A14C0000
0000FFFF89000550
000000008BD00200
FFFFFFC89B3004F0
5400015054000040
00004094A3000000
FFFFFFD0883001F0
FFFFFFA89B300CF0
000000029D200C10
FFFFFFD09D200CF0
0000000288300360
0000FFFF89000330
000000048BD00200
A300000054000040
9B300DF000003C28
98200CD0FFFFFFB0
50214CC00000000B
00026D088B800E00
98200CD0442002EC
5021CCC00000000F
000271388B800E00
9B3000C044200CEC
8BD0030000000000
5400014000000035
00012F5CA3000000
A300000054000040
A1000000000026A4
8B8000000000006C
8B800100000265A2
8BD0020000024DB1
8B8003000000030D
A300000000025172
A100000000020170
8BD0040000000000
5400014000000000
00000054A3000000
0000000A9C200460
00000018A1000000
FFFFFFC89B3000F0
00002638A3000000
FFFFFFE09B3007F0
FFFFFFE89B3006F0
FFFFFFF09B3005F0
FFFFFFF89B3004F0
64800F00650000F0
640000F065800000
A540000064C00F00
9F3004F0FFFFFFB0
9F3005F0FFFFFFF8
9F3006F0FFFFFFF0
9F3007F0FFFFFFE8
9F3001F0FFFFFFE0
54000500FFFFFFD8
A880077054000750
8B800C0000000110
44200CC700026BE4
000000008BD00400
0000001088300CC0
FFFFFFC89F300CF0
FFFFFFD09F3004F0
00000020A1000000
0000001888300440
000000608C100040
0000008CA1480000
00026FF88B800C00
9B300CC044200CC4
8C1000C000000000
A148000000000000
8B800E00FFFFFFCC
44200EE400026FD4
0000001098200EE0
A14C00004C0000E5
8B800E00FFFFFFAC
442006E400026FB4
000000089B300260
FFFFFFC89B3000F0
FFFFFFD89B3001F0
9B300CF06280000C
9F300C60FFFFFFD0
A100000000000000
8BD00E00FFFFFF6C
8B800C0000000000
44200CC700026B0C
00000028A1000000
0000011088300EE0
000004408C1000E0
00000010A14C0000
00000070A1000000
A14800004C00007E
8B800D00FFFFFFDC
44200DDE00026ACC
0000000A98200DD0
000000028C1000D0
FFFFFFB8A14C0000
00026AA88B800D00
98200DD044200DDE
98200BC00000000F
4C0000DB0000000F
FFFFFF90A14C0000
000000048BD00E00
0000000F9C200EC0
00026A708B800C00
98200C40442004C7
8C1000C00000000F
A144000000000003
5021CCC000000058
00026E888B800500
9B3000C044200C5C
A300000000000000
98200C40000137D0
5021CCC00000000F
8BD00E0044200C5C
9F300EC000000000
8BD00C0000000000
9C200C4000000004
9B3007F00000000F
9B3006F0FFFFFFE0
9B3005F0FFFFFFE8
9B3004F0FFFFFFF0
650000F0FFFFFFF8
6580000064800F00
64C00F00640000F0
FFFFFFB8A5400000
FFFFFFF89F3004F0
FFFFFFF09F3005F0
FFFFFFE89F3006F0
FFFFFFE09F3007F0
5400060054000520
54000EC05A000C30
89000CC050684EE0
44200CCE0000FFFF
000000289B300EF0
54000DE05A000EE0
0000FFFF89000DD0
50684EE044200CCD
54000EC044200CCE
0000FFFF89000EE0
44200CCE50684CC0
89000EE054000EC0
50684CC00000FFFF
8C100060442007CE
A148000000000000
9F3001F0000001A8
9F3005F0FFFFFFD0
8BD00400FFFFFFD8
54000E4000000000
0000002CA1000000
9B30066045800E5C
8C10006000000000
A14C000000000000
A100000000000010
540005E000000140
000000089B300E60
0000001299200D60
000000028C1000D0
00000058A1380000
000000008BD00C00
50244BB058000BE0
0000000198200AE0
44200CBC45400BBA
FFFFFFFE88300BD0
0000000288300EE0
8C1000D055200DD0
54000DB000000003
FFFFFFC8A1340000
00000010A1000000
54000C4054000BD0
8C1000B055600BB0
A14C000000000001
58000EE000000014
44200CEC50244EE0
89000EE054000EC0
89000CC00000FFFF
50684CC0FFFF0000
54000EC044200CCE
442000EC50684EE0
0000FFFF89000000
FFFFF3A4A3000000
54000EC044200C7C
0000FFFF89000EE0
FFFF000089000CC0
442007CE50684CC0
0000001299200C60
0000000189000CC0
000000008BD00E00
8C1000E04C200ECE
A048000000000000
A100000000002DA4
55800770FFFFFEBC
A100000050784770
55600550FFFFFEAC
9B3005F04C200C5C
9B3001F0FFFFFFD8
A1000000FFFFFFD0
8BD00C0000000010
8C1000C000000001
A048000000000000
A100000000002DF4
5580077000000010
5400001050784770
FFFFF2ECA3000000
540000504420047C
FFFFF2DCA3000000
54000EC044200C4C
0000FFFF89000EE0
FFFF000089000CC0
44200CCE50684CC0
50684EE054000EC0
54880CC044200CEC
0000FFFF89000CC0
FFFFFFE09B3007F0
FFFFFFE89B3006F0
FFFFFFF09B3005F0
FFFFFFF89B3004F0
64800F00650000F0
640000F065800000
A540000064C00F00
64C00C00FFFFFFE0
000000289B300EF0
000000189F300EC0
FFFFFCE8A3000000
64800F00650000F0
640000F065800000
A540000064C00F00
8C100010FFFFFFE8
A138000000000002
8BD00C000000005C
54000E1000000000
50244DD058000D00
0000000198200B00
44200CDC45400DDB
FFFFFFFE883001E0
0000000288300000
8C1000E055200EE0
54000E1000000003
FFFFFFC8A1340000
00000010A1000000
000000008BD00C00
8C10001055600110
A14C000000000001
58000E0000000014
44200CEC50244EE0
89000EE054000EC0
89000CC00000FFFF
50684CC0FFFF0000
54000EC044200CCE
442000EC50684EE0
0000FFFF89000000
FFFFF16CA3000000
0000FFFF89800CC0
64800F00650000F0
640000F065800000
A540000064C00F00
9F3004F0FFFFFFC8
9F3005F0FFFFFFF8
9F3006F0FFFFFFF0
9F3007F0FFFFFFE8
54000500FFFFFFE0
000000008C100050
00000188A1480000
000000008BD00600
5400046054000E60
0000002CA1000000
9B30055045800E7C
8C10005000000000
A14C000000000000
A100000000000010
540007E00000013C
000000089B300E50
0000001299200D50
000000028C1000D0
00000054A1380000
58000BE054000C60
98200AE050244BB0
45400BBA00000001
88300BD044200CBC
88300EE0FFFFFFFE
55200DD000000002
000000038C1000D0
A134000054000DB0
A1000000FFFFFFC8
54000BD000000010
55600BB054000C60
000000018C1000B0
00000014A14C0000
50244EE058000EE0
54000EC044200CEC
0000FFFF89000EE0
FFFF000089000CC0
44200CCE50684CC0
50684EE054000EC0
89000000442000EC
A30000000000FFFF
44200C4CFFFFF008
89000EE054000EC0
89000CC00000FFFF
50684CC0FFFF0000
99200C50442004CE
89000CC000000012
8BD00E0000000001
4C200ECE00000000
000000008C1000E0
00003140A0480000
FFFFFEC0A1000000
5078444055800440
FFFFFEB0A1000000
4C200C7C55600770
00000018A1000000
000000018BD00C00
000000008BD00400
000000008C1000C0
00003188A0480000
00000010A1000000
5078444055800440
8900044054880440
54000C400000FFFF
FFFFFFE09B3007F0
FFFFFFE89B3006F0
FFFFFFF09B3005F0
FFFFFFF89B3004F0
64800F00650000F0
640000F065800000
A540000064C00F00
A3000000FFFFFFE8
A300000000000044
A300000000000B8C
A300000000000DAC
A300000000011F8C
A300000000003B50
A3000000FFFFEF28
650000F000011A6C
6580000064800F00
64C00F00640000F0
000268188B800C00
0000000788300CC0
FFFFFFF88BD00E00
8B800E0045000CCE
9F300CE000046824
8BD00E0000000000
9C200EC000000000
8BD00E0000000008
9F300EC000020000
88300EC000000000
8B800D0000020000
9F300ED0000467F4
CBC00E0000000000
0002000000020000
000200009F300EC0
000000018BD00E00
000200089C200EC0
000467C88B800E00
000000009F300CE0
64800F00650000F0
640000F065800000
A540000064C00F00
8C100000FFFFFFE8
A148000000000000
54000C00000003B4
0000000789000CC0
000000008C1000C0
00000038A1480000
00025B368B800000
000243F78B800100
000002738BD00200
0002434C8B800300
0001F704A3000000
00000000A1000000
000467388B800C00
000000009B300DC0
000467208B800C00
000000009B300CC0
FFFFFFF088300E00
A13800004C0000EC
88300B0000000164
4C0000BD00000010
00000010A1400000
00000148A1000000
FFFFFFF898200B00
000000008C1000B0
00000010A14C0000
00000188A1000000
FFFFFFF49A200800
FFFFFFF09A200A00
000200008C1000A0
00000138A1440000
000200008C100080
00000128A1440000
540009B044600BEC
4C00008955600990
0000001CA1480000
5A000880442008C8
A14C00004C000089
44200ACA000000FC
A14800004C0000AD
9A2008A00000001C
4C00008900000004
000000D8A14C0000
000000008BD00900
FFFFFFF89C200900
000466408B800900
000000009B300990
A13800004C0000E9
A100000000000010
8B80090000000018
9F300E900004661C
4C0000ED00000000
00000010A1380000
000000E0A1000000
FFFFFFF898200900
000000008C100090
000000F8A1480000
000259A68B800000
000242678B800100
000001E18BD00200
000255A98B800300
0001F574A3000000
00000000A1000000
000259768B800000
000242378B800100
0000027F8BD00200
000244838B800300
0001F544A3000000
00000000A1000000
000259468B800000
000242078B800100
000002958BD00200
000248238B800300
0001F514A3000000
00000000A1000000
000259168B800000
000241D78B800100
0000028C8BD00200
00023E5A8B800300
0001F4E4A3000000
00000000A1000000
000258E68B800000
000241A78B800100
000001E08BD00200
000258FC8B800300
0001F4B4A3000000
00000000A1000000
A14800004C0000EA
982009A000000088
4C0000AD00000008
00000074A1480000
000000FF89000990
000000008C100090
0000005CA14C0000
000464B88B800D00
000000009B300DD0
A14C00004C0000DA
8B800D0000000018
9F300ED00004649C
5A000DA000000000
5A000DA05E000DE0
000200008C1000D0
00000014A1480000
9E200BD044200DCD
9A200D0000000004
44200BCDFFFFFFF4
A14800004C0000BE
98200AB000000074
8C1000A000000008
A14C000000000000
8B800A000000005C
9B300AA000046434
4C0000AE00000000
00000018A14C0000
000464188B800A00
000000009F300BA0
5E000AB05A000AE0
8C1000E05A000EE0
A148000000020000
44200CCE00000014
000000049E200DC0
64800F00650000F0
640000F065800000
A540000064C00F00
88300C10FFFFFFE8
55600CC000000007
000000108BD00E00
8BD00C0046800BCE
89000BB000000000
8C1000B0FFFFFFF8
A144000000020000
5560011000000308
A13800004C0000B1
8B800C00000002F8
9B300EC000046374
8B800C0000000000
9B300CC00004635C
4C00000C00000000
0000007CA1380000
A13800004C00000E
A100000000000010
88300E0000000068
44600DECFFFFFFF0
FFFFFFF09A200A00
88300990446009AD
55600990FFFFFFF0
A14000004C0000B9
8B80000000000068
8B800100000256D2
8BD0020000023F93
8B800300000002E4
A300000000023D09
A10000000001F2A0
8B80000000000000
8B800100000256A2
8BD0020000023F63
8B800300000002D2
A3000000000256A1
A10000000001F270
4C0000B900000000
00000010A1480000
00000014A1000000
A100000054000C00
442008CA00000208
0000000898200180
000000008C100010
00000010A14C0000
00000034A1000000
00000020883008B0
4C00008955600880
00000010A1440000
00000054A1000000
A100000054000C00
8C1000A0000001B8
A14C000000020000
8B80000000000078
8B800100000255F2
8BD0020000023EB3
8B800300000002F5
A300000000024FAA
A10000000001F1C0
8C1000A000000000
A14C000000020000
8B800000000000CC
8B800100000255B2
8BD0020000023E73
8B80030000000316
A300000000024F6A
A10000000001F180
44200BBD00000000
88300BB05A000A80
8B80090000000010
9B300990000461AC
4C00009800000000
55600990540009B0
0000001CA14C0000
8B800100442008C9
9F30081000046184
442009C900000000
000000049E200D90
8BD00D005E000A90
9C200D9000000000
5E000BE000000008
8C1000E05A000E90
A148000000020000
A100000000000010
54000C00000000A0
000000A4A1000000
88300BB044200BBD
540009B000000010
442009C955600990
000461108B800800
000000009B300880
A13C00004C000098
8B80080000000018
9F300980000460F4
9E200D9000000000
5E000A9000000004
000000008BD00D00
000000089C200D90
5A000E905E000BE0
000200008C1000E0
00000010A1480000
00000014A1000000
A100000054000C00
44200CCE00000018
000000049E200BC0
650000F054000C00
6580000064800F00
64C00F00640000F0
FFFFFFE8A5400000
000000008BD00C00
55600DD054000D00
000000008C1000D0
00000094A1480000
0000000788300E00
8BD00B0055600EE0
46800EEB00000010
FFFFFFF889000EE0
000200008C1000E0
00000064A1440000
A13800004C0000ED
8BD00D0000000058
446008DE00020000
00045FF88B800D00
000000009B300AD0
00045FF88B800D00
000000009B300DD0
55600880446009DA
55600BB054000B90
A14000004C00008B
A100000000000010
650000F00000002C
6580000064800F00
4C0000985A0009B0
00000010A1380000
FFFFFFE4A1000000
5560000054000090
982001B044200BA0
8C10001000000008
A14C000000000000
88300100FFFFFFCC
5A0000B000000010
4C00002E44600201
FFFFFFB0A1380000
0000002088300CE0
A13800004C00002C
A100000000000010
8BD00C0000000084
9C200CB000000001
4C0000BD00000008
00000010A14C0000
000000F8A1000000
88300CC044200CEB
8B800E0000000010
9B300EE000045F0C
4C0000CE00000000
00000084A1400000
000252BE8B800000
00023B7F8B800100
000003BA8BD00200
00023B868B800300
0001EE8CA3000000
00000000A1000000
540008C044200CE1
8C10008055600880
A14C000000020000
8B80000000000140
8B80010000025272
8BD0020000023B33
8B80030000000387
A300000000024C2A
A10000000001EE40
54000CB000000000
0000000789000CC0
000000008C1000C0
00000150A1480000
000252268B800000
00023AE78B800100
000003BC8BD00200
000243768B800300
0001EDF4A3000000
00000000A1000000
00045E288B800C00
000000009B300CC0
00000008982009D0
000000008C100090
00000040A1480000
A14800004C0000DC
5A000DD000000034
982009D044200DAD
8C10009000000008
A148000000000000
4C0000DC00000014
FFFFFFDCA14C0000
00045DD08B800A00
000000009F300DA0
000000008C100090
FFFFFE98A1480000
A14800004C0000DC
8B800000FFFFFE8C
8B8001000002516A
8BD0020000023A2B
8B800300000003B5
A300000000024487
A10000000001ED38
442008A800000000
000000049E200980
8BD009005E000080
9C20098000000000
8BD0090000000008
9C2009B000000001
5E000CB000000008
8C1000905A000980
A148000000020000
442009A9FFFFFE00
000000049E200C90
FFFFFDECA1000000
0000001088300CB0
FFFFFD4CA1000000
64C00F00640000F0
000000008BD00C00
FFFFFFF88BD00E00
A100000054000DC0
57880DD000000024
0000000A8C1000D0
00000010A14C0000
000000A4A1000000
5021CBB054000BD0
000256188B800A00
9B3008B044200BAB
9B300B8000000000
9F300CB000000010
99200A8000000000
8C1000A000000002
A148000000000000
9B300980FFFFFFA8
8830099000000008
4500099E00000007
9B3000B059000880
9F30009000000000
9F3009B000000000
4420099800000000
540000A057C80AA0
8C10000055600000
A14C000000000000
A1000000FFFFFFD0
650000F0FFFFFF50
6580000064800F00
64C00F00640000F0
000000008BD00C00
8C10000055600000
A144000000000009
5021C00000000054
000255508B800E00
9B300EE044200EE0
9B300EE000000000
9B300DE000000010
8C1000D000000000
A148000000000000
9B300CD00000001C
9F300CE000000000
54000CD000000000
64800F00650000F0
640000F065800000
A540000064C00F00
55600000FFFFFFE8
000000098C100000
0000009CA1440000
000000008C100010
0000008CA1480000
89000CC054000C10
8C1000C000000007
A148000000000000
8B80000000000038
8B80010000024F1A
8BD002000002431A
8B8003000000016D
A300000000023B7B
A10000000001EAE8
5021C00000000000
000254788B800C00
9B300CC044200CC0
9B300CC000000000
9B300EC000000010
9F300E1000000000
9F3001C000000000
650000F000000000
6580000064800F00
64C00F00640000F0
64800F00650000F0
640000F065800000
A540000064C00F00
9F3004F0FFFFFF98
9F3005F0FFFFFFF8
9F3006F0FFFFFFF0
9F3007F0FFFFFFE8
54000400FFFFFFE0
000000008BD00500
000000389B300EF0
000000309B300CF0
000000289B3007F0
000000008C100040
00000390A1480000
000000008C1000C0
00000380A1480000
FFFFFFC09F3002F0
FFFFFFC89F3001F0
FFFFFFB89F300CF0
000005388B800C00
000000209F300C40
000000699C200540
000000609D200540
000000109E200540
000000089F300540
0000004888300040
000000108BD00200
5400063054000150
FFFFFFB09F300EF0
00023224A3000000
000000409F300740
000000389F300540
000000309F300540
000537D88B800C00
9C200C4058000CC0
9B300CF00000006C
9F300C40FFFFFFB0
9F30054000000018
4C200E6500000070
00024E4C8B800C00
000000008C1000E0
000040F4A0480000
9B300AF0540006C0
4C200EA5FFFFFFC0
000000008C1000E0
FFFFFFC89B300DF0
0000411CA0480000
4C200ED554000AC0
000000008C1000E0
00004134A0480000
5A000CD054000DC0
000000008C1000C0
00000010A14C0000
00000108A1000000
9A200E405A000CA0
4C0000CE0000000C
00000010A1480000
0000000C9E200C40
9A200E405A000C60
4C0000CE00000010
00000010A1480000
000000109E200C40
000000089A200E40
4C0000CE5A000CD0
000001D0A1480000
FFFFFFD49E200EF0
FFFFFFD89E200CF0
FFFFFFD4883007F0
FFFFFFD8883006F0
9F300DF054000070
54000160FFFFFFC8
000067D8A3000000
5400016054000070
00012240A3000000
5400016054000070
00002A88A3000000
5400017054000040
A300000054000260
9B300CF000012D00
5A000CC0FFFFFFC8
000000089E200C40
000000309B300C40
000000008C1000C0
00000138A1480000
6280000C54000040
00000128A1000000
000000089A200C40
000000008C1000C0
000000D0A1480000
FFFFFFC09F300AF0
FFFFFFB09F3006F0
FFFFFFD49E200CF0
000000008BD00C00
FFFFFFDC9E200CF0
FFFFFFD4883007F0
FFFFFFDC883006F0
9F300DF054000070
54000160FFFFFFC8
00006700A3000000
5400016054000070
00012168A3000000
5400016054000070
000029B0A3000000
5400017054000040
A300000054000260
9B300CF000012C28
5A000CC0FFFFFFC8
000000089E200C40
000000309B300C40
000000008C1000C0
00000010A1480000
6280000C54000040
FFFFFFB09B3006F0
FFFFFFC09B300AF0
9A200E405A000CA0
4C0000CE0000000C
00000010A1480000
0000000C9E200C40
9A200E405A000C60
4C0000CE00000010
00000010A1480000
000000109E200C40
9B300CF054000040
6280000CFFFFFFB8
000000008C1000C0
00000010A14C0000
00000038A1000000
9B3007F054000C50
9B3006F0FFFFFFE0
9B3005F0FFFFFFE8
9B3004F0FFFFFFF0
650000F0FFFFFFF8
6580000064800F00
0000006C98200D40
000000008BD00C00
000001008BD00E00
89000BB054000BD0
8C1000B0000000FF
A14C0000000000FF
9C200C4000000014
54000DC00000006C
000534808B800B00
89000AA054000AD0
540009E0000000FF
000000009B300BB0
000000008C1000B0
00000068A1480000
A14C00004C0000B4
A100000000000010
57C809900000008C
5560088054000890
000000008C100080
00000010A14C0000
00000098A1000000
0000006C982008B0
A14C00004C00008A
57880DD0FFFFFFA4
0000006C9C200D40
FFFFFF50A1000000
0000006C98200C40
000000FE8BD00E00
8C1000E04C200ECE
A048000000000000
A1000000000044C4
57880CC000000074
00000070A1000000
0002496E8B800000
0002331F8B800100
0000019C8BD00200
000238EA8B800300
0001E53CA3000000
00000000A1000000
0002493E8B800000
000232EF8B800100
0000019E8BD00200
00023F848B800300
0001E50CA3000000
00000000A1000000
000000008BD00C00
000533488B800E00
8B800C005C000CE0
9B300EC000053344
9F300E4000000000
9F3004C000000000
5400054000000000
FFFFFE30A1000000
64C00F00640000F0
FFFFFFF48BD00C00
64800F00650000F0
640000F065800000
A540000064C00F00
9F3004F0FFFFFFC8
9F3005F0FFFFFFF8
9F3006F0FFFFFFF0
54000430FFFFFFE8
8BD00E0054000520
4C200D4E00000000
0002495C8B800C00
000000008C1000D0
000045E4A0480000
4C200D5E540004C0
000000008C1000D0
000045FCA0480000
4C200E1E540005C0
000000008C1000E0
00004614A0480000
5A000C10540001C0
000000008C1000C0
00000010A14C0000
00000060A1000000
9A200E005A000C50
4C0000CE0000000C
00000010A1480000
0000000C9E200C00
9A200E005A000C40
4C0000CE00000010
00000010A1480000
000000109E200C00
FFFFFFE4883002F0
00000088A3000000
0000005CA1000000
FFFFFFE4883002F0
A300000054000600
5A000C500000006C
0000000C9A200E60
A14800004C0000CE
9E200C6000000010
5A000C400000000C
000000109A200E60
A14800004C0000CE
9E200C6000000010
9B3006F000000010
9B3005F0FFFFFFE8
9B3004F0FFFFFFF0
650000F0FFFFFFF8
6580000064800F00
64C00F00640000F0
FFFFFFC0A5400000
FFFFFFF89F3004F0
FFFFFFF09F3005F0
FFFFFFE89F3006F0
FFFFFFE09F3007F0
8C10001054000400
A14C000000000000
A100000000000010
9A200C40000000F0
5A000E1000000008
A14800004C0000EC
9E200EF0000000AC
5E000C20FFFFFFDC
FFFFFFDC883005F0
5400071054000020
5400062054000150
00006228A3000000
5400015054000060
00011C90A3000000
5400015054000060
000024D8A3000000
5400016054000040
A300000054000250
5A000C7000012750
000000089E200C40
000000008C100040
00000010A14C0000
00000084A1000000
000000309B300C40
000000008C1000C0
00000010A1480000
6280000C54000040
FFFFFFE09B3007F0
FFFFFFE89B3006F0
FFFFFFF09B3005F0
FFFFFFF89B3004F0
64800F00650000F0
8B80000065800000
8B8001000002460A
8BD0020000022FBB
8B800300000001DC
A300000000023088
A10000000001E1D8
8B80000000000000
8B800100000245DA
8BD0020000022F8B
8B80030000000388
A30000000002356A
A10000000001E1A8
640000F000000000
8B800C0064C00F00
9F3000C000052FF4
650000F000000000
6580000064800F00
64C00F00640000F0
FFFFFFE8A5400000
000000008C100000
00000058A1480000
0000006998200C00
89000EE054000EC0
8C1000E000000001
A14C000000000000
89400CC000000034
9C200C0000000001
9B300C0000000069
8C1000C000000030
A148000000000000
6280000C0000000C
64800F00650000F0
640000F065800000
8C10000064C00F00
A148000000000000
9F30010000000010
650000F000000030
6580000064800F00
64C00F00640000F0
000000008BD00E00
000000008C100000
00000050A1480000
00052F088B800C00
000000009B300CC0
000000008C1000C0
0000003CA1480000
0000006C98200DC0
89000DD057880DD0
4C00000D000000FF
FFFFFFD0A14C0000
00000018A1000000
A100000054000CE0
54000CE00000000C
64800F00650000F0
640000F065800000
A540000064C00F00
8B800C00FFFFFFE8
8BD00E0000052EA4
5C000EC000000000
00052EB08B800C00
000000009B3000C0
000000008C100000
00000050A1480000
000000909B300C00
000000008C1000C0
00000010A1480000
00000028A1000000
000000109B300000
000000008C100000
FFFFFFD0A14C0000
00000010A1000000
00004E70A3000000
64800F00650000F0
640000F065800000
A540000064C00F00
9F3004F0FFFFFFA0
9F3005F0FFFFFFF8
9F3006F0FFFFFFF0
9F3007F0FFFFFFE8
54000410FFFFFFE0
54000C2054000600
8C1000C055600CC0
A134000000000181
8C1000C0000000A8
A148000000000001
8C1000C000000020
A148000000000041
A100000000000010
54000C200000016C
FFFFFFBF89000CC0
000000018C1000C0
00000010A1480000
00000178A1000000
8BD0000054000520
A300000000000008
8C1000C0FFFFF334
A148000000000000
9D2004C000000398
9D2004C000000012
8BD00E0000000010
9F300EC000000000
9F300EC000000008
A100000000000000
8C1000C0000000C4
A148000000000182
8C1000C000000144
A148000000000280
A100000000000010
88300C40000000CC
89000CC000000007
890006600001FFF8
88300E600000FFFF
89000EE000000007
44200CEC0001FFF8
00000018883000C0
FFFFEE30A3000000
000000008C1000C0
000002E4A1480000
000000129D2004C0
000000109D2004C0
000000008BD00E00
000000009F300EC0
88300EE044200EC6
8BD00D000000001F
45000EEDFFFFFFF8
000000089F300EC0
000000808BD00500
000000018BD00E00
000000169D200EC0
000000008BD00E00
000000159C200EC0
000000149C2005C0
00000284A1000000
000241E68B800000
00022C848B800100
000001278BD00200
0002385A8B800300
0001DDB4A3000000
00000000A1000000
000241B68B800000
00022C548B800100
0000014A8BD00200
000235BE8B800300
0001DD84A3000000
00000000A1000000
000000008BD00500
000000098BD00C00
FFFFFFD89F300CF0
000000018BD00C00
FFFFFFC09F300CF0
000006408BD00C00
FFFFFFC89F300CF0
FFFFFFD09F3005F0
FFFFFFB89F3005F0
FFFFFFD89B3000F0
FFFFF150A3000000
8C100070540007C0
A14C000000000000
A100000000000010
8900066000000100
88300C600000FFFF
89000CC000000007
9B300EF00001FFF8
44600DECFFFFFFC8
89000EE054000ED0
54000B400000FFF8
0000FFFF89000BB0
8BD00B004E600EEB
9E200B7000010082
8C1000E000000014
A048000000000000
54000D4000004D90
000000109D200470
000000008BD00E00
000000009F300E70
88300BB044200B76
8BD00A000000001F
45000BBAFFFFFFF8
000000089F300B70
000000129D200D70
000006408C1000C0
00000010A14C0000
00000120A1000000
000000008C100050
A148000054000C70
9B300CF00000001C
9F3007C0FFFFFFD0
54000C5000000000
9F3007F04460044D
A1000000FFFFFFD0
8B800C0000000054
9B300EF000052A74
5C000EC0FFFFFFC0
000000008C100050
00000024A1480000
A300000054000050
54000E60000000E4
A100000054000C50
54000E6000000014
FFFFFFB89B300CF0
000000008C100070
00000034A1480000
89000DD054000D40
8C1000D00000FFFF
540006E000000000
A1480000540005C0
A100000000000038
9B300CF0FFFFFE5C
A1000000FFFFFFB8
8BD00C0000000020
A100000000000000
8BD00C0000000010
9B3007F000000000
9B3006F0FFFFFFE0
9B3005F0FFFFFFE8
9B3004F0FFFFFFF0
650000F0FFFFFFF8
6580000064800F00
00023F3E8B800000
000229DC8B800100
000001038BD00200
000234BA8B800300
0001DB0CA3000000
00000000A1000000
64C00F00640000F0
FFFFFFC0A5400000
FFFFFFF89F3004F0
FFFFFFF09F3005F0
FFFFFFE89F3006F0
FFFFFFE09F3007F0
8C10001054000100
A148000000000000
8BD005000000017C
8BD00C0000000000
9F300CF000000008
8BD00600FFFFFFD8
5400045000000009
00000028A1000000
8C10007054000750
5400017000000000
00000010A14C0000
00000190A1000000
0000001698200C10
000000008C1000C0
00000010A14C0000
00000140A1000000
9C200C1057C80CC0
89000CC000000016
8C1000C0000000FF
A14C000000000000
9B300710FFFFFFA4
98200C1000000000
89000CC000000015
8C1000C000000002
A148000000000000
A100000000000010
98200C100000005C
89000CC000000014
8C1000C00000000F
A148000000000000
8C1000C000000084
A148000000000001
8C1000C00000005C
A14C000000000002
5400006000000144
FFFFEE5CA3000000
0000005CA1000000
000000189B300C10
000000008C1000C0
00000010A14C0000
000000E0A1000000
6280000C54000010
0000002CA1000000
FFFFFFD89B3000F0
FFFFEE14A3000000
00000014A1000000
A300000054000010
57880440FFFFE1F8
FFFFFEC4A1000000
00023D568B800000
000227F48B800100
000002DE8BD00200
000228948B800300
0001D924A3000000
00000000A1000000
00023D268B800000
000227C48B800100
000002F38BD00200
00022EA58B800300
0001D8F4A3000000
00000000A1000000
000000FF89000440
9B3007F054000C40
9B3006F0FFFFFFE0
9B3005F0FFFFFFE8
9B3004F0FFFFFFF0
650000F0FFFFFFF8
6580000064800F00
00023CBE8B800000
0002275C8B800100
000003018BD00200
000235338B800300
0001D88CA3000000
00000000A1000000
00023C8E8B800000
0002272C8B800100
000003118BD00200
000227D68B800300
0001D85CA3000000
00000000A1000000
64C00F00640000F0
000000289B300CF0
0000FFFF89000000
0000000788300E00
0001FFF889000EE0
9B300BF044200DE1
4C0000DB00000030
00000010A1440000
00000018A1000000
000000008BD00300
00000084A1000000
000000018BD00D00
000000169D200D30
000000028BD00D00
000000159C200D30
000000149C200230
000000129D200130
000000109D200130
000000008BD00D00
8C1000B04C200BCD
A048000000000000
A100000000005294
44200CCE00000014
0000000CA1000000
9F300D3054000CD0
9F300C3000000000
54000C3000000008
64800F00650000F0
640000F065800000
A540000064C00F00
9F3004F0FFFFFFD8
9F3005F0FFFFFFF8
8C100000FFFFFFF0
A14C000000000000
A100000000000010
99200C00000000A0
4C00001C00000010
000001D0A13C0000
99200D0044600E1C
54000C1000000012
0000FFFF89000CC0
A14000004C0000CD
99200C0000000098
44200CEC00000010
000000109D200C00
9B3000004460011D
8C10000000000000
A14C000000000000
8B800000FFFFFFB8
8B80010000023ADA
8BD0020000022578
8B800300000001AF
A300000000022600
A10000000001D6A8
8B80000000000000
8B80010000023AAA
8BD0020000022548
8B80030000000198
A300000000023896
A10000000001D678
98200E0000000000
4C0000CD00000014
000000BCA1480000
0000000F89000EE0
000000008C1000E0
000000A4A14C0000
0000001598200E00
0000000289000EE0
000000008C1000E0
00000084A14C0000
44600CC054000410
000000089B300E00
54000500442001CE
FFFFE27CA3000000
000000008C1000C0
00000010A14C0000
000000B4A1000000
4C0000C054000050
A148000054000140
8B80000000000038
8B800100000239E2
8BD0020000022480
8B800300000001BF
A300000000021F4C
A10000000001D5B0
9D20010000000000
9D20010000000010
9B300C0000000012
8C1000C000000000
A148000000000000
540004000000001C
A3000000540000C0
54000040FFFFFA74
000000008BD00C00
000000009F300C00
FFFFFFF09B3005F0
FFFFFFF89B3004F0
64800F00650000F0
8B80000065800000
8B8001000002394A
8BD00200000223E8
8B800300000001BD
A300000000022B53
A10000000001D518
640000F000000000
A540000064C00F00
8C100000FFFFFFE8
A14C000000000000
A100000000000010
8BD00C00000000C4
8C10001000000001
A14400000000FFFF
8BD00E00000000E0
8C10001000000000
A148000000000000
99200D00000000C4
44200DD100000010
89000BB054000BD0
4C00001B0000FFFF
000000A4A1340000
0000001498A00B00
FFFFFFFF8C1000B0
0000008CA1340000
000000089B300B00
88300A0044600BB1
4C0000BA00000018
0000006CA1380000
000000089F300B00
000000109D200D00
0000001299200C00
9D200C0044200CC1
54000CE000000012
0000003CA1000000
000238368B800000
000222D48B800100
000001E28BD00200
000223748B800300
0001D404A3000000
00000000A1000000
650000F054000CE0
6580000064800F00
64C00F00640000F0
FFFFFFE8A5400000
000000008C100000
00000010A14C0000
0000008CA1000000
000000018BD00C00
0000FFFF8C100010
000000A8A1440000
000000008BD00E00
000000008C100010
0000008CA1480000
0000001299200D00
A13400004C00001D
44600CD10000007C
000000129D200C00
000000089B300C00
9F300C0044200CC1
99200C0000000008
44600CC100000010
000000109D200C00
A100000054000CE0
8B8000000000003C
8B8001000002374A
8BD00200000221E8
8B8003000000024E
A300000000022288
A10000000001D318
54000CE000000000
64800F00650000F0
640000F065800000
A540000064C00F00
8C100010FFFFFFE8
A1340000FFFFFFFF
A100000000000010
8C100000000000B4
A14C000000000000
A100000000000010
8BD00E00000000E4
8C10001000000000
A148000000000000
54000C10000000FC
0000FFFF89000CC0
0000001099200D00
8BD00C0044200DDC
54000BD000000001
0000FFFF89000BB0
A14C00004C0000BD
98A00B000000018C
8C1000B000000014
A1340000FFFFFFFF
A100000000000010
8C10002000000124
A148000000000000
9B300C000000015C
44600BC100000008
00000120A1000000
000000008C100000
00000010A14C0000
00000074A1000000
99200C0054480110
4C00001C00000012
00000010A1340000
00000084A1000000
000000018BD00C00
00000100A1000000
000235EE8B800000
0002208C8B800100
000001E28BD00200
0002212C8B800300
0001D1BCA3000000
00000000A1000000
A100000054000CE0
8B800000000000C4
8B800100000235B2
8BD0020000022050
8B8003000000024E
A3000000000220F0
A10000000001D180
44600CC100000000
000000129D200C00
000000089B300C00
9F300C0044200CC1
99200C0000000008
44600CC100000010
000000109D200C00
000000008BD00C00
00000050A1000000
000000089B300B00
88300A0044600BB1
4C0000BA00000018
00000030A1380000
000000089F300B00
000000109D200D00
0000001299200C00
9D200C0044200CC1
54000CE000000012
64800F00650000F0
640000F065800000
A540000064C00F00
8BD00200FFFFFFE8
A300000000000001
650000F0FFFFFDC8
6580000064800F00
64C00F00640000F0
000000008C100000
00000034A1480000
000000008BD00C00
9B30000057880CC0
8C10000000000000
A14C000000000000
A1000000FFFFFFEC
8BD00C0000000010
89000CC000000000
650000F00000FFFF
6580000064800F00
64C00F00640000F0
FFFFFFE8A5400000
000000008C100000
00000074A1480000
0000001698200C00
9C200C0057880CC0
54000EC000000016
000000FF89000EE0
89000CC04C600CEC
8C1000C000000001
A148000000000000
8B80000000000038
8B80010000023402
8BD0020000021EA0
8B80030000000344
A300000000022DCB
A10000000001CFD0
650000F000000000
6580000064800F00
64C00F00640000F0
FFFFFFE8A5400000
000000008C100000
000000ACA1480000
000000008C100010
0000009CA1480000
000000009B300C00
000000008C1000C0
00000044A1480000
540000C054000E00
0000001099200C10
0000001099200DE0
9D200CE044200CCD
9B300C0000000010
8C1000C000000000
A14C000000000000
99200C00FFFFFFCC
99200E0000000010
4C0000CE00000012
00000010A1480000
00000030A1000000
0000001099200E10
000000009F300100
9D200C0044200CEC
650000F000000010
6580000064800F00
000232F68B800000
00021D948B800100
000003648BD00200
00022AAF8B800300
0001CEC4A3000000
00000000A1000000
64C00F00640000F0
FFFFFFE8A5400000
000000008C100000
000000ACA1480000
000000008C100010
0000009CA1480000
000000009B300C00
000000008C1000C0
00000044A1480000
540000C054000E00
0000001099200C10
0000001099200DE0
9D200CE044200CCD
9B300C0000000010
8C1000C000000000
A14C000000000000
99200C00FFFFFFCC
99200E0000000010
4C0000CE00000012
00000010A1480000
000000ACA1000000
0000001099200E10
000000009F300100
9D200C0044200CEC
8C10001000000010
A148000000000000
98200C1000000074
57880CC000000016
000000169C200C10
89000EE054000EC0
4C600CEC000000FF
0000000189000CC0
000000008C1000C0
00000038A1480000
000231B68B800000
00021C548B800100
000003448BD00200
00022B7F8B800300
0001CD84A3000000
00000000A1000000
64800F00650000F0
8B80000065800000
8B8001000002317A
8BD0020000021C18
8B80030000000364
A300000000022933
A10000000001CD48
640000F000000000
A540000064C00F00
8C100010FFFFFFE8
A148000000000000
9920021000000028
8BD0030000000010
A300000000000000
A100000000000028
8BD00C0000000010
55080CC0000000F0
64800F00650000F0
640000F065800000
A540000064C00F00
9F3004F0FFFFFFB0
9F3005F0FFFFFFF8
9F3006F0FFFFFFF0
9F3007F0FFFFFFE8
54000610FFFFFFE0
000000F08BD00C00
000000008C100060
00000054A1480000
0000001099200E60
000000008C100000
0000003CA1480000
0000FFFF89000EE0
A13800004C0000E2
44200D3200000028
0000001099200E00
A14400004C0000DE
A100000000000010
55080CC000000038
FFFFFFE09B3007F0
FFFFFFE89B3006F0
FFFFFFF09B3005F0
FFFFFFF89B3004F0
64800F00650000F0
9F300CF065800000
8BD00400FFFFFFC8
A100000000000000
8C1000C000000020
A14C000000000000
A100000000000010
9F3003F000000248
9F3000F0FFFFFFD0
99200C60FFFFFFD8
44600CC400000012
0000001299200E00
46400CEC44600EE3
54000E2054000720
0000FFFF89000EE0
9B300C00464005CE
442000C300000008
000000089B300C60
54000250442001C4
000213BCA3000000
FFFFFFD89B3000F0
FFFFFFD09B3003F0
99200E0044200353
4C00003E00000012
00000010A1400000
00000154A1000000
99200C6044200454
4C00004C00000012
00000010A1400000
00000164A1000000
4460022554000270
54000C204C00004C
0000FFFF89000CC0
00000038A1380000
000000008BD00400
000000009B300660
000000008C100060
00000018A14C0000
000000008C1000C0
00000154A14C0000
A14C00004C00003E
8BD0030000000038
9B30000000000000
8C10000000000000
A14C000000000000
8C1000C000000018
A14C000000000000
8C10006000000128
A148000000000000
99200E600000003C
99200D6000000010
4C0000DE00000012
00000020A14C0000
000000009B300E60
000000008C1000E0
000000F4A14C0000
000000008C100000
FFFFFE5CA1480000
0000001099200E00
0000001299200D00
A14C00004C0000DE
9B300E00FFFFFE40
8C1000E000000000
A14C000000000000
A100000000000010
8BD00C00FFFFFE20
A1000000000000FA
8B800000FFFFFDC8
8B80010000022E1A
8BD00200000218B8
8B800300000003F7
A30000000002139D
A10000000001C9E8
8B80000000000000
8B80010000022DEA
8BD0020000021888
8B800300000003F8
A30000000002239A
A10000000001C9B8
8BD00C0000000000
A100000000000000
9B300CF0FFFFFD58
A1000000FFFFFFC8
9B300CF0FFFFFD48
A1000000FFFFFFC8
8BD00C00FFFFFD38
A1000000000000FA
640000F0FFFFFD28
A540000064C00F00
9F3004F0FFFFFFB0
9F3005F0FFFFFFF8
9F3006F0FFFFFFF0
9F3007F0FFFFFFE8
54000520FFFFFFE0
8BD0040054000700
8C10007000000000
A148000000000000
8C10001000000138
A148000000000000
9F3001F000000128
8C100050FFFFFFD0
A148000000000000
8BD00E0000000110
540004E000000000
FFFFFFC89F300EF0
54000D3054000BE0
0000FFFF89000DD0
000000008C1000D0
00000024A1480000
0000001299200E70
A13800004C0000DE
A100000000000010
54000EB000000088
0000FFFF89000EE0
FFFFFFD89F300BF0
FFFFFFD09B300BF0
9B300E70442000BE
442001ED00000008
0000001299200E70
89000DD044600DE3
54000E500000FFFF
0000FFFF89000EE0
54000260464006DE
0002107CA3000000
FFFFFFD89B300BF0
44200B6B44600556
9B3003F044200464
A1000000FFFFFFC8
4460033E0000000C
000000009B300770
89000EE054000E50
8C1000E00000FFFF
A148000000000000
8C10007000000018
A14C000000000000
89000440FFFFFF18
54000C400000FFFF
FFFFFFE09B3007F0
FFFFFFE89B3006F0
FFFFFFF09B3005F0
FFFFFFF89B3004F0
64800F00650000F0
640000F065800000
A540000064C00F00
9F3004F0FFFFFFB0
9F3005F0FFFFFFF8
9F3006F0FFFFFFF0
9F3007F0FFFFFFE8
54000700FFFFFFE0
000000F08BD00C00
000000008C100070
00000104A1480000
000000008C100010
000000F4A1480000
0000001099200C70
A13800004C0000C2
A100000000000010
8BD00C0000000018
A1000000000000FF
8BD00400000000C8
9F3002F000000000
8C100020FFFFFFD0
9F3004F000000000
A1480000FFFFFFC8
9B3006F00000007C
9F3001F0FFFFFFD0
8C100070FFFFFFD8
A14C000000000000
A100000000000010
9B300CF0000000D8
442001C4FFFFFFD8
0000001299200C70
9B3000704640056C
5400025000000008
00020EE4A3000000
4460066544200454
000000009B300770
000000008C100060
FFFFFFA4A14C0000
FFFFFFD09B300CF0
9B300CF04C00004C
A1480000FFFFFFC8
A100000000000010
55080CC000000038
FFFFFFE09B3007F0
FFFFFFE89B3006F0
FFFFFFF09B3005F0
FFFFFFF89B3004F0
64800F00650000F0
8B80000065800000
8B80010000022A4A
8BD00200000214E8
8B800300000004E7
A300000000021789
A10000000001C618
8B80000000000000
8B80010000022A1A
8BD00200000214B8
8B800300000004DC
A3000000000219CD
A10000000001C5E8
640000F000000000
A540000064C00F00
9F3004F0FFFFFFA8
9F3005F0FFFFFFF8
9F3006F0FFFFFFF0
9F3007F0FFFFFFE8
8BD00500FFFFFFE0
8C10000000000000
A148000000000000
99200C0000000050
54000E3000000012
0000FFFF89000EE0
A13800004C0000EC
4460033C0000002C
000000009B300000
000000008C100000
FFFFFFCCA14C0000
0000000CA1000000
8BD0060054000500
8C100050000000FF
A148000000000000
54000C3000000040
0000FFFF89000CC0
99200D5044200EC2
4C0000ED00000010
00000010A1440000
00000048A1000000
A100000054000C60
54000C600000000C
9B3007F055080CC0
9B3006F0FFFFFFE0
9B3005F0FFFFFFE8
9B3004F0FFFFFFF0
650000F0FFFFFFF8
6580000064800F00
0000001299200E50
A14400004C0000EC
A100000000000010
9B300D50000001B8
442000DC00000008
89000770446007E3
46400C720000FFFF
FFFFFFD89F3001F0
9F300CF054000420
540002C0FFFFFFD0
00020CA4A3000000
A14000004C000047
8BD00C00000001A0
9B300550000000F0
9B300DF000000000
8C1000D0FFFFFFD8
A148000000000000
8C100050FFFFFF4C
A148000000000000
9B300CF0FFFFFF3C
44600A4CFFFFFFD0
89000CC054000CA0
99200B500000FFFF
4C0000BC00000010
A138000054000C60
89000AA0FFFFFF0C
8BD00C000000FFFF
4C00004700000000
A1400000540006C0
9B300EF0000000AC
44200EDEFFFFFFD0
FFFFFFD89F300EF0
000000008BD00600
9F300CF0540007A0
9F300AF0FFFFFFC8
8C100050FFFFFFC0
A14C000000000000
A100000000000010
9B300EF0000000E0
442001E6FFFFFFD8
0000001299200E50
9B3000504640047E
5400024000000008
00020B9CA3000000
FFFFFFC09B300AF0
FFFFFFC89B300CF0
4460077444200646
000000009B300550
000000008C100070
FFFFFF94A14C0000
A14800004C00006A
8B800000FFFFFE3C
8B8001000002273A
8BD00200000211D8
8B800300000004E7
A300000000021479
A10000000001C308
8B80000000000000
8B8001000002270A
8BD00200000211A8
8B80030000000502
A300000000020CA4
A10000000001C2D8
8BD00C0000000000
A100000000000000
8B800000FFFFFDCC
8B800100000226CA
8BD0020000021168
8B800300000004DC
A30000000002167D
A10000000001C298
640000F000000000
A540000064C00F00
9F3004F0FFFFFFE0
54000420FFFFFFF8
9920014054000210
A300000000000010
8C1000C0FFFFE2B0
A148000000000000
8C10004000000084
A148000000000000
9920024000000044
8BD0030000000010
540000C000000000
540004C054000140
FFFFF53CA3000000
54000C4054000EC0
000000008C1000E0
00000040A1480000
0002260E8B800000
000210AC8B800100
000005438BD00200
0002222C8B800300
0001C1DCA3000000
00000000A1000000
000000008BD00C00
FFFFFFF89B3004F0
64800F00650000F0
640000F065800000
8BD00C0064C00F00
8C10000000000000
A148000000000000
99200E0000000050
54000D1000000012
0000FFFF89000DD0
A13800004C0000DE
4460011E0000002C
000000009B300000
000000008C100000
FFFFFFCCA14C0000
0000000CA1000000
8C1000C054000C00
A148000000000000
8900011000000034
99200EC00000FFFF
4C0000E100000012
00000018A1400000
000000089B300CC0
5C0002C044200CC1
64800F00650000F0
640000F065800000
A540000064C00F00
9F3004F0FFFFFFB8
9F3005F0FFFFFFF8
9F3006F0FFFFFFF0
9F3007F0FFFFFFE8
54000500FFFFFFE0
000230B88B800C00
000000009B3001C0
000000209A2000C0
0001817CA3000000
9B300C5054000BC0
982007C000000008
8B800C0000000009
9B300EC000050F0C
8C1000E000000000
A148000000000000
8BD00C0000000260
8900077000000000
540006C0000000FF
FFFFFFD89F300BF0
00000028A1000000
000000109B300E60
000000008C1000E0
00000010A14C0000
00000224A1000000
540006E054000460
0000001898200E60
A14C00004C0000E7
98200E60FFFFFFCC
8C1000E000000008
A148000000000000
8B800D0000000038
9B300DD000022FEC
98200DD000000008
57880DD00000006C
000000FF89000DD0
A14C00004C0000ED
5A000E60FFFFFF84
000000008C1000B0
00000024A1480000
8C1000E055600EE0
A148000000000000
A100000000000044
8B800D00FFFFFF54
9A200DD000022F8C
55600EE000000020
000000008C1000E0
00000018A1480000
4C0000ED55600DD0
FFFFFF20A14C0000
0000001998200E60
0000000189000EE0
000000008C1000E0
0000002CA1480000
00022F388B800E00
0000001C9A200EE0
000000049A200D60
A14C00004C0000DE
9B300E60FFFFFEDC
8C1000E000000020
A148000000000000
9B300C50FFFFFEC4
9F300CF000000008
9B300060FFFFFFD0
8B800C0000000028
883003C000022EE4
540001600000001C
6280000E54000250
000000008C1000C0
00000060A1480000
000000008BD00500
000000008C100040
00000074A1480000
000000109B300E60
000000109F300E40
00050D188B800E00
000000009B300DE0
000000109F300D60
000000009F3006E0
FFFFFFD89B300BF0
0000003CA1000000
000000089B300E50
FFFFFFD09B300DF0
9B300BF04C0000ED
A1480000FFFFFFD8
A100000000000018
9B300BF000000074
8C1000C0FFFFFFD8
A14C000000000000
8BD00C000000004C
A100000000000002
8BD00C00FFFFFDD4
9B3007F000000000
9B3006F0FFFFFFE0
9B3005F0FFFFFFE8
9B3004F0FFFFFFF0
650000F0FFFFFFF8
6580000064800F00
000000018BD00C00
FFFFFFCCA1000000
000221EE8B800000
000211C98B800100
000000C18BD00200
00021EC38B800300
0001BDBCA3000000
00000000A1000000
64C00F00640000F0
000000008C100000
0000006CA1480000
8C1000105A000C00
A148000000000000
55600CC000000058
000000008C1000C0
00000044A1480000
00050BE08B800C00
000000009B300CC0
8C1000E05A000E10
A148000000000000
8C1000C000000020
A148000000000000
A100000000000010
650000F000000034
6580000064800F00
000000109B300CC0
000000008C1000C0
00000010A14C0000
FFFFFFDCA1000000
5A000DC05A000E00
A14C00004C0000DE
5A000E10FFFFFFD4
A10000005E000EC0
640000F0FFFFFFC4
A540000064C00F00
A3000000FFFFFFE8
89400CC000020418
8B800E000000C000
5D000CE0000226D4
64800F00650000F0
640000F065800000
A540000064C00F00
54000100FFFFFFE8
000000209A200C10
000000018C1000C0
00000038A14C0000
0002208E8B800000
00020FAD8B800100
000000D48BD00200
000212238B800300
0001BC5CA3000000
00000000A1000000
000000028BD00000
FFFFD0ECA3000000
64800F00650000F0
640000F065800000
A540000064C00F00
A3000000FFFFFFE8
8B800C000000004C
58000EC000050AB4
57880DD054000DE0
89000EE05C000DC0
8C1000E000000001
A14C000000000000
A300000000000010
650000F000000240
6580000064800F00
64C00F00640000F0
FFFFFFC0A5400000
FFFFFFF89F3004F0
FFFFFFF09F3005F0
FFFFFFE89F3006F0
FFFFFFE09F3007F0
00050A488B800C00
57880EE058000EC0
8B800C005C000EC0
9B3004C000050A1C
8C10004000000000
A148000000000000
8BD00C00000001A4
9F300CF000000001
8BD00600FFFFFFD8
A100000000000000
8B800C0000000028
9B3004C0000509DC
8C10004000000000
A148000000000000
8B800C0000000164
58000CC0000509D4
0000002E98200E40
A14800004C0000EC
A100000000000010
9B30044000000018
A100000000000010
9C200C400000011C
99200C400000002E
54000EC00000002A
0000000189000EE0
000000008C1000E0
0000003CA1480000
0000000289400CC0
0000002A9D200C40
A300000054000040
99200C400000B0DC
89000CC00000002A
9D200C400000FFFC
99200C400000002A
54000EC00000002A
0000000889000EE0
000000008C1000E0
00000024A1480000
0000FFF789000CC0
0000002A9D200C40
A300000054000040
9B30074000002CB0
9B300C4000000010
8C1000C000000098
A148000000000000
8B80050000000038
5C000650000508D5
A300000054000040
58000C5000002E00
000000008C1000C0
A14C000054000C60
5400047000000014
FFFFFFD89B300CF0
000000008C1000C0
00000010A14C0000
FFFFFE9CA1000000
000000008C100040
FFFFFEACA14C0000
FFFFFFE09B3007F0
FFFFFFE89B3006F0
FFFFFFF09B3005F0
FFFFFFF89B3004F0
64800F00650000F0
640000F065800000
A540000064C00F00
9F3004F0FFFFFF90
9F3005F0FFFFFFF8
9F3006F0FFFFFFF0
9F3007F0FFFFFFE8
8B800C00FFFFFFE0
5A000EC000050818
5E000EC057880EE0
000508088B800C00
57880EE058000EC0
8B800C005C000EC0
9B3004C0000507DC
8C10004000000000
A148000000000000
8BD00C00000009F0
8BD00E0000000000
9F300EF000000001
9F300CF0FFFFFFD0
540006C0FFFFFFC0
00000028A1000000
000000109B300C40
540004C054000640
000000008C100040
000009A4A1480000
000000209A200C40
0000000A8C1000C0
00000B2CA1480000
000000018C1000C0
00000B4CA1480000
000000008C1000C0
00000010A14C0000
00000B64A1000000
000507488B800E00
98200D4058000EE0
4C0000DE0000002E
00000010A14C0000
FFFFFF80A1000000
0000002E9C200E40
000000028C1000C0
00000028A14C0000
0000005298200C40
000000058C1000C0
FFFFFFD09B3007F0
00000314A1440000
0000005298200C40
0000000B8C1000C0
FFFFFFD09B3007F0
000002F4A1440000
000000D598200C40
000000008C1000C0
00000118A1480000
000000889B300E40
000000008C1000E0
00000010A1480000
00000BFCA1000000
000000809B300E40
000000008C1000E0
00000010A14C0000
00000C3CA1000000
000000D698200E40
0000000B8C1000E0
FFFFFFD09B3007F0
0000027CA1440000
55600CC057C80CC0
00021C838B800E00
58000CC044200CEC
000000D498200E40
A13C00004C0000EC
57880EE000000014
000000D49C200E40
000000008BD00700
000000D498200E40
A13800004C0000EC
9920014000000228
8C10001000000070
A14C000000000000
A100000000000010
54000040000001AC
0000A254A3000000
000000008C1000C0
000001C0A14C0000
A300000054000040
8BD00E000000AD3C
4C200CCE00000000
00000188A1000000
0000004099200C40
00007FFE8C1000C0
00000014A1440000
9D200C4057880CC0
8BD0070000000040
99A00C4000000000
99A00E4000000050
4C0000EC00000040
00000184A1280000
A300000054000040
8C1000C00000BBEC
A148000000000000
9B300C4000000038
8C1000C000000088
A14C000000000000
9B300C4000000150
8C1000C000000080
A148000000000000
9A200C4000000138
8C1000C000000020
A148000000000002
99A00C4000000060
5061CCC00000004C
0000004E99A00E40
98200E4044200CCE
8BD00D0000000052
46400EED0000000C
00021B0A8B800D00
58000EE044200EDE
55200CC050004CCE
00007FFF8BD00E00
9D200C4045C00CCE
99200C4000000050
99200E4000000070
46400CEC00000058
0000004299200E40
000000589D200E40
5020CEE05060CCC0
0000FFFE89000EE0
9D200C4046800CCE
9D2007400000005A
9D20074000000040
540000400000007A
0000BD04A3000000
00000064A1000000
A300000054000040
8BD00E000000CC18
4C600CCE00000000
0000000189000CC0
000000008C1000C0
00000034A14C0000
000000D49C200740
000000D598200C40
000000068C1000C0
00000014A1440000
9C200C4057880CC0
9A200C40000000D5
8C1000C000000020
A14C000000000006
99200E400000005C
89000EE00000002A
8C1000E000000010
A148000000000000
9A200E400000003C
8B800D0000000030
5A000DD000050398
55600EE044600EDE
000000288BD00D00
89000EE04E600EED
4420077E00000001
000000018BD00E00
FFFFFFC89F300EF0
0000000998200E40
0000000889000EE0
000000008C1000E0
000000ECA1480000
000000078C1000C0
00000018A1480000
000000048C1000C0
000000CCA14C0000
000000D09A200C40
000A4CB888300EC0
978D4FE0CBC00D00
68400DED0083126E
000000309A200E40
000502F48B800B00
44600EBE5A000BB0
4C0000DE55600EE0
00000024A13C0000
000000008BD00C00
FFFFFFC89F300CF0
A100000057880770
98200D4000000068
A8800DD0000000D7
44200CDC000124F8
978D4FE0CBC00D00
68400CCD0083126E
A13C00004C0000CE
5400004000000038
0000C92CA3000000
000000008C1000C0
0000001CA14C0000
000000D798200C40
9C200C4057880CC0
9B300540000000D7
8C10005000000090
9F3006F000000000
A1480000FFFFFFD8
8B800C00000000C4
5A000CC000050238
000000309A200E40
55600CC044600CCE
0000005099A00E40
00000006A8800EE0
4C0000CE55600EE0
00000088A1380000
00000038A1000000
000000048BD00000
A300000054000150
8C100060FFFFC7F0
5400056000000000
00000010A14C0000
00000038A1000000
000000009B300650
000000089B300050
000000008C100000
FFFFFFB8A1480000
FFFFD808A3000000
FFFFFFA8A1000000
000000008BD00C00
000000909F300C40
FFFFFFD89B3006F0
000000209A200C40
000000038C1000C0
0000003CA14C0000
000000309A200E40
0005015C8B800D00
44600EDE5A000DD0
8BD00D0055600EE0
4E600EED00000028
0000000189000EE0
8C1000C04420077E
A14C000000000009
9A200C4000000048
8B800E0000000030
5A000EE000050118
55600CC044600CEC
000000F08BD00E00
8C1000C04E600CCE
A048000000000000
8BD00700000077EC
8900077000000001
8C100070000000FF
A148000000000000
9B30074000000068
54000040000000C8
000021BCA3000000
000500A08B800C00
000000009B300CC0
000000008C100060
00000084A1480000
A14C00004C0000C4
A100000000000010
9B300C4000000590
9F300C6000000010
A100000000000010
9B30054000000084
98200C4000000010
57880CC00000002C
0000002C9C200C40
0000002D98200E40
000000FF89000CC0
A13800004C0000CE
A100000000000010
5400064000000158
A100000054000450
4C0000C4FFFFF88C
00000010A1480000
000005A4A1000000
000000109B300C40
0004FFE88B800E00
000000009F300CE0
FFFFFFC89B300CF0
000000008C1000C0
0000005CA14C0000
000000349A200240
000000609A200140
0000002699200C40
0000002899200E40
9F300ED064C00D00
9F300CD000000028
88300C4000000020
9F300CD000000004
5400004000000018
A300000054000340
9B3006400000C05C
9B30054000000010
9A200C4000000018
8C1000C000000020
A14C000000000001
A100000000000010
8BD0000000000400
5400014000000002
FFFFC54CA3000000
0004FF398B800C00
000000008BD00E00
8C1000705C000EC0
A148000000000000
8BD0010000000018
54000050FFFFFFF3
8B800C0062800007
58000CC00004FF05
000000008C1000C0
9B3006F054000460
A1480000FFFFFFD8
A1000000FFFFF754
8BD0060000000084
9C20064000000000
8B800C000000002C
5C0006C00004FEC5
000000C09B300C40
000000008C1000C0
00000024A1480000
000000189B300040
6280000C54000140
A10000004C200CC6
8BD00C0000000010
8B800E0000000001
58000EE00004FE7D
000000008C1000E0
00000010A14C0000
00000038A1000000
0004FE488B800C00
000000009B3004C0
000000008C100040
FFFFFFC09B3006F0
00000054A1480000
FFFFF6B0A1000000
0000000189000CC0
000000008C1000C0
00000024A1480000
A300000054000040
540006400000A594
A100000054000450
54000640FFFFF66C
A100000054000450
8B800C00FFFFF65C
9B3004C00004FDDC
8C10004000000000
A148000000000000
8BD006000000015C
8BD0050000000000
A100000000000002
9B300C4000000030
5400064000000010
8C100040540004C0
A14C000000000000
A100000000000010
9A200C400000011C
8C1000C000000020
A14800000000000A
A100000000000010
9A200C40000001B8
8B800E0000000030
5A000EE00004FD60
55600CC044600CEC
000000F18C1000C0
FFFFFF94A1380000
A300000054000040
8B800C0000001E38
9B300CC00004FD24
8C10006000000000
A148000000000000
4C0000C400000034
00000010A14C0000
000001DCA1000000
000000109B300C40
000000109F300C60
00000034A1000000
A14800004C0000C4
A100000000000010
9B300C4000000210
8B800E0000000010
9F300CE00004FCBC
9A200C4000000000
8C1000C000000020
A14C000000000001
A100000000000010
9B30074000000118
5400005000000010
A300000054000140
54000470FFFFC290
FFFFFEDCA1000000
FFFFFFE09B3007F0
FFFFFFE89B3006F0
FFFFFFF09B3005F0
FFFFFFF89B3004F0
64800F00650000F0
8B80000065800000
8B800100000211BA
8BD00200000200D9
8B800300000004C4
A30000000001FF0F
A10000000001AD88
8B80000000000000
8B8001000002118A
8BD00200000200A9
8B800300000004C3
A3000000000201C5
A10000000001AD58
8B80000000000000
8B8001000002115A
8BD0020000020079
8B800300000004C2
A300000000020E9E
A10000000001AD28
8B80000000000000
8B8001000002112A
8BD0020000020049
8B800300000005A5
A30000000001F781
A10000000001ACF8
8B80000000000000
8B800100000210FA
8BD0020000020019
8B800300000000D4
A30000000002028F
A10000000001ACC8
8B80000000000000
8B800100000210CA
8BD002000001FFE9
8B800300000000D4
A30000000002025F
A10000000001AC98
8B80000000000000
8B8001000002109A
8BD002000001FFB9
8B800300000005B3
A30000000001F788
A10000000001AC68
8B80000000000000
8B8001000002106A
8BD002000001FF89
8B80030000000571
A300000000020A45
A10000000001AC38
8B80000000000000
8B8001000002103A
8BD002000001FF59
8B800300000005B7
A300000000020454
A10000000001AC08
8B80000000000000
8B8001000002100A
8BD002000001FF29
8B800300000004D8
A300000000020C39
A10000000001ABD8
8B80000000000000
8B80010000020FDA
8BD002000001FEF9
8B80030000000575
A3000000000209E0
A10000000001ABA8
8B80000000000000
8B80010000020FAA
8BD002000001FEC9
8B800300000004D9
A300000000020790
A10000000001AB78
640000F000000000
A540000064C00F00
8C100000FFFFFFE8
A148000000000000
9A200C0000000050
8C1000C000000020
A148000000000001
99200C0000000020
89400CC00000002A
9D200C0000000010
8BD001000000002A
A300000000000001
A100000000000028
8BD00C0000000010
55080CC0000000F0
64800F00650000F0
640000F065800000
A540000064C00F00
9F3004F0FFFFFFC0
9F3005F0FFFFFFF8
54000400FFFFFFF0
000000008C100010
00000068A1480000
000000209A200C40
000000078C1000C0
00000018A1480000
000000048C1000C0
00000040A14C0000
000000989B300C40
000000008C1000C0
00000114A14C0000
0000003899200C40
00000B688C1000C0
00000010A1480000
000000F4A1000000
000000209A200C40
000000008C1000C0
00000258A1480000
000000028C1000C0
000001D8A1480000
000000018C1000C0
000002ACA14C0000
000000018BD00C00
000000008BD00E00
00000024A1000000
8C1000C057880CC0
A14C000000000004
A100000000000010
54000DC00000028C
8B800B005021CDD0
44200DBD000213D4
000000009B300DD0
000000009B300DD0
000000008C1000D0
FFFFFFB8A1480000
00000028A1000000
000000109B300DD0
000000008C1000D0
00000010A14C0000
FFFFFF90A1000000
000000A09B300BD0
A14C00004C0000B4
9F300ED0FFFFFFD4
A1000000000000A0
99200C40FFFFFFC4
89000CC00000002A
8C1000C000000010
A14C000000000000
8B80000000000038
8B80010000020D5A
8BD002000001FC79
8B80030000000164
A30000000001FADB
A10000000001A928
9A20024000000000
9A20014000000034
99200C4000000060
99200E4000000026
64C00D0000000028
000000289F300ED0
000000209F300CD0
0000000488300C40
000000189F300CD0
5400034054000040
0000B840A3000000
A300000054000040
8B800C0000001860
9B300CC00004F744
4C0000C400000000
000001E4A1480000
8C1000E054000EC0
A148000000000000
9B300CE0000001E8
4C0000C400000010
FFFFFFE0A14C0000
000000109B300C40
000000109F300CE0
000001BCA1000000
0004F6E88B800000
A300000054000140
8B800C0000000824
8BD00E000004F6E5
5C000EC000000001
000000209A200C40
000000018C1000C0
00000120A14C0000
00020C2E8B800000
0001FB4D8B800100
000000D48BD00200
0001FDC38B800300
0001A7FCA3000000
00000000A1000000
0000002699200C40
000000008C1000C0
00000228A1480000
0004F6588B800C00
000000009B300CC0
A14800004C0000C4
54000EC0000001E4
000000008C1000E0
000001E8A1480000
000000109B300CE0
A14C00004C0000C4
9B300C40FFFFFFE0
9F300CE000000010
A100000000000010
54000040000001BC
000019C4A3000000
000001D4A1000000
8B800000540005E0
540001400004F5DC
00000728A3000000
000000209A200C40
000000018C1000C0
0000005CA14C0000
00020B468B800000
0001FA658B800100
000000DF8BD00200
0001F7E18B800300
0001A714A3000000
00000000A1000000
000000028BD00000
A300000054000140
8BD00C00FFFFBBA0
A100000000000000
8BD0000000000150
5400014000000003
FFFFBB7CA3000000
A100000054000C50
9B300CC000000130
8B800E0000000010
9F300CE00004F544
8BD00C0000000000
9F300C4000000000
8B800E0000000010
8BD00D000004F535
5C000DE000000001
0004F5888B800E00
000000009B300EE0
A14C00004C0000E4
A100000000000010
9A200E4000000050
8C1000E000000020
A14C000000000001
8B80000000000050
8B80010000020A5A
8BD002000001F979
8B800300000000D4
A30000000001FBEF
A10000000001A628
540004C000000000
000050E8A3000000
A100000054000C40
8BD0000000000070
5400014000000002
A3000000540004C0
54000C40FFFFBA98
0000004CA1000000
000000109B300CC0
0004F4588B800E00
000000009F300CE0
000000008BD00C00
000000109F300C40
000000028BD00000
A300000054000140
8BD00C00FFFFBA50
9B3005F000000000
9B3004F0FFFFFFF0
650000F0FFFFFFF8
6580000064800F00
64C00F00640000F0
FFFFFF80A5400000
FFFFFFF89F3004F0
FFFFFFF09F3005F0
FFFFFFE89F3006F0
FFFFFFE09F3007F0
5400040054000510
000000008C100040
000004E4A1480000
000000209A200C40
0000000A8C1000C0
00000048A1480000
000000018C1000C0
00000094A14C0000
0002091E8B800000
0001F83D8B800100
000002418BD00200
0001FB768B800300
0001A4ECA3000000
00000000A1000000
0004F3708B800000
A300000054000140
9A200C40000004A4
8C1000C000000020
A14C000000000001
8B800000000000E8
8B800100000208C2
8BD002000001F7E1
8B800300000000D4
A30000000001FA57
A10000000001A490
99200D4000000000
9B300E4000000026
9F300EF000000018
9B300E40FFFFFFB0
9F300EF0000000C8
9A200E40FFFFFFD0
9F300EF000000034
9A200E40FFFFFFC8
9F300EF000000060
8C1000C0FFFFFFC0
A14C000000000000
A100000000000010
9F300DF000000074
8B800000FFFFFFB8
540001400004F2A4
000003E0A3000000
0004F2A18B800C00
000000018BD00E00
556005505C000EC0
000000008BD00C00
9F300CF04C200C5C
A1000000FFFFFFD8
8BD00000000000F0
5400014000000002
FFFFB86CA3000000
00000364A1000000
000000018BD00C00
FFFFFFD89F300CF0
0000FFFF89000DD0
000000008C1000D0
00000064A1480000
0004F2108B800C00
000000009B300CC0
A14800004C0000C4
54000EC000000060
000000008C1000E0
00000064A1480000
000000109B300CE0
A14C00004C0000C4
9B300C40FFFFFFE0
9F300CE000000010
A100000000000010
8BD00C0000000038
9F300CF000000000
A1000000FFFFFFB8
9B300CC000000038
8B800E0000000010
9F300CE00004F194
8BD00C0000000000
9F300CF000000000
9F300C40FFFFFFB8
9B30054000000010
8C10005000000088
A148000000000000
8BD0060000000074
A100000000000004
5400006000000034
A300000054000150
8C100070FFFFB760
5400057000000000
00000010A14C0000
00000038A1000000
000000009B300750
000000089B300050
000000008C100000
FFFFFFBCA1480000
FFFFC778A3000000
FFFFFFACA1000000
000000809B300540
000000008C100050
00000074A1480000
000000048BD00600
00000034A1000000
5400015054000060
FFFFB6DCA3000000
000000008C100070
A14C000054000570
A100000000000010
9B30075000000038
9B30005000000000
8C10000000000008
A148000000000000
A3000000FFFFFFBC
A1000000FFFFC6F4
9B300540FFFFFFAC
8C10005000000090
A148000000000000
8BD0060000000074
A100000000000004
5400006000000034
A300000054000150
8C100070FFFFB658
5400057000000000
00000010A14C0000
00000038A1000000
000000009B300750
000000089B300050
000000008C100000
FFFFFFBCA1480000
FFFFC670A3000000
FFFFFFACA1000000
FFFFFFD89B300CF0
0000000189000CC0
000000008C1000C0
00000064A14C0000
0000002899200C40
9F300CE064C00E00
9B300CF000000028
89000CC0FFFFFFB8
9F300CE00000FFFF
88300C4000000020
9F300CE000000004
5400004000000018
FFFFFFC09B3001F0
FFFFFFC89B3002F0
A300000054000340
9A200C400000B05C
8C1000C000000020
A14C000000000001
8B80000000000038
8B800100000204DA
8BD002000001F3F9
8B800300000000D4
A30000000001F66F
A10000000001A0A8
8BD0000000000000
5400014000000002
FFFFB534A3000000
FFFFFFD09B300CF0
000000008C1000C0
0000001CA1480000
FFFFFFF38BD00100
FFFFFFB09B3000F0
9B3007F06280000C
9B3006F0FFFFFFE0
9B3005F0FFFFFFE8
9B3004F0FFFFFFF0
650000F0FFFFFFF8
6580000064800F00
64C00F00640000F0
FFFFFFD8A5400000
FFFFFFF89F3004F0
FFFFFFF09F3005F0
8C10004054000410
A14C000000000000
A100000000000010
8C10000000000074
A14C000000000000
A100000000000010
9B300C000000008C
4C0000C400000000
000000A8A1480000
8C1000E054000EC0
A148000000000000
9B300CE0000000A4
4C0000C400000010
FFFFFFE0A14C0000
000000109B300C40
000000109F300CE0
00000078A1000000
000203968B800000
0001F2B58B800100
0000088D8BD00200
0001EBCD8B800300
00019F64A3000000
00000000A1000000
000203668B800000
0001F2858B800100
0000088E8BD00200
0001F7A68B800300
00019F34A3000000
00000000A1000000
000000109B300CC0
000000009F300C00
000000008BD00500
000000109F300540
A300000054000040
9A200C4000000EA0
8C1000C000000020
A148000000000001
8C1000C000000058
A14800000000000A
99200C4000000048
54000EC00000002A
0000000189000EE0
000000008C1000E0
00000024A1480000
0000000289400CC0
0000002A9D200C40
A300000054000040
9A200C40000094BC
8C1000C000000020
A148000000000001
A100000000000010
9D20054000000034
9E20054000000026
9B3005F000000020
9B3004F0FFFFFFF0
650000F0FFFFFFF8
6580000064800F00
000000809B300C40
000000008C1000C0
00000038A1480000
0002023E8B800000
0001F15D8B800100
0000089D8BD00200
0001EBF88B800300
00019E0CA3000000
00000000A1000000
000000889B300C40
000000008C1000C0
00000038A1480000
000201F68B800000
0001F1158B800100
0000089E8BD00200
0001F41B8B800300
00019DC4A3000000
00000000A1000000
000000909B300C40
000000008C1000C0
FFFFFF34A1480000
000201AE8B800000
0001F0CD8B800100
000008A08BD00200
0001E8348B800300
00019D7CA3000000
00000000A1000000
64C00F00640000F0
FFFFFFD0A5400000
FFFFFFF89F3004F0
FFFFFFF09F3005F0
FFFFFFE89F3006F0
8C10004054000400
A148000000000000
8BD0050000000074
A100000000000004
5400005000000034
A300000054000140
8C100060FFFFB1C0
5400046000000000
00000010A14C0000
00000038A1000000
000000009B300640
000000089B300040
000000008C100000
FFFFFFBCA1480000
FFFFC1D8A3000000
FFFFFFACA1000000
FFFFFFE89B3006F0
FFFFFFF09B3005F0
FFFFFFF89B3004F0
64800F00650000F0
640000F065800000
A540000064C00F00
8BD00100FFFFFFE8
A300000000000001
650000F0FFFFF70C
6580000064800F00
64C00F00640000F0
FFFFFFE8A5400000
000000008BD00E00
8B800C004C200D1E
8C1000D000020150
A048000000000000
540001C000008DF0
000000008C100000
00000038A1480000
000000209A200C00
000000008C1000C0
00000010A14C0000
00000030A1000000
000000FA8BD00C00
00000010A1000000
000000F08BD00C00
650000F055080CC0
6580000064800F00
000000008C100020
000000D8A1480000
000000F88BD00C00
5021CDD054000DE0
000205B88B800B00
9B300DD044200DBD
9B300DD000000000
8C1000D000000000
A148000000000000
A100000000000010
57880EE000000044
000000048C1000E0
FFFFFFB8A14C0000
000001C4A1000000
000000109B300DD0
000000008C1000D0
00000010A14C0000
FFFFFFCCA1000000
0000002699200BD0
A14C00004C0000B2
5A000BD0FFFFFFD4
000000008C1000B0
FFFFFF40A1480000
8C1000A05A000A10
A148000000000000
4C0000BAFFFFFF2C
FFFFFF20A1480000
FFFFFF98A1000000
000000008BD00200
000205108B800C00
8BD00E0059000CC0
8BD00D000000FFFF
54000B20FFFFC000
0000002CA1000000
57880AA054000AB0
0000FFFF89000BB0
00003FFE8C1000B0
A144000054000BA0
57880CC0000000D8
89000AA054000AC0
4C200AAE0000FFFF
000000008C1000A0
00008FA4A0480000
54000AC054000CD0
0000FFFF89000AA0
A100000054000920
5788099000000024
000000048C100090
00000010A14C0000
00000078A1000000
5021C88054000890
000204408B800300
9B30088044200838
9B30088000000000
8C10008000000000
A148000000000000
99200380FFFFFFB8
4C00003A00000026
00000010A14C0000
FFFFFF38A1000000
000000109B300880
000000008C100080
FFFFFF84A1480000
FFFFFFCCA1000000
8B800E00540002C0
5D000CE0000203F4
89000CC054000C20
8C1000C00000FFFF
A148000000000000
5A000C1000000060
000000008C1000C0
0000000CA1480000
9D2002005E000C00
8B800C0000000026
9B300EC00004E81C
9F300E0000000000
9F3000C000000010
A300000000000000
8BD00C000000B5E0
A100000000000000
8BD00C00FFFFFD74
A1000000000000FE
640000F0FFFFFD64
A540000064C00F00
8BD00200FFFFFFE8
A300000000000000
650000F000000014
6580000064800F00
64C00F00640000F0
FFFFFFD0A5400000
FFFFFFF89F3004F0
FFFFFFF09F3005F0
FFFFFFE89F3006F0
000000008BD00C00
000000008C100000
00000038A1480000
000000209A200E00
000000008C1000E0
00000010A14C0000
00000058A1000000
000000F18BD00E00
00000010A1000000
000000F08BD00E00
000000008C100020
0000000CA1480000
9B3006F05C000E20
9B3005F0FFFFFFE8
9B3004F0FFFFFFF0
650000F0FFFFFFF8
6580000064800F00
54000600540005C0
8BD0000054000420
A300000000000003
8C1000C0FFFFAC8C
A148000000000000
5400016000000100
000000189B300E10
000000189F300EC0
0000002699200E10
000000018BD00D00
000000209E200DC0
000000269D200EC0
0000002498200D10
000000249C200DC0
0000000998200D10
000000099C200DC0
0000000898200D10
000000089C200DC0
0000000B98200D10
0000000B9C200DC0
0000000A98200D10
0000000A9C200DC0
5E000DC05A000D10
000000008C1000E0
000000A4A1480000
0004E6308B800E00
000000009B300EE0
A14800004C0000E1
54000DE000000060
000000008C1000D0
00000064A1480000
000000109B300ED0
A14C00004C0000E1
9B300E10FFFFFFE0
9F300ED000000010
A100000000000010
8BD00E0000000038
54000240000000FF
A100000054000C50
9B300EE0FFFFFE94
8B800D0000000010
9F300ED00004E5B4
8BD00E0000000000
9F300E1000000000
9A200E1000000010
8C1000E000000020
A14C000000000001
8B80000000000038
8B8001000001FB0A
8BD002000001EA29
8B800300000000D4
A30000000001EC9F
A1000000000196D8
8BD0000000000000
540005C000000002
FFFFAB64A3000000
000000508B800C00
000000289F300C50
0004E5208B800C00
000000009B300EC0
000000109F300E50
000000009F3005C0
0000B2ECA3000000
000000008BD00E00
5400024054000C50
FFFFFDC0A1000000
64C00F00640000F0
FFFFFFE8A5400000
000000008C100010
00000010A14C0000
00000034A1000000
000000018BD00C00
540001C054000010
FFFFF0B0A3000000
FFFFFFF38BD00C00
64800F00650000F0
8B80000065800000
8B8001000001FA22
8BD002000001E941
8B80030000000310
A30000000001F264
A1000000000195F0
640000F000000000
A540000064C00F00
8C100000FFFFFFE8
A14C000000000000
A100000000000010
99200C000000006C
8BD00E0000000042
46400ECE000005B4
0000003C9A200C00
99200E0044200ACE
9A200D0000000038
44200BDE00000034
55200AA044600ABA
000000008C1000A0
00000050A1280000
0000003A9D200E00
650000F044600CBC
6580000064800F00
0001F9668B800000
0001E8858B800100
000003AA8BD00200
0001E4C08B800300
00019534A3000000
00000000A1000000
54000EC044600CCD
8C1000E055200EE0
A1340000FFFFFFFF
A100000000000010
54000EC000000040
8C1000E055600EE0
A138000000010000
A100000000000010
9D200C0000000038
8BD00C000000003A
A100000000000000
8BD00C00FFFFFF70
9D200C0000000000
A10000000000003A
8B800000FFFFFF58
8B8001000001F8C2
8BD002000001E7E1
8B800300000003BA
A30000000001E543
A100000000019490
640000F000000000
A540000064C00F00
8C100000FFFFFFE8
A148000000000000
9A200C0000000190
8C1000C000000020
A14C000000000001
8B80000000000038
8B8001000001F85A
8BD002000001E779
8B800300000003D7
A30000000001F578
A100000000019428
99200C0000000000
44200CC100000038
89000EE054000EC0
4C600DEC0000FFFF
00000B688BD00C00
000000008C1000D0
00009650A0480000
0000000CA1000000
99200E0046400CEC
8BD00D0000000042
46400DED000005B4
0000003C9A200E00
9D200C0044200AED
9A200D0000000038
44200BDC00000034
55200AA044600ABA
000000008C1000A0
00000058A1280000
0000003A9D200C00
55600CC044600CBE
000002D98C1000C0
00000010A1440000
00000094A1000000
0000002A99200C00
0000000289400CC0
0000002A9D200C00
00008970A3000000
0000006CA1000000
54000EC044600CED
8C1000E055200EE0
A1340000FFFFFFFF
A100000000000010
54000EC000000038
8C1000E055600EE0
A138000000010000
A100000000000010
9D200C0000000034
A10000000000003A
8BD00C0000000018
9D200C0000000000
650000F00000003A
6580000064800F00
0001F6DE8B800000
0001E5FD8B800100
000003BA8BD00200
0001E35F8B800300
000192ACA3000000
00000000A1000000
64C00F00640000F0
FFFFFFE8A5400000
000000008C100000
00000010A14C0000
00000034A1000000
0004E1148B800C00
8B800E005A000CC0
5A000DE00001FC80
5E000CE044200CDC
64800F00650000F0
8B80000065800000
8B8001000001F65A
8BD002000001E579
8B800300000008B9
A30000000001E6BE
A100000000019228
640000F000000000
A540000064C00F00
8C100020FFFFFFE8
A14C000000000000
A100000000000010
8C10001000000074
A148000000000000
99200C100000004C
8BD00E0000000060
4C200ECE00000000
000000008C1000E0
00009878A0480000
00000020A1000000
000000288BD00E00
88300CC046800CCE
4640000CFFFFFFD8
0000FFFF89000000
650000F054000C00
6580000064800F00
0001F5968B800000
0001E4B58B800100
000008CF8BD00200
0001EDB18B800300
00019164A3000000
00000000A1000000
64C00F00640000F0
FFFFFFC8A5400000
FFFFFFF89F3004F0
FFFFFFF09F3005F0
FFFFFFE89F3006F0
FFFFFFE09F3007F0
9B30054054000400
8C10005000000090
A148000000000000
8BD0060000000084
A100000000000004
5400006000000034
A300000054000150
8C100070FFFFA598
5400057000000000
00000010A14C0000
00000038A1000000
000000009B300750
000000089B300050
000000008C100000
FFFFFFBCA1480000
FFFFB5B0A3000000
FFFFFFACA1000000
000000008BD00C00
000000909F300C40
FFFFFFE09B3007F0
FFFFFFE89B3006F0
FFFFFFF09B3005F0
FFFFFFF89B3004F0
64800F00650000F0
640000F065800000
A540000064C00F00
9F3004F0FFFFFFC0
9F3005F0FFFFFFF8
9F3006F0FFFFFFF0
9F3007F0FFFFFFE8
54000400FFFFFFE0
000000008C100040
00000248A1480000
000000209A200C40
0000000A8C1000C0
0000002CA1440000
000000018BD00E00
89000CC050004CEC
8C1000C000000403
A14C000000000000
9B3000400000020C
8C10000000000098
8BD0050000000000
A148000000000000
A300000000000018
9F300540FFFFB4C4
9F3005F000000098
9B300540FFFFFFD8
8C10005000000090
A148000000000000
8BD0060000000084
A100000000000004
5400006000000034
A300000054000150
8C100070FFFFA420
5400057000000000
00000010A14C0000
00000038A1000000
000000009B300750
000000089B300050
000000008C100000
FFFFFFBCA1480000
FFFFB438A3000000
FFFFFFACA1000000
FFFFFFD89B300CF0
000000909F300C40
0000FFFF8BD00C00
000000409D200C40
000000809B300540
000000008C100050
00000074A1480000
000000048BD00600
00000034A1000000
5400015054000060
FFFFA37CA3000000
000000008C100070
A14C000054000570
A100000000000010
9B30075000000038
9B30005000000000
8C10000000000008
A148000000000000
A3000000FFFFFFBC
A1000000FFFFB394
9B300540FFFFFFAC
8C10005000000088
A148000000000000
8BD0060000000074
A100000000000004
5400006000000034
A300000054000150
8C100070FFFFA2F8
5400057000000000
00000010A14C0000
00000038A1000000
000000009B300750
000000089B300050
000000008C100000
FFFFFFBCA1480000
FFFFB310A3000000
FFFFFFACA1000000
FFFFFFD89B300CF0
000000889F300C40
000000809F300C40
000000789D200C40
FFFFFFE09B3007F0
FFFFFFE89B3006F0
FFFFFFF09B3005F0
FFFFFFF89B3004F0
64800F00650000F0
640000F065800000
A540000064C00F00
9F3004F0FFFFFFD8
9F3005F0FFFFFFF8
54000400FFFFFFF0
000000008BD00500
000000209A200C40
000000078C1000C0
00000090A1480000
000000048C1000C0
0000004CA1480000
000000038C1000C0
0000010CA14C0000
A300000054000040
8C1000C000007DD0
A148000000000000
A100000000000010
8BD00C0000000080
A100000000000005
5400004000000060
00007D9CA3000000
000000008C1000C0
00000010A1480000
0000004CA1000000
000000058BD00C00
0000002CA1000000
A300000054000040
8C1000C000007D68
A14C000000000000
8BD00C0000000020
9E200C4000000009
8BD00C0000000020
8C1000C000000000
A1480000FFFFFFFF
54000EC00000003C
000000FF89000EE0
000000008C1000E0
00000048A14C0000
A300000054000040
54000C50000082A4
00000030A1000000
0000002A99200C40
0000000889400CC0
0000002A9D200C40
A100000054000C50
54000C500000000C
FFFFFFF09B3005F0
FFFFFFF89B3004F0
64800F00650000F0
640000F065800000
A540000064C00F00
9F3004F0FFFFFFC8
9F3005F0FFFFFFF8
9F3006F0FFFFFFF0
9F3007F0FFFFFFE8
54000500FFFFFFE0
000000008C100050
00000064A1480000
000000989B300650
0000001598200760
000000008BD00400
000000989F300450
000000B09B300C50
000000008C1000C0
0000003CA1480000
000000189B300050
000000008BD00300
5400026054000150
A10000006280000C
8BD004000000009C
A1000000000000F0
8C10006000000168
A148000000000000
9920016000000038
5400005000000010
FFFFF6DCA3000000
A300000054000060
8BD00C00FFFFB054
A100000000000000
9A200C500000004C
8C1000C000000020
A148000000000001
99200C5000000020
89400CC00000002A
9D200C5000000010
8BD001000000002A
5400005000000001
FFFFE014A3000000
FFFFFFF38C1000C0
000000B8A1480000
000000FF89000CC0
000000008C1000C0
000000ACA14C0000
0000002089000770
000000008C100070
000000A4A1480000
0000003899200C50
00000B688C1000C0
00000014A1480000
9D200C5057880CC0
9B300C5000000038
8C1000C0000000B0
A148000000000000
9B30005000000068
8BD0020000000018
5400015000000000
6280000C54000320
FFFFFFF38C1000C0
00000010A1480000
00000034A1000000
000000F38BD00400
00000024A1000000
A1000000540004C0
9F30065000000018
8BD0040000000098
55080440000000FB
9B3007F054000C40
9B3006F0FFFFFFE0
9B3005F0FFFFFFE8
9B3004F0FFFFFFF0
650000F0FFFFFFF8
6580000064800F00
64C00F00640000F0
FFFFFFE0A5400000
FFFFFFF89F3004F0
000000008C100010
00000050A1480000
000000008C100020
00000050A1480000
0000001099200C20
540001C054000010
A300000054000420
54000040FFFFF518
FFFFAE90A3000000
000000008BD00C00
00000088A1000000
000000F08BD00C00
00000078A1000000
000000008C100030
00000010A14C0000
00000018A1000000
000000008BD00C00
00000050A1000000
000000209A200C10
000000018C1000C0
00000020A1480000
0000002A99200C10
0000001089400CC0
0000002A9D200C10
000000018BD00C00
540001C054000010
FFFFDE14A3000000
9B3004F055080CC0
650000F0FFFFFFF8
6580000064800F00
64C00F00640000F0
FFFFFFE0A5400000
FFFFFFF89F3004F0
8C10004054000400
A148000000000000
9B3000400000003C
8C10000000000008
A148000000000000
A300000000000010
8BD00000FFFFAD9C
5400014000000004
FFFF9D2CA3000000
FFFFFFF89B3004F0
64800F00650000F0
640000F065800000
A540000064C00F00
9F3004F0FFFFFFD8
9F3005F0FFFFFFF8
54000500FFFFFFF0
000000008C100050
00000010A14C0000
0000005CA1000000
000000048BD00000
FFFF9C50A3000000
8C100040540004C0
A148000000000000
8BD0020000000068
5400004000000020
A300000054000150
9B3000400001D028
A300000000000008
A1000000FFFFB79C
8B80000000000040
8B8001000001EBEA
8BD002000001DB09
8B80030000000686
A30000000001DD90
A1000000000187B8
8BD0040000000000
54000C4000000000
FFFFFFF09B3005F0
FFFFFFF89B3004F0
64800F00650000F0
640000F065800000
A540000064C00F00
9F3004F0FFFFFFD8
9F3005F0FFFFFFF8
54000400FFFFFFF0
000000028BD00000
FFFF9B80A3000000
000000008C1000C0
0000039CA14C0000
0004D5C88B800C00
000000009B3000C0
000000008C100000
00000010A1480000
00000064A1000000
0004D5A88B800C00
000000009B300CC0
000000008C1000C0
000000F0A1480000
000000008BD00B00
0004D58C8B800E00
54000DB05A000EE0
00000098A1000000
000000008C100050
A14C000054000050
A100000000000010
9B300500FFFFFFAC
99200C0000000010
54000EC00000002A
0000000889000EE0
000000008C1000E0
FFFFFFC0A1480000
0000FFF789000CC0
0000002A9D200C00
FFFFF8CCA3000000
FFFFFFA0A1000000
9B300CC046800DAD
8C1000C000000010
54000B0000000000
00000010A14C0000
00000048A1000000
000000309A200AC0
55600AA044600AEA
4DA009AD55600DD0
000000008C100090
A0480000540000C0
540000B00000A3C0
FFFFFFA8A1000000
000000008BD00000
000000008C100000
00000018A1480000
000000018BD00100
FFFFE070A3000000
000000028BD00000
FFFF9A08A3000000
000000008C1000C0
00000224A14C0000
0004D4508B800C00
000000009B300CC0
000000008C1000C0
000000A0A1480000
000000008BD00000
0004D43C8B800E00
54000D005A000EE0
00000030A1000000
540000A046800DBD
000000109B300CC0
000000008C1000C0
00000010A14C0000
00000060A1000000
000000209A200BC0
000000098C1000B0
FFFFFFD0A14C0000
000000309A200BC0
55600BB044600BEB
4DA00ABD55600DD0
000000008C1000A0
A048000054000AC0
54000A000000A4A8
FFFFFF90A1000000
000000008BD00000
000000008C100000
00000018A1480000
000000008BD00100
FFFFDF70A3000000
000000028BD00000
FFFF9908A3000000
000000008C1000C0
00000124A14C0000
0004D3508B800C00
000000009B300CC0
000000008C1000C0
000000A0A1480000
000000008BD00000
0004D33C8B800E00
54000D005A000EE0
00000030A1000000
540000A046800DBD
000000109B300CC0
000000008C1000C0
00000010A14C0000
00000060A1000000
000000209A200BC0
000000088C1000B0
FFFFFFD0A14C0000
000000309A200BC0
55600BB044600BEB
4DA00ABD55600DD0
000000008C1000A0
A048000054000AC0
54000A000000A5A8
FFFFFF90A1000000
000000008BD00000
000000008C100000
00000018A1480000
000000008BD00100
FFFFDE70A3000000
000000028BD00000
FFFF9808A3000000
000000008C1000C0
00000024A14C0000
A300000054000040
8BD0000000000128
A300000000000002
8C1000C0FFFF97DC
A148000000000000
8BD00100000000EC
8BD0020000000000
540000C0000000D8
A3000000540005C0
54000C500001CC00
000000249C2004C0
0B680B688BD00E00
000000389E200EC0
000000FF8BD00E00
0000000B9C200EC0
000000068BD00E00
000000509D200EC0
0000004E9D200EC0
000000018BD00E00
000000589D200EC0
0218FFFF8BD00E00
000000409E200EC0
000016D08BD00E00
000000749D200EC0
0004D1A48B800D00
9E200DC05A000DD0
8B800D0000000030
58000DD00004D194
0000002E9C200DC0
0000005A9D200EC0
FFFFF8F08B800E00
000000B09F300EC0
006DDD008BD00E00
000000D09E200EC0
FFFFFFF09B3005F0
FFFFFFF89B3004F0
64800F00650000F0
640000F065800000
A540000064C00F00
8C100000FFFFFFE8
A148000000000000
8B800C000000010C
9B300CC00004D104
8C1000C000000000
A148000000000000
8BD00E00000000C4
46400B0E0000007F
000000008BD00E00
0004D0E48B800D00
57C80BB05A000DD0
A1000000540000E0
9A200EC00000003C
44600EDE00000030
54000BA0540000C0
000000109B300CC0
000000008C1000C0
00000010A14C0000
00000068A1000000
0000002498200AC0
89000990540009B0
4C0000A9000000FF
FFFFFFB4A1380000
A14C00004C0000A9
9A2009C0FFFFFFBC
446009D900000030
540008E055600990
4C00009855600880
FFFFFF98A1380000
FFFFFF7CA1000000
000000008BD00000
000000008C100000
00000018A1480000
000000018BD00100
FFFFDC00A3000000
64800F00650000F0
640000F065800000
A540000064C00F00
8BD00000FFFFFFE8
A300000000000040
650000F0FFFFF9D0
6580000064800F00
64C00F00640000F0
FFFFFFE8A5400000
000000008C100000
00000058A1480000
000000209A200C00
000000018C1000C0
00000038A14C0000
0001E5168B800000
0001D4358B800100
000007E88BD00200
0001DAE18B800300
000180E4A3000000
00000000A1000000
000000B09F300100
64800F00650000F0
640000F065800000
8C10000064C00F00
A148000000000000
9A200C0000000028
8C1000C000000020
A14C000000000001
9F30010000000010
650000F000000028
6580000064800F00
64C00F00640000F0
FFFFFFC8A5400000
FFFFFFF89F3004F0
FFFFFFF09F3005F0
FFFFFFE89F3006F0
FFFFFFE09F3007F0
5400050054000410
000000008C100050
00000160A1480000
8C1000C05A000C50
A148000000000000
8B800C000000014C
9B3000C00004CEAC
8C10000000000000
A148000000000000
8BD0060000000064
A100000000000001
8C10007000000024
5400007000000000
00000010A14C0000
00000038A1000000
000000109B300700
5A000E005A000C50
A14C00004C0000EC
54000160FFFFFFD0
FFFFDA38A3000000
FFFFFFBCA1000000
0004CE288B800C00
000000009B3000C0
000000008C100000
00000064A1480000
000000018BD00600
00000024A1000000
000000008C100070
A14C000054000070
A100000000000010
9B30070000000038
5A000C5000000010
4C0000EC5A000E00
FFFFFFD0A14C0000
A300000054000160
A1000000FFFFD9BC
8C100040FFFFFFBC
A148000000000000
8B800C0000000044
9B300CC00004CD94
5A000E4000000000
000000008C1000E0
00000020A1480000
000000008C1000C0
00000010A1480000
00000054A1000000
FFFFFFE09B3007F0
FFFFFFE89B3006F0
FFFFFFF09B3005F0
FFFFFFF89B3004F0
64800F00650000F0
9B300CC065800000
8C1000C000000010
A14C000000000000
A100000000000010
5A000E50FFFFFFBC
4C0000DE5A000DC0
FFFFFFD4A14C0000
5E000EC05A000E40
FFFFFFC4A1000000
64C00F00640000F0
FFFFFFB0A5400000
FFFFFFF89F3004F0
FFFFFFF09F3005F0
FFFFFFE89F3006F0
FFFFFFE09F3007F0
000000008C100000
00000010A14C0000
0000013CA1000000
000000089B300C00
0004CCC88B800E00
000000009F300CE0
0000001299200C00
000000148C1000C0
000000D8A1380000
0001EDE08B800C00
000000009B3001C0
000000209A200CC0
540000C054000500
00013E9CA3000000
8C1000C054000050
A14C000000000000
8B800C000000009C
9A200CC00001EDA4
89000CC000000020
8C1000C0000000F0
A1480000000000E0
8B800C0000000074
9B300CC00004CC3C
98200EC000000000
98200CC00000000C
50244CC00000000D
A3000000454000CE
54000050FFFF7428
8C1000C050654CC0
A138000000000014
89000CC00000002C
99200E000000003C
4C0000CE00000010
00000010A1440000
0000006CA1000000
FFFFA228A3000000
FFFFFFE09B3007F0
FFFFFFE89B3006F0
FFFFFFF09B3005F0
FFFFFFF89B3004F0
64800F00650000F0
8B80000065800000
8B8001000001E102
8BD002000001DB42
8B80030000000083
A30000000001DFD7
A100000000017CD0
8B800E0000000000
8BD004000004CB7C
9F3004E000000000
88300EC000000000
8B800D00FFFFFFEC
5D000ED00004CB54
0000001299200D00
A13800004C0000DC
A100000000000010
9B300C0000000120
8C1000C000000000
A14C000000000000
A100000000000010
8BD0010000000710
5400005000000014
FFFFA868A3000000
0000001299200650
0004CB008B800C00
8B800C005D0006C0
590007C00004CAE4
5400016054000050
FFFFA838A3000000
4460067654000050
8900011054000160
9B300C000000FFFF
99200EC000000000
4C00001E00000012
FFFFFEC8A1440000
000000089B300EC0
0004CA988B800D00
000000009F300ED0
A3000000540000C0
54000C50FFFFA7E4
0000001099200EC0
9D200EC044600EE6
99200DC000000010
8C1000D000000012
A148000000000000
8B800000000007E4
8B8001000001DFA2
8BD002000001D9E2
8B800300000000DF
A30000000001CB20
A100000000017B70
8B800D0000000000
5D000ED00004CA24
A3000000540001C0
8B800600FFFFA76C
9B300C600004C9F4
58000EC000000000
0000000198200CC0
454000CE50244CC0
FFFF71E4A3000000
50644EE054000EC0
000000009B300D60
000000019C200ED0
98200CD05C000CD0
98200ED000000002
50244EE000000003
A3000000454000EC
54000EC0FFFF71A8
9B300D6050644EE0
9C200ED000000000
9C200CD000000003
98200CD000000002
50244CC000000005
0000000498200ED0
98200ED045400CCE
50284EE000000006
0000000798200DD0
45400EDE502C4DD0
A3000000454000EC
54000EC0FFFF7168
9B300D60506C4EE0
9C200ED000000000
54000EC000000007
9C200ED050684EE0
54000EC000000006
9C200ED050644EE0
9C200CD000000005
8B800E0000000004
5E000CE00004C908
0000000998200CD0
98200ED050244CC0
45400CCE00000008
0000000A98200ED0
98200DD050284EE0
502C4DD00000000B
454000EC45400EDE
FFFF70DCA3000000
506C4EE054000EC0
000000009B300D60
0000000B9C200ED0
50684EE054000EC0
0000000A9C200ED0
50644EE054000EC0
000000099C200ED0
000000089C200CD0
0004C8808B800E00
98200CD05E000CE0
98200ED00000000E
50244EE00000000F
A3000000454000EC
9B300E60FFFF7050
54000DC000000000
9C200DE050644DD0
9C200CE00000000F
98200CE00000000E
98200EE00000000C
50244EE00000000D
A3000000454000EC
8B800E00FFFF7010
54000DC00004C818
0000003F89000DD0
540000505C000DE0
0000001099200D00
0004C7F68B800E00
54000EC05D000DE0
0000000389000EE0
000000008C1000E0
0000003CA1480000
89000EE054000ED0
57880EE00000FFFF
0004C7BE8B800B00
54000BE05D000EB0
0000FFFF89000BB0
A14C00004C0000BE
8B800E00FFFFFBAC
9B3001E00004C754
8C10001000000000
A148000000000000
8B800900000001F4
9A200E900001E894
9A200B9000000020
8B800A000000001C
9B300AA00004C73C
9B30099000000000
55600BB000000008
A100000055600EE0
9B30014000000020
8C10001000000010
A148000000000000
540008400000019C
9A20014054000410
8C10001000000020
A14800000000000A
8C10001000000508
A148000000000001
8C10001000000558
A14C000000000000
A100000000000010
9820014000000510
8C10001000000008
A148000000000000
9820029000000028
578802200000006C
000000FF89000220
A14C00004C000012
580001A0FFFFFF70
00000001982002A0
4540012150244220
0000002899200240
A14C00004C000021
982001A0FFFFFF48
982002A000000002
5024422000000003
9920024045400121
4C00002100000026
FFFFFF1CA14C0000
000000049A200140
A14C00004C00001B
5A000140FFFFFF08
A14C00004C00001E
9B300E40FFFFFEF8
4C0000E400000010
00000010A14C0000
000008E0A1000000
000000008C100080
00000030A1480000
000000109F300E80
0004C5B08B800E00
000000009B300BE0
000000109F300B40
000000009F3004E0
000000109B300E40
540000504C0000E4
0000045CA14C0000
0001DAFE8B800000
0001D53E8B800100
000001158BD00200
0001D5588B800300
000176CCA3000000
00000000A1000000
0004C5508B800E00
000000009B300EE0
000000008C1000E0
00000184A1480000
0001E6888B800800
000000209A200B80
0000001C9A200A80
0004C5308B800900
000000009B300990
000000089B300880
55600BB055600AA0
00000020A1000000
000000109B300EE0
000000008C1000E0
0000012CA1480000
000000209A2001E0
0000000A8C100010
00000010A1480000
000002CCA1000000
00000008982001E0
000000008C100010
00000028A1480000
0000006C98200280
8900022057880220
4C000012000000FF
FFFFFF98A14C0000
9820029058000190
5024422000000001
992002E045400121
4C00002100000028
FFFFFF70A14C0000
0000000298200190
0000000398200290
4540012150244220
00000026992002E0
A14C00004C000021
9A2001E0FFFFFF44
4C00001A00000004
FFFFFF30A14C0000
4C00001B5A0001E0
FFFFFF20A14C0000
540000E054000400
00000918A3000000
A300000054000040
A1000000FFFF9A64
8B800000FFFFF83C
8B8001000001D962
8BD002000001D3A2
8B800300000000C2
A30000000001D3AC
A100000000017530
8B800E0000000000
9B3001E00004C39C
8C10001000000000
A148000000000000
8BD0040000000268
8B800E0000000000
9A200BE00001E4E4
8B800A0000000020
9B300AA00004C394
9B3009E000000000
55600BB000000008
A100000054000E40
9B3001E000000020
8C10001000000010
A148000000000000
540008E000000218
982001E054000E10
8C10001000000008
A148000000000000
9820029000000028
578802200000006C
000000FF89000220
A14C00004C000012
982001A0FFFFFFB0
982002A000000002
5024422000000003
992002E045400121
4C00002100000026
FFFFFF84A14C0000
8C1000105A0001E0
A148000000000000
4C00001B0000001C
00000010A1480000
FFFFFF5CA1000000
000000008C100080
00000038A1480000
000000109B300CE0
000000109F300C80
0004C2708B800C00
000000009B300DC0
000000109F300DE0
000000009F300EC0
A3000000540000E0
5400005000000940
FFFF98C8A3000000
FFFFF6A0A1000000
0000FFFF89000EE0
000000009B300CC0
0000001099200CC0
A14800004C0000EC
8B800000FFFFF850
8B8001000001D7A2
8BD002000001D1E2
8B800300000000E0
A30000000001D403
A100000000017370
8B80000000000000
8B8001000001D772
8BD002000001D1B2
8B8003000000011F
A30000000001D1F6
A100000000017340
8B80000000000000
8B8001000001D742
8BD002000001D182
8B800300000000FC
A30000000001C03A
A100000000017310
8B80000000000000
8B8001000001D712
8BD002000001D152
8B800300000000FB
A30000000001C790
A1000000000172E0
8B80000000000000
8B8001000001D6E2
8BD002000001D122
8B800300000000FD
A30000000001C188
A1000000000172B0
8BD0040000000000
8C10004000000000
A148000000000000
8B800E000000013C
9D200DE00004C15C
8B800D0000000010
8BD005000004C16C
9F3005D000000000
8B800D0000000000
5C0005D00004C15C
0004C1528B800D00
9F3005E05D0005D0
9F3000E000000000
8B800D0000000008
9B300DD00004C0E4
9F300DE000000000
89000CC000000018
8C1000C000000008
A148000000000000
98200C0000000020
89400CC000000015
9C200C0000000001
9B300C4000000015
8C1000C000000098
A148000000000000
5400004000000190
FFFFE5ACA3000000
FFFFFFF38C1000C0
00000044A1480000
0004C08E8B800C00
9B300E4059000CC0
8C1000E000000098
A148000000000000
89000CC000000150
8C1000C00000FFFF
A148000000000000
99200C4000000138
8C1000C00000003A
A14C000000000000
54000040000002AC
000074F4A3000000
00000298A1000000
0004C0008B800C00
000000009B300CC0
0000000C98200EC0
0000000D98200CC0
454000CE50244CC0
FFFF67ECA3000000
0000000489000CC0
000000008C1000C0
000000B0A14C0000
0004BFD88B800C00
8B800C005A0001C0
59000CC00004BFD2
0004BFBC8B800E00
8B800D005A000EE0
9B300DD00004BF94
98200BD000000000
98200AD000000002
580009D000000003
0000000198200DD0
0001E0A88B800800
000000089B300080
0000001C88300280
9F30023064C00300
50244DD000000018
9F300D3045400DD9
50244AA000000028
9F300D3045400DAB
442002EC00000020
0000002088300380
00008358A3000000
A300000054000050
A1000000FFFF9564
8B800C00FFFFF33C
9F3004C00004BF54
5400004000000000
00000990A3000000
FFFFFFF38C1000C0
00000168A1480000
0004BF208B800C00
89000CC058000CC0
8C1000C000000008
A148000000000000
A100000000000010
8B800C00000000F0
590002C00004BEF6
000000008C100020
0000004CA1480000
000000A89B300C40
000000008C1000C0
00000028A1480000
000000189B300040
6280000C54000140
FFFFFFF38C1000C0
000000E8A1480000
0004BEA28B800C00
540000405D0005C0
00001988A3000000
8C1000C055600CC0
A14C000000000000
8B800C00000000BC
9B3002C00004BE6C
8C10002000000000
A148000000000000
9B300C4000000204
8C1000C000000098
A148000000000000
8B80000000000114
8B8001000001D352
8BD002000001CD92
8B800300000001E6
A30000000001C006
A100000000016F20
9B300C4000000000
8C1000C0000000C8
A148000000000000
9B3000400000001C
8BD0010000000018
6280000CFFFFFFF2
0004BD708B800000
A300000054000140
54000040FFFFCEAC
FFFFB224A3000000
0004BDB88B800C00
000000009F3005C0
0004BDB88B800C00
000000009F3005C0
0004BD788B800C00
000000089B3000C0
000000008C100000
FFFFF170A1480000
FFFF9388A3000000
0004BD508B800C00
000000089F3005C0
FFFFF150A1000000
0001D2768B800000
0001CCB68B800100
0000010D8BD00200
0001BB988B800300
00016E44A3000000
00000000A1000000
0000002A99200C40
0000001089000CC0
000000008C1000C0
00000010A1480000
00000040A1000000
000000B09B300C40
000000008C1000C0
00000048A1480000
000000189B300040
000000008BD00300
6280000C54000140
00000040A1000000
A300000054000020
54000040FFFF92D4
FFFFD124A3000000
FFFFFEF8A1000000
000000008BD00000
5400030054000140
FFFFE3C0A3000000
000000008C1000C0
00000038A1480000
000000FF89000CC0
000000F38C1000C0
FFFFFEB8A1480000
0004BC688B800C00
000000009B300CC0
000000989F300C40
0004BC588B800C00
89000CC058000CC0
8C1000C000000020
A148000000000000
9B300C4000000038
8C1000C000000098
A148000000000000
98200EC000000064
89400EE000000015
9C200EC000000020
8B800C0000000015
9F3005C00004BC0C
5400004000000000
000016E8A3000000
8C1000C055600CC0
A14C000000000000
54000040FFFFFE1C
000062F8A3000000
FFFFFE08A1000000
0000003899200C40
00000B688C1000C0
00000014A1480000
9D200C4057880CC0
9B300C4000000038
8C1000C0000000B0
A148000000000000
9B300040FFFFFF88
8BD0020000000018
5400014000000000
6280000C54000320
FFFFFFF38C1000C0
FFFFFDA0A1480000
FFFFFF54A1000000
64C00F00640000F0
FFFFFFD0A5400000
0004BB148B800C00
54000EC058000CC0
0000000489000EE0
000000008C1000E0
00000188A14C0000
89000EE054000EC0
8C1000E000000002
A148000000000000
A100000000000010
89000CC00000003C
8C1000C000000001
A148000000000000
8B800C0000000110
5A000CC00004BA80
000000309E200C00
000000F4A1000000
000000349A200E00
0004BA848B800C00
44600DCE5A000CC0
8C1000D055200DD0
A128000000000000
44600EEC000000C8
0000003899200D00
55200EE044200EED
000000008C1000E0
000000A4A1280000
0004BA208B800E00
000000009B300EE0
0000000198200DE0
58000BE050244DD0
8B800B0045400DDB
5A0001B00004BA1C
0004BA168B800B00
98200AE059000BB0
98200EE000000002
8B80090000000003
883008900001DB14
64C002000000001C
000000189F300820
000000289F300D20
45400EEA50244EE0
000000209F300E20
88300390442002CB
A300000000000020
A100000000007A5C
8B800C0000000044
59000CC00004B9AA
000000008C1000C0
00000028A1480000
0000002A99200C00
0000000289400CC0
0000002A9D200C00
000060C8A3000000
64800F00650000F0
640000F065800000
A540000064C00F00
9F3004F0FFFFFFB0
9F3005F0FFFFFFF8
9F3006F0FFFFFFF0
9F3007F0FFFFFFE8
8B800C00FFFFFFE0
58000CC00004B930
89000EE054000EC0
8C1000E000000004
A14C000000000000
54000EC000000318
0000001089000EE0
000000008C1000E0
00000010A1480000
0000024CA1000000
0000000289000CC0
000000008C1000C0
000002DCA1480000
9820000054000600
A300000000000024
540004C0FFFFE270
000000008C100040
00000010A14C0000
000002D8A1000000
0001D9B88B800C00
000000209A200EC0
9A200CC05E000E40
9E200C400000001C
99200C6000000004
9D200C4000000026
8B80050000000026
9B300C500004B844
58000EC000000000
0000000198200CC0
000000038BD00D00
000000209E200D40
45400CCE50244CC0
000000289D200C40
0004B8248B800700
57880CC05A000C70
0000003C9E200C40
000000349E200C40
A300000054000040
9E200C40FFFFD69C
9E200C4000000068
9E200C4000000060
9E200C400000006C
5A000C7000000054
9E200C4057C80CC0
9B300C6000000064
9F300C4000000018
9F30064000000018
98200C60000000A0
89000CC000000009
9C200C400000000C
98200C6000000009
9C200C4000000008
8B800C0000000008
9B300EC00004B74C
9F300E4000000000
9F3004C000000010
A300000000000000
8B800C0000008508
8BD00E000004B735
5C000EC000000001
A300000054000040
9B300C5000001380
98200EC000000000
98200CC00000000E
50244CC00000000F
9D200C4045400CCE
9D200C4000000070
9920054000000072
8830064000000042
5400006000000004
00011A88A3000000
54000050540001C0
A300000054000260
9D200C40FFFFD608
8BD0010000000042
5400004000000012
00005A34A3000000
000000008C1000C0
00000134A1480000
000000008BD00100
A300000054000040
A1000000FFFFC264
8B800C00000000B0
5A0001C00004B69C
0004B6968B800C00
8B800E0059000CC0
5A000EE00004B680
0004B6588B800D00
000000009B300DD0
0000000298200BD0
0000000398200AD0
98200DD0580009D0
8B80080000000001
9B3000800001D76C
8830028000000008
64C003000000001C
000000189F300230
45400DD950244DD0
000000289F300D30
45400DAB50244AA0
000000209F300D30
88300380442002EC
A300000000000020
9B3007F000007A1C
9B3006F0FFFFFFE0
9B3005F0FFFFFFE8
9B3004F0FFFFFFF0
650000F0FFFFFFF8
6580000064800F00
000000289B300C60
000000008C1000C0
FFFFFFC4A1480000
000000189B300060
000000008BD00100
FFFFFFFF8BD00200
A10000006280000C
54000040FFFFFFA0
00005CE0A3000000
FFFFFF8CA1000000
64C00F00640000F0
FFFFFFB0A5400000
FFFFFFF89F3004F0
FFFFFFF09F3005F0
FFFFFFE89F3006F0
FFFFFFE09F3007F0
8B800C0054000400
580006C00004B548
89000CC054000C60
8C1000C000000004
A148000000000000
A100000000000010
5400076000000220
0000000289000770
000000008C100070
00000030A1480000
000000209A200C40
FFFFFFFE89000CC0
000000028C1000C0
00000010A1480000
000002DCA1000000
0000002A99200C40
0000001089000CC0
000000008C1000C0
0000001CA14C0000
0004B4848B800C00
9E200C405A000CC0
8BD0050000000030
9D20054000000000
54000040000000D6
000010BCA3000000
000000008C100070
00000028A1480000
000000209A200C40
FFFFFFFE89000CC0
000000028C1000C0
000009C4A14C0000
000000209A200C40
000000058C1000C0
0000020CA1340000
000000038C1000C0
000002F0A1340000
000000028C1000C0
000004C4A1480000
000000038C1000C0
00000010A1480000
00000974A1000000
000000008C100070
00000010A1480000
0000082CA1000000
0000001089000660
000000008C100060
00000944A1480000
0004B3D08B800C00
9A200C405A0001C0
44600CC100000054
8C1000C055200CC0
A1340000FFFFFFFF
A100000000000010
8B800C0000000A1C
9B300CC00004B37C
98200EC000000000
50244EE000000001
45400EED58000DC0
0004B37E8B800D00
8B800B0059000DD0
5A000BB00004B368
0000000298200AC0
0000000398200CC0
0001D4708B800900
0000001C88300890
9F30080064C00000
9F300E0000000018
50244CC000000028
9F300C0045400CCA
442002BD00000020
0000002088300390
A300000054000040
A1000000000073B4
9A200C4000000870
8C1000C000000020
A14C000000000002
9A200E4000000038
8B800D0000000060
5A000DD00004B2DC
A14800004C0000DE
8BD0050000000040
A100000000000000
9A200E4000000828
8B800D0000000034
5A000DD00004B2A8
A14800004C0000DE
A100000000000010
8C1000C0000000C0
A14C000000000000
A100000000000010
8B800C000000010C
58000EC00004B2A4
0000000889400EE0
99200C405C000EC0
89000CC00000002A
9D200C400000FFFE
8BD005000000002A
A1000000000000F2
8C1000C0000007A8
A134000000000007
8C1000C0000001C0
A148000000000006
8C1000C0000003E8
A148000000000007
A100000000000250
99200C4000000770
89400CC00000002A
9D200C4000000002
8BD005000000002A
A100000000000000
44600CDE00000748
000000008BD00500
8C1000C055200CC0
A128000000000000
44600CED00000728
0000003899200E40
55200CC044200CCE
000000008C1000C0
00000704A1280000
0000002A99200C40
0000000289400CC0
0000002A9D200C40
000006E4A1000000
0001C6B68B800000
0001C0F68B800100
0000033B8BD00200
0001B3848B800300
00016284A3000000
00000000A1000000
000000048C1000C0
0000017CA1480000
000000058C1000C0
00000010A1480000
0000068CA1000000
A300000054000040
8B800C0000001104
58000CC00004B110
0000001089000CC0
0004B1288B800E00
89000EE058000EE0
8C1000E000000020
A148000000000000
A100000000000010
8C1000C00000054C
A148000000000000
9A200C4000000630
8B800E0000000060
5A000EE00004B0B4
A14C00004C0000EC
9B300C4000000610
8C1000C000000080
A14C000000000000
8BD00C00000005F8
9E200C4000000006
A100000000000020
8C1000C0000005E0
A148000000000008
8C1000C0000002E0
A148000000000009
A100000000000010
54000040000005B8
00001030A3000000
0004B03C8B800C00
89000CC058000CC0
8C1000C000000010
A148000000000000
9A200C4000000588
8B800E0000000060
5A000EE00004B00C
A14C00004C0000EC
9B300C4000000568
8C1000C000000080
A14C000000000000
8B800C0000000550
58000EC00004B00C
0000001089400EE0
A10000005C000EC0
5400004000000530
00000FA8A3000000
0004AFE08B800C00
89000CC058000CC0
8C1000C000000020
A148000000000000
8BD00C0000000500
9E200C4000000007
99200C4000000020
89400CC00000002A
9D200C4000000002
A10000000000002A
54000C60000004D0
0000001289000CC0
000000128C1000C0
00000294A14C0000
0004AF408B800C00
9A200E405A000CC0
57880EE000000054
4C0000CE55600EE0
0000026CA14C0000
0004AF148B800E00
9E200C405A000EE0
54000CE000000054
9E200C4057880CC0
9E200C400000003C
8B800C0000000034
9B300CC00004AECC
98200DC000000000
98200CC00000000E
57C80EE00000000F
000000649E200E40
000000048BD00E00
000000209E200E40
45400CCD50244CC0
000000709D200C40
000000729D200C40
0000004299200640
0000000488300740
A300000054000070
540001C00001120C
5400027054000060
FFFFCD8CA3000000
0000088E8BD00E00
8C1000D04E600DCE
A048000000000000
A10000000000CAB4
8BD00B00000003EC
A10000000000111C
54000040000003E4
00000E20A3000000
0004AE588B800C00
89000CC058000CC0
8C1000C000000020
A148000000000000
99200C4000000378
89400CC00000002A
9D200C4000000002
540000400000002A
FFFFCEBCA3000000
0004ADA08B800C00
000000009B300CC0
A14800004C0000C4
54000EC0000002C4
000000008C1000E0
000002C8A1480000
000000109B300CE0
A14C00004C0000C4
9B300C40FFFFFFE0
9F300CE000000010
A100000000000010
540000400000029C
00000D70A3000000
0004AD7C8B800C00
89000CC058000CC0
8C1000C000000010
A148000000000000
9A200C40000002C8
8B800E0000000060
5A000EE00004AD4C
A14C00004C0000EC
9B300C40000002A8
8C1000C000000080
A14C000000000000
5400004000000290
FFFFCDECA3000000
0004ACD08B800C00
000000009B300CC0
A14800004C0000C4
54000EC0000005C8
000000008C1000E0
000005CCA1480000
000000109B300CE0
A14C00004C0000C4
9B300C40FFFFFFE0
9F300CE000000010
A100000000000010
89000660000005A0
8C10006000000010
A148000000000000
8B800C0000000210
9B300CC00004AC7C
98200EC000000000
50244EE000000001
45400EED58000DC0
0004AC788B800D00
8B800D005A0001D0
59000DD00004AC72
0004AC5C8B800B00
98200AC05A000BB0
98200CC000000002
8B80090000000003
883008900001CD64
64C000000000001C
000000189F300800
000000289F300E00
45400CCA50244CC0
000000209F300C00
88300390442002BD
5400004000000020
00006CA8A3000000
0000005298200C40
000000058C1000C0
00000154A1440000
000000409D200540
A300000054000040
A1000000000064F8
8B800C0000000138
5A000CC00004ABC0
000000349A200E40
55600EE057C80EE0
A14C00004C0000CE
5400004000000110
000066FCA3000000
000000FCA1000000
000000008C1000C0
00000048A1480000
000000609A200C40
0004AB708B800E00
4C0000EC5A000EE0
00000028A14C0000
000000809B300C40
000000008C1000C0
00000010A14C0000
0000038CA1000000
000000088BD00C00
000000209E200C40
0000002A99200C40
0000000289400CC0
0000002A9D200C40
0000007CA1000000
000000109B300CC0
0004AAC08B800E00
000000009F300CE0
000000008BD00500
000000109F300540
0004AAB18B800C00
000000018BD00E00
8BD00C005C000EC0
9E200C400000000A
8B800C0000000020
9B300EC00004AA84
9F300E4000000000
9F3004C000000010
A300000000000000
5508055000007838
9B3007F054000C50
9B3006F0FFFFFFE0
9B3005F0FFFFFFE8
9B3004F0FFFFFFF0
650000F0FFFFFFF8
6580000064800F00
5020CBB054000BC0
50214DD054000DC0
8C1000B04DA00BDB
A048000000000000
A10000000000CEC4
46800DCE00000010
9D200C405020CDD0
9D200D4000000042
99200C4000000058
8C1000C000000076
A14C000000000000
A100000000000010
57C80CC00000004C
000000769D200C40
000000889B300040
000000008C100000
00000010A14C0000
00000124A1000000
000000009B300C00
000000889F300C40
0000013CA1000000
0001BEFE8B800000
0001B93E8B800100
000003778BD00200
0001B75D8B800300
00015ACCA3000000
00000000A1000000
000000609A200C40
55200CC044600CC1
000000008C1000C0
FFFFF5D4A1280000
000000048BD00C00
000000209E200C40
FFFFFFFACBC00C00
9B300E4000000000
8C1000E0000000A0
A148000000000000
9B300CE000000040
8C1000C000000028
A14C000000000000
A100000000000010
9B30004000000384
8BD0020000000018
5400014000000000
55600CC06280000C
000000008C1000C0
000002E4A1480000
000000F38BD00500
FFFFFFF3CBC00E00
4C0000CE00000000
FFFFFE3CA1480000
A300000054000040
A1000000FFFFBD58
9B300040FFFFFE28
8C10000000000080
A14C000000000000
A100000000000010
9B300C00000001E4
9F300C4000000000
A300000000000080
9B300C40FFFFD0DC
8C1000C000000088
A14C000000000000
A100000000000010
8BD00C0000000028
9C200C4000000000
9D200C4000000052
A100000000000040
8BD00C0000000018
9D200C400000FFFF
9B300C4000000040
8C1000C0000000B8
A148000000000000
9B30004000000048
8BD0020000000018
5400014000000000
8C1000C06280000C
A1480000FFFFFFF3
A100000000000010
8BD0050000000018
A1000000000000F3
99200C40FFFFFD48
89400CC00000002A
9D200C4000000002
A10000000000002A
99200C40FFFFFD28
89400CC00000002A
9D200C4000000002
540000400000002A
FFFFC86CA3000000
0004A7508B800C00
000000009B300CC0
A14800004C0000C4
54000EC0000000F4
000000008C1000E0
000000F8A1480000
000000109B300CE0
A14C00004C0000C4
9B300C40FFFFFFE0
9F300CE000000010
A100000000000010
9B300CC0000000CC
8B800E0000000010
9F300CE00004A6EC
8BD0050000000000
9F30054000000000
8B800C0000000010
8BD00E000004A6DD
5C000EC000000001
0000000A8BD00C00
000000209E200C40
0004A6B08B800C00
000000009B300EC0
000000109F300E40
000000009F3004C0
00007464A3000000
FFFFFC2CA1000000
0001BBFE8B800000
0001B63E8B800100
0000037F8BD00200
0001ACA38B800300
000157CCA3000000
00000000A1000000
000000109B300CC0
0004A6408B800E00
000000009F300CE0
000000008BD00500
000000109F300540
0004A6318B800C00
000000018BD00E00
8BD00C005C000EC0
9E200C400000000A
8B800C0000000020
9B300EC00004A604
9F300E4000000000
9F3004C000000010
A300000000000000
A1000000000073B8
54000040FFFFFB80
000005F8A3000000
0004A6328B800C00
8C1000C059000CC0
A148000000000000
57C80CC000000018
0004A6128B800E00
99200C405D000CE0
8BD00E0000000042
4E600DCE0000088E
000000008C1000D0
0000D350A0480000
00000048A1000000
0000111C8BD00B00
00000040A1000000
0001BADE8B800000
0001B51E8B800100
000003B88BD00200
0001A6C68B800300
000156ACA3000000
00000000A1000000
5020CBB054000BC0
50214DD054000DC0
8C1000B04DA00BDB
A048000000000000
A10000000000D3BC
46800DCE00000010
9D200D405020CDD0
8B800C0000000058
58000CC00004A55C
0000002089000CC0
000000008C1000C0
FFFFFA7CA1480000
000000078BD00C00
000000209E200C40
0000002A99200C40
0000000289400CC0
0000002A9D200C40
FFFFFA4CA1000000
64C00F00640000F0
FFFFFFE0A5400000
FFFFFFF89F3004F0
8B800C0054000400
58000CC00004A4EC
0000001089000CC0
000000008C1000C0
00000010A1480000
00000018A1000000
000000008BD00C00
0000007CA1000000
0000002A99200C40
0000001089000CC0
000000008C1000C0
00000034A14C0000
000000C89B300C40
000000008C1000C0
0000001CA1480000
000000189B300040
FFFFFFF18BD00100
8B8000006280000C
540001400004A3F4
FFFFB530A3000000
A300000054000040
8BD00C00FFFF98A8
9B3004F000000001
650000F0FFFFFFF8
6580000064800F00
64C00F00640000F0
0004A4208B800C00
89400EE058000EC0
5C000EC000000010
64800F00650000F0
640000F065800000
A540000064C00F00
9F3004F0FFFFFFF8
8B800C00FFFFFFF8
59000CC00004A39C
000000008C1000C0
0000037CA1480000
000000008BD00E00
0004A3888B800D00
8B800B0059000DD0
9B300BB00004A374
8B800A0000000000
9B300AA00004A354
88300AA000000000
540009D000000014
0000FFFF89000990
0000002CA1000000
540008E054000E10
0000FFFF89000880
A13800004C00008C
A100000000000010
540008E000000308
0000FFFF89000880
4DA00889442001A8
000000008C100080
0000D600A0480000
00000020A1000000
89000880446008ED
442002B8000000FF
0000000CA1000000
8BD0080054000210
4C2008B800000000
000000008C100080
0000D63CA0480000
540001E054000210
5800022057880110
000000018C100020
FFFFFF60A1480000
000000028C100020
0000006CA1480000
000000008C100020
00000264A1480000
8900033054000310
442002A30000FFFF
8C1000304DA00339
A048000000000000
A10000000000D6A4
4460011D00000120
000000FF89000110
8C100080442001B1
A048000000000000
A10000000000D7D4
540003100000010C
0000FFFF89000330
4DA00339442002A3
000000008C100030
0000D6F8A0480000
00000030A1000000
890001104460011D
442001B1000000FF
000000008C100080
0000D738A0480000
0000001CA1000000
8C10008054000120
A048000000000000
540001200000D738
8C10001058000110
A14C000000000004
883001E000000190
5400031000000002
0000FFFF89000330
0000000288300230
A14400004C00002C
442002A300000168
8C1000304DA00339
A048000000000000
A10000000000D794
4460011D00000068
000000FF89000110
8C100080442001B1
A048000000000000
A10000000000D80C
5400012000000054
000000008C100080
0000D7D4A0480000
5800081054000120
000000028C100080
000000F4A1380000
A100000044200EE8
54000120FFFFFDC8
000000008C100080
0000D80CA0480000
883003E054000120
5400043000000003
0000FFFF89000440
4DA00449442002A4
000000008C100040
0000D840A0480000
00000030A1000000
890003304460033D
442003B3000000FF
000000008C100080
0000D880A0480000
0000001CA1000000
8C10008054000320
A048000000000000
540003200000D880
5800011058000830
4540081850244110
FFFFFA4C8BD00100
FFFFFA4B88300280
8C1000104DA00121
A048000000000000
8BD008000000D8BC
9D200800000005B4
88300EE000000042
A100000000000004
9B3004F0FFFFFCE8
650000F0FFFFFFF8
6580000064800F00
64C00F00640000F0
FFFFFFB0A5400000
FFFFFFF89F3004F0
FFFFFFF09F3005F0
FFFFFFE89F3006F0
FFFFFFE09F3007F0
9A200C4054000400
8C1000C000000020
A144000000000003
A100000000000010
8B800C0000000288
58000CC000049FC0
0000001089000CC0
000000008C1000C0
00000738A1480000
00049F948B800C00
9A200B405A000DC0
44600ABD00000064
000000689A200C40
0000007099200E40
8C1000A055200AA0
A128000000000000
54000AD000000098
55600BB055600AA0
A14C00004C0000BA
8B800B000000002C
5A000BB000049F44
55200BB044600BCB
000000008C1000B0
0000005CA1280000
00049F208B800B00
54000AC05A000BB0
4C0000AB55600AA0
000000A4A14C0000
00049EE08B800B00
000000009B300BB0
0000000E98200AB0
0000000F98200BB0
45400BBA50244BB0
A14000004C0000BE
8B800B0000000070
9B300BB000049EAC
98200AB000000000
98200BB00000000E
50244BB00000000F
9D200B4045400BBA
99200A4000000070
4C0000AB00000072
00000010A13C0000
000000729D200B40
000000649E200D40
00049E788B800D00
9E200D405A000DD0
8B800D0000000068
5A000DD000049E64
000000549A200B40
55200AA044600ABD
000000008C1000A0
00000134A1280000
00049E3E8B800A00
8C1000A059000AA0
A14C000000000000
44200CCE000004B8
0000007099200E40
000000689A200A40
55600EE044200EAE
4C0000EC55600CC0
0000048CA14C0000
0000004099A00C40
55600BB055600DD0
A14C00004C0000BD
8C1000C000000470
A128000000000000
98200C4000000460
8C1000C000000053
A1480000000000FF
57880CC000000014
000000539C200C40
0000005398200C40
000000048C1000C0
00000030A1380000
0000004299200E40
0000005899200D40
8BD00D0044200EDE
46400EED0000FFFF
000000589D200E40
000000038C1000C0
000003ECA1380000
A300000054000040
A100000000005B0C
8B800000000003D8
8B8001000001B282
8BD002000001ACC2
8B80030000000488
A30000000001B16F
A100000000014E50
9A200C4000000000
44600CCD00000060
8C1000C055200CC0
A128000000000000
99200C4000000120
54000EC00000002A
0000000489000EE0
000000008C1000E0
000000008BD00500
00000030A1480000
0000007A9D200540
0000FFFB89000CC0
0000002A9D200C40
0000005A99200C40
000000589D200C40
0000004C99A00C40
99200E405061CCC0
44200CCE0000004E
000000529D200540
000000509D200C40
000000549E200D40
99200C4044600DDB
99200E4000000058
4C0000CE0000005A
89000BB054000BD0
8BD00E000000FFFF
A13C00000000FFFF
99200A400000007C
9920094000000042
548809900000002A
890009905065C990
50004AA900000001
89000990540009A0
4DA00BB90000FFFF
000000008C1000B0
0000DD0CA0480000
89000AA054000AD0
44200CCA0000FFFF
A100000046400CCE
540000400000005C
00005094A3000000
0000025CA1000000
0000007A99200D40
46400DDE44200DDB
0000007A9D200D40
A13800004C0000DC
44600DDC0000002C
0000007A9D200D40
0000004299200D40
46400CCE44200CCD
000000589D200C40
000000809B300240
000000889B300140
A300000054000040
540002C0000018E4
000000889F300240
000000809B300140
A300000054000040
9B300E40000018C4
4C200DE500000088
000000008C1000D0
A048000054000D50
8BD00D000000DDE4
9C200540FFFFFFFF
9D200D400000002C
9F300C4000000040
8C1000C000000080
A14C000000000000
8BD00D0000000018
9D200D4000000000
8B800D0000000078
59000DD000049B0E
0000007499200B40
9D200D4044200DDB
99200D4000000074
89000DD00000002A
8C1000D000000800
A148000000000000
8C1000E000000138
A14C000000000000
A100000000000010
9B300CE000000090
98200EC000000018
50244EE000000005
0000000498200DC0
98200DC045400EED
50284DD000000006
0000000798200CC0
45400CCD502C4CC0
A3000000454000CE
9A200E40FFFF4258
44600CCE0000005C
8C1000C055200CC0
A128000000000000
99200C40000000B8
89000CC00000002A
9D200C400000F7FF
A10000000000002A
8C1000C000000098
A148000000000000
9B300CC000000070
98200EC000000018
50244EE000000005
0000000498200DC0
98200DC045400EED
50284DD000000006
0000000798200CC0
45400CCD502C4CC0
A3000000454000CE
9A200E40FFFF41C0
44600CCE0000005C
8C1000C055200CC0
A128000000000000
99200C4000000020
89000CC00000002A
9D200C400000F7FF
9A200E400000002A
8C1000E000000044
A148000000000000
8B800C00000000F4
5A000CC000049954
000000489A200D40
55200CC044600CDC
FFFFFFFF8C1000C0
000000C8A1340000
0000004C99A00C40
89000DD054000DC0
5061CDD0FFFFFFF8
8B800D0044200EED
5A000DD0000498E0
54000BE044600EDE
0000800089000BB0
000000008BD00D00
8C1000B04C200BBD
A048000000000000
A10000000000E02C
54000BE000000018
A100000054480BB0
54000BE00000000C
000000449E200D40
0000004E99A00D40
89000AA054000AD0
50614AA0FFFFFFFC
44200DDB44600BBA
9D200C4044200CCE
9D200D400000004C
55180CC00000004E
44200CDC5061CCC0
000000509D200C40
0004986E8B800C00
8C1000D059000DC0
A148000000000000
9A200C4000000104
8C1000C000000020
A144000000000006
8B800C00000000EC
5A000CC000049830
000000349A200E40
55200BB044600BCE
FFFFFFFF8C1000B0
0000002CA1340000
44600DED44200DCD
8C1000D055200DD0
A1340000FFFFFFFF
A100000000000010
8C1000B000000634
A1340000FFFFFFFF
99200C4000000020
89400CC00000002A
9D200C4000000002
9A200D400000002A
8B800C0000000034
5A000CC0000497B0
55200EE044600ECD
000000008C1000E0
00000034A1280000
0000003899200E40
44600ECE44200EDE
8C1000E055200EE0
A1340000FFFFFFFF
A100000000000010
54000040000000B0
00004C24A3000000
00000070A1000000
000000349A200C40
000497448B800E00
44600DEC5A000EE0
8C1000D055200DD0
A128000000000000
99200D400000002C
44200CCD00000038
55200CC044600CEC
000000008C1000C0
00000020A1280000
0000002A99200C40
0000000289400CC0
0000002A9D200C40
FFFFFFE09B3007F0
FFFFFFE89B3006F0
FFFFFFF09B3005F0
FFFFFFF89B3004F0
64800F00650000F0
55600DD065800000
55600EE054000EC0
A14C00004C0000ED
8B800C000000058C
9B300EC0000496AC
98200DE000000018
98200EE00000000C
50244EE00000000D
992005C0454000ED
A300000000000010
89000CC0FFFF3E68
8BD0070000000003
4C600CC700000000
0000000189000CC0
8B800E0044200C5C
5D000CE000049652
0000FFFF89000CC0
0000003899200E40
A14000004C0000CE
8B800C00000001F8
9B300CC00004962C
98200EC000000018
98200CC00000000C
50244CC00000000D
A3000000454000CE
89000CC0FFFF3DF0
8C1000C000000001
A148000000000000
8B80050000000078
9B300C50000495E4
98200EC000000018
98200CC00000000C
50244CC00000000D
54000600454000CE
0000C0FF89000660
FFFF3D9CA3000000
89000000540000C0
A30000000000003E
45400CC6FFFF3D88
000000189B300E50
0000000C9C200CE0
9C200CE050644CC0
99200C400000000D
8B800E0000000038
9D200CE00004956C
9B300CE000000010
98200EC000000018
98200CC00000000C
50244CC00000000D
A3000000454000CE
89000CC0FFFF3D28
8C1000C000000002
A148000000000000
8B800C0000000024
99200EC00004951C
57C80EE000000010
000000109D200EC0
000495008B800500
0000001099200150
000000089B300050
FFFF6EACA3000000
000000189B300C50
0000000C98200EC0
0000000D98200CC0
454000CE50244CC0
0000001099200550
FFFF3CA4A3000000
0000000389000CC0
000000008BD00E00
89000CC04C600CCE
44200C5C00000001
0004948E8B800E00
99200E405D000CE0
9A200D4000000038
44200EDE00000034
0000FFFF89000CC0
0004945C8B800D00
44200CDC5A000DD0
55600EE055600CC0
A14800004C0000CE
A100000000000010
9B300C4000000820
8C1000C000000090
A148000000000000
8B800C0000000C78
9B300CC000049424
98200EC000000018
98200CC00000000C
50244CC00000000D
A3000000454000CE
9B300040FFFF3BE8
89000CC000000090
8C1000C000000001
A148000000000000
A100000000000010
8C100000000007E0
A148000000000000
8BD00C0000000C08
9F300CF000000001
8BD00C00FFFFFFD0
9F300CF000000000
54000700FFFFFFD8
0000002CA1000000
000000009B300750
A300000054000050
8C100070FFFFBBD4
A148000000000000
5400057000000BB8
000000189B300C50
0000000598200EC0
98200DC050244EE0
45400EED00000004
0000000698200DC0
98200BC050284DD0
502C4BB000000007
45400EDE45400DBD
000493268B800D00
8B800D0059000BD0
5A000DD000049310
99200A5044200BDB
44200AEA00000010
55200AA044600ABA
000000008C1000A0
00000968A1280000
0000000C98200EC0
0000000D98200CC0
454000CE50244CC0
FFFF3ABCA3000000
0000000189000CC0
000000008C1000C0
FFFFFF28A1480000
000492B08B800C00
000000189B300CC0
0000000C98200EC0
0000000D98200CC0
454000CE50244CC0
FFFF3A74A3000000
0000000289000CC0
000000008C1000C0
FFFFFEE0A14C0000
000492688B800700
000000189B300C70
0000000C98200EC0
0000000D98200CC0
454006CE50244CC0
FFFFFFD09B3000F0
FFFF3A24A3000000
54000C00454000C6
9B300E7050644CC0
9C200CE000000018
9C2000E00000000D
890000000000000C
992006700000FFFF
A300000000000010
89000CC0FFFF39E8
9B300EF000000003
4C600CCEFFFFFFD8
0000000189000CC0
8B800E0044200C6C
5D000CE0000491D2
FFFFFE38A1000000
000491C08B800D00
000000089B3000D0
000000008C100000
00000010A14C0000
000004F0A1000000
54000E10446001EC
8C1000E055600EE0
A13800000000FFFF
A100000000000010
99200D00000004FC
54000C1000000010
4C0000CD55200CC0
000005B4A1300000
0001A6968B800000
0001A0D68B800100
0000059D8BD00200
00019F2C8B800300
00014264A3000000
00000000A1000000
000000909B300B40
000000008C1000B0
000004C8A1480000
000000008BD00600
8C100050540005B0
A148000000000000
9B300D50000004C4
98200BD000000018
50244BB000000005
0000000498200AD0
98200AD045400BBA
50284AA000000006
00000007982009D0
45400A9A502C4990
4C0000EB45400BAB
00000010A14C0000
000005E0A1000000
000000008C100060
00000010A14C0000
00000070A1000000
000000189B300A60
00000005982009A0
982008A050244990
4540099800000004
00000006982008A0
98200AA050284880
502C4AA000000007
45400AA945400AA8
446009CB44600AAC
55200AA045000AA9
FFFFFFFF8C1000A0
00000030A1340000
000005C4A1000000
55200AA044600ACB
FFFFFFFF8C1000A0
00000010A1340000
000006ACA1000000
9B300B5044600ABC
55200AA000000000
FFFFFFFF8C1000A0
A134000054000650
8C1000B0FFFFFEDC
5400065000000000
FFFFFEC8A14C0000
0000000C98200CD0
0000000D98200ED0
454000EC50244EE0
FFFF379CA3000000
0000000189000CC0
000000008C1000C0
00000360A14C0000
00048F908B800000
FFFFB84CA3000000
000000009F300C50
000000008C1000C0
00000338A1480000
000000189B300C50
0000000598200EC0
98200DC050244EE0
45400EED00000004
0000000698200DC0
98200CC050284DD0
502C4CC000000007
45400CCE45400CCD
0000001099200E50
8B800E0044200DCE
5A000EE000048F10
55200DD044600DED
FFFFFFFF8C1000D0
0000002CA1340000
9D200150446001EC
8900011000000010
9B3000500000FFFF
A300000000000008
8B800C00FFFF68A0
59000CC000048ED2
00048EBC8B800E00
44200CEC5A000EE0
0000003899200E40
000000349A200D40
44600CEC44200EDE
8C1000C055200CC0
A1340000FFFFFFFF
9B300C500000025C
9B300CC000000000
98200EC000000018
98200CC00000000C
50244CC00000000D
A3000000454000CE
89000CC0FFFF3650
8C1000C000000001
A148000000000000
9B300C5000000084
9B300CC000000000
98200EC000000018
98200CC00000000C
50244CC00000000D
54000600454000CE
0000C0FF89000660
FFFF35FCA3000000
89000000540000C0
A30000000000003E
45400CC6FFFF35E8
000000009B300E50
000000189B300EE0
50644DD054000DC0
0000000D9C200DE0
0000000C9C200CE0
0000003899200C40
000000349A200E40
8B80060044200CEC
5A000E6000048DA8
9B300C50446001CE
9D2001C000000000
8900011000000010
9B3000C00000FFFF
A300000000000008
9B300C50FFFF6748
9B300EC000000000
98200DE000000018
98200EE00000000C
50244EE00000000D
992005C0454000ED
A300000000000010
89000CC0FFFF3538
8BD00E0000000003
4C600CCE00000000
0000000189000CC0
8B800E0044200C5C
5D000CE000048D22
0000003899200E40
000000349A200D40
89000CC044200EDE
5A000D600000FFFF
55600CC044200CDC
4C0000CE55600EE0
000000B0A1480000
0001A21E8B800000
00019C5E8B800100
000006FF8BD00200
000188BB8B800300
00013DECA3000000
00000000A1000000
0001A1EE8B800000
00019C2E8B800100
0000059A8BD00200
0001A21E8B800300
00013DBCA3000000
00000000A1000000
0001A1BE8B800000
00019BFE8B800100
0000059B8BD00200
0001A1FE8B800300
00013D8CA3000000
00000000A1000000
00048C508B800000
FFFFB50CA3000000
000000909F300C40
A300000054000040
A1000000000040F0
8B800000FFFFF53C
8B8001000001A162
8BD0020000019BA2
8B800300000005D2
A3000000000187FF
A100000000013D30
8C10000000000000
A148000000000000
9B300C0000000438
9F300C4000000000
A300000000000090
9B300040FFFFB424
8C10000000000090
A148000000000000
A100000000000408
8B800C00FFFFFFD0
99200BC000048BAC
44600BB100000010
000000109D200BC0
0000001299200C00
A14000004C0000EC
44600ED10000004C
000000008BD00D00
000000129D200D00
000000109D200E00
54000B104460011C
9B30000055600BB0
99200C0000000000
4C0000BC00000012
FFFFFFD0A1440000
A300000055600110
9A200C40FFFF687C
8B800E0000000034
5E000CE000048B18
00048B188B800E00
000000189B300EE0
506C4DD054000DC0
000000079C200DE0
50684DD054000DC0
000000069C200DE0
50644DD054000DC0
000000059C200DE0
000000049C200CE0
FFFFF30CA1000000
0000001099200C50
00048AC08B800E00
0000001099200EE0
A14000004C0000EC
8B800000FFFFFE74
A300000000048AA4
8C1000C0FFFFB360
A148000000000000
8C100060FFFFFE54
A148000000000000
9F300C60000007A4
A100000000000000
8B8000000000079C
A300000000048A64
8C1000C0FFFFB320
A148000000000000
9B300E60FFFFFE14
98200DE000000018
50244DD000000005
0000000498200BE0
98200BE045400DDB
50284BB000000006
0000000798200EE0
45400EEB502C4EE0
99200D6045400EED
44200BED00000010
000489EC8B800D00
44600BDB5A000DD0
8C1000B055200BB0
A1340000FFFFFFFF
446001DE00000034
000000109D200160
0000FFFF89000110
000000089B300060
A3000000540007C0
54000C70FFFF6378
000000009F300C60
54000150540000C0
000009DCA3000000
FFFFFD58A1000000
55200CC044600CEB
FFFFFFFF8C1000C0
00000010A1340000
00000054A1000000
A100000054000750
8B800000000001A8
A30000000004895C
8C1000C0FFFFB218
A148000000000000
9F300C40FFFFFD0C
540000C000000090
A300000054000150
A100000000000970
44600CEDFFFFFCEC
000489188B800E00
000000109D200CE0
000000189B300CE0
0000000C98200EC0
0000000D98200CC0
454000CE50244CC0
FFFF30D4A3000000
0000000289000CC0
000000008C1000C0
00000024A1480000
000488C88B800C00
0000001099200EC0
9D200EC057C80EE0
8B80060000000010
99200160000488AC
9B30006000000010
A300000000000008
9B300C60FFFF6258
98200EC000000018
98200CC00000000C
50244CC00000000D
99200660454000CE
A300000000000010
89000CC0FFFF3050
9B300EF000000003
4C600CCEFFFFFFD8
0000000189000CC0
8B800E0044200C6C
5D000CE00004883A
000000189B300E50
0000000598200DE0
98200BE050244DD0
45400DDB00000004
0000000698200BE0
98200EE050284BB0
502C4EE000000007
45400EED45400EEB
0000FFFF89000CC0
000487DC8B800D00
44200CDC5A000DD0
4C0000CE55600CC0
A148000054000750
A100000000000010
9F3007400000050C
8B800C0000000090
59000CC0000487B2
0004879C8B800E00
44200EEC5A000EE0
000000349E200E40
0000003899200E40
A13C00004C0000EC
8B80000000000038
8B80010000019CBA
8BD00200000196FA
8B8003000000060D
A300000000019349
A100000000013888
44600CEC00000000
000000389D200C40
A300000054000040
8B800C00FFFFA288
9B300CC000048734
99200EC000000008
8C1000E000000010
A148000000000000
8B800E0000000030
8BD00D000004870C
9F300DE000000000
8B800E0000000008
9F300CE000048714
8B800C0000000000
9B300CC0000486E4
98200EC000000018
98200CC00000000C
50244CC00000000D
A3000000454000CE
89000CC0FFFF2EA8
8C1000C000000001
A148000000000000
8B800C0000000020
58000EC0000486C4
0000002089400EE0
9B3005405C000EC0
8C10005000000090
A148000000000000
8BD0060000000308
8BD00C0000000000
9F300CF0FFFFFFFF
8BD00C00FFFFFFD0
9F300CF000000007
A1000000FFFFFFC8
9B300C5000000044
9F300C4000000000
5400005000000090
FFFFAE78A3000000
000000909B300540
000000008C100050
00000010A14C0000
0000029CA1000000
000000189B300C50
0000000598200EC0
98200DC050244EE0
45400EED00000004
0000000698200DC0
98200BC050284DD0
502C4BB000000007
45400EDE45400DBD
000000349A200D40
A14C00004C0000ED
8B800D0000000248
5E000ED0000485A0
0000000C98200EC0
0000000D98200CC0
454000CE50244CC0
0000001099200750
FFFF2D6CA3000000
000000349A200E40
89000CC044200EE7
4C600CC600000003
0000000189000CC0
9E200C4044200CEC
9B300C5000000034
98200EC000000018
98200CC00000000C
50244CC00000000D
99200C40454000CE
9F300CF000000038
99200750FFFFFFD8
A300000000000010
89000CC0FFFF2D00
4C600CC600000003
0000000189000CC0
9B300EF044200CC7
4C0000CEFFFFFFD8
00000010A1400000
000001D8A1000000
000000189B300C50
0000000C98200EC0
0000000D98200CC0
454000CE50244CC0
0000001099200750
FFFF2C9CA3000000
0000000389000CC0
8C1000C04C600CC6
54000C6000000000
0000F480A0480000
FFFFFFD09B300CF0
0000003899200E40
44200CEC44600EE7
000000389D200C40
A300000054000040
9B300150FFFF9FB0
99200C1000000008
8C1000C000000010
A148000000000000
8B800C0000000050
9B3000C00004845C
8C10000000000000
A148000000000000
A300000000000018
A1000000FFFF6594
8B800C0000000018
9F3001C00004842C
9F30065000000000
9B300C5000000008
98200EC000000018
98200CC00000000C
50244CC00000000D
A3000000454000CE
89000CC0FFFF2BC0
8C1000C000000001
A148000000000000
8B800C00FFFFFD80
58000EC0000483DC
0000002089400EE0
9A200C405C000EC0
8C1000C000000020
A14C000000000004
9B300CF0FFFFFD50
9E200C40FFFFFFC8
A100000000000020
99200C40FFFFFD38
54000EC00000002A
0000000189000EE0
000000008C1000E0
00000010A1480000
00000020A1000000
0000000189400CC0
0000002A9D200C40
FFFFEC40A1000000
0000FFFC89000CC0
0000000289400CC0
0000002A9D200C40
FFFFEC20A1000000
000198468B800000
000192868B800100
000006328BD00200
00017DF78B800300
00013414A3000000
00000000A1000000
000000909F300C40
54000150540000C0
0000030CA3000000
FFFFF688A1000000
000197F68B800000
000192368B800100
000006038BD00200
00018F0A8B800300
000133C4A3000000
00000000A1000000
64C00F00640000F0
FFFFFFA8A5400000
FFFFFFF89F3004F0
FFFFFFF09F3005F0
FFFFFFE89F3006F0
FFFFFFE09F3007F0
FFFFFFC89F3002F0
5400040054000710
000000008C100070
0000020CA1480000
000000008BD00C00
FFFFFFD89F300CF0
FFFFFFFF8BD00C00
FFFFFFC09F300CF0
FFFFFFD09F3004F0
00000020A1000000
000000008C100070
00000010A14C0000
00000204A1000000
9B300C6054000670
98200EC000000018
50244EE000000005
0000000498200DC0
98200DC045400EED
50284DD000000006
0000000798200CC0
45400CCD502C4CC0
8B800C00454000CE
5A0004C0000481A4
FFFF29ACA3000000
9B300C60540007C0
98200EC000000018
98200CC00000000C
50244CC00000000D
99200560454000CE
A300000000000010
89000CC0FFFF2958
9B300EF000000003
4C600CCEFFFFFFD8
000000008C1000C0
A048000054000CE0
9B300CF00000F7CC
44200E75FFFFFFC0
44200CEC44600E4E
8C1000C055200CC0
A128000000000000
9B30076000000130
9B30006000000000
A300000000000008
9B3004F0FFFF6184
99200E40FFFFFFD0
4C0000EC00000076
00000010A13C0000
000000BCA1000000
9D200C4044600CEC
8B800C0000000076
59000EC0000480F6
0000001099200D60
5D000EC044200EDE
A300000054000060
99200C40FFFFA8FC
8C1000C000000076
A148000000000000
9B300CF0FFFFFE8C
8C1000C0FFFFFFC8
A14C000000000000
8C100070FFFFFE74
A14C000000000000
8B800000FFFFFE64
8B800100000195A2
8BD0020000018FE2
8B8003000000046F
A3000000000184C8
A100000000013170
8BD0060000000000
A100000000000000
8B80000000000040
8B80010000019562
8BD0020000018FA2
8B80030000000464
A300000000019013
A100000000013130
9B3006F000000000
54000C60FFFFFFD8
FFFFFFE09B3007F0
FFFFFFE89B3006F0
FFFFFFF09B3005F0
FFFFFFF89B3004F0
64800F00650000F0
640000F065800000
A540000064C00F00
9F3004F0FFFFFFC0
9F3005F0FFFFFFF8
9F3006F0FFFFFFF0
9F3007F0FFFFFFE8
54000510FFFFFFE0
9B300C4054000400
98200EC000000018
98200CC00000000C
50244CC00000000D
A3000000454000CE
89000CC0FFFF2750
8C1000C000000001
A14C000000000000
8BD00C0000000158
9F300CF000000000
8BD00600FFFFFFD8
A100000000000001
9B30075000000030
5400005000000000
FFFFA768A3000000
000000008C100070
A148000054000570
9B300C5000000170
98200EC000000018
50244EE000000005
0000000498200DC0
98200DC045400EED
50284DD000000006
0000000798200BC0
45400DBD502C4BB0
99200B4045400EDE
8B800D0000000010
5A000DD000047EA8
99200A5044200BDB
44200AEA00000010
55200AA044600ABA
000000008C1000A0
000000B0A1280000
0000000C98200EC0
0000000D98200CC0
454000CE50244CC0
FFFF2654A3000000
0000000189000CC0
000000008C1000C0
FFFFFF2CA1480000
000000189B300C40
0000000C98200EC0
0000000D98200CC0
454007CE50244CC0
A300000054000060
45400CC7FFFF2610
000000189B300E40
0000000C9C200CE0
9C200CE050644CC0
A10000000000000D
54000050FFFFFED8
FFFF91B0A3000000
000000008BD00500
00000054A1000000
55200CC044600CEB
FFFFFFFF8C1000C0
0000003CA1340000
9D200140446001ED
8900011000000010
9B3000400000FFFF
A300000000000008
A1000000FFFF5768
9B3005F000000010
9F300540FFFFFFD8
9B3007F000000000
9B3006F0FFFFFFE0
9B3005F0FFFFFFE8
9B3004F0FFFFFFF0
650000F0FFFFFFF8
6580000064800F00
64C00F00640000F0
FFFFFF20A5400000
FFFFFFF89F3004F0
FFFFFFF09F3005F0
FFFFFFE89F3006F0
FFFFFFE09F3007F0
8BD00D0054000700
9D200DF000000000
8BD00C00FFFFFFDE
8C100070000000F0
A148000000000000
99200B7000001390
99200E7000000042
5060CEE000000072
4C200AED46400EBE
000000008C1000A0
0000FC34A0480000
8C10001054000EB0
A148000000000000
8BD00C0000001350
9A200A70000000F5
8C1000A000000020
A144000000000007
8BD00B00000000B4
50004ABA00000001
0000009C89000AA0
000000008C1000A0
00000010A14C0000
00000088A1000000
000000008BD00C00
000000008C100020
0000006CA1480000
0000007499200D70
A14400004C00002D
99200A7000000028
8C1000A000000076
A14400000000000F
A100000000000010
99200C70000001B8
89400CC00000002A
9D200C7000000080
8BD00C000000002A
8BD00D00000000FF
A100000000000000
54000DB00000000C
000000008C1000D0
00001274A1480000
0000007699200B70
000000809B300C70
000000008C1000C0
89000AA054000AE0
9F3002F00000FFFF
A1480000FFFFFFB8
9F3001F000000088
540006C0FFFFFFA0
000000009B300C60
000000008C1000C0
FFFFFFECA14C0000
0000001099200C60
0000001298200D60
89000DD050214DD0
44200CDC00000004
A14000004C0000CA
8B80000000000080
8B8001000001909A
8BD00200000183E0
8B800300000001E9
A3000000000187E8
A100000000012C68
99200C7000000000
8C1000C000000078
A148000000000000
8B800000000000E4
8B80010000019052
8BD0020000018398
8B8003000000024E
A300000000017A42
A100000000012C20
54000D2000000000
99200C70446002EC
9D200CF000000078
8C1000C0FFFFFFDE
A148000000000000
54000E20000000CC
0000FFFF89000EE0
A14000004C0000CE
8B80000000000128
8B80010000018FE2
8BD0020000018328
8B800300000001FB
A300000000018EE8
A100000000012BB0
9B300D7000000000
8C1000A000000088
A148000000000000
8C1000D000000084
A14C000000000000
A100000000000010
54000DB000000320
FFFFFE50A1000000
FFFFFFA09F3001F0
000000008BD00C00
FFFFFF589F300CF0
9F300CF0540005C0
540006C0FFFFFF70
FFFFFF789F300CF0
FFFFFF509F300CF0
00000588A1000000
000000008BD00E00
FFFFFF709F300EF0
00000080A1000000
000000008C1000D0
00000024A14C0000
000000809B300D70
000000008C1000D0
A148000054000DB0
8B800000FFFFFDCC
8B80010000018EF2
8BD0020000018238
8B8003000000015C
A3000000000181A1
A100000000012AC0
46400ECD00000000
9D200CF044600CCE
4460022EFFFFFFDE
FFFFFF709F3006F0
FFFFFFDE99200CF0
FFFFFF789F300EF0
A14800004C0000ED
89000CC000000050
8C1000C00000FFFF
A148000000000000
8B80000000000038
8B80010000018E72
8BD00200000181B8
8B80030000000203
A3000000000182D2
A100000000012A40
8BD00C0000000000
8BD00E0000000001
9F300EF000000000
9B300EF0FFFFFF80
4C0000EDFFFFFF78
0000022CA13C0000
0000FFFF89000220
000000008C100020
000001E8A1480000
0000001099200E60
000000008C1000E0
00000228A1480000
FFFFFF789B300CF0
45C005C244600CDC
89000CC054000C30
8C1000C000000001
9F3007F000000000
9F300AF0FFFFFFB0
9F300BF0FFFFFF90
9F3005F0FFFFFFA8
A1480000FFFFFFD0
A100000000000010
9B300E6000000200
54000CE000000008
000000009B300EC0
000000008C1000E0
FFFFFFECA14C0000
0000001498200EC0
0000003F8C1000E0
A1440000540002D0
99200EC000000038
9B300CC000000012
44200CCE00000008
FFFFFFA09B300EF0
A14C00004C0000CE
A100000000000010
5400073000000F38
8900011054000150
8BD004000000FFFF
8BD0050000000000
5400004000000001
A300000054000250
8C1000C0FFFF4938
A148000000000000
540000C000000290
FFFFFFA09B300CF0
FFFFFF789B3004F0
9F300C0044200CC4
9F3000F000000008
A3000000FFFFFF50
9B300EF0FFFF57FC
44200ECEFFFFFFA8
FFFFFFA89F300EF0
000000008BD00C00
FFFFFF589F300CF0
9B3007F054000370
9B3002F0FFFFFFB0
9B300AF0FFFFFFB8
A1000000FFFFFF90
9B300D7000000258
8C1000D000000080
54000DB000000000
FFFFFB28A14C0000
00018C4E8B800000
00017F948B800100
000001598BD00200
00017A3D8B800300
0001281CA3000000
00000000A1000000
FFFFFF809B300EF0
FFFFFF589F300EF0
FFFFFF789B3005F0
FFFFFF509F300EF0
A1000000540002D0
9B300EF000000224
9F300EF0FFFFFF80
9B3005F0FFFFFF58
9F300EF0FFFFFF78
540002D0FFFFFF50
000001F8A1000000
000000008BD00E00
FFFFFF789B3005F0
FFFFFF589F300EF0
FFFFFF509F300EF0
A1000000540002D0
64C00C00000001CC
000000018BD00E00
000000289F300EC0
9F3003F054000E70
9F3003C0FFFFFF88
9F300EC000000020
8900055000000018
8BD004000000FFFF
883003F000000000
54000040FFFFFFDE
A300000054000150
8C1000C000000DCC
A148000000000000
540004C000000098
FFFFFFA09B300CF0
FFFFFF789B3007F0
9B300040442001C7
5400025000000008
00016F2CA3000000
FFFFFF509F3004F0
5400047054000040
FFFF5638A3000000
FFFFFFA89B300EF0
9F300EF044200ECE
8BD00C00FFFFFFA8
9F300CF000000000
9B3003F0FFFFFF58
9B3007F0FFFFFF88
9B3002F0FFFFFFB0
9B300AF0FFFFFFB8
A1000000FFFFFF90
8BD00C00000000A4
9B3005F00000001B
9F3004F0FFFFFF78
9F3004F0FFFFFF58
9B3003F0FFFFFF50
9B3007F0FFFFFF88
9B3002F0FFFFFFB0
9B300AF0FFFFFFB8
A1000000FFFFFF90
8BD00C0000000070
540005400000001B
FFFFFF589F3004F0
FFFFFF509F3004F0
9B3007F054000370
9B3002F0FFFFFFB0
9B300AF0FFFFFFB8
9B3004F0FFFFFF90
8C100050FFFFFF78
5400054000000000
0000001CA1480000
FFFFFFD09B300CF0
8BD00C004420054C
8BD00E0000000000
4C200CCE00000000
FFFFFF709F3006F0
FFFFFFA89B300BF0
0000000189000CC0
000000008C1000C0
00000010A14C0000
000005C0A1000000
FFFFFFA89F300BF0
000000008BD00C00
89000EE054000E30
9F300EF000000002
89000330FFFFFF60
9F300CF000000001
54000EC0FFFFFF80
FFFFFF889F3003F0
FFFFFFB09F3007F0
FFFFFF909F300AF0
0000005CA1000000
A300000054000070
8BD00D00FFFF4A4C
9B3003F00000001B
9B3002F0FFFFFF88
9B300AF0FFFFFFB8
9B300EF0FFFFFF90
9B3007F0FFFFFFC8
8C1000D0FFFFFFB0
A148000000000000
A100000000000010
5400045000000514
0000FFFF89000440
A14000004C000024
9F300EF0000005D4
44600C25FFFFFFC8
0000FFFF89000CC0
8C10003046400ECA
9F3005F000000000
9F300EF0FFFFFFD0
A1480000FFFFFFC0
A100000000000010
99200CF0000000E8
8C1000C0FFFFFFDE
A148000000000000
A100000000000010
8BD00000000006F8
8BD0070000000036
540001E000000001
A300000054000270
540005C0FFFF44B8
0000001B8BD00D00
000000008C100050
00000258A1480000
FFFFFF689F300DF0
FFFFFFA09B300CF0
9F300C5044200CC4
8BD0000000000008
8BD0010000000036
8BD0020000000000
9F3001F000000280
A3000000FFFFFF98
8C1000C0FFFF4458
A14C000000000000
A100000000000010
540000C000000214
540005C054000150
FFFF5428A3000000
9B300DF054000050
A1000000FFFFFF98
4C0000CA0000020C
A13C0000540001E0
9B300CF0000000A4
8C1000C0FFFFFF60
A14C000000000000
99200C7000000078
89000CC00000002A
8C1000C000000040
540001E000000000
00000068A14C0000
FFFFFF809B300CF0
000000008C1000C0
0000003CA14C0000
000000809B300C70
000000008C1000C0
00000024A14C0000
000000889B300C70
000000008C1000C0
A1480000540001E0
88300CE00000001C
89000CC0000005BB
464001CA0001FFF8
000000368BD00000
000002808BD00200
FFFF4354A3000000
FFFFFFC09B3002F0
000000008BD00D00
000000008C1000C0
A1480000540005D0
9B300EC000000050
8C1000E000000000
A148000000000000
A100000000000010
99200EC000000658
44600EE200000012
FFFFFFDE9D200EF0
000000129D2002C0
000000109D2002C0
8C100050540005C0
A148000000000000
99200C5000000054
4C0000C200000012
00000010A13C0000
00000634A1000000
FFFFFFA09B300CF0
9B300050442001C4
A300000000000008
5400005000016A80
FFFFFFD09B3005F0
000000A0A1000000
FFFFFF989F300DF0
0000001B8BD00D00
FFFFFF889B3003F0
FFFFFFB89B3002F0
FFFFFF909B300AF0
FFFFFFD09B3005F0
FFFFFFC89B300EF0
FFFFFCECA1000000
000000008BD00700
FFFFFF989B3000F0
00000028A1000000
A300000054000050
8BD00700FFFF46DC
5400007000000000
FFFFFF689B300DF0
000000008C100070
FFFFFFB09B3007F0
FFFFFFD09B3005F0
00000140A1480000
A300000054000700
9B300EF0FFFF50EC
44200ECEFFFFFFA8
FFFFFFA89F300EF0
89000CC054000CE0
8C1000C00000FFFF
9F3007F000000011
A1380000FFFFFF98
A100000000000010
9B3000F0FFFFFC0C
9A200C00FFFFFFB0
64C00E000000006C
000000008BD00500
000000189F3005E0
54000170442003C4
A300000054000250
54000EC000000948
000000008C1000E0
000000D8A1480000
FFFFFF809B300CF0
000000008C1000C0
9B3003F054000CE0
9B3002F0FFFFFF88
9B300AF0FFFFFFB8
9B3005F0FFFFFF90
9B3007F0FFFFFFD0
A1480000FFFFFFB0
9B300CF000000038
8C1000C0FFFFFFC8
A14C000000000000
A100000000000010
9F300EC000000668
9B300CF000000000
9B300DF0FFFFFF80
442005D5FFFFFFC0
000000008BD00D00
FFFFFF809F300CF0
FFFFFF709F300EF0
FFFFFB5CA1000000
FFFFFF989F3000F0
FFFFFF889B3003F0
FFFFFFB89B3002F0
FFFFFF909B300AF0
FFFFFFC89B300EF0
FFFFFB2CA1000000
0000001B8BD00D00
FFFFFF709F3005F0
FFFFFF889B3003F0
FFFFFFB89B3002F0
FFFFFF909B300AF0
FFFFFFD09B3005F0
FFFFFFC89B300EF0
FFFFFFB09B3007F0
FFFFFAE4A1000000
0000002A99200C70
0000008089400CC0
0000002A9D200C70
FFFFFF509B3000F0
000000008C100000
00000010A1480000
FFFF44C0A3000000
FFFFFF809B3000F0
000000008C100000
00000010A1480000
FFFF8230A3000000
000000FF8BD00C00
0000007699200E70
000000008C1000E0
000004DCA1480000
000000889B300E70
000000008C1000E0
000004C4A14C0000
000000809B300E70
000000008C1000E0
000004ACA14C0000
000183568B800000
0001769C8B800100
0000032B8BD00200
00017E678B800300
00011F24A3000000
00000000A1000000
FFFFFF789B300DF0
000000008C1000D0
FFFFFF589B300BF0
0000003CA1480000
000000089B300460
000000008C100040
00000010A1480000
000000C4A1000000
0000001099200C60
9D200C6044200CCD
99200CF000000010
9D200C70FFFFFFDE
9B3001F000000078
8C100010FFFFFF50
A148000000000000
8C10006000000140
9B3004F000000000
A14C0000FFFFFFA8
A100000000000010
9B30006000000278
5400051000000008
FFFF4EB8A3000000
FFFFFFB89B3002F0
0000001099200B50
0000001099200C60
9D200C6044200CCB
A100000000000010
9B300440000001A8
8C10004000000000
A14C000000000000
A100000000000010
99200C40FFFFFF4C
44200CCD00000010
000000109D200C40
000000009B300C40
000000008C1000C0
FFFFFFBCA14C0000
0000001299200C40
000000089B300E40
9B3001F0442000EC
540002D0FFFFFFA0
000165FCA3000000
FFFFFF589B300BF0
FFFFFF789B300DF0
FFFFFFB89B3002F0
0000001299200C40
9D200C4044200CCD
A100000000000012
8B800000FFFFFF60
8B800100000181A2
8BD00200000174E8
8B80030000000274
A3000000000181F1
A100000000011D70
54000CB000000000
0000FFFF89000CC0
000000008C1000C0
FFFFFFA89B3004F0
000000ACA1480000
000000008C100060
000002C4A1480000
000000089B300C60
000000008C1000C0
000002ACA1480000
000000009B300EC0
000000008C1000E0
0000003CA1480000
54000CE054000DC0
0000001099200ED0
9D200ED044200EEB
9B300EC000000010
8C1000E000000000
A14C000000000000
99200EC0FFFFFFD4
44200EEB00000010
000000109D200EC0
0000001299200EC0
9D200EC044200EEB
A100000000000012
8C100060FFFFFE4C
A14C000000000000
A100000000000010
9B300CF0000000B0
9F300C60FFFFFF80
A100000000000000
8B800000000000A8
8B8001000001807A
8BD00200000173C0
8B8003000000010E
A300000000016C80
A100000000011C48
8B80000000000000
8B8001000001804A
8BD0020000017390
8B8003000000026A
A3000000000178F0
A100000000011C18
8B80000000000000
8B8001000001801A
8BD0020000017360
8B800300000002E4
A300000000017AF3
A100000000011BE8
9B300CF000000000
9F300C70FFFFFF80
9A200C7000000080
44200CC20000006C
0000006C9E200C70
0000007499200C70
9D200C7044600CC2
9D20047000000074
8900044000000076
8C1000400000FFFF
A148000000000000
9B300C7000000040
8C1000C000000088
A14C000000000000
9B300C7000000028
8C1000C000000080
A14C000000000000
A100000000000010
8BD00C0000000140
9B300BF000000000
8C1000B0FFFFFF70
A148000000000000
9B300EB000000090
9B300DF000000018
8C1000D0FFFFFF60
A14C000000000000
8C1000E000000070
A148000000000000
98200DE000000060
98200EE00000000C
50244EE00000000D
8BD00000454005ED
540004C000000008
A3000000540006B0
54000EC0FFFF1190
45400EE554000C40
000000189B300D60
0000000C9C200ED0
9C200ED050644EE0
55080CC00000000D
FFFFFFE09B3007F0
FFFFFFE89B3006F0
FFFFFFF09B3005F0
FFFFFFF89B3004F0
64800F00650000F0
8B80000065800000
8B80010000017E82
8BD00200000171C8
8B800300000002EA
A300000000017B02
A100000000011A50
8B80000000000000
8B80010000017E52
8BD0020000017198
8B800300000002AE
A3000000000175B7
A100000000011A20
8B80000000000000
8B80010000017E22
8BD0020000017168
8B80030000000316
A300000000017933
A1000000000119F0
9B3004F000000000
8C100040FFFFFF78
A148000000000000
8B80000000000038
8B80010000017DDA
8BD0020000017120
8B80030000000234
A300000000017D00
A1000000000119A8
8BD00C0000000000
54000E5000000000
000000018BD00500
FFFFFF589F300EF0
FFFFFF509F300CF0
FFFFF36CA1000000
64C00F00640000F0
FFFFFFD8A5400000
FFFFFFF89F3004F0
FFFFFFF09F3005F0
5400051054000430
000000389B300EF0
000000309B300DF0
000000289B300CF0
A13C00004C000052
89000DD00000009C
8C1000D000000002
A14C000000000000
99200DC000000070
89000DD00000002A
8C1000D000000040
5400015000000000
00000060A14C0000
000000008C1000E0
0000003CA1480000
000000809B300EC0
000000008C1000E0
00000024A14C0000
000000889B300CC0
000000008C1000C0
A148000054000150
88300C500000001C
89000CC0000005BB
464001C20001FFF8
000002808BD00200
FFFF38D4A3000000
000000008C1000C0
00000050A1480000
000000009B300EC0
000000008C1000E0
00000048A1480000
00017C668B800000
00016FAC8B800100
0000010E8BD00200
0001686C8B800300
00011834A3000000
00000000A1000000
000000008BD00C00
00000028A1000000
0000001299200EC0
5D000E4044600EE5
000000129D2005C0
000000109D2005C0
FFFFFFF09B3005F0
FFFFFFF89B3004F0
64800F00650000F0
640000F065800000
A540000064C00F00
9F3004F0FFFFFFB0
9F3005F0FFFFFFF8
9F3006F0FFFFFFF0
9F3007F0FFFFFFE8
54000610FFFFFFE0
9B3004F054000500
8C10006000000028
A14C000000000000
A100000000000010
9F3003F0000000B0
9F3002F0FFFFFFD8
8BD00000FFFFFFD0
A300000000000004
8C1000C0FFFF2B94
A14C000000000000
A100000000000010
8BD00E00000000A8
9F300EC000000000
9F3006C000000000
9C2004C000000008
5021444000000012
0000000489000440
0000001099200D60
A13C00004C0000D4
8B80000000000084
8B80010000017B1A
8BD0020000016E60
8B800300000000B3
A300000000016E6B
A1000000000116E8
8B80000000000000
8B80010000017AEA
8BD0020000016E30
8B800300000000A7
A3000000000165B7
A1000000000116B8
5400006000000000
FFFF3BA8A3000000
000000008BD00C00
00000188A1000000
FFFFFFC89F300EF0
540007C044600ED4
000000109D200EC0
000000148BD00100
A300000054000060
8C1000C0FFFF4160
A148000000000000
5400007000000024
FFFF8D70A3000000
FFFFFFC89B300CF0
00000130A1000000
000000089B300C70
000000089B300CC0
000000189F300C70
0000002699200050
FFFF0CD4A3000000
000000189B300E70
50644DD054000DC0
000000019C200DE0
992000505C000CE0
A300000000000028
9B300E70FFFF0CA8
54000DC000000018
9C200DE050644DD0
9C200CE000000003
9B3000F000000002
A3000000FFFFFFD8
9B300E70FFFF0C98
54000DC000000018
9C200DE0506C4DD0
54000DC000000007
9C200DE050684DD0
54000DC000000006
9C200DE050644DD0
9C200CE000000005
5025444000000004
0000100089000440
FFFFFFD09B300CF0
883000C045400C4C
A300000000005000
9B300E70FFFF0C10
8BD00D0000000018
9C200DE000000000
9C200DE000000013
54000DC000000012
9C200DE050644DD0
9C200CE00000000D
54000C700000000C
FFFFFFE09B3007F0
FFFFFFE89B3006F0
FFFFFFF09B3005F0
FFFFFFF89B3004F0
64800F00650000F0
640000F065800000
A540000064C00F00
9F3004F0FFFFFF90
9F3005F0FFFFFFF8
9F3006F0FFFFFFF0
9F3007F0FFFFFFE8
8C100000FFFFFFE0
A14C000000000000
A100000000000010
8BD00C0000000098
9B300400000000FF
8C10004000000080
A148000000000000
8C100010000004D8
A14C000000000000
A100000000000010
99200E4000000090
4C0000E100000010
000000ACA1400000
0000004299200D00
A14000004C00001D
8B800000000000A8
8B8001000001784A
8BD0020000016B90
8B8003000000035E
A300000000017379
A100000000011418
8B80000000000000
8B8001000001781A
8BD0020000016B60
8B8003000000034E
A300000000017587
A1000000000113E8
8B80000000000000
8B800100000177EA
8BD0020000016B30
8B80030000000356
A300000000016C68
A1000000000113B8
8BD00C0000000000
A100000000000000
9F3000F0000003F8
9F300CF0FFFFFFC8
9F3001F0FFFFFFD8
446006E1FFFFFFD0
0000001298200740
FFFFFFC09F3007F0
8900077050214770
4420016700000004
0000FFFF89000110
000000368BD00000
000002808BD00200
FFFF3394A3000000
8BD00000540005C0
8C10005000000000
A148000000000000
9F3000F0000001F8
9B300C50FFFFFFB0
442001C700000008
000000089B300040
0000001099200E00
FFFFFFD09B300CF0
99200E4044200CEC
446003CE00000010
0000FFFF89000330
FFFFFFB89F3006F0
0000FFFF89000660
A300000054000260
4C0000C6FFFF4960
00000188A14C0000
000000189B300C40
0000000C98200EC0
0000000D98200CC0
454000CE50244CC0
FFFF0954A3000000
9B300C40540006C0
98200EC000000018
50244EE000000005
0000000498200DC0
98200DC045400EED
50284DD000000006
0000000798200CC0
45400CCD502C4CC0
A3000000454000CE
9B300DF0FFFF0928
89000DD0FFFFFFC0
64C00E00000000FF
000000189F300DE0
FFFFFFD09B300EF0
54000760442003CE
0000000889000770
FFFFFFD09F3006F0
0000000189000660
9B3000F045400267
54000150FFFFFFC8
FFFFFA14A3000000
8C100050540005C0
9B3000F000000000
A1480000FFFFFFB0
9B300040000000A0
A300000000000008
9B300EF0FFFF4114
99200DE0FFFFFFC8
44600CDC00000076
000000769D200CE0
000000089B300040
0000001099200C00
FFFFFFB89B300EF0
89000110446001CE
A30000000000FFFF
8BD00C00FFFF3A10
4C200E7C00000000
000000008C1000E0
000118E0A0480000
0000005CA1000000
000000378BD00E00
FFFFFFD09B300DF0
00000054A1000000
8C10000054000050
A148000000000000
A300000000000020
9B300CF0FFFF3624
A1000000FFFFFFD8
9B300CF000000168
A1000000FFFFFFD8
8BD00E0000000158
9B300DF00000003F
450000EDFFFFFFD0
8C1000E04C200E6C
9F300CF000000000
A0480000FFFFFFD8
A10000000001196C
8900000000000020
9B300EF00000003E
A1000000FFFFFFB8
9B300EF000000010
99200C40FFFFFFB8
44600CCE00000010
000000109D200C40
000000189B300C40
0000000C982007C0
0000000D982006C0
FFFF0734A3000000
45400E6750244660
9B300E4045400CCE
9C200CE000000018
50644CC00000000C
0000000D9C200CE0
000000089B300040
FFFF3F90A3000000
FFFFFFC89B3006F0
0000007699200E60
9D200C6044200CEC
9B30005000000076
A300000000000008
54000E60FFFF3F64
0000007699200DE0
9D200CE044200CDC
9B300C4000000076
9F300C5000000000
9F30054000000000
9B300C5000000000
8C1000C000000000
9B300CF000000000
A14C0000FFFFFFD8
8BD00C0000000018
9D200CE000000000
55080CC000000078
FFFFFFE09B3007F0
FFFFFFE89B3006F0
FFFFFFF09B3005F0
FFFFFFF89B3004F0
64800F00650000F0
640000F065800000
A540000064C00F00
9F3004F0FFFFFFD0
9F3005F0FFFFFFF8
9F3006F0FFFFFFF0
8C100000FFFFFFE8
A14C000000000000
A100000000000010
9B300C00000000A4
8C1000C000000080
A148000000000000
5400050000000074
9B300C40540004C0
8C1000C000000000
A14C000000000000
9B300C40FFFFFFEC
98200EC000000018
98200CC00000000C
50244CC00000000D
A3000000454000CE
89000CC0FFFF05A0
8C1000C000000007
5400005000000000
00000010A14C0000
00000050A1000000
000000018BD00100
000000DCA3000000
000000B0A1000000
000172AE8B800000
000165F48B800100
000003EF8BD00200
000164EC8B800300
00010E7CA3000000
00000000A1000000
000000189B300C40
0000000C98200EC0
0000000D98200CC0
454005CE50244CC0
000000018BD00C00
540000C054000600
FFFF04FCA3000000
9B300E4045400CC5
9C200CE000000018
50644CC00000000C
0000000D9C200CE0
0000002A99200C60
0000002089400CC0
0000002A9D200C60
000000008BD00C00
FFFFFFE89B3006F0
FFFFFFF09B3005F0
FFFFFFF89B3004F0
64800F00650000F0
640000F065800000
A540000064C00F00
9F3004F0FFFFFFB8
9F3005F0FFFFFFF8
9F3006F0FFFFFFF0
9F3007F0FFFFFFE8
54000400FFFFFFE0
8900077054000710
8C10007000000003
A14C000000000000
A100000000000010
8C100040000000AC
A14C000000000000
A100000000000010
9F3001F0000000C4
54000510FFFFFFD8
0000000289000550
5020C66054000650
000000368BD00000
000002808BD00200
A300000054000160
8C1000C0FFFF2D80
A148000000000000
99200EC00000013C
4C0000E600000012
00000098A13C0000
000171168B800000
0001645C8B800100
0000043E8BD00200
000171738B800300
00010CE4A3000000
00000000A1000000
000170E68B800000
0001642C8B800100
000004148BD00200
00015E808B800300
00010CB4A3000000
00000000A1000000
000170B68B800000
000163FC8B800100
000004158BD00200
00016BF28B800300
00010C84A3000000
00000000A1000000
9A2003405060C550
64C00E000000006C
000000189F3005E0
540001C054000040
FFFFFFD89B3002F0
FFFFF474A3000000
000000008C1000C0
00000058A1480000
000000189B300EC0
0000000389000EE0
000000008C1000E0
00000088A1480000
000170268B800000
0001636C8B800100
000004468BD00200
000157F58B800300
00010BF4A3000000
00000000A1000000
0000002A99200C40
0000008089400CC0
0000002A9D200C40
000000FF8BD00C00
9B3007F055080CC0
9B3006F0FFFFFFE0
9B3005F0FFFFFFE8
9B3004F0FFFFFFF0
650000F0FFFFFFF8
6580000064800F00
0000001099200EC0
000000008C1000E0
00000038A1480000
00016F8E8B800000
000162D48B800100
000004478BD00200
00015ED48B800300
00010B5CA3000000
00000000A1000000
000000809B300D40
000000008C1000D0
0000003CA1480000
FFFFFFD89B300EF0
9B300DB054000BD0
8C1000D000000000
A14C000000000000
9F300CB0FFFFFFEC
A100000000000000
9F300C4000000018
9B300EF000000080
8BD00D00FFFFFFD8
540005D000000000
000000789D200D40
0000000189000EE0
000000008C100070
0000001CA1480000
0000006C9A200D40
9E200D4057880DD0
8C1000E00000006C
A148000000000000
99200E4000000020
89400EE00000002A
9D200E4000000020
9B3000C00000002A
A300000000000008
99200E40FFFF39D4
44200CEC00000076
000000769D200C40
0000FFFF89000CC0
000000008C1000C0
0000006CA1480000
000000889B300C40
000000008C1000C0
A14C000054000C50
9B300E40FFFFFE74
8C1000E000000080
A14C000000000000
8B800000FFFFFE5C
8B80010000016E2A
8BD0020000016170
8B8003000000046A
A300000000016D79
A1000000000109F8
54000C5000000000
FFFFFE20A1000000
64C00F00640000F0
FFFFFF78A5400000
FFFFFFF89F3004F0
FFFFFFF09F3005F0
FFFFFFE89F3006F0
FFFFFFE09F3007F0
8C10004054000400
A14C000000000000
A100000000000010
9A200C4000000050
8C1000C000000020
A14C000000000001
8B80000000000068
8B80010000016D8A
8BD00200000160D0
8B800300000004E8
A300000000016013
A100000000010958
8B80000000000000
8B80010000016D5A
8BD00200000160A0
8B800300000004E5
A300000000015541
A100000000010928
8BD00C0000000000
8B800E0000000000
9B300EE000045814
4C0000E400000000
00000BDCA1480000
0000005899200540
0000007099200740
000000809B300640
000000008C100060
00000010A14C0000
00000048A1000000
FFFFFFA89F300CF0
0000000488300C40
0000000898200040
000000008C100000
FFFFFFC89F300CF0
0000004CA1480000
FFFF27C8A3000000
00000048A1000000
0000002A99200E40
0000000289000EE0
000000008C1000E0
00000B34A1480000
A300000054000040
A100000000000BF0
540000C000000B38
0000BAA0A3000000
000000008C1000C0
00000144A1480000
5A000E4046400575
000000008C1000E0
00000014A14C0000
000000089A200EC0
9F300CF05E000E40
9B300C60FFFFFFB8
98200EC000000018
50244EE000000005
0000000498200DC0
98200DC045400EED
50284DD000000006
0000000798200CC0
45400CCD502C4CC0
A3000000454000CE
9A200E40FFFEFEA8
44600CCE00000054
0000001099200E60
55600CC044200CCE
A14000004C0000C5
99200C40000000B8
4C00005C00000070
00000058A14C0000
000000889B300C40
000000008C1000C0
00000040A14C0000
000000D598200C40
000000008C1000C0
00000028A14C0000
000000008BD00C00
000000D69C200C40
000001008BD00C00
000000D49D200C40
0000002A99200C40
0000000289000CC0
000000008C1000C0
FFFFFFA89B300CF0
000009DCA1480000
A300000054000040
A100000000000A98
8BD00C00000009E0
A1000000000000FC
9F3005F0000009D0
8BD00E00FFFFFFC0
9C200E4000000000
9B300C40000000D5
8C1000C000000088
9F300EF000000000
A1480000FFFFFFD0
54000EC000000024
000000009B300CE0
000000008C1000C0
FFFFFFECA14C0000
FFFFFFB09F300EF0
0000008888300C40
FFFFFFD89F300CF0
00000034A1000000
A300000054000060
9B300640FFFF7D94
8C10006000000080
A14C000000000000
A100000000000010
9B300C60000008E8
98200EC000000018
50244EE000000005
0000000498200DC0
98200DC045400EED
50284DD000000006
0000000798200CC0
45400CCD502C4CC0
A3000000454000CE
9A200E40FFFEFCE8
44600CCE00000054
0000001099200E60
55600CC044200CCE
FFFFFFC09B300EF0
A14400004C0000CE
9B300C6000000870
98200EC000000018
98200CC00000000C
50244CC00000000D
A3000000454000CE
89000CC0FFFEFC70
8C1000C000000004
A148000000000000
A100000000000010
9B300CF0000008A0
9B300CC0FFFFFFD8
8C1000C000000000
A148000000000000
99200C4000000034
54000EC00000002A
0000004489000EE0
000000008C1000E0
00000010A14C0000
0000060CA1000000
000000209A200C40
000000028C1000C0
00000058A1480000
000000189B300C60
0000000C98200EC0
0000000D98200CC0
454005CE50244CC0
000000108BD00000
FFFEFBBCA3000000
9B300E6045400CC5
9C200CE000000018
50644CC00000000C
0000000D9C200CE0
000000089B300C60
0000001698200CC0
000000018C1000C0
FFFFFFD09B300CF0
000002FCA14C0000
000000349A200040
FFFEFB84A3000000
000000189B300E60
506C4DD054000DC0
0000000B9C200DE0
50684DD054000DC0
0000000A9C200DE0
50644DD054000DC0
000000099C200DE0
000000089C200CE0
0000003A99200040
FFFEFB14A3000000
000000189B300560
50644EE054000EC0
0000000F9C200E50
0000000E9C200C50
0000003A99200C40
000000349A200E40
9E200C4044200CEC
98200C600000003C
89000CC000000012
8C1000C000000001
A148000000000000
A100000000000010
8830055000000018
A100000000000014
8BD000000000004C
9B3001F0000005B4
9B3002F0FFFFFFB8
A3000000FFFFFFC8
540000C0FFFF71A8
0204000089400000
FFFEFA8CA3000000
000000149E200C50
0000001888300550
0000004099A00C40
FFFFFFFF8C1000C0
00000018A1340000
FFFFFFD09B300CF0
000000409D200C40
000000449A200C40
000000008C1000C0
0000006CA14C0000
000451F48B800C00
9E200C405A000CC0
9B300C6000000044
98200EC000000018
50244EE000000005
0000000498200DC0
98200DC045400EED
50284DD000000006
0000000798200CC0
45400CCD502C4CC0
A3000000454000CE
9E200C40FFFEF9E0
9B300C6000000048
9B30006000000018
9B300E0000000008
44600ECE00000008
0000001299200D00
9D200D0044600DDE
99200D0000000012
446002DE00000010
000000089F300C00
000000109D200200
FFFFFFD09B300EF0
000000119C200EC0
000000109C200EC0
0000001298200E60
89000EE050214EE0
44200CCE00000004
0000001488300CC0
A14800004C00005C
A100000000000010
64C00500000005C0
FFFFFFC89B300CF0
000000189F300C50
0000FFFF89000220
000000068BD00700
5400034054000170
FFFF067CA3000000
50644EE054000EC0
000000189B300D60
000000119C200ED0
000000109C200CD0
000000089B300060
0000000B98200340
0000000A98200C40
FFFFFFB89B300EF0
000000289F300E50
000000209F300750
000000189F300C50
9B3002F054000140
A3000000FFFFFFC8
8C1000C00000BD68
A148000000000000
A100000000000010
9B300C60000004E8
9F300C4000000000
9A200C4000000080
8C1000C000000020
A148000000000002
99200C4000000020
89000CC00000002A
9D200C400000FFFC
9B300C600000002A
98200EC000000018
50244EE000000005
0000000498200DC0
98200DC045400EED
50284DD000000006
0000000798200CC0
45400CCD502C4CC0
A3000000454000CE
99200E60FFFEF800
442007CE00000010
000000189B300C60
0000000C98200EC0
0000000D98200CC0
454000CE50244CC0
FFFEF7ACA3000000
0000000389000CC0
000000008BD00500
89000CC04C600CC5
44200C7C00000001
000000609A200E40
55200EE044600EEC
FFFFFFFF8C1000E0
00000010A1340000
000000609E200C40
000000189B300C60
0000000C98200EC0
0000000D98200CC0
454000CE50244CC0
0000001099200760
FFFEF734A3000000
0000000389000CC0
89000CC04C600CC5
45400C7C00000001
0000FFFF89000CC0
000000008C1000C0
FFFFF9D0A1480000
000000009F300560
FFFFFFD89B300EF0
000000009B300CE0
000000008C1000C0
00000010A14C0000
00000180A1000000
000000189B300C60
0000000598200EC0
98200DC050244EE0
45400EED00000004
0000000698200DC0
98200CC050284DD0
502C4CC000000007
454000CE45400CCD
FFFEF6ACA3000000
9B3005F0540007C0
9B300C50FFFFFFB0
98200EC000000018
50244EE000000005
0000000498200DC0
98200DC045400EED
50284DD000000006
0000000798200CC0
45400CCD502C4CC0
A3000000454000CE
44600C7CFFFEF658
8C1000C055200CC0
A1340000FFFFFFFF
A100000000000010
9F300650000000DC
9F3006F000000000
A1000000FFFFFFB0
9B300E40FFFFF8D8
8C1000E000000080
A148000000000000
9B300DE00000003C
8C1000D000000000
A14C000000000000
99200D40FFFFF9D4
99200EE000000042
4C0000ED00000010
FFFFF9B8A13C0000
0000007499200E40
000000008C1000E0
FFFFF9A0A1480000
0000007699200E40
000000A089000CC0
000000008C1000C0
FFFFF980A14C0000
0000FFFF89000EE0
000000108C1000E0
0000013CA1380000
FFFFF960A1000000
000000009F3006E0
FFFFFFB09F3006F0
FFFFF81CA1000000
FFFFFFD89B3005F0
000000009B300C50
000000008C1000C0
000000DCA1480000
FFFFFFD89B3005F0
000000189B300CC0
0000000598200EC0
98200DC050244EE0
45400EED00000004
0000000698200DC0
98200CC050284DD0
502C4CC000000007
454000CE45400CCD
FFFEF4F4A3000000
9B300C60540007C0
98200EC000000018
50244EE000000005
0000000498200DC0
98200DC045400EED
50284DD000000006
0000000798200CC0
45400CCD502C4CC0
A3000000454000CE
44600C7CFFFEF4A8
8C1000C055200CC0
A1340000FFFFFFFF
9B30055000000028
9B300C5000000000
8C1000C000000000
A14C000000000000
9B300C50FFFFFF3C
9F300C6000000000
9F30065000000000
A100000000000000
9B300C40FFFFF708
8C1000C000000080
9B300CF000000000
A14C0000FFFFFFA8
8BD00E0000000018
9D200E4000000000
99200E4000000078
89000EE00000002A
9D200E400000FF7F
55080CC00000002A
FFFFFFE09B3007F0
FFFFFFE89B3006F0
FFFFFFF09B3005F0
FFFFFFF89B3004F0
64800F00650000F0
8B80000065800000
8B80010000016102
8BD0020000015448
8B8003000000053B
A3000000000159E6
A10000000000FCD0
99200E4000000000
89400EE00000002A
9D200E4000000080
A10000000000002A
8B800000FFFFFF88
8B800100000160B2
8BD00200000153F8
8B80030000000620
A300000000014AD1
A10000000000FC80
640000F000000000
A540000064C00F00
9F3004F0FFFFFFC0
9F3005F0FFFFFFF8
54000400FFFFFFF0
000000008C100040
00000010A14C0000
000000ECA1000000
000000609A200040
FFFEF30CA3000000
99200340540002C0
9A20004000000026
99200C4000000034
99200E4000000028
64C00D000000003A
000000289F300ED0
000000108BD00E00
000000209F300ED0
000000189F300CD0
000000008BD00500
A300000054000150
8C1000C0000015DC
A148000000000000
99200E40000000A0
9A200D400000003A
44200EDE00000034
0000003C9E200E40
0000000488300340
540001C054000040
A300000054000240
99200E4000000C98
8C1000C00000002A
A148000000000000
89400EE000000078
9D200E4000000003
A10000000000002A
8B80000000000074
8B80010000015F62
8BD00200000152A8
8B8003000000082D
A3000000000148AF
A10000000000FB30
99200C4000000000
89400CC00000002A
9D200C4000000003
8BD00C000000002A
A1000000000000FE
89000EE00000001C
9D200E400000FFFC
54000C500000002A
9B3005F055080CC0
9B3004F0FFFFFFF0
650000F0FFFFFFF8
6580000064800F00
64C00F00640000F0
FFFFFFC8A5400000
FFFFFFF89F3004F0
FFFFFFF09F3005F0
FFFFFFE89F3006F0
FFFFFFE09F3007F0
000000008C100000
00000010A14C0000
00000078A1000000
000000FA8BD00C00
000000889B300E00
000000008C1000E0
00000194A1480000
9B300D40540004E0
98200DD000000008
9B300B4000000016
8C1000B000000000
A148000000000000
89000DD00000005C
8C1000D0000000FF
540004B000000001
FFFFFFC4A1480000
00000144A1000000
00015E1E8B800000
000151648B800100
000006678BD00200
00015D958B800300
0000F9ECA3000000
00000000A1000000
000000FF89000DD0
000000018C1000D0
000000FCA14C0000
000000809B300C00
000000009F300C40
000000809F300E00
0000002A99200C00
0000080089400CC0
0000002A9D200C00
000000008BD00500
000000889F300500
000000189B300C40
0000000598200EC0
98200DC050244EE0
45400EED00000004
0000000698200DC0
98200CC050284DD0
502C4CC000000007
45400CCE45400CCD
540000C054000600
FFFEF01CA3000000
0000001099200E40
9B300C40442007CE
98200EC000000018
98200CC00000000C
50244CC00000000D
A3000000454000CE
54000EC0FFFEEFC8
89000EE054000C50
4C600EEC00000003
0000000189000EE0
9E200E6044200E7E
9E200C600000005C
55080CC000000044
FFFFFFE09B3007F0
FFFFFFE89B3006F0
FFFFFFF09B3005F0
FFFFFFF89B3004F0
64800F00650000F0
640000F065800000
A540000064C00F00
8C100000FFFFFFE8
A14C000000000000
A100000000000010
98200C0000000040
8C1000C000000052
A1480000000000FF
57880CC000000014
000000529C200C00
FFFFEE78A3000000
64800F00650000F0
8B80000065800000
8B80010000015C52
8BD0020000014F98
8B8003000000069C
A300000000014227
A10000000000F820
640000F000000000
A540000064C00F00
9F3004F0FFFFFFC8
9F3005F0FFFFFFF8
9F3006F0FFFFFFF0
9F3007F0FFFFFFE8
8C100000FFFFFFE0
A14C000000000000
A100000000000010
9B300C0000000070
8C1000C000000088
A148000000000000
540004C0000001BC
000000089B300E40
0000001698200EE0
000000009B300D40
000000008C1000D0
0000005CA1480000
000000FF89000EE0
000000018C1000E0
A1480000540004D0
A1000000FFFFFFC4
8B8000000000016C
8B80010000015B72
8BD0020000014EB8
8B800300000006B1
A300000000015012
A10000000000F740
89000EE000000000
8C1000E0000000FF
A14C000000000001
9B300E0000000124
9F300E4000000080
9F300C0000000000
99200C0000000080
89400CC00000002A
9D200C0000000800
8BD005000000002A
9F30050000000000
9B300C4000000088
98200EC000000018
50244EE000000005
0000000498200DC0
98200DC045400EED
50284DD000000006
0000000798200CC0
45400CCD502C4CC0
5400060045400CCE
A3000000540000C0
99200E40FFFEED70
442007CE00000010
000000189B300C40
0000000C98200EC0
0000000D98200CC0
454000CE50244CC0
FFFEED1CA3000000
9E20050054000060
89000CC000000044
4C600CC500000003
0000000189000CC0
9E200C0044200C7C
98200C000000005C
8C1000C000000052
A1480000000000FF
57880CC000000014
000000529C200C00
FFFFEC28A3000000
FFFFFFE09B3007F0
FFFFFFE89B3006F0
FFFFFFF09B3005F0
FFFFFFF89B3004F0
64800F00650000F0
640000F065800000
A540000064C00F00
9F3004F0FFFFFFC8
9F3005F0FFFFFFF8
9F3006F0FFFFFFF0
9F3007F0FFFFFFE8
8C100000FFFFFFE0
A14C000000000000
A100000000000010
8BD00C00000001EC
9B300500000000FA
8C10005000000088
A148000000000000
9B300E500000019C
98200EE000000008
8C1000E000000016
A14C000000000001
9B300C500000017C
9F300C0000000000
8830070000000088
5400060000000080
000000809B300C00
000000008C1000C0
000000D4A1480000
000000189B300CC0
0000000598200EC0
98200DC050244EE0
45400EED00000004
0000000698200DC0
98200CC050284DD0
502C4CC000000007
454000CE45400CCD
FFFEEBB4A3000000
9B300C50540004C0
98200EC000000018
50244EE000000005
0000000498200DC0
98200DC045400EED
50284DD000000006
0000000798200CC0
45400CCD502C4CC0
A3000000454000CE
44600C4CFFFEEB68
8C1000C055200CC0
A1340000FFFFFFFF
9B30077000000028
9B300C7000000000
8C1000C000000000
A14C000000000000
9B300C70FFFFFF3C
9F300C5000000000
9F30057000000000
9B300C5000000000
8C1000C000000000
A14C000000000000
8BD00C0000000018
9D200C6000000000
8BD00C0000000078
98200E6000000000
8C1000E000000052
A1480000000000FF
57880EE000000014
000000529C200E60
000000449E200C60
9B3007F055080CC0
9B3006F0FFFFFFE0
9B3005F0FFFFFFE8
9B3004F0FFFFFFF0
650000F0FFFFFFF8
6580000064800F00
000157B68B800000
00014AFC8B800100
000006C58BD00200
0001584C8B800300
0000F384A3000000
00000000A1000000
64C00F00640000F0
FFFFFFC8A5400000
FFFFFFF89F3004F0
FFFFFFF09F3005F0
FFFFFFE89F3006F0
FFFFFFE09F3007F0
000000008C100000
00000010A14C0000
00000278A1000000
000000889B300500
000000008C100050
00000234A1480000
0000002A99200C00
0000000489000CC0
000000008C1000C0
00000214A14C0000
000000089B300C50
0000001698200CC0
000000018C1000C0
000001F4A14C0000
000000009B300C50
000000889F300C00
0000008088300700
9B300C0054000600
8C1000C000000080
A148000000000000
9B300CC0000000D4
98200EC000000018
50244EE000000005
0000000498200DC0
98200DC045400EED
50284DD000000006
0000000798200CC0
45400CCD502C4CC0
A3000000454000CE
540004C0FFFEE940
000000189B300C50
0000000598200EC0
98200DC050244EE0
45400EED00000004
0000000698200DC0
98200CC050284DD0
502C4CC000000007
454000CE45400CCD
FFFEE8F4A3000000
55200CC044600C4C
FFFFFFFF8C1000C0
00000028A1340000
000000009B300770
000000009B300C70
000000008C1000C0
FFFFFF3CA14C0000
000000009B300C70
000000009F300C50
000000009F300570
000000009B300C50
000000008C1000C0
000000008BD00C00
00000010A14C0000
000000789D200C60
0000005298200E60
000000FF8C1000E0
00000014A1480000
9C200E6057880EE0
9E200C6000000052
99200E6000000044
99200D6000000070
46400BDE00000058
9D200B605060CBB0
99200E600000005A
54000DE000000042
4C0000DB5020CDD0
00000010A1400000
0000005A9D200D60
000000409D200C60
00000003A8800EE0
0000005A99200C60
9D200C6044200CCE
99200C6000000058
89400CC00000002A
9D200C6000000004
9B3007F00000002A
9B3006F0FFFFFFE0
9B3005F0FFFFFFE8
9B3004F0FFFFFFF0
650000F0FFFFFFF8
6580000064800F00
000154CE8B800000
000148148B800100
000006FD8BD00200
00013D218B800300
0000F09CA3000000
00000000A1000000
64C00F00640000F0
FFFFFFA0A5400000
FFFFFFF89F3004F0
FFFFFFF09F3005F0
FFFFFFE89F3006F0
FFFFFFE09F3007F0
9B3007F054000620
9B3005F000000038
9B3004F000000030
8C10003000000028
A14C000000000000
A100000000000010
8C100040000000E0
A14C000000000000
A100000000000010
9F3000F0000000F8
9F3003F0FFFFFFD0
54000010FFFFFFD8
FFFEE6DCA3000000
64C00C00540002C0
0000680B8BD00E00
000000289F300EC0
000000148BD00E00
000000209F300EC0
000000189F3007C0
000000008BD00100
5400035054000060
000009C0A3000000
000000008C1000C0
00000028A1480000
FFFFFFD09B3000F0
9B3002F0540001C0
54000340FFFFFFD8
00000094A3000000
FFFFFFE09B3007F0
FFFFFFE89B3006F0
FFFFFFF09B3005F0
FFFFFFF89B3004F0
64800F00650000F0
8B80000065800000
8B80010000015362
8BD00200000146A8
8B800300000007C4
A300000000014A0F
A10000000000EF30
8B80000000000000
8B80010000015332
8BD0020000014678
8B800300000007C5
A300000000014020
A10000000000EF00
640000F000000000
A540000064C00F00
9F3004F0FFFFFF98
9F3005F0FFFFFFF8
9F3006F0FFFFFFF0
9F3007F0FFFFFFE8
54000530FFFFFFE0
FFFFFFD89F3002F0
5400070054000410
000000008C100070
00000034A1480000
0000000898200070
000000008C100000
0000001CA1480000
FFFF0DB8A3000000
A1000000540006C0
5400005000000018
0000A0C0A3000000
8C100060540006C0
A148000000000000
54000E5000000090
000000089B300540
0000001099200240
9F300EF064C00C00
9F300EC0FFFFFFD0
8BD0010000000018
5400004000000006
FFFFFFC89F3001F0
FFFFFFD89B3003F0
FFFEF25CA3000000
000000109C200C50
9C200C5050644CC0
8C10007000000011
A148000000000000
98200C7000000030
982003700000000A
A10000000000000B
8BD0050000000028
A1000000000000FC
8BD003000000006C
8BD00C00000000FF
64C00E0000000000
000000289F3006E0
FFFFFFC89B300DF0
000000209F300DE0
000000FF89000CC0
000000189F300CE0
000000FF89000330
9B3001F054000040
9B3002F0FFFFFFD8
A3000000FFFFFFD0
540005C00000A908
A300000054000040
55080550FFFF1254
9B3007F054000C50
9B3006F0FFFFFFE0
9B3005F0FFFFFFE8
9B3004F0FFFFFFF0
650000F0FFFFFFF8
6580000064800F00
64C00F00640000F0
FFFFFF90A5400000
FFFFFFF89F3004F0
FFFFFFF09F3005F0
FFFFFFE89F3006F0
FFFFFFE09F3007F0
9B3007F054000500
9B3006F000000038
9B3004F000000030
8C10005000000028
A148000000000000
8C1000300000017C
A14C000000000000
A100000000000010
8C10004000000190
A14C000000000000
A100000000000010
54000010000001A8
FFFFFFD89F3003F0
FFFFFFD09F3002F0
FFFEE354A3000000
64C00C00540002C0
0000680B8BD00E00
000000289F300EC0
000000148BD00E00
000000209F300EC0
000000189F3007C0
000000008BD00700
FFFFFFD09B3000F0
5400036054000170
00000630A3000000
FFFFFFD89B300EF0
8C100060540006C0
A148000000000000
9B300C60000000C4
9F300CF000000008
99200260FFFFFFC8
9F3007F000000010
64C00700FFFFFFD0
000000189F300470
000000068BD00100
FFFFFFC09F3001F0
540003E054000060
FFFEF00CA3000000
FFFFFFC89B300EF0
000000109C200CE0
9C200CE050644CC0
9F30057000000011
9B300CF000000028
9F300C70FFFFFFC0
9B300CF000000020
9F300C70FFFFFFD0
8BD0030000000018
54000060000000FF
FFFFFFD89B3001F0
A300000054000240
540000600000A700
FFFF1050A3000000
FFFFFFE09B3007F0
FFFFFFE89B3006F0
FFFFFFF09B3005F0
FFFFFFF89B3004F0
64800F00650000F0
8B80000065800000
8B80010000014F2A
8BD0020000014270
8B800300000007C4
A3000000000145D7
A10000000000EAF8
8B80000000000000
8B80010000014EFA
8BD0020000014240
8B800300000007C5
A300000000013BE8
A10000000000EAC8
640000F000000000
A540000064C00F00
9F3004F0FFFFFFC8
54000400FFFFFFF8
000000008C100040
00000010A14C0000
000000C4A1000000
000000609A200040
A300000057C80000
540002C0FFFEE158
0000002699200340
000000349A200040
0000002899200C40
0000003A99200E40
9F300ED064C00D00
8BD00E0000000028
9F300ED000000010
9F300CD000000020
8BD0010000000018
A300000000000000
8C1000C00000042C
A148000000000000
99200E4000000078
9A200D400000003A
44200EDE00000034
0000003C9E200E40
0000000488300340
540001C054000040
A300000054000240
A1000000FFFFFAE8
8B80000000000040
8B80010000014DDA
8BD0020000014120
8B80030000000867
A3000000000134AD
A10000000000E9A8
8BD00C0000000000
55080CC0000000FF
FFFFFFF89B3004F0
64800F00650000F0
640000F065800000
A540000064C00F00
9F3004F0FFFFFFA8
9F3005F0FFFFFFF8
9F3006F0FFFFFFF0
9F3007F0FFFFFFE8
54000400FFFFFFE0
000000008C100040
00000010A14C0000
0000009CA1000000
000000809B300640
000000008C100060
000000B4A1480000
000000D698200C40
000000FF8C1000C0
00000014A1480000
9C200C4057880CC0
9B300C60000000D6
98200EC000000018
98200CC00000000C
50244CC00000000D
A3000000454000CE
89000CC0FFFEDF90
8C1000C000000001
A148000000000000
A100000000000010
8BD0070000000058
A100000000000000
8B8000000000005C
8B80010000014CAA
8BD0020000013FF0
8B80030000000892
A30000000001429C
A10000000000E878
8BD00C0000000000
A100000000000000
99200C600000023C
8BD00E0000000010
4C2007CE00000000
000000189B300C60
0000000798200EC0
0000000698200DC0
0000000498200BC0
0000000598200CC0
0000002699200340
000000349A200040
0000002899200A40
0000003A99200940
9F30098064C00800
8BD0090000000028
9F30098000000010
9F300A8000000020
50244CC000000018
50284DD045400CCB
45400EED502C4EE0
54000170454002EC
8900011054880110
A300000000000001
8C1000C0000001BC
A148000000000000
99200D400000009C
9A200E400000003A
44200EED00000034
0000003C9E200E40
FFFFFFD89F300CF0
000000089B3005C0
0000000189000770
000000008C100070
00000068A1480000
0000000D98200C50
98200E5050244CC0
454007CE0000000C
0000C0FF89000770
000000118BD00000
FFFEDDECA3000000
9C200C5045400C7C
50644CC00000000C
0000000D9C200C50
00000054A1000000
000000FF8BD00C00
000000D8A1000000
0000001099200C60
000000089B300060
0000001099200E00
89000330446003EC
883001500000FFFF
8BD0020000000014
A300000000000001
9B300C60FFFF1D58
98200EC000000018
50244EE000000005
0000000498200DC0
98200DC045400EED
50284DD000000006
0000000798200CC0
45400CCD502C4CC0
A3000000454000CE
57880CC0FFFEDD58
000000609A200E40
55200EE044600EEC
FFFFFFFF8C1000E0
00000010A1340000
000000609E200C40
0000000488300340
9B3001F054000040
54000240FFFFFFD8
FFFFF73CA3000000
9B3007F055080CC0
9B3006F0FFFFFFE0
9B3005F0FFFFFFE8
9B3004F0FFFFFFF0
650000F0FFFFFFF8
6580000064800F00
64C00F00640000F0
FFFFFFB0A5400000
FFFFFFF89F3004F0
FFFFFFF09F3005F0
FFFFFFE89F3006F0
FFFFFFE09F3007F0
5400072054000430
8940011054000500
8BD0000000000014
8BD0020000000022
A300000000000280
9B300DF0FFFF05F0
9B300BF000000038
9B3006F000000030
8C1000C000000028
A148000000000000
99200EC000000184
8C1000E000000012
A144000000000013
A100000000000010
9F3005F000000190
9B3005C0FFFFFFC8
9F300DF000000008
9F300BF0FFFFFFD8
54000040FFFFFFD0
A3000000540004C0
5C000C50FFFEDBE8
9C200C5050644CC0
5400006000000001
FFFEDBCCA3000000
506C4EE054000E70
000000079C200E50
50684EE054000E70
000000069C200E50
50644EE054000E70
000000059C200E50
000000049C200750
000000029C200C50
9C200C5050644CC0
9B3000F000000003
A3000000FFFFFFC8
54000EC0FFFEDB90
9C200E50506C4EE0
54000EC00000000B
9C200E5050684EE0
9C200C500000000A
50644CC000000008
000000099C200C50
FFFFFFD09B3000F0
0000500089400000
FFFEDB24A3000000
0000000C9C200C50
9C200C5050644CC0
9B3000F00000000D
A3000000FFFFFFD8
54000EC0FFFEDB00
8BD00D0054000C40
9C200D5000000000
9C200D5000000013
9C200D5000000012
9C200D5000000011
9C200E5000000010
50644EE00000000E
0000000F9C200E50
FFFFFFE09B3007F0
FFFFFFE89B3006F0
FFFFFFF09B3005F0
FFFFFFF89B3004F0
64800F00650000F0
8B80000065800000
8B800100000147DA
8BD0020000013B20
8B80030000000728
A300000000014335
A10000000000E3A8
640000F000000000
A540000064C00F00
9F3004F0FFFFFFD8
9F3005F0FFFFFFF8
8B800C00FFFFFFF0
58000CC000043284
0000000189000CC0
000000008C1000C0
00000198A14C0000
000431E08B800C00
000000009B300CC0
000431D88B800E00
000000009B300EE0
8BD0050045400CCE
4C600CC500000000
0000000189000CC0
000000008C1000C0
00000150A1480000
000432188B800C00
000000018BD00E00
A30000005C000EC0
540004C00000CEF0
000000078BD00000
FFFEF710A3000000
000000008C1000C0
00000010A14C0000
000000C4A1000000
000000FA88300B40
000002FC8B800E00
000000109F300EC0
000000189F3005C0
000000009F3005C0
000000089E200BC0
000431A88B800E00
000000009B300DE0
000000008C1000D0
000000B0A1480000
000000089A200ED0
8B800E0044600ABE
55200AA00004317C
000000008C1000A0
00000080A1280000
9B300DE054000ED0
8C1000D000000000
A148000000000000
9A200AD000000060
44600ABA00000008
8C1000A055200AA0
A1340000FFFFFFFF
A1000000FFFFFFCC
8B8000000000003C
8B8001000001461A
8BD002000001360C
8B800300000000BE
A300000000013F15
A10000000000E1E8
54000D5000000000
000000009F300DC0
000000009F300CE0
FFFFFFF09B3005F0
FFFFFFF89B3004F0
64800F00650000F0
640000F065800000
A540000064C00F00
9F3004F0FFFFFFC8
9F3005F0FFFFFFF8
9F3006F0FFFFFFF0
9F3007F0FFFFFFE8
54000520FFFFFFE0
5400060054000410
55600CC054000C60
400000008C1000C0
00000010A1380000
000000F4A1000000
0000CD44A3000000
8BD00000540007C0
A300000000000007
8C1000C0FFFEF564
A14C000000000000
A100000000000010
44200B76000000F0
000000189F3005C0
000000109F3004C0
000000008BD00A00
000000009F300AC0
000000089E200BC0
000430008B800E00
000000009B300DE0
000000008C1000D0
000000E0A1480000
000000089A200ED0
8B800E00446009BE
5520099000042FD4
000000008C100090
000000B0A1280000
9B300DE054000ED0
8C1000D000000000
A148000000000000
9A2009D000000090
446009B900000008
8C10009055200990
A1340000FFFFFFFF
A1000000FFFFFFCC
8B8000000000006C
8B80010000014472
8BD0020000013464
8B80030000000129
A300000000014276
A10000000000E040
8B80000000000000
8B80010000014442
8BD0020000013434
8B800300000000BE
A300000000013D3D
A10000000000E010
54000DA000000000
000000009F300DC0
000000009F300CE0
FFFFFFE09B3007F0
FFFFFFE89B3006F0
FFFFFFF09B3005F0
FFFFFFF89B3004F0
64800F00650000F0
640000F065800000
A540000064C00F00
9F3004F0FFFFFFD8
9F3005F0FFFFFFF8
A3000000FFFFFFF0
8B800C00FFFF2370
9B300CC000042E24
8B800E0000000000
9B300EE000042E1C
45400CCE00000000
000000008BD00500
89000CC04C600CC5
8C1000C000000001
A148000000000000
A3000000000000F8
540004C00000CB48
000000078BD00000
FFFEF368A3000000
000000008C1000C0
00000010A14C0000
000000ECA1000000
000000FA88300E40
FFFFFF548B800D00
000000109F300DC0
000000189F3005C0
000000009F3005C0
000000089E200EC0
00042E008B800D00
000000009B300DD0
000000008C1000D0
00000010A14C0000
000000C4A1000000
000000089A200BD0
55200BB044600BEB
000000008C1000B0
000000BCA1280000
9B300DB054000BD0
8C1000D000000000
A148000000000000
9A200AD0000000C0
44600AEA00000008
8C1000A055200AA0
A1340000FFFFFFFF
A1000000FFFFFFCC
8B800C000000009C
5C0005C000042D6C
FFFFFFF09B3005F0
FFFFFFF89B3004F0
64800F00650000F0
8B80000065800000
8B8001000001424A
8BD002000001323C
8B800300000000BE
A300000000013B45
A10000000000DE18
8B800E0000000000
9F300CE000042D1C
A100000000000000
9F300DC0FFFFFFA4
8B800E0000000000
9F300CE000042CFC
A100000000000000
54000D50FFFFFF84
000000009F300DC0
000000009F300CB0
FFFFFF68A1000000
64C00F00640000F0
FFFFFFE0A5400000
FFFFFFF89F3004F0
000000108BD00400
000147B08B800C00
5A000020442002C4
0000003C8B800100
FFFFFBD4A3000000
0000001088300440
000000708C100040
FFFFFFD0A14C0000
FFFFFFF89B3004F0
64800F00650000F0
640000F065800000
A540000064C00F00
9F3004F0FFFFFFD0
9F3005F0FFFFFFF8
9F3006F0FFFFFFF0
54000400FFFFFFE8
000000089B300C40
A30000006280000C
8B800E000000C908
5A000EE000042C24
4420056E5A000640
55200EE044600E5C
FFFFFFFF8C1000E0
00000010A1340000
000000ECA1000000
000000078BD00000
FFFEF0F8A3000000
000000008C1000C0
00000010A14C0000
000001B0A1000000
000000189F3004C0
FFFFFF5C8B800E00
000000109F300EC0
000000008BD00E00
000000009F300EC0
000000089E2005C0
00042B908B800D00
000000009B300DD0
000000008C1000D0
00000010A14C0000
00000188A1000000
000000089A200BD0
55200BB044600B5B
000000008C1000B0
000001B0A1280000
9B300DB054000BD0
8C1000D000000000
A148000000000000
9A200AD0000001CC
44600A5A00000008
8C1000A055200AA0
A1340000FFFFFFFF
A1000000FFFFFFCC
540005C0000001A8
000000078BD00000
FFFEF010A3000000
000000008C1000C0
00000010A14C0000
00000110A1000000
9F3004C044200E65
8B800D0000000018
9F300DC0FFFFFE70
8BD00D0000000010
9F300DC000000000
9E200EC000000000
8B800B0000000008
9B300BB000042AA4
8C1000B000000000
A14C000000000000
A100000000000010
9A200AB000000104
44600AEA00000008
8C1000A055200AA0
A128000000000000
54000AB000000118
000000009B300BA0
000000008C1000B0
0000011CA1480000
000000089A2009B0
55200990446009E9
FFFFFFFF8C100090
FFFFFFCCA1340000
000000F8A1000000
00013F168B800000
00012F088B800100
000000BE8BD00200
000138118B800300
0000DAE4A3000000
00000000A1000000
000429E88B800E00
000000009F300CE0
000000C0A1000000
00013ECE8B800000
00012EC08B800100
000000BE8BD00200
000137C98B800300
0000DA9CA3000000
00000000A1000000
000000009F300DC0
000429988B800E00
000000009F300CE0
00000070A1000000
000429808B800E00
000000009F300CE0
00000058A1000000
9F300DC054000DE0
9F300CB000000000
A100000000000000
9F300BC00000003C
8B800E0000000000
9F300CE000042944
A100000000000000
54000BD00000001C
000000009F300BC0
000000009F300CA0
FFFFFFE89B3006F0
FFFFFFF09B3005F0
FFFFFFF89B3004F0
64800F00650000F0
640000F065800000
A540000064C00F00
9F3004F0FFFFFFC8
9F3005F0FFFFFFF8
9F3006F0FFFFFFF0
9F3007F0FFFFFFE8
A3000000FFFFFFE0
540004C00000C5A8
000000078BD00500
000428088B800C00
8C1000C058000CC0
A148000000000000
A300000000000010
8B800C00FFFEF938
9B3001C00004288C
8C10001000000000
A148000000000000
9A200C1000000088
44600E4C00000008
8C1000E055200EE0
A128000000000000
9B300E1000000068
8B800D0000000000
9F300ED000042844
9B30061000000000
9B30071000000018
8B800E0000000010
5E000CE00004282C
A300000054000050
8C100070FFFEEDA8
A148000000000000
54000060FFFFFF54
A100000062800007
9B3007F0FFFFFF44
9B3006F0FFFFFFE0
9B3005F0FFFFFFE8
9B3004F0FFFFFFF0
650000F0FFFFFFF8
6580000064800F00
64C00F00640000F0
FFFFFFE8A5400000
00011FE4A3000000
0000C00089400CC0
000143188B800E00
650000F05D000CE0
6580000064800F00
64C00F00640000F0
FFFFFFB8A5400000
FFFFFFF89F3004F0
FFFFFFF09F3005F0
FFFFFFE89F3006F0
FFFFFFE09F3007F0
000000008C100000
00000010A14C0000
0000006CA1000000
000000008C100010
00000010A14C0000
00000084A1000000
0000001299200C00
000000078C1000C0
0000009CA1440000
FFFEFD00A3000000
FFFFFFE09B3007F0
FFFFFFE89B3006F0
FFFFFFF09B3005F0
FFFFFFF89B3004F0
64800F00650000F0
8B80000065800000
8B80010000013BDA
8BD0020000013522
8B800300000000CF
A30000000001260C
A10000000000D7A8
8B80000000000000
8B80010000013BAA
8BD00200000134F2
8B800300000000D0
A3000000000134F9
A10000000000D778
5400041000000000
FFFFFFD89F3000F0
000000089B300700
000147408B800C00
000000009B3001C0
000000209A2000C0
00009804A3000000
98200C70540005C0
50244CC000000001
454000CE58000E70
FFFECDDCA3000000
98200C70540006C0
98200E7000000002
50244EE000000003
A3000000454000EC
8B800E00FFFECDB8
9B3001E000042614
8C10001000000000
A148000000000000
8BD00D000000027C
8B800E0000000000
9A200BE0000146B4
9A200AE00000001C
9B3009E000000020
55600BB000000008
9B3000F0540007D0
A1000000FFFFFFD8
540007100000002C
000000109B3001D0
000000008C100010
00000010A14C0000
00000228A1000000
54000D10540008D0
0000001A992001D0
A14C00004C00001C
982001D0FFFFFFCC
8C10001000000008
A148000000000000
9820029000000028
578802200000006C
000000FF89000220
A14C00004C000012
5A0001D0FFFFFF94
000000008C100050
5560022054000210
00000064A1480000
000000008C100020
00000078A1480000
55600220540002A0
FFFFFFFFCBC00300
4C00002300000000
00000058A1480000
9A200240458001A1
450001210000000C
8C10001055600110
A148000000000000
A100000000000034
8C100020FFFFFF1C
A148000000000000
540001A00000001C
4C00002155600110
FFFFFEF8A14C0000
00000018982001D0
0000000489000110
000000008C100010
00000098A14C0000
000000008BD00100
8C1000104C200171
5400017000000000
000154F4A0480000
8C100070540001D0
A148000000000000
8C10005000000068
A148000000000000
540002A000000058
CBC0030055600220
00000000FFFFFFFF
A14C00004C000023
9A20014000000038
5A00027000000008
A14800004C000021
A100000000000010
540001700000005C
0000000CA1000000
992002D054000170
4C0000260000001C
FFFFFE2CA14C0000
000000049A2002D0
000000008C100020
000001FCA1480000
540007104C00002B
FFFFFE08A14C0000
000001E4A1000000
4C2001215A0002D0
000000008C100010
000155C4A0480000
54000170540007D0
FFFFFF9CA1000000
000000008BD00700
FFFFFFD89B3000F0
000000008C100070
0000002CA14C0000
000144288B800C00
000000209A200CC0
000000089A200E40
A14C00004C0000EC
8BD00100000000BC
A300000000000008
8C1000C0FFFF002C
A148000000000000
8B80000000000038
8B8001000001380A
8BD0020000013152
8B80030000000170
A3000000000137A5
A10000000000D3D8
8C10007000000000
A148000000000000
9B300C700000006C
8C1000C000000020
A148000000000000
9B300070000000E8
64C00E0000000028
000000189F3006E0
000143788B800E00
0000001C883003E0
9B3002F054000170
6280000CFFFFFFD8
FFFFFB78A1000000
FFFEF868A3000000
FFFFFB68A1000000
000000008C100050
00000074A14C0000
000143308B800C00
000000209A200CC0
000000F089000CC0
000000E08C1000C0
0000004CA1480000
000143088B800C00
0000001899200CC0
00000008883001C0
9B3005F055180110
54000050FFFFFFD8
FFFF021CA3000000
000000038BD00100
A300000054000050
9B3000F000008248
A3000000FFFFFFD8
A1000000FFFEF7D4
9B3000F0FFFFFAD4
A3000000FFFFFFD8
A1000000FFFEF7BC
8C100080FFFFFABC
A148000000000000
9B300CD000000044
9F300C8000000010
8B800C0000000010
9B300BC0000421AC
9F300BD000000000
9F300DC000000010
540007D000000000
FFFFFE18A1000000
A1000000540007D0
640000F0FFFFFE0C
A540000064C00F00
9F3004F0FFFFFFB8
9F3005F0FFFFFFF8
9F3006F0FFFFFFF0
9F3007F0FFFFFFE8
54000400FFFFFFE0
000000F08BD00C00
000000008C100040
00000118A1480000
000000008C100010
00000108A1480000
000000008C100020
000000F8A1480000
5400063054000510
0000000898200040
000000008C100000
00000020A1480000
A300000054000720
54000EC0FFFEF0F4
0000001CA1000000
5400002054000720
000083F8A3000000
8BD00C0054000EC0
8C1000E0000000FC
A148000000000000
88300DE000000094
5A000B4000000008
000000008C1000B0
0000004CA1480000
89000AA054000AB0
8C1000A0000000F0
54000360000000E0
5400015054000270
00000030A1480000
4C0000BD5A000DD0
A14C000054000D40
A10000000000003C
5400036000000014
5400015054000270
9F300DC064C00C00
9F300EC000000020
5400004000000018
00000120A3000000
9B3007F055080CC0
9B3006F0FFFFFFE0
9B3005F0FFFFFFE8
9B3004F0FFFFFFF0
650000F0FFFFFFF8
6580000064800F00
64C00F00640000F0
FFFFFFD8A5400000
000000F08BD00C00
000000289B300EF0
000000008C100000
000000B0A1480000
000000008C100010
000000A0A1480000
000000008C100020
00000090A1480000
000000008C1000E0
00000080A1480000
0000000888300CE0
8C1000D05A000D00
A148000000000000
54000BD000000038
000000F089000BB0
000000E08C1000B0
0000001CA1480000
4C0000DC5A000CC0
A14C000054000C00
64C00D000000002C
000000209F300CD0
000000189F300ED0
00000028A3000000
00000010A1000000
000000FC8BD00C00
650000F055080CC0
6580000064800F00
64C00F00640000F0
FFFFFF90A5400000
FFFFFFF89F3004F0
FFFFFFF09F3005F0
FFFFFFE89F3006F0
FFFFFFE09F3007F0
5400070054000410
000000F08BD00600
000000309B300CF0
000000289B3005F0
000000008C100050
00000334A1480000
000000008C100070
00000324A1480000
000000008C100040
00000314A1480000
000000008C100020
00000304A1480000
FFFFFFD89F3002F0
FFFFFFD09F300CF0
000000008C1000C0
000002E4A1480000
0000001A99200C70
000000008C1000C0
00000010A14C0000
00000288A1000000
000000FF8BD00600
0000001099200C40
0000FFF78C1000C0
000002A4A1440000
FFFFFFC89F3003F0
000000088BD00100
A300000054000040
8C1000C0FFFEF9D0
54000C4000000000
00000068A1480000
000000228BD00000
000000088BD00100
000002808BD00200
FFFEEEF4A3000000
000000008C1000C0
00000244A1480000
0000001099200E40
000000008C1000E0
00000020A1480000
54000140540000C0
A3000000540006C0
54000C60FFFEFFB4
0000001299200EC0
000000078C1000E0
00000010A1440000
00000228A1000000
000000089B3006C0
0000001A99200070
FFFFFFC09F300CF0
FFFEC4E4A3000000
50644CC05C000C60
000000019C200C60
FFFFFFC89B3000F0
FFFEC4C4A3000000
000000008BD00E00
000000079C200E60
FFFFFFC89F300EF0
000000069C200E60
000000029C200C60
9C200C6050644CC0
9B300CF000000003
992000C0FFFFFFC0
A300000000000010
9C200C60FFFEC478
50644CC000000004
000000059C200C60
0000001898200C70
0000000189000CC0
000000008C1000C0
0000007CA14C0000
FFFFFFC09B3000F0
0000001099200200
9B300EF064C00C00
9F300EC0FFFFFFD8
8BD0010000000018
9B3003F000000011
A3000000FFFFFFD0
9B300EF0FFFED198
4C200ECEFFFFFFC8
000000008C1000E0
00015D10A0480000
FFFFFFFF8BD00C00
000000069C200C60
9C200C6050644CC0
9820037000000007
98200C700000000B
64C00E000000000A
000000289F3005E0
000000118BD00D00
000000209F300DE0
000000189F300CE0
FFFFFFC09B3005F0
9B3001F054000050
9B3002F0FFFFFFD0
A3000000FFFFFFD8
540006C0000088F4
A14800004C000054
5400005000000058
FFFEF1A0A3000000
00000044A1000000
000000008BD00200
5400017054000070
A300000054000630
540003600000008C
8C100060540006C0
A14C000000000000
A100000000000010
55080660FFFFFD4C
9B3007F054000C60
9B3006F0FFFFFFE0
9B3005F0FFFFFFE8
9B3004F0FFFFFFF0
650000F0FFFFFFF8
6580000064800F00
0001302E8B800000
000129768B800100
0000030E8BD00200
00011E578B800300
0000CBFCA3000000
00000000A1000000
64C00F00640000F0
FFFFFFF8A5400000
FFFFFFF89F3004F0
000000008BD00C00
8B800E004C200D1C
8C1000D0000130C0
A048000000000000
540001E000015E80
000000008C100000
00000108A1480000
00041AC08B800D00
000000009B300ED0
000000008C1000E0
0000001CA1480000
0000001088300DE0
A14C00004C00000E
8B800D00FFFFFFDC
9B300DD000041A8C
8C10002000000000
A148000000000000
8C1000D0000000C4
A148000000000000
8BD00B00000001B8
A1000000000000F8
9B300DD000000028
8C1000D000000010
A14C000000000000
A100000000000010
4C00000D00000188
FFFFFFDCA1480000
0000001A99200AD0
A14C00004C0000A2
5A000A10FFFFFFC8
8C1000905A0009D0
A148000000000000
55600AA0000001A8
A14800004C00009A
8C1000A0000001A4
A148000000000000
A100000000000010
54000CB0FFFFFF88
00000184A1000000
000000F08BD00C00
00000174A1000000
000000008BD00200
000135108B800B00
8BD00A0059000BB0
54000920FFFFC000
0000FFFF89000BB0
540008B057880BB0
0000FFFF89000880
8C1000804C60088B
A048000000000000
54000BA000015FF0
000000008C1000D0
A1480000540008D0
540003B000000128
0000FFFF89000330
0000001A99200480
A14C00004C000043
A100000000000010
9B30088000000028
8C10008000000010
A148000000000000
A10000000000003C
54000890FFFFFFC0
8900099057880880
8C1000900000FFFF
5400098000003FFF
FFFFFF58A1380000
0000000CA1000000
8B800D00540002B0
5D000BD00001343C
89000DD054000D20
8C1000D00000FFFF
A148000000000000
5A000D1000000050
0000001A9D200200
8C1000E05E000D00
A14C000000000000
8B800E0000000050
9B300DE00004188C
9F300D0000000000
9F3000E000000010
A100000000000000
8BD00C0000000028
A1000000000000F8
54000CB000000018
0000000CA1000000
55080CC054000CB0
FFFFFFF89B3004F0
64800F00650000F0
540002B065800000
FFFFFF54A1000000
64C00F00640000F0
FFFFFFD0A5400000
FFFFFFF89F3004F0
FFFFFFF09F3005F0
FFFFFFE89F3006F0
000000F08BD00C00
000000008C100000
00000130A1480000
000000008C100010
00000120A1480000
0000001A99200C00
000000008C1000C0
00000010A14C0000
000000B8A1000000
9D2002005A000C10
9E200C000000001C
98200C0000000004
89400CC000000018
9C200C0000000004
8B800C0000000018
9B300EC000041784
8C1000E000000000
A148000000000000
8BD00C000000003C
4C00000E00000000
000000A0A1480000
000000109B300EE0
000000008C1000E0
00000010A1480000
FFFFFFDCA1000000
000417308B800C00
000000009B300EC0
000000109F300E00
000000009F3000C0
000000008BD00C00
00000050A1000000
000000008BD00C00
5400051054000400
5400062054000140
A3000000540002C0
54000150FFFFFBD4
5400004054000260
000000008C1000C0
00000010A14C0000
FFFFFF10A1000000
9B3006F055080CC0
9B3005F0FFFFFFE8
9B3004F0FFFFFFF0
650000F0FFFFFFF8
6580000064800F00
64C00F00640000F0
000000008C100000
00000018A1480000
000000289F300200
000000209F300100
64800F00650000F0
640000F065800000
A540000064C00F00
54000100FFFFFFE8
000000008C100010
0000008CA1480000
000416388B800C00
000000009B300CC0
A14800004C0000C1
54000EC000000048
000000008C1000E0
0000004CA1480000
000000109B300CE0
A14C00004C0000C1
9B300C10FFFFFFE0
9F300CE000000010
A100000000000010
9B300CC000000020
8B800E0000000010
9F300CE0000415D4
8BD0000000000000
A300000000000001
650000F0FFFEDB40
6580000064800F00
64C00F00640000F0
FFFFFFE0A5400000
FFFFFFF89F3004F0
000000018BD00000
FFFEDA90A3000000
000000008C1000C0
0000003CA1480000
000000008BD00100
000000308BD00200
540004C0540000C0
00010EB4A3000000
8BD00E0054000C40
9C200EC0000000FF
9B3004F00000000B
650000F0FFFFFFF8
6580000064800F00
64C00F00640000F0
000000008C100000
0000006CA1480000
8C1000105A000C00
A148000000000000
55600CC000000058
000000008C1000C0
00000044A1480000
000414E88B800C00
000000009B300CC0
8C1000E05A000E10
A148000000000000
8C1000C000000020
A148000000000000
A100000000000010
650000F000000034
6580000064800F00
000000109B300CC0
000000008C1000C0
00000010A14C0000
FFFFFFDCA1000000
5A000DC05A000E00
A14C00004C0000DE
5A000E10FFFFFFD4
A10000005E000EC0
640000F0FFFFFFC4
A540000064C00F00
8C100020FFFFFFE8
A14C000000000000
A100000000000010
9F30021000000048
88300C0000000018
54000EC000000070
000000009B300EE0
000000008C1000E0
0000004CA1480000
A14800004C0000E1
A100000000000058
8B800000FFFFFFDC
8B800100000128E2
8BD00200000125A7
8B8003000000007D
A300000000011739
A10000000000C4B0
9B300EC000000000
9F300E1000000000
9F3001C000000000
8BD00C0000000000
650000F000000000
6580000064800F00
64C00F00640000F0
FFFFFFE8A5400000
000000008BD00D00
0000007088300C00
54000ED054000BC0
000000009B300DB0
000000008C1000D0
00000040A1480000
54000BD04C0000D1
FFFFFFDCA14C0000
000000009B300D10
000000008C1000E0
00000048A1480000
000000009F300DE0
00000040A1000000
0001280E8B800000
000124D38B800100
000000A98BD00200
000126488B800300
0000C3DCA3000000
00000000A1000000
000000009F300DC0
64800F00650000F0
640000F065800000
A540000064C00F00
9F3004F0FFFFFFD8
9F3005F0FFFFFFF8
54000410FFFFFFF0
000000008BD00500
000000149C200540
000000109C200540
8BD00E005A000C20
9E200E4000000001
9E200C400000000C
A300000000000008
54000EC000010AA8
CBC00D0055600EE0
00000000CCCCCCCD
5071CEE068800EED
0000000AA8800EE0
9D200C4044600CCE
54000C5000000012
FFFFFFF09B3005F0
FFFFFFF89B3004F0
64800F00650000F0
640000F065800000
A540000064C00F00
9F3004F0FFFFFFA0
9F3005F0FFFFFFF8
9F3006F0FFFFFFF0
9F3007F0FFFFFFE8
8B800C00FFFFFFE0
9B3004C000041134
8C10004000000000
A148000000000000
8BD00C000000034C
9F300CF000000002
8BD00600FFFFFFD8
8BD0050000000014
8BD00C0000000000
9F300CF000000003
8BD00C00FFFFFFD0
9F300CF000000004
8BD00C00FFFFFFB8
9F300CF000000005
8BD00C00FFFFFFC8
9F300CF000000001
A1000000FFFFFFC0
9B30044000000020
8C10004000000000
A148000000000000
9B300740000002CC
8C10007000000070
A148000000000000
A1000000FFFFFFD8
99200C7000000040
8C1000C000000012
A14C000000000000
A100000000000010
9B300770000001CC
8C10007000000000
A148000000000000
98200C70FFFFFF98
8C1000C000000014
A148000000000000
57C80CC000000014
000000149C200C70
0000001299200C70
000000008C1000C0
00000014A1480000
9D200C7057C80CC0
9A200C7000000012
54000EC00000000C
8C1000E057C80EE0
A138000000000002
88300EC0FFFFFF68
8C1000E0FFFFFFFD
A138000000000002
A100000000000010
99200C70000000D4
8C1000C000000012
A14C000000000000
98200C70FFFFFF50
8C1000C000000010
A14C000000000000
9C20057000000020
9B300CF000000015
9E200C70FFFFFFB8
883001700000000C
5400004000000008
00006A88A3000000
000000129D200670
0000001098200C70
9C200C7057880CC0
89000CC000000010
8C1000C0000000FF
A138000000000002
9B300CF0FFFFFED8
9E200C70FFFFFFC8
9D2005700000000C
9C20057000000012
9B300C7000000010
5400004000000018
6280000C54000150
FFFFFE9CA1000000
000000078C1000C0
00000010A1480000
FFFFFE84A1000000
0000001299200C70
000000008C1000C0
FFFFFE6CA14C0000
0000000C9E200570
000000189B300C70
9B3001F054000040
6280000CFFFFFFC0
FFFFFE44A1000000
FFFFFFD89B300CF0
0000000C9E200C70
0000000888300170
A300000054000040
98200C7000006928
57880CC000000010
000000109C200C70
000000FF89000CC0
000000038C1000C0
00000030A1380000
000000129D200670
000000109C200570
FFFFFFD09B300CF0
0000000C9E200C70
FFFFFDCCA1000000
00010704A3000000
55600EE054000EC0
CCCCCCCDCBC00D00
68800EED00000000
A8800EE05071CEE0
44600CCE0000000A
0000000A88300CC0
000000129D200C70
FFFFFD84A1000000
FFFFFFE09B3007F0
FFFFFFE89B3006F0
FFFFFFF09B3005F0
FFFFFFF89B3004F0
64800F00650000F0
640000F065800000
A540000064C00F00
9F3004F0FFFFFF80
9F3005F0FFFFFFF8
9F3006F0FFFFFFF0
9F3007F0FFFFFFE8
54000510FFFFFFE0
8830014054000400
883000F000000062
8BD00200FFFFFFD2
A300000000000006
8830015000010728
883000F00000000E
8BD00600FFFFFFDC
5400026000000004
00010704A3000000
0000001888300150
FFFFFFD8883000F0
A300000054000260
9B300640000106E8
8C10006000000070
A148000000000000
88300C5000000354
9F300CF000000008
88300CF0FFFFFFC8
9F300CF0FFFFFFD2
8BD00700FFFFFFC0
8BD00C0000000006
9F300CF000000000
8BD00500FFFFFFB8
8BD00C0000000002
9F300CF000000064
8BD00C00FFFFFF98
9F300CF000000258
8BD00C00FFFFFFB0
9F300CF000000007
8BD00C00FFFFFFA8
9F300CF000000001
A1000000FFFFFFA0
9B300CF000000050
9E200C60FFFFFFB8
9B300C600000000C
5400004000000018
FFFFFFA09B3001F0
9B3006606280000C
8C10006000000000
A14C000000000000
A100000000000010
9A200C6000000284
88300EC00000000C
8C1000E0FFFFFFFC
A138000000000003
57C80CC0000000F8
000000028C1000C0
FFFFFFB4A1440000
000000089A200C60
FFFFFFDC9A200DF0
A14800004C0000DC
9A200EF000000060
8C1000D0FFFFFFD8
A14C000000000000
55600EE0FFFFFF80
A14C00004C0000EC
9B3000F0FFFFFF70
9B3001F0FFFFFFC0
54000270FFFFFFC8
000104FCA3000000
8C1000C055600CC0
A148000000000000
98200C60FFFFFF40
57880CC000000015
000000159C200C60
000000189B300C60
5400015054000040
98200C606280000C
8C1000C000000015
A13800000000000A
9B300CF0FFFFFED8
9D200C60FFFFFFB0
9B300CF000000012
9E200C60FFFFFFA8
A10000000000000C
9A200C60FFFFFED8
9A200EF000000008
4C0000ECFFFFFFDC
FFFFFEBCA14C0000
FFFFFFC09B3000F0
FFFFFFC89B3001F0
A300000054000270
55600CC000010448
000000008C1000C0
FFFFFE8CA1480000
0000000C9A200C60
000000068C1000C0
00000034A14C0000
FFFFFFB89B300CF0
0000000C9E200C60
000000189B300C60
5400015054000040
A10000006280000C
98200C60FFFFFE48
8C1000C000000014
A148000000000000
98200C6000000070
57880CC000000015
000000159C200C60
000000189B300C60
5400015054000040
98200C606280000C
8C1000C000000015
A13800000000000A
9B300CF00000005C
9D200C60FFFFFFB0
9B300CF000000012
9E200C60FFFFFFA8
A10000000000000C
88300160FFFFFDC8
5400004000000008
00006520A3000000
FFFFFF989B300CF0
000000149C200C60
FFFFFD9CA1000000
FFFFFFB89B300CF0
0000000C9E200C60
000000189B300C60
000000018BD00100
6280000C54000040
FFFFFD6CA1000000
FFFFFFE09B3007F0
FFFFFFE89B3006F0
FFFFFFF09B3005F0
FFFFFFF89B3004F0
64800F00650000F0
640000F065800000
A540000064C00F00
9F3004F0FFFFFFA8
9F3005F0FFFFFFF8
9F3006F0FFFFFFF0
9F3007F0FFFFFFE8
54000420FFFFFFE0
5400060054000510
000000008C100050
000001B0A1480000
8C1000405A000C50
A148000000000000
55600CC00000019C
000000008C1000C0
00000188A1480000
8C1000C05A000C40
A148000000000000
9B30076000000174
8C10007000000070
A148000000000000
8BD00C000000015C
9F300CF000000001
8BD00C00FFFFFFD8
9F300CF000000000
8BD00C00FFFFFFD0
9F300CF000000002
8BD00C00FFFFFFC8
9F300CF000000006
A1000000FFFFFFC0
9B300CF000000050
9E200C70FFFFFFD0
9B300C700000000C
5400006000000018
FFFFFFC89B3001F0
9B3007706280000C
8C10007000000000
A14C000000000000
A100000000000010
5A000C50000000CC
000000089A200E70
A14C00004C0000EC
89000CC0FFFFFFD0
8C1000C00000FFFF
A14C00000000FEA9
5A000C40FFFFFFB8
0000FFFF89000CC0
0000FEA98C1000C0
FFFFFF9CA1480000
0000000C9A200C70
000000078C1000C0
FFFFFF84A1440000
FFFFFFD89B300EF0
54000EC050004CEC
0000008E89000EE0
000000008C1000E0
FFFFFF34A14C0000
0000003089000CC0
000000008C1000C0
00000010A14C0000
FFFFFF3CA1000000
FFFFFFC09B300CF0
0000000C9E200C70
FFFFFF24A1000000
FFFFFFE09B3007F0
FFFFFFE89B3006F0
FFFFFFF09B3005F0
FFFFFFF89B3004F0
64800F00650000F0
640000F065800000
A540000064C00F00
9F3004F0FFFFFF90
9F3005F0FFFFFFF8
9F3006F0FFFFFFF0
9F3007F0FFFFFFE8
8B800C00FFFFFFE0
9B3004C00004072C
8C10004000000000
A148000000000000
8BD0060000000580
8BD00C0000000001
9F300CF000000003
88300CF0FFFFFFD0
9F300CF0FFFFFFDE
8BD00C00FFFFFFC8
9F300CF000000014
A1000000FFFFFFB8
5400004000000040
00000604A3000000
A300000054000040
9B30044000000A64
8C10004000000000
A14C000000000000
A100000000000010
9B30074000000508
8C10007000000048
A148000000000000
98200C70FFFFFFD0
8C1000C000000005
A148000000000000
99200E70FFFFFFB8
8C1000E000000014
A148000000000000
99200D7000000038
57880DD000000012
000000129D200D70
0000FFFF89000DD0
A14C00004C0000DE
A100000000000010
99200E70FFFFFF58
8C1000E000000010
A148000000000000
54000DE0000003C8
9D200D7057C80DD0
8C1000E000000010
A14C000000000001
8C1000C0000003A8
A14400000000000A
50004E6CFFFFFF28
0000043289000EE0
000000008C1000E0
00000010A14C0000
FFFFFF04A1000000
000000048C1000C0
000000048BD00C00
000000008BD00500
00000020A1480000
000000089D200570
000000069C200570
000000059C200C70
FFFFFFC09F300CF0
5400017054000040
FFFFFFD09B3002F0
FFFFFFC89B3003F0
00001744A3000000
000000008C1000C0
00000258A1480000
000000089B300EC0
FFFFFFDE992008F0
000000418C100080
00000010A1380000
000003FCA1000000
FFFFFFB09F3006F0
000000F0883006E0
8BD00D0044200E68
9C200DE000000002
8BD00D0000000001
5C000DE000000039
0000000288300D80
FFFFFFDE9D200DF0
0000FFFF89000DD0
99200B4044200D6D
9C200BD000000060
50644BB000000001
88300D805C000BD0
9D200DF000000004
8C100080FFFFFFDE
A13800000000003B
A100000000000010
89000DD0000003A0
44200D6D0000FFFF
000000378BD00B00
9B300DF05C000BD0
9C200DE0FFFFFFC0
8BD00E0000000005
44600EE80000003E
0000FFFF89000EE0
0000000688300D80
FFFFFFDE9D200DF0
0000FFFF89000DD0
4C0000E544200B6D
00000010A14C0000
000002C0A1000000
8B80090044200AB5
4420099500011AB3
5C0009A058000990
8C10005057880550
A14C000000000004
9F300CF0FFFFFFC8
442000D5FFFFFFC0
FFFFFFDE9D2000F0
5400024054000160
000022D8A3000000
FFFFFFDE9D200CF0
8BD00D0044200E6C
5C000DE0000000FF
57880EE054000EC0
0000FFFF89000EE0
000000438C1000E0
00000040A1440000
8BD00D0044200C6E
5C000DC000000000
54000CE057880EE0
0000FFFF89000CC0
000000448C1000C0
FFFFFFD8A14C0000
54000CE057C80EE0
000000F1883001C0
0000FFFF89000110
FFFFFFC09B3005F0
A300000054000050
8B800C00FFFEDD80
9B3000C00004040C
64C00C0000000000
000000189F3004C0
000119C08B800200
000000438BD00300
A300000054000150
54000050FFFFE3EC
FFFED9A8A3000000
FFFFFFB09B3006F0
0000000698200C70
000000FF8C1000C0
00000014A1480000
9C200C7057880CC0
98200E7000000006
8C1000E000000006
9B300CF000000009
A1440000FFFFFFB8
A8800EE000000030
88300CE0000003E8
89000CC0000001F0
50614CC00000FFF8
000020C5A8800CC0
9D200C70506A4CC0
99200C7000000008
99200E7000000012
44600CEC00000014
000000028C1000C0
FFFFFBACA1280000
9D200C705060CCC0
A100000000000010
99200E70FFFFFB98
8C1000E00000000E
A148000000000000
54000DE0FFFFFB80
9D200D7057C80DD0
8C1000E00000000E
A14C000000000001
8C1000C0FFFFFB60
A14400000000000A
50004C6CFFFFFB50
0000042289000CC0
000000008C1000C0
00000010A14C0000
FFFFFB2CA1000000
A300000054000040
99200C7000001C88
99200E7000000012
44600CEC0000000C
000000028C1000C0
FFFFFAFCA1280000
9D200C705060CCC0
A10000000000000E
9B3007F0FFFFFAE8
9B3006F0FFFFFFE0
9B3005F0FFFFFFE8
9B3004F0FFFFFFF0
650000F0FFFFFFF8
6580000064800F00
88300CC044200C85
9D200CF000000006
8B800000FFFFFFDE
8B8001000001170A
8BD0020000010BD6
8B800300000005AC
A300000000010AA5
A10000000000B2D8
8B80000000000000
8B800100000116DA
8BD0020000010BA6
8B800300000005A0
A300000000010BB3
A10000000000B2A8
8B80000000000000
8B800100000116AA
8BD0020000010B76
8B800300000005A0
A300000000010B83
A10000000000B278
640000F000000000
A540000064C00F00
9F3004F0FFFFFFA0
9F3005F0FFFFFFF8
9F3006F0FFFFFFF0
9F3007F0FFFFFFE8
9B300400FFFFFFE0
8C10004000000048
A148000000000000
98200C40000003A0
8C1000C000000005
A148000000000000
9A200E4000000388
9E200EF000000018
8BD00600FFFFFFDC
9E20064000000000
9F30064000000030
9F30064000000020
9F30064000000018
9D20064000000028
9E20064000000014
9D20064000000010
8C1000000000000E
A148000000000000
8C1000C000000274
A14400000000000A
8BD00E0000000264
50004CEC00000001
0000043089000CC0
000000008C1000C0
00000010A14C0000
00000238A1000000
000000089D200640
000000069C200640
000000059C200640
000000078BD00200
FFFFFFDA883003F0
FFFFFFD09F3000F0
A300000054000140
8C1000C000001180
A148000000000000
9B300EC0000001BC
99200DF000000008
8C1000D0FFFFFFDA
A13800000000003F
A100000000000010
9F300CF0000002D4
883007E0FFFFFFC0
44200C7D000000F0
000000368BD00E00
8BD00E005C000EC0
9C200EC000000004
88300CD000000001
9D200CF000000002
89000CC0FFFFFFDA
4420057C0000FFFF
FFFFFFDC9A2000F0
FFFFFFC89F300DF0
FFFEA77CA3000000
50644EE054000EC0
000000029C200E50
50684EE054000EC0
000000019C200E50
000000039C200C50
5C000C50506C4CC0
FFFFFFC89B300CF0
0000000688300CC0
89000EE054000EC0
44200E7E0000FFFF
FFFFFFDA9D200CF0
000000FF8BD00D00
9B300EF05C000DE0
8C1000E0FFFFFFC8
A14400000000003C
88300CE000000044
89000CC000000007
44200E7C0000FFFF
57880CC05C0006E0
89000EE054000EC0
8C1000E00000FFFF
A14C000000000044
57C80CC0FFFFFFE0
000000F1883001C0
0000FFFF89000110
FFFFFFC09B3005F0
A300000054000050
8B800C00FFFED858
9B3000C00003FEE4
64C00E0000000000
FFFFFFD09B300CF0
000000189F300CE0
FFFFFFDC883002F0
000000438BD00300
A300000054000150
54000050FFFFDEBC
FFFED478A3000000
000114648B800100
FFFFFFD09B3005F0
5400021054000050
A300000054000310
54000050FFFECAB0
00000020A1000000
000000089D200640
000000069C200640
000000059C200640
0000003888300140
FFFFEAA8A3000000
0000000498200C40
000000008C1000C0
0000007CA1480000
0003FE308B800C00
8C1000C058000CC0
A14C000000000000
A100000000000010
57C80CC000000084
0003FE088B800E00
89000CC05C000CE0
8C1000C0000000FF
A14C000000000000
8B80050000000028
9B3000500003FDDC
A300000000000000
9F300650FFFFE768
9C20064000000000
9B3007F000000004
9B3006F0FFFFFFE0
9B3005F0FFFFFFE8
9B3004F0FFFFFFF0
650000F0FFFFFFF8
6580000064800F00
0001126E8B800000
0001073A8B800100
0000012E8BD00200
0000FDF88B800300
0000AE3CA3000000
00000000A1000000
0001123E8B800000
0001070A8B800100
000005A08BD00200
000107178B800300
0000AE0CA3000000
00000000A1000000
64C00F00640000F0
FFFFFFC8A5400000
FFFFFFF89F3004F0
FFFFFFF09F3005F0
FFFFFFE89F3006F0
FFFFFFE09F3007F0
000000F08BD00C00
000000008C100000
00000268A1480000
0000006998200E00
0000000189000EE0
000000008C1000E0
00000248A1480000
000000FF8BD00C00
000000489B300400
0000006099200E00
000002408C1000E0
00000220A1380000
000000008C100040
00000010A14C0000
000000A4A1000000
0000000498200E40
000000008C1000E0
000000C8A1480000
0003FC708B800E00
8C1000E058000EE0
A14C000000000000
A100000000000010
5400060000000180
57C80EE0540007C0
0003FC408B800C00
89000EE05C000EC0
8C1000E0000000FF
A14C000000000000
8B8005000000007C
9B3000500003FC14
A300000000000000
8BD00C00FFFFE5A0
9F300C5000000000
A100000000000000
540006000000004C
8BD00000540007C0
A300000000000058
540004C0FFFEBC74
000000008C100040
00000124A1480000
000000489F300460
00000010A1000000
540007C054000600
000000008BD00500
000000588BD00200
5400015054000040
0000F4DCA3000000
0000003888300140
000003108B800200
A300000054000060
A3000000FFFFE708
8C1000C0000006D8
54000C7000000000
000000D0A14C0000
000000018BD00C00
000000049C200C40
0000006998200C60
0000000489000CC0
000000008C1000C0
00000090A14C0000
0000000598200C40
000000028C1000C0
A148000054000C50
8BD00C0000000084
9C200C4000000002
8BD00C0000000005
9D200C4000000000
9C200C4000000008
A100000000000006
8B80000000000054
8B80010000010FB2
8BD002000001047E
8B8003000000012E
A30000000000FB3C
A10000000000AB80
54000C7000000000
00000018A1000000
A300000054000060
54000C500000078C
9B3007F055080CC0
9B3006F0FFFFFFE0
9B3005F0FFFFFFE8
9B3004F0FFFFFFF0
650000F0FFFFFFF8
6580000064800F00
64C00F00640000F0
FFFFFFD8A5400000
FFFFFFF89F3004F0
FFFFFFF09F3005F0
0003F9608B800C00
000000009B3004C0
000000008C100040
00000194A1480000
000000008BD00500
00000034A1000000
9D200EC057C80EE0
9B30044000000008
8C10004000000000
A14C000000000000
A100000000000010
9B300C4000000158
8C1000C000000048
A148000000000000
99200EC0FFFFFFD0
8C1000E000000008
A138000000000002
A100000000000010
8C1000E0FFFFFFA4
A14C000000000001
9D2005C0FFFFFFA0
98200EC000000008
8C1000E000000005
A134000000000005
8C1000E00000005C
A148000000000001
8C1000E000000080
A148000000000003
A100000000000010
98200CC0FFFFFF58
8C1000C000000006
A144000000000001
540000400000007C
00000DD4A3000000
FFFFFF2CA1000000
0000000C8C1000E0
00000018A1480000
000000068C1000E0
FFFFFF0CA14C0000
A300000054000040
A1000000000005F4
98200CC0FFFFFEF8
8C1000C000000006
A144000000000005
5400004000000030
00001964A3000000
FFFFFECCA1000000
A300000054000040
A1000000000005B4
54000040FFFFFEB8
FFFFF70CA3000000
A300000054000040
A1000000FFFFFB6C
9B3005F0FFFFFE98
9B3004F0FFFFFFF0
650000F0FFFFFFF8
6580000064800F00
64C00F00640000F0
FFFFFFA0A5400000
FFFFFFF89F3004F0
FFFFFFF09F3005F0
FFFFFFE89F3006F0
FFFFFFE09F3007F0
000000489B300C00
000000008C1000C0
0000006CA1480000
0000000598200EC0
000000008C1000E0
00000010A14C0000
0000004CA1000000
8C10001055600110
A148000000000002
8C100010000000B8
A148000000000001
8C10001000000058
A14C000000000000
A3000000000002EC
A100000000001ED0
8B800000000002DC
8B80010000010CA2
8BD002000001016E
8B80030000000161
A300000000010008
A10000000000A870
8C1000E000000000
A14800000000000C
8BD00E0000000030
9D200EC000000000
9C200EC000000008
8BD00E0000000006
9C200EC00000000C
8BD00E0000000005
9D200EC000000014
A100000000000008
8B8001000000025C
9F3000F000010D08
9B3000F0FFFFFFD0
54000210FFFFFFD0
A300000054000310
9B3000F0FFFEC350
9B300600FFFFFFD0
98200C6000000048
8C1000C000000005
A14800000000000C
8BD00C0000000030
9D200C6000000000
9C200C6000000008
8BD00C0000000006
9C200C600000000C
8BD0070000000005
883003F000000004
54000160FFFFFFDE
A300000054000270
8C1000C0000007C8
A148000000000000
9B300EC0000001B4
992005F000000008
8C100050FFFFFFDE
A13800000000003F
A100000000000010
9F300CF0000001B8
883004E0FFFFFFC8
44200C45000000F0
000000019C2007C0
000000328BD00E00
88300C505C000EC0
9D200CF000000002
89000CC0FFFFFFDE
4420074C0000FFFF
0000001C9A200060
FFFE9DD4A3000000
50644EE054000EC0
000000029C200E70
50684EE054000EC0
000000019C200E70
000000039C200C70
5C000C70506C4CC0
0000000688300C50
89000EE054000EC0
44200E4E0000FFFF
FFFFFFDE9D200CF0
000000FF8BD00D00
8C1000505C000DE0
A14400000000003C
88300C500000004C
89000CC000000007
8BD00E000000FFFF
44200D4C00000000
57880CC05C000ED0
89000DD054000DC0
8C1000D00000FFFF
A14C000000000044
57C80CC0FFFFFFE0
000000F1883001C0
0000FFFF89000110
FFFFFFC89B3004F0
A300000054000040
8B800C00FFFECEB8
9B3000C00003F544
64C00E0000000000
00010AFC8B800C00
000000209F300CE0
FFFFFFD09B300CF0
000000189F300CE0
00010AE08B800200
000000438BD00300
A300000054000140
54000040FFFFD5F4
FFFECAC8A3000000
FFFFFFE09B3007F0
FFFFFFE89B3006F0
FFFFFFF09B3005F0
FFFFFFF89B3004F0
64800F00650000F0
8B80000065800000
8B800100000109A2
8BD002000000FE6E
8B800300000005A0
A30000000000FE7B
A10000000000A570
640000F000000000
A540000064C00F00
9F3004F0FFFFFFD8
9F3005F0FFFFFFF8
8B800C00FFFFFFF0
58000CC00003F474
000000008C1000C0
00000010A14C0000
00000044A1000000
0003F4508B800C00
57880EE058000EC0
8BD00C005C000EC0
55080CC000000000
FFFFFFF09B3005F0
FFFFFFF89B3004F0
64800F00650000F0
8B800C0065800000
9B300CC00003F40C
8C1000C000000000
A148000000000000
8B80000000000038
8B800100000108D2
8BD002000000FD9E
8B80030000000114
A300000000010661
A10000000000A4A0
A300000000000000
8B800E00FFFFDE0C
9F300CE00003F3B4
8C1000C000000000
A148000000000000
98200EC00000008C
89400EE000000009
9C200EC000000020
8B80040000000009
8BD0020000010948
540000C000000044
A300000054000140
8B800500FFFFD84C
9B3000500003F35C
8BD0020000000000
5400014000000043
FFFFDB18A3000000
000000009B300050
00001D3C8B800100
000000008BD00200
FFFFDC88A3000000
FFFFFED0A1000000
000000FF8BD00C00
FFFFFEDCA1000000
64C00F00640000F0
FFFFFFB8A5400000
FFFFFFF89F3004F0
FFFFFFF09F3005F0
FFFFFFE89F3006F0
9B30045054000500
8BD0060000000048
9E20064000000000
98200C400000001C
8C1000C000000005
A148000000000006
9D20064000000028
9C20064000000008
8BD00C0000000006
9C200C4000000006
8BD0020000000005
883003F000000001
54000050FFFFFFE6
A300000054000140
8C1000C000000388
A148000000000000
9B300EC000000238
99200DF000000008
8C1000D0FFFFFFE6
A138000000000041
A100000000000010
88300BE000000284
44200ABD000000F0
000000398BD00900
8BD009005C0009A0
9C2009A000000002
883009D000000001
9D2009F000000002
89000990FFFFFFE6
442009B90000FFFF
0000006099200850
000000019C200890
5C00089050644880
00000004883009D0
FFFFFFE69D2009F0
0000003B8C1000D0
00000010A1380000
00000264A1000000
0000FFFF89000990
8BD00800442009B9
5C00089000000037
000000048BD00900
000000059C2009A0
0000003E8BD00A00
89000AA044600AAD
88300DD00000FFFF
9D200DF000000006
89000DD0FFFFFFE6
4C0000A60000FFFF
00000010A14C0000
0000022CA1000000
8B800800442009BD
4420088600010703
5C00089058000880
5788066057880DD0
000000048C100060
FFFFFFC4A14C0000
89000AA054000AD0
44200BBA0000FFFF
FFFFFFE69D200DF0
000000FF8BD00A00
54000BD05C000AB0
8C1000B057C80BB0
A144000000000041
88300EE000000044
8BD00B00000000F1
44200AED00000000
88300AD05C000BA0
57880DD000000002
0000FFFF89000AA0
000000448C1000A0
FFFFFFDCA14C0000
000000F1883001D0
0000FFFF89000110
540006C0540000C0
FFFEC9ECA3000000
0003F0788B800C00
000000009B3000C0
8B800E0064C00C00
9F300EC000010630
9F3005C000000020
8B80020000000018
8BD003000001061C
5400016000000043
FFFFD130A3000000
A300000054000060
98200C40FFFEC604
8C1000C000000006
A1480000000000FF
57880CC000000014
000000069C200C40
0000000698200C40
000000058C1000C0
00000070A1440000
000003E88BD00E00
89000CC050004CEC
A8800CC00000FFF8
CBC00E000083126F
00000000FDF3B710
50704CC044200CCE
00000040A1000000
000104968B800000
0000F9628B800100
000005A08BD00200
0000F96F8B800300
0000A064A3000000
00000000A1000000
000000788BD00C00
000000089D200C40
FFFFFFE89B3006F0
FFFFFFF09B3005F0
FFFFFFF89B3004F0
64800F00650000F0
8B80000065800000
8B80010000010432
8BD002000000F8FE
8B800300000005A0
A30000000000F90B
A10000000000A000
9D200DF000000000
8B800000FFFFFFE6
8B800100000103FA
8BD002000000F8C6
8B800300000005AC
A30000000000F795
A100000000009FC8
640000F000000000
A540000064C00F00
9F3004F0FFFFFFA8
9F3005F0FFFFFFF8
9F3006F0FFFFFFF0
9F3007F0FFFFFFE8
54000710FFFFFFE0
8BD0040054000600
8C10006000000000
A148000000000000
8C100070000002E8
A148000000000000
54000520000002D8
FFFFFFD89F3003F0
000000368BD00000
000001348BD00100
000002808BD00200
FFFEBF84A3000000
000000008C1000C0
0000029CA1480000
0000001299200EC0
000001338C1000E0
00000010A1440000
000002ACA1000000
FFFFFFD09F3005F0
000000038C100050
00000020A14C0000
0000000598200E70
000000038C1000E0
0000004CA14C0000
0000000698200E70
000000008C1000E0
00000024A14C0000
A3000000540004C0
8B800E000000E5F8
5E000CE00003EE10
8B800E0054000C40
5A000EE00003EE00
9F300CF05E000E70
9B3004C0FFFFFFC8
8BD0050000000008
8BD0020000000000
5400004000000134
A300000054000150
8BD00C000000E6E0
9C200C4000000001
9F300CF000000001
5C000C40FFFFFFC0
0000006898200C60
000000029C200C40
A30000005A000070
54000EC0FFFE9508
9C200E40506C4EE0
54000EC000000007
9C200E4050684EE0
9C200C4000000006
50644CC000000004
000000059C200C40
FFFFFFD09B300CF0
FFFFFFF988300CC0
000000028C1000C0
00000058A1380000
FFFFFFD09B300CF0
000000048C1000C0
00000040A1480000
FFFFFFD09B300CF0
000000038C1000C0
00000064A14C0000
0000000598200C70
000000FE89000CC0
000000048C1000C0
00000044A14C0000
000000089A200C60
506C4EE054000EC0
0000000F9C200E40
50684EE054000EC0
0000000E9C200E40
0000000C9C200C40
9C200C4050644CC0
88300E400000000D
88300D600000001C
9B300CF000000062
44200BE5FFFFFFD8
58000AA044200AD5
578805505C000AB0
000000068C100050
FFFFFFE4A14C0000
FFFFFFD09B300EF0
000000F29C200E40
FFFFFFC09B300EF0
000000F19C200E40
000000358BD00E00
000000F09C200E40
000000538BD00E00
000000EE9C200E40
000000828BD00E00
000000ED9C200E40
000000638BD00E00
000000EF9C200E40
000000EC9C200E40
000000038BD00E00
9B3004F05D000EC0
54000C40FFFFFFC8
FFFFFFE09B3007F0
FFFFFFE89B3006F0
FFFFFFF09B3005F0
FFFFFFF89B3004F0
64800F00650000F0
8B80000065800000
8B8001000001006A
8BD002000000F536
8B8003000000077B
A30000000000E77F
A100000000009C38
640000F000000000
A540000064C00F00
9F3004F0FFFFFF98
9F3005F0FFFFFFF8
9F3006F0FFFFFFF0
9F3007F0FFFFFFE8
54000500FFFFFFE0
000000489B300450
0000000598200C40
000000038C1000C0
00000030A1480000
000000008BD00C00
000000089D200C40
000000069C200C40
000000038BD00C00
000000059C200C40
000000038BD00200
FFFFFFDE883003F0
5400014054000050
FFFFFBDCA3000000
000000008C1000C0
00000320A1480000
000000089B300EC0
FFFFFFDE992007F0
000000418C100070
00000010A1380000
00000364A1000000
000000F088300AE0
8BD00E00442009A7
5C000E9000000039
000000028BD00E00
000000019C200E90
0000000288300D70
FFFFFFDE9D200DF0
0000FFFF89000DD0
8BD00B0044200DAD
9C200BD000000040
5C000ED000000001
0000000488300E70
FFFFFFDE9D200EF0
0000003B8C100070
00000010A1380000
00000350A1000000
FFFFFFB89F300CF0
0000FFFF89000EE0
8BD00E0044200CAE
5C000EC000000032
000000048BD00C00
FFFFFFD09F3009F0
FFFFFFC09F300CF0
000000059C200C90
0000000688300C70
FFFFFFDE9D200CF0
0000FFFF89000CC0
FFFFFFC89F300AF0
9A200040442006AC
A30000000000001C
54000EC0FFFE9148
9C200E6050644EE0
54000EC000000002
9C200E6050684EE0
9C200C6000000001
506C4CC000000003
88300C705C000C60
9D200CF00000000A
8C100070FFFFFFDE
A138000000000035
A100000000000010
89000CC0000002B4
9B3006F00000FFFF
44200C6CFFFFFFC8
000000378BD00E00
9B300CF05C000EC0
9B300EF0FFFFFFD0
9C200EC0FFFFFFC0
8BD00C000000000B
8BD00E0000000000
44600EE700000038
0000FFFF89000EE0
0000000C88300D70
FFFFFFDE9D200DF0
0000FFFF89000DD0
4C0000EC44200B6D
00000010A14C0000
00000260A1000000
8B80090044200ABC
4420099C0000FE73
5C0009A058000990
8C1000C057880CC0
A14C000000000004
442000DCFFFFFFC8
FFFFFFDE9D2000F0
5400025054000160
000006A0A3000000
FFFFFFDE9D200CF0
8BD00D0044200E6C
5C000DE0000000FF
57880EE054000EC0
0000FFFF89000EE0
000000438C1000E0
FFFFFFB89B3000F0
00000040A1440000
000000008BD00C00
5C000CD044200D6E
54000DE057880EE0
0000FFFF89000DD0
000000448C1000D0
FFFFFFE0A14C0000
54000CE057C80EE0
000000F1883001C0
0000FFFF89000110
A300000054000600
8B800C00FFFEC148
9B3000C00003E7D4
64C00C0000000000
000000189F3005C0
0000FD888B800200
000000438BD00300
A300000054000160
54000060FFFFC7B4
FFFEBD70A3000000
0000000698200C40
000000FF8C1000C0
00000014A1480000
9C200C4057880CC0
98200C4000000006
8C1000C000000006
A144000000000009
A8800CC000000068
88300CC0000003E8
89000CC0000001F0
50614CC00000FFF8
000020C5A8800CC0
A1000000506A4CC0
8B80000000000040
8B8001000000FC0A
8BD002000000F0D6
8B800300000005A0
A30000000000F0E3
A1000000000097D8
8BD00C0000000000
9D200C4000000014
9B3007F000000008
9B3006F0FFFFFFE0
9B3005F0FFFFFFE8
9B3004F0FFFFFFF0
650000F0FFFFFFF8
6580000064800F00
0000FB9E8B800000
0000F06A8B800100
000005A08BD00200
0000F0778B800300
0000976CA3000000
00000000A1000000
0000FB6E8B800000
0000F03A8B800100
000005A08BD00200
0000F0478B800300
0000973CA3000000
00000000A1000000
9D200CF044200CDC
8B800000FFFFFFDE
8B8001000000FB32
8BD002000000EFFE
8B800300000005AC
A30000000000EECD
A100000000009700
640000F000000000
A540000064C00F00
9F3004F0FFFFFFB8
9F3005F0FFFFFFF8
9F3006F0FFFFFFF0
9F3007F0FFFFFFE8
54000500FFFFFFE0
000000489B300450
0000000598200C40
000000058C1000C0
00000030A1480000
000000008BD00C00
000000089D200C40
000000069C200C40
000000058BD00C00
000000059C200C40
000000038BD00200
FFFFFFDE883003F0
5400014054000050
FFFFF6A4A3000000
000000008C1000C0
00000258A1480000
000000089B300DC0
FFFFFFDE99200EF0
000000418C1000E0
00000010A1380000
000002A4A1000000
000000F0883006D0
8BD00B0044200D6E
5C000BD000000039
000000028BD00B00
000000019C200BD0
0000000288300BE0
FFFFFFDE9D200BF0
0000FFFF89000BB0
99200A5044200B6B
9C200AB000000060
50644AA000000001
88300BE05C000AB0
9D200BF000000004
8C1000E0FFFFFFDE
A13800000000003B
A100000000000010
89000BB000000290
44200B6B0000FFFF
000000378BD00A00
8BD00B005C000AB0
9C200BD000000004
8BD00D0000000005
8BD00B0000000000
44600BBE0000003E
0000FFFF89000BB0
0000000688300EE0
FFFFFFDE9D200EF0
0000FFFF89000EE0
4C0000BD44200A6E
00000010A14C0000
0000024CA1000000
8B800800442009AD
4420088D0000FA13
5C00089058000880
8C1000D057880DD0
A14C000000000004
442000EDFFFFFFC8
FFFFFFDE9D2000F0
5400025054000160
A3000000540007C0
540000700000023C
FFFFFFDE9D200CF0
8BD00D0044200E6C
5C000DE0000000FF
57880EE054000EC0
0000FFFF89000EE0
000000438C1000E0
00000040A1440000
000000008BD00C00
5C000CD044200D6E
54000DE057880EE0
0000FFFF89000DD0
000000448C1000D0
FFFFFFE0A14C0000
54000CE057C80EE0
000000F1883001C0
0000FFFF89000110
A300000054000600
8B800C00FFFEBCE8
9B3000C00003E374
64C00C0000000000
000000189F3005C0
0000001888300240
000000438BD00300
A300000054000160
540005C0FFFFC354
A300000054000060
54000C50FFFEB90C
00000010A1000000
000000FF8BD00C00
0000000698200E40
000000FF8C1000E0
00000014A1480000
9C200E4057880EE0
98200E4000000006
8C1000E000000006
A144000000000009
A8800EE000000068
88300EE0000007D0
89000EE0000001F0
50614EE00000FFF0
000020C5A8800EE0
A1000000506A4EE0
8B80000000000040
8B8001000000F792
8BD002000000EC5E
8B800300000005A0
A30000000000EC6B
A100000000009360
8BD00E0000000000
9D200E4000000028
55080CC000000008
FFFFFFE09B3007F0
FFFFFFE89B3006F0
FFFFFFF09B3005F0
FFFFFFF89B3004F0
64800F00650000F0
8B80000065800000
8B8001000000F722
8BD002000000EBEE
8B800300000005A0
A30000000000EBFB
A1000000000092F0
44200CED00000000
FFFFFFDE9D200CF0
0000F6E68B800000
0000EBB28B800100
000005AC8BD00200
0000EA818B800300
000092B4A3000000
00000000A1000000
64C00F00640000F0
FFFFFFD0A5400000
FFFFFFF89F3004F0
FFFFFFF09F3005F0
FFFFFFE89F3006F0
5400040054000520
000000589B300050
000000008C100000
00000078A1480000
A300000054000610
8C1000C00000DB20
A148000000000000
8BD00E0000000068
44600EE400000041
000000589B300D50
4C0000CE55600EE0
00000078A1400000
0000F62E8B800000
0000EAFA8B800100
000005D18BD00200
0000E3378B800300
000091FCA3000000
00000000A1000000
A100000054000E40
54000E400000000C
0000FFFF89000EE0
9B3006F054000CE0
9B3005F0FFFFFFE8
9B3004F0FFFFFFF0
650000F0FFFFFFF8
6580000064800F00
000001008C1000C0
00000010A1380000
000000B0A1000000
88300EE044200E4C
55600EE000000002
000000458C1000E0
00000010A1380000
000000B8A1000000
44200EB454000B60
0000000C8BD00A00
88300E405C000AE0
5788044000000002
0000FFFF89000440
5C000CA044200AB4
0000FFFF89000EE0
000000448C1000E0
00000010A1380000
00000098A1000000
580009D044200ABE
57880EE05C0009A0
57C80CC057880DD0
000000008C1000C0
FFFFFFC8A14C0000
FFFFFF18A1000000
0000F4FE8B800000
0000E9CA8B800100
000005D38BD00200
0000E2078B800300
000090CCA3000000
00000000A1000000
0000F4CE8B800000
0000E99A8B800100
000005A08BD00200
0000E9A78B800300
0000909CA3000000
00000000A1000000
0000F49E8B800000
0000E96A8B800100
000005AC8BD00200
0000E8398B800300
0000906CA3000000
00000000A1000000
64C00F00640000F0
FFFFFFE8A5400000
FFFFDDE4A3000000
64800F00650000F0
640000F065800000
A540000064C00F00
9F3004F0FFFFFF88
9F3005F0FFFFFFF8
9F3006F0FFFFFFF0
9F3007F0FFFFFFE8
8C100000FFFFFFE0
A148000000000000
9B30040000000538
8C10004000000048
A148000000000000
98200C4000000520
8C1000C000000005
A148000000000001
8BD00C0000000030
9D200C4000000000
9C200C4000000008
8BD00C0000000006
9C200C4000000001
8BD0020000000005
883003F000000003
9F3000F0FFFFFFDE
54000140FFFFFFD0
FFFFEFCCA3000000
000000008C1000C0
000003F8A1480000
000000089B300EC0
FFFFFFDE992007F0
000000418C100070
00000010A1380000
00000444A1000000
000000F088300BE0
8BD00E00442005B7
5C000E5000000039
000000028BD00E00
000000019C200E50
0000000288300E70
FFFFFFDE9D200EF0
0000FFFF89000EE0
9B300EF044200DBE
99200EE0FFFFFFD0
9C200ED000000060
50644EE000000001
88300E705C000ED0
9D200EF000000004
8C100070FFFFFFDE
A13800000000003B
A100000000000010
9F300CF000000424
89000EE0FFFFFFB0
44200CBE0000FFFF
000000328BD00E00
FFFFFFB89F300EF0
8BD00C005C000EC0
9F300CF000000004
9C200C50FFFFFFC0
88300C7000000005
9D200CF000000006
89000CC0FFFFFFDE
9F300BF00000FFFF
442006BCFFFFFFC8
0000001C9A200040
FFFE852CA3000000
50644EE054000EC0
000000029C200E60
50684EE054000EC0
000000019C200E60
000000039C200C60
5C000C60506C4CC0
0000000A88300C70
FFFFFFDE9D200CF0
000000358C100070
00000010A1380000
00000388A1000000
0000FFFF89000CC0
FFFFFFC89B300DF0
8BD00E0044200CDC
5C000EC000000036
FFFFFFC09B300CF0
0000000B9C200C50
0000000C88300C70
FFFFFFDE9D200CF0
0000FFFF89000CC0
9A200040442006DC
A300000000000018
54000EC0FFFE8478
9C200E6050644EE0
54000EC000000002
9C200E6050684EE0
9C200C6000000001
506C4CC000000003
88300C705C000C60
9D200CF000000010
8C100070FFFFFFDE
A13800000000002F
A100000000000010
89000CC000000304
9B300AF00000FFFF
44200CACFFFFFFC8
000000378BD00E00
9B300CF05C000EC0
9C200C50FFFFFFC0
8BD00C0000000011
9B300EF000000000
44600EE7FFFFFFB8
0000FFFF89000EE0
0000001288300D70
FFFFFFDE9D200DF0
0000FFFF89000DD0
540005A044200BAD
A14C00004C0000EC
A100000000000010
44200ABC000002B4
0000F1A78B800900
580009904420099C
57880CC05C0009A0
000000048C1000C0
FFFFFFC8A14C0000
9D2000F0442000DC
54000150FFFFFFDE
FFFFFFD09B3002F0
FFFFF9D0A3000000
FFFFFFDE9D200CF0
8BD00D0044200E5C
5C000DE0000000FF
57880EE054000EC0
0000FFFF89000EE0
000000438C1000E0
FFFFFFB09B3006F0
00000040A1440000
000000008BD00C00
5C000CD044200D5E
54000DE057880EE0
0000FFFF89000DD0
000000448C1000D0
FFFFFFE0A14C0000
54000CE057C80EE0
000000F1883001C0
0000FFFF89000110
A300000054000060
8B800C00FFFEB478
9B3000C00003DB04
64C00E0000000000
0000F0BC8B800C00
000000209F300CE0
FFFFFFD09B300CF0
000000189F300CE0
0000F0A08B800200
000000438BD00300
A300000054000160
54000060FFFFBBB4
FFFEB088A3000000
0000000698200C40
000000FF8C1000C0
00000014A1480000
9C200C4057880CC0
98200C4000000006
8C1000C000000006
A144000000000005
8BD00E0000000070
50004CEC000003E8
0000FFF889000CC0
0083126FA8800CC0
FDF3B710CBC00E00
44200CCE00000000
A100000050704CC0
8B80000000000040
8B8001000000EF1A
8BD002000000E3E6
8B800300000005A0
A30000000000E3F3
A100000000008AE8
8BD00C0000000000
9D200C4000000078
9B3007F000000008
9B3006F0FFFFFFE0
9B3005F0FFFFFFE8
9B3004F0FFFFFFF0
650000F0FFFFFFF8
6580000064800F00
0000EEAE8B800000
0000E37A8B800100
000005A08BD00200
0000E3878B800300
00008A7CA3000000
00000000A1000000
0000EE7E8B800000
0000E34A8B800100
000005A08BD00200
0000E3578B800300
00008A4CA3000000
00000000A1000000
0000EE4E8B800000
0000E31A8B800100
000005A08BD00200
0000E3278B800300
00008A1CA3000000
00000000A1000000
9D200CF044200CDC
8B800000FFFFFFDE
8B8001000000EE12
8BD002000000E2DE
8B800300000005AC
A30000000000E1AD
A1000000000089E0
640000F000000000
A540000064C00F00
8C100000FFFFFFE0
A148000000000000
9B300C00000002B8
8C1000C000000048
A148000000000000
8BD00E00000002A0
9D200EC000000000
9A200AC000000012
CBC00D0000000028
00000000FFFFFFFF
8BD00B004C0000AD
8BD00D000000003C
A14800000000FFFF
88300AA000000060
55600AA00000001E
CBC009004DA008AB
0000000088888889
000000008C100080
0001A108A0480000
0000001CA1000000
5072CAA068800AA9
A100000046400AAD
8BD00A0000000010
9D200AC000000001
9A200AC000000014
CBC009000000002C
00000000FFFFFFFF
A14800004C0000A9
88300AA000000068
55600AA00000001E
CBC009004DA008AB
0000000088888889
000000008C100080
0001A180A0480000
0000001CA1000000
5072CAA068800AA9
A100000046400AAD
8BD00A0000000010
9D200AC000000001
9D200AC00000000E
9A200AC00000000A
CBC0090000000030
00000000FFFFFFFF
A14800004C0000A9
88300AA000000068
55600AA00000001E
CBC00B004DA009AB
0000000088888889
000000008C100090
0001A200A0480000
0000001CA1000000
5072CBB068800BAB
A100000046400BBD
8BD00B0000000010
9D200BC000000001
9D200BC000000010
99200BC00000000C
99200AC00000000A
57C80AA00000000C
0000FFFF89000AA0
A13C00004C0000AB
9D200EC000000010
98200BC00000000A
89000BB000000007
8C1000B000000001
A148000000000000
A100000000000010
98A00BC000000038
8C1000B00000001C
A1340000FFFFFFFF
A100000000000010
8BD00D000000009C
A1000000000000FF
9A200DC000000010
9E200DF000000020
9A200DC0FFFFFFFC
9E200DF000000024
98200DC0FFFFFFF8
8C1000D000000005
A14800000000000A
9D200EC000000028
9C200EC000000008
8BD00E0000000006
9C200EC00000000A
883001C000000005
883002F00000001C
883003F0FFFFFFFC
A3000000FFFFFFF8
650000F0FFFEA268
6580000064800F00
FFFFFFBF8BD00A00
8C1000B04E600BBA
A048000000000000
8BD00D000001A2BC
A100000000FFFFFF
640000F0FFFFFF60
A540000064C00F00
9F3004F0FFFFFF38
9F3005F0FFFFFFF8
9F3006F0FFFFFFF0
9F3007F0FFFFFFE8
9B300C20FFFFFFE0
8B800E0000000008
9B3006E00000F67C
9B30076000000008
8C10007000000048
A148000000000000
98200E70000010A0
8C1000E000000004
A148000000000000
99200E2000001088
8C1000E000000012
A13800000000002C
58000EC000001070
000000028C1000E0
0000105CA14C0000
0000006898200E60
000000008C1000E0
00000064A1480000
000000068BD00D00
88300DC046400EED
88300B600000001C
58000AD000000062
4C00009A580009B0
00000010A1480000
0000100CA1000000
57880BB057880DD0
8C1000E057C80EE0
A148000000000000
A100000000000010
98200EC0FFFFFFC8
50244EE000000005
0000000498200DC0
98200DC045400EED
50284DD000000006
0000000798200CC0
45400CCD502C4CC0
9F3002F0454000CE
A3000000FFFFFFD0
9B3002F0FFFE7C50
55600CC0FFFFFFD0
4C0000CE5A000E70
00000F84A14C0000
0003D4818B800000
000000008BD00500
0000000A8BD00200
A300000054000150
9B3002F00000CDB0
99200C20FFFFFFD0
8C10002000000012
A148000000000000
89000CC000000CF4
8C1000C00000FFFF
A13800000000002C
8BD00C0000000CDC
9F300CF000000000
8BD00C00FFFFFF58
9F300CF000000001
8BD00C00FFFFFFB0
99200820000000F0
5400052000000010
0000001299200E50
89000DD054000DC0
4C0000DE0000FFFF
00000030A1380000
44600CCE4460088E
000000009B300550
000000008C100050
00000C60A1480000
FFFFFFC0A1000000
000000089B300050
FFFFFFB09B300EF0
0000000189000EE0
FFFFFFB09F300EF0
00000024A1000000
8C10001054000930
A14C000000000000
A100000000000010
8C10005000000D9C
A148000000000000
54000EC000000AD4
0000FFFF89000EE0
89000DD054000D80
4C0000ED0000FFFF
00000AB0A13C0000
58000DD044200D0E
000000FF8C1000D0
00000A98A1480000
000000FE8BD00300
000000008BD00100
0000FFFD8C1000E0
FFFFFF80A1440000
57880BB054000BE0
0000001299200A50
A13C00004C0000BA
44200B0B00000018
A100000058000BB0
9B300B500000003C
8C1000B000000000
A148000000000000
9B300BB00000001C
58000BB000000008
00000010A1000000
000000008BD00B00
FFFFFFFFCBC00400
8C1000D000000000
A134000000000033
8C1000D000000098
A134000000000002
A100000000000010
8C1000D000000110
A148000000000003
8C1000D000000238
A148000000000006
8C1000D0000002B0
A148000000000033
A100000000000010
89000BB000000308
8C1000B0000000FF
A148000000000004
A100000000000010
8BD004000000034C
8BD00A0000000003
9F300AF000000004
A1000000FFFFFFC8
8C1000D000000370
A134000000000035
A100000000000010
8C1000D0000000F4
A148000000000036
8C1000D0000001F0
A14800000000003A
8C1000D000000254
A14800000000003B
A100000000000010
89000BB000000278
8C1000B0000000FF
A148000000000004
A100000000000010
8BD00400000002CC
8BD00A0000000005
9F300AF000000004
A1000000FFFFFFC8
8C1000D0000002E0
54000AD000000000
FFFFFFC89F300DF0
000002C4A1480000
000000018C1000D0
00000010A1480000
00000204A1000000
000000FF89000BB0
000000048C1000B0
00000010A1480000
0000020CA1000000
000000068BD00400
000000048BD00A00
FFFFFFC89F300AF0
0000026CA1000000
000000348C1000D0
0000005CA1480000
000000358C1000D0
00000010A1480000
0000019CA1000000
000000018BD00A00
000000FF89000BB0
000000018C1000B0
FFFFFFC89F300AF0
A1480000540004A0
8BD0090000000218
A1000000000000FA
8BD00A00FFFFFD10
89000BB0000000FA
8C1000B0000000FF
A14C000000000001
8BD0040000000178
9B300BF000000000
8C1000B0FFFFFFB0
A14C000000000000
A100000000000010
8BD00A000000052C
9F300AF000000001
A1000000FFFFFFC8
54000AB0000001A8
000000FF89000AA0
000000038C1000A0
00000010A1440000
00000120A1000000
000000078BD00400
000000048BD00A00
FFFFFFC89F300AF0
A100000054000AB0
89000BB000000160
8C1000B0000000FF
A148000000000004
A100000000000010
8BD00400000000EC
8BD00A0000000002
9F300AF000000004
A1000000FFFFFFC8
54000AB000000120
0000000389000AA0
000000008C1000A0
00000010A14C0000
000000D8A1000000
000000FA8BD00900
FFFFFBF4A1000000
000000048BD00A00
000000FF89000BB0
000000048C1000B0
FFFFFFC89F300AF0
A1480000540004A0
8BD00900000000C0
A1000000000000FA
CBC00400FFFFFBB8
00000000FFFFFFFF
000000008BD00A00
FFFFFFC89F300AF0
A100000054000AB0
8BD0090000000088
A1000000000000FA
540009A0FFFFFB80
FFFFFB74A1000000
000000FA8BD00900
FFFFFB64A1000000
000000FA8BD00900
FFFFFB54A1000000
000000FA8BD00900
FFFFFB44A1000000
000000FA8BD00900
FFFFFB34A1000000
89000AA054000AB0
8BD00400000000FF
46400AA400000008
FFFFFFC89F300AF0
8C1000D054000AB0
A14C000000000000
A100000000000010
89000AA000000038
44200EAE000000FF
0000FFFD8C1000E0
00000010A1440000
00000024A1000000
A100000054000930
57880CC0FFFFFAC8
A100000054000BC0
88300EE0000004D8
9F300EF000000002
9B300EF0FFFFFF50
8C1000E0FFFFFFC8
A148000000000000
88300CC0000002E4
9F300CF000000002
8BD00C00FFFFFFA8
9F300CF000000000
9E200CF0FFFFFFA0
9F3006F0FFFFFFDC
9F3007F0FFFFFF60
9F3008F0FFFFFF68
9F3000F0FFFFFF90
9F3001F0FFFFFF88
9F3003F0FFFFFF80
A1000000FFFFFF78
8BD0090000000060
9B3006F0000000FA
9B3008F0FFFFFF60
9B3000F0FFFFFF90
9B3001F0FFFFFF88
9B3003F0FFFFFF80
9B3004F0FFFFFF78
8C1000C0FFFFFFC0
9B3007F000000000
A14C0000FFFFFF68
A100000000000010
9F3004F0000003D0
55600440FFFFFFC0
0000000A8C100040
00000010A1380000
000007A4A1000000
0003CD298B800C00
58000CC044200CC4
FFFFFFA09B300EF0
9F300EF04C600ECE
8C1000C0FFFFFF70
A14C000000000000
9F3009F0000001F4
9B3007F0FFFFFF98
89000770FFFFFFC8
8BD00C00000000FF
4640027C00000004
FFFFFFB89F3002F0
FFFFFFA89B3006F0
0000FFFF89000660
FFFFFFDC883001F0
5400036054000050
FFFEB40CA3000000
FFFFFFB89B300EF0
A14C00004C0000EC
8C100070000001B4
9B3002F000000005
A1380000FFFFFFD0
8BD00C00000001E4
8900077000000000
8C10007000000003
A14C000000000000
9F300CF0FFFFFEB8
8B800C00FFFFFFB8
44200CC40003CC4D
000000018BD00700
502144405C0007C0
0003CC3C8B800C00
9A2000F0442004C4
A3000000FFFFFFDC
5E000C40FFFE73C8
FFFFFFC89B300CF0
FFFFFFFC88300CC0
FFFFFFC89F300CF0
0000FFFB8C100060
00000010A1440000
00000058A1000000
000000FE8BD00900
FFFFFFD09B3002F0
FFFFFF609B3006F0
FFFFFF909B3008F0
FFFFFF889B3000F0
FFFFFF809B3001F0
FFFFFF789B3003F0
FFFFFFC09B3004F0
FFFFFFB89B300CF0
FFFFFE2CA1000000
FFFFFFC09B3004F0
9B300CF057880440
88300CC0FFFFFFA8
9F300CF000000004
54000C70FFFFFFA8
FFFFFFD09B3002F0
FFFFFF609B3006F0
FFFFFF989B3009F0
FFFFFF909B3008F0
FFFFFF889B3000F0
FFFFFF809B3001F0
FFFFFF789B3003F0
FFFFFDC4A1000000
FFFFFF509B300BF0
000001C4A1000000
540009A054000140
FFFFF794A1000000
FFFFFF909B3008F0
FFFFFF889B3000F0
FFFFFF809B3001F0
FFFFFF789B3003F0
00000164A1000000
000000FE8BD00900
FFFFFFD09B3002F0
FFFFFF609B3006F0
FFFFFF689B3007F0
FFFFFF909B3008F0
FFFFFF889B3000F0
FFFFFF809B3001F0
FFFFFF789B3003F0
0000011CA1000000
000000018C100070
00000048A1480000
000000048C100070
FFFFFF609B3006F0
000000B4A14C0000
FFFFFFDC9A2000F0
FFFE7214A3000000
FFFFFFD09B3002F0
FFFFFF689B3007F0
00000020A1000000
FFFFFFDC98200CF0
FFFFFF609B3006F0
FFFFFF689B3007F0
0003CA318B800E00
8BD00D0044200EE4
9F300DF000000001
5C000DE0FFFFFF70
8B800E0050214440
44200EE40003CA18
9E200CF05E000CE0
9B3009F0FFFFFFDC
9B3008F0FFFFFF98
9B3000F0FFFFFF90
9B3001F0FFFFFF88
9B3003F0FFFFFF80
A1000000FFFFFF78
8BD0090000000048
9B300CF0000000FA
9F300CF0FFFFFFA0
9B3007F0FFFFFF70
9B3008F0FFFFFF68
9B3000F0FFFFFF90
9B3001F0FFFFFF88
9B3003F0FFFFFF80
9B300CF0FFFFFF78
89000CC0FFFFFF70
8C1000C000000001
9B300BF000000000
A1480000FFFFFF50
8BD00E00000000AC
99200D5000000001
54000CB000000012
0000FFFF89000CC0
A13800004C0000CD
A100000000000010
540001E000000018
A100000054000CB0
44600CBDFFFFF5A8
54000D804460088D
0000FFFF89000DD0
89000BB054000BC0
4C0000BD0000FFFF
00000034A13C0000
000000009B300550
000000008C100050
0000003CA1480000
000000089B300050
A1000000540001E0
54000930FFFFF550
FFFFF544A1000000
FFFFFFA09B3001F0
A100000054000CB0
8BD00900FFFFF530
8BD00500000000FA
5400015000000000
FFFFF514A1000000
000000018BD00C00
0003C8818B800E00
8C1000E058000EE0
A148000000000000
8B800D0000000070
8BD00E000003C865
5C000ED000000000
0003C85C8B800D00
8C1000D05A000DD0
A148000000000001
8C1000D000000060
A148000000000003
8C1000D00000003C
A14C000000000002
8BD00E000000003C
9F300EF000000001
A1000000FFFFFF58
54000EC000000028
0000001CA1000000
FFFFFF589F300CF0
0000000CA1000000
8BD0080054000EC0
8BD00C00000000EC
9F300CF000000000
8BD00C00FFFFFFB0
8C1000E00000006C
A148000000000000
8BD00800FFFFF3C0
8BD00D000000006C
8BD00C0000000000
8BD005000000002C
9B300EF000000001
55600EE0FFFFFF58
000000008C1000E0
FFFFFFB09F300DF0
FFFFFF589F300DF0
00000018A1480000
FFFFF36CA1000000
000000008BD00500
0003C7518B800C00
0000000198200CC0
0000000189000550
000000008C100050
0000022CA1480000
000000FF89000CC0
000000008C1000C0
00000214A1480000
000000089B300120
0003C7148B800C00
000000049A200CC0
000000FF89000CC0
000000028C1000C0
000001B8A1480000
000000068C1000C0
000000A8A1480000
000000058C1000C0
000001C4A14C0000
0000000598200C70
FFFFFFFC88300EC0
000000028C1000E0
000000F4A1380000
000000038C1000C0
00000018A1480000
000000018C1000C0
00000184A14C0000
A300000054000060
98200C60000001B0
89000CC000000069
8C1000C000000008
A148000000000000
A100000000000010
54000060000000F8
FFFFED44A3000000
FFFFFFD09B3002F0
00000134A1000000
0000000598200E70
000000058C1000E0
000000E0A1440000
000000018BD00D00
89000EE050004EDE
8C1000E00000003A
A14C000000000000
A100000000000010
54000060000000B4
00000450A3000000
FFFFFFD09B3002F0
000000D4A1000000
000000FF89000990
000000008BD00C00
A10000004C20059C
54000060FFFFFE6C
000000E4A3000000
A300000054000060
9B3002F0FFFFECA0
A1000000FFFFFFD0
8B80000000000090
8B8001000000DA6A
8BD002000000CF36
8B80030000000680
A30000000000DA1F
A100000000007638
5400006000000000
00000344A3000000
FFFFFFD09B3002F0
00000044A1000000
000000028C1000C0
00000034A14C0000
0000000598200C70
000000068C1000C0
0000001CA14C0000
A300000054000060
9B3002F00000041C
54000020FFFFFFD0
FFFE9AD0A3000000
FFFFFFE09B3007F0
FFFFFFE89B3006F0
FFFFFFF09B3005F0
FFFFFFF89B3004F0
64800F00650000F0
640000F065800000
A540000064C00F00
9F3004F0FFFFFFC8
9F3005F0FFFFFFF8
9F3006F0FFFFFFF0
9B300500FFFFFFE8
8BD0040000000048
9F30045000000000
8B800C0000000020
98200CC00003C48D
8C1000C000000003
A148000000000000
8B800C0000000020
9A200CC00003C478
9E200C500000000C
8B800C0000000028
98200CC00003C455
8C1000C000000004
A148000000000000
8B800C0000000020
9A200CC00003C440
A100000000000010
9A200C5000000014
5060CCC000000028
0000002C9E200C50
0003C4098B800C00
0000000598200CC0
000000008C1000C0
00000020A1480000
0003C3F48B800C00
000000149A200CC0
00000024A1000000
000000289A200C50
00000007A8800CC0
FFFFFFF889000CC0
9E200C505061CCC0
98200C1000000030
50244CC000000011
0000001098200E10
98200E1045400CCE
50284EE000000012
0000001398200D10
45400EDE502C4DD0
9E200C5045400CEC
8B800C000000001C
98200CC00003C36D
8C1000C000000006
A148000000000000
8B800C0000000048
9A2000C00003C358
A300000000000018
9E200C50FFFE6AE8
98200C5000000020
89400CC000000007
9C200C5000000001
A100000000000007
98200C5000000020
89000CC000000007
9C200C50000000FE
8B800C0000000007
98200CC00003C2F5
8C1000C000000007
A148000000000000
8B800C0000000028
9A2000C00003C2E0
A30000000000001C
9E200C50FFFE6A70
8B800C0000000024
883006C00003C2C0
883005F000000020
8B800C00FFFFFFE4
44200CC40003C29D
0000000898200CC0
000000008C1000C0
00000048A1480000
A30000005A000060
9E200CF0FFFE6A20
54000040FFFFFFE4
A300000054000150
88300660FFFE6A3C
5788044000000004
000000018C100040
FFFFFFA4A1480000
FFFFFFE89B3006F0
FFFFFFF09B3005F0
FFFFFFF89B3004F0
64800F00650000F0
640000F065800000
A540000064C00F00
9B300C00FFFFFFE8
98200EC000000048
8C1000E000000005
A148000000000008
8BD00E0000000030
9D200EC000000000
9C200EC000000008
8BD00E0000000006
9C200EC000000008
883001C000000005
883002C000000038
A30000000000001C
650000F0FFFFAEC0
6580000064800F00
64C00F00640000F0
FFFFFFE0A5400000
FFFFFFF89F3004F0
9B300C4054000400
98200EC000000048
8C1000E000000005
A14800000000000C
8BD00E0000000030
9D200EC000000000
9C200EC000000008
8BD00E0000000006
9C200EC00000000C
8B80010000000005
540000400000D6F8
5400031054000210
FFFE8D4CA3000000
A300000054000040
9B3004F0FFFFCE0C
650000F0FFFFFFF8
6580000064800F00
64C00F00640000F0
FFFFFFD0A5400000
FFFFFFF89F3004F0
FFFFFFF09F3005F0
FFFFFFE89F3006F0
8B800C0054000410
98200CC00003C0CD
8C1000C000000002
A148000000000000
9B30060000000094
8BD00C0000000048
9D200C6000000000
8B800C0000000008
9A200CC00003C0A0
5400050000000008
A3000000540000C0
9E200C60FFFE6828
98200C4000000018
50244CC000000011
0000001098200E40
98200E4045400CCE
50284EE000000012
0000001398200D40
45400EDE502C4DD0
9E200C6045400CEC
540000500000001C
FFFFE0BCA3000000
FFFFFFE89B3006F0
FFFFFFF09B3005F0
FFFFFFF89B3004F0
64800F00650000F0
640000F065800000
A540000064C00F00
9F3004F0FFFFFFA0
9F3005F0FFFFFFF8
9F3006F0FFFFFFF0
9F3007F0FFFFFFE8
8BD00500FFFFFFE0
8BD00C0000000000
9F300CF000000001
8BD00600FFFFFFD8
8BD0070000000002
5400045000000004
0000003CA1000000
0003BFD08B800C00
9C2005C044200CC4
8830044000000020
8C10004000000028
A14C000000000140
A100000000000010
8B800C0000000198
44200CC40003BF9C
0000002098200EC0
000000008C1000E0
FFFFFFC4A1480000
0003BF788B800D00
99200DB044200BD4
57880DD00000001E
0000001E9D200DB0
0000FFFF89000DD0
0000012B8C1000D0
00000028A1440000
000000018C1000E0
00000060A14C0000
000000058C1000D0
00000050A1380000
0003BF208B800C00
9B3000C044200CC4
8C10000000000000
A148000000000000
A3000000FFFFFF34
8B800C00FFFE9494
44200CC40003BEF4
000000009F3005C0
FFFFFF10A1000000
000000018C1000E0
00000048A1480000
000000048C1000E0
00000028A1480000
000000038C1000E0
FFFFFEF4A14C0000
000000209C2007C0
FFFFFEE4A1000000
000000209C2006C0
FFFFFED4A1000000
0003BE888B800C00
9B3000C044200CC4
64C00E0000000010
FFFFFFD89B300DF0
000000309F300DE0
0000000888300CC0
000000289F300CE0
0000D3EA8B800C00
000000209F300CE0
0000000888300C00
000000189F300CE0
0000006288300100
0000D3BC8B800200
A300000054000310
A100000000000990
9B3007F0FFFFFE58
9B3006F0FFFFFFE0
9B3005F0FFFFFFE8
9B3004F0FFFFFFF0
650000F0FFFFFFF8
6580000064800F00
64C00F00640000F0
FFFFFFB8A5400000
FFFFFFF89F3004F0
FFFFFFF09F3005F0
FFFFFFE89F3006F0
FFFFFFE09F3007F0
FFFFFFD09F3001F0
000000088BD00E00
000000008BD00A00
0003BD988B800C00
00000020883009C0
000000018BD00800
540005A0540003A0
54000DE0540006A0
9F300EF0540004E0
58000B90FFFFFFD8
89000770540007D0
8C1000700000FFFF
89000BB000000008
A14C0000000000FF
8C1000B000000030
A148000000000000
A100000000000010
54000DA000000018
A100000054000780
8C1000B000000180
A148000000000000
8C100000000000CC
A148000000000000
9A2007900000004C
5A000100FFFFFFE8
A14C00004C000017
8BD0070000000034
8C10002000000000
A148000000000000
9B30019000000120
4C000021FFFFFFF0
00000118A1480000
000000018C1000B0
00000074A14C0000
FFFFFFFE99200B90
FFFFFFE09B300190
000000008C100010
00000094A1480000
0000FFFF89000660
0000FFFF89000BB0
8C1000104DA001B6
540007A000000000
0001BD44A0480000
468006B6540007E0
5400078054000E70
000000ACA1000000
A100000054000780
89000330000000A0
99200B900000FFFF
4DA001B3FFFFFFFE
000000008C100010
A0480000540007A0
540007400001BD90
54000470468003B3
A100000054000780
8900055000000060
89000BB00000FFFF
4DA001B50000FFFF
000000008C100010
A0480000540007A0
9B3007F00001BDD4
468005B5FFFFFFD8
FFFFFFD89F3007F0
A100000054000780
54000CA000000018
0000000CA1000000
8C10007054000CA0
A14C000000000000
A100000000000010
8830099000000224
57880AA000000028
000000088C1000A0
00000010A1480000
FFFFFE04A1000000
0000FFFF8BD00C00
FFFFFFD09B300BF0
000000018C1000B0
000001E0A1440000
55180BB054000BD0
000000088C1000B0
0000012CA1280000
55180DD054000D40
000000078C1000D0
00000064A1340000
00000028A8800DD0
0003BB088B800C00
9B300CC044200CCD
8C1000C000000000
A148000000000000
8B80000000000074
8B8001000000CF8A
8BD002000000BA88
8B8003000000016E
A30000000000CDE3
A100000000006B58
9B3004F000000000
54000D40FFFFFFD8
8C1000D055180DD0
A128000000000008
54000DE000000024
8C1000D055180DD0
540004E000000007
00000118A1340000
55180CC054000C40
00000028A8800CC0
0003BA688B800E00
9B300C50442005EC
8C1000C000000000
A148000000000000
5400060000000034
54000720540000C0
FFFE8FD0A3000000
5400027054000060
000000008BD00C00
000000009F300C50
000000008BD00C00
000000209C200C50
54000CD054000D40
A8800CC055180CC0
8B800E0000000028
44200CEC0003B9F4
0000002098200EC0
000000008C1000E0
00000038A1480000
0000CE768B800000
0000B9748B800100
000001868BD00200
0000C5EC8B800300
00006A44A3000000
00000000A1000000
000000008C100000
00000014A1480000
9E200EC05A000E00
9F3002C000000008
8BD00E0000000010
9D200EC000000000
54000CD00000001E
9B3007F055180CC0
9B3006F0FFFFFFE0
9B3005F0FFFFFFE8
9B3004F0FFFFFFF0
650000F0FFFFFFF8
6580000064800F00
64C00F00640000F0
FFFFFF68A5400000
FFFFFFF89F3004F0
FFFFFFF09F3005F0
FFFFFFE89F3006F0
FFFFFFE09F3007F0
8C10001054000E00
A148000000000000
9B3004E000000414
98200C4000000008
50244CC000000001
45400CCD58000D40
000001008C1000C0
000003DCA14C0000
0000000498200C40
000000068C1000C0
000003C4A14C0000
0000000598200C40
000000048C1000C0
000003ACA14C0000
0000000298200C40
0000000398200D40
45400CDC50244DD0
000000088C1000C0
00000384A14C0000
FFFFFFC89F300EF0
9F3001F054000010
54000140FFFFFFD0
FFFFA9A4A3000000
0000000E88300140
FFFFFFDC883006F0
000000048BD00700
5400027054000060
0000B0F4A3000000
0000001888300140
FFFFFFD8883000F0
A300000054000270
9B3000F00000B0D8
9A200CF0FFFFFFD0
55600CC0FFFFFFD8
000000089A200500
4C600CC555600550
000000008BD00D00
454007EC4C200E5D
000000008C100070
0001C1D8A0480000
00000018A1000000
000000018BD00B00
00000010A1000000
000000028BD00B00
FFFFFFDC9A200CF0
0000006898200E00
000000068C1000E0
FFFFFFC89B300EF0
00000010A1480000
000002C4A1000000
FFFFFFA89F300BF0
FFFFFFB09F300DF0
FFFFFFB89F3006F0
0000000888300D40
FFFFFFC09F300DF0
55600660540006C0
000000008C100060
000001A0A1480000
9B3001F0540000C0
A3000000FFFFFFD0
9B3000F000002888
9B300EF0FFFFFFD0
8C1000C0FFFFFFC8
A14C000000000000
9A200CF00000016C
89000CC0FFFFFFDC
8C1000C0000000F0
A1480000000000E0
9B3001F00000014C
89000110FFFFFFA8
883000F0000000FF
9B3002F0FFFFFFDC
A3000000FFFFFFD0
9B3000F0FFFFF8E4
9B300EF0FFFFFFD0
8C1000C0FFFFFFC8
A128000000000000
A8800CC000000104
8B800E0000000028
44200EEC0003B694
FFFFFFA89F300EF0
000000109F3000E0
000000028BD00C00
000000209C200CE0
00000018883000E0
000000068BD00200
FFFFFFC09B3001F0
0000AF14A3000000
FFFFFFA89B300DF0
FFFFFFD09B3000F0
FFFFFFC89B300EF0
FFFFFFB09B300CF0
0000001E9D200CD0
000000009B300BD0
000000008C1000B0
00000070A1480000
FFFFFFB09B300CF0
000000009F300CD0
8BD00E0064C00C00
9F300EC000000800
8830020000000018
540001B000000062
FFFFFFA09F3001F0
FFFFFFC09B3003F0
000050C4A3000000
FFFFFFA09B3000F0
FFFE8B50A3000000
FFFFFFD09B3000F0
FFFFFFC89B300EF0
0000000698200C40
0000000798200D40
45400CDC50244DD0
000001008BD00D00
45400CC74C600CCD
0000000189000CC0
000000008C1000C0
00000074A14C0000
A14800004C000065
88300C0000000068
64C00E0000000008
000000028BD00D00
000000309F300DE0
FFFFFFB89B300DF0
000000289F300DE0
000000189F300CE0
FFFFFFC09B3002F0
000000209F3002E0
0000006288300100
A300000054000310
9B300EF000000078
540000E0FFFFFFC8
FFFE8A88A3000000
FFFFFFE09B3007F0
FFFFFFE89B3006F0
FFFFFFF09B3005F0
FFFFFFF89B3004F0
64800F00650000F0
8B80000065800000
8B8001000000C962
8BD002000000B460
8B800300000001AA
A30000000000C7D2
A100000000006530
640000F000000000
A540000064C00F00
9F3004F0FFFFFF90
9F3005F0FFFFFFF8
9F3006F0FFFFFFF0
9F3007F0FFFFFFE8
54000730FFFFFFE0
9B3005F054000400
9B3006F000000040
9B300EF000000038
9B300CF000000030
8C10004000000028
A14C000000000000
A100000000000010
9F300EF0000001E8
9F300CF0FFFFFFC0
9F3001F0FFFFFFC8
9F3002F0FFFFFFD0
8BD00000FFFFFFD8
8BD001000000000E
8BD002000000001C
A300000000000280
8C1000C0FFFE84C8
A148000000000000
99200EC0000001C8
8C1000E000000012
A14400000000001B
A100000000000010
9F3006F0000001E0
9F300CF0FFFFFFB0
9B3006C0FFFFFFB8
5400005000000008
FFFE5AE4A3000000
000000069C200C60
9C200C6050644CC0
98200C4000000007
8C1000C000000068
A148000000000006
A100000000000010
88300060000001B8
8BD0050000000008
5400017000000006
A300000054000250
883000600000AC00
9B3001F000000012
54000250FFFFFFC0
A300000054000750
883000600000ABE0
8BD005000000000E
9B3001F000000004
54000250FFFFFFC8
0000ABBCA3000000
0000001888300060
FFFFFFB09B3001F0
A300000054000250
8BD00C000000ABA0
9C200C6000000008
8BD00C0000000002
9C200C6000000001
9C20056000000001
9C20076000000005
8BD0050000000004
9C20056000000000
5C00056000000003
8BD00E0064C00C00
9F300EC000000806
5400004000000018
FFFFFFB89B3004F0
9B3002F054000140
9B3003F0FFFFFFD0
A3000000FFFFFFD8
5400004000004D58
FFFE87E8A3000000
A100000054000C50
8B80000000000040
8B8001000000C6E2
8BD002000000B1E0
8B80030000000460
A30000000000C04A
A1000000000062B0
8BD00C0000000000
55080CC0000000FF
FFFFFFE09B3007F0
FFFFFFE89B3006F0
FFFFFFF09B3005F0
FFFFFFF89B3004F0
64800F00650000F0
8B80000065800000
8B8001000000C67A
8BD002000000B178
8B8003000000046C
A30000000000ADD9
A100000000006248
8B80000000000000
8B8001000000C64A
8BD002000000B148
8B80030000000473
A30000000000C4DE
A100000000006218
640000F000000000
A540000064C00F00
9F3004F0FFFFFFC0
9F3005F0FFFFFFF8
9F3006F0FFFFFFF0
54000400FFFFFFE8
000000008C100040
00000010A14C0000
00000150A1000000
000000008C100010
00000010A14C0000
00000168A1000000
000000008C100020
00000010A14C0000
00000180A1000000
5A00002054000520
5400014054000610
0000224CA3000000
8B80030054000160
8C1000C00000C678
A14C000000000000
54000C500000009C
54000DE05A000EC0
000000F089000DD0
000000E08C1000D0
00000158A14C0000
FFFFFFE2883003F0
0000005E8BD00E00
000000029C200E30
000000008BD00E00
000000019C200E30
000000018BD00E00
FFFFFFE29C200EF0
0000000198200EC0
0000007F89000EE0
000000039C200E30
0000000298200EC0
000000049C200E30
0000000398200CC0
000000059C200C30
8BD00E0064C00C00
9F300EC000000800
8830024000000018
5400004000000062
00004B14A3000000
9B3006F055080CC0
9B3005F0FFFFFFE8
9B3004F0FFFFFFF0
650000F0FFFFFFF8
6580000064800F00
0000C48E8B800000
0000AF8C8B800100
0000031F8BD00200
0000BDF68B800300
0000605CA3000000
00000000A1000000
0000C45E8B800000
0000AF5C8B800100
000003208BD00200
0000ABB38B800300
0000602CA3000000
00000000A1000000
0000C42E8B800000
0000AF2C8B800100
000003218BD00200
0000B4E68B800300
00005FFCA3000000
00000000A1000000
000000089A200D40
0000000C9A200B40
89000AA054000AE0
8C1000A00000FFFF
A14800000000FEA9
45800EDE00000044
55600EE045000EEB
000000008C1000E0
00000028A1480000
000000109A200C40
000000008C1000C0
00000158A1480000
0000001088300C40
0003B0308B800E00
54000E20580002E0
00000028A8800EE0
0003AED88B800D00
98200DE044200EDE
8C1000D000000020
A144000000000001
A100000000000010
9B300DE000000048
4C0000D400000010
00000034A14C0000
000000089A200EE0
4C0000DE5A000DC0
0000001CA14C0000
A300000054000040
A1000000000000E4
8BD00200FFFFFE64
8B800E0000000000
88300EE00003AE64
A100000000000010
88300EE00000002C
5788022000000028
000000088C100020
00000010A14C0000
0000006CA1000000
0000001098200DE0
000000028C1000D0
FFFFFFCCA1380000
000000009B300DE0
A14C00004C0000D4
9A200DE0FFFFFFB8
5A000BC0FFFFFFF8
A14C00004C0000BD
8B800C00FFFFFFA0
5C0002C00003AF24
A300000054000040
A10000000000003C
54000040FFFFFDBC
540001C054000210
00000268A3000000
FFFFFDA0A1000000
000000FC8BD00C00
FFFFFD90A1000000
64C00F00640000F0
FFFFFFA0A5400000
FFFFFFF89F3004F0
FFFFFFF09F3005F0
FFFFFFE89F3006F0
FFFFFFE09F3007F0
00000028A8800220
0003AD608B800C00
98200C70442007C2
8C1000C000000020
A144000000000001
A100000000000010
8C1000C0000000CC
8830047000000002
8830050000000018
A14C000000000062
99200C700000017C
8C1000C00000001E
A13800000000011D
64C00C00000000C4
000000018BD00E00
000000309F300EC0
0000C2828B800E00
000000209F300EC0
0000000888300E70
000000289F300EC0
0000000888300E00
000000189F300EC0
0000C24C8B800200
9F3001F054000600
54000150FFFFFFD8
A300000054000350
54000060FFFFF810
FFFFFFD89B3001F0
000000008C1000C0
000000D0A1480000
000000D8A1000000
0000C1168B800000
0000AC148B800100
000002F08BD00200
0000B7DD8B800300
00005CE4A3000000
00000000A1000000
0000010E8C1000C0
00000098A1380000
8BD00E0064C00C00
9F300EC000000001
8B800E0000000030
9F300EC00000C1B6
88300E7000000020
9F300EC000000008
88300E0000000028
9F300EC000000008
5400060000000018
FFFFFFD89F3001F0
5400024054000150
A300000054000350
54000060FFFFF748
FFFFFFD89B3001F0
000000008C1000C0
00000018A14C0000
000000038BD00C00
000000209C200C70
8BD00E0064C00C00
9F300EC000000800
5400025000000018
A300000054000340
9B3007F000004680
9B3006F0FFFFFFE0
9B3005F0FFFFFFE8
9B3004F0FFFFFFF0
650000F0FFFFFFF8
6580000064800F00
64C00F00640000F0
FFFFFF98A5400000
FFFFFFF89F3004F0
FFFFFFF09F3005F0
FFFFFFE89F3006F0
FFFFFFE09F3007F0
5400071054000420
5A00007054000500
A300000054000150
54000EC000001C68
000000F08BD00C00
000000008C1000E0
00000010A14C0000
00000038A1000000
9B3007F055080CC0
9B3006F0FFFFFFE0
9B3005F0FFFFFFE8
9B3004F0FFFFFFF0
650000F0FFFFFFF8
6580000064800F00
8C1000E05A000E70
A148000000000000
89000EE0FFFFFFC4
8C1000E0000000F0
A1480000000000E0
8BD00600FFFFFFAC
5400007000000001
5400025054000160
FFFFEC90A3000000
FFFFFFFF8C1000C0
00000010A1340000
FFFFFF78A1000000
0000007F8C1000C0
00000010A1380000
000000ACA1000000
A8800EE054000EC0
8B800D0000000028
44200BDE0003AA2C
0000002098200DB0
000000008C1000D0
00000018A14C0000
000000109F3005B0
000000209C2006B0
0000002098200EB0
000000008C1000E0
00000010A14C0000
0000007CA1000000
0000006288300A50
000000008C100040
00000094A1480000
000000008C1000D0
00000010A14C0000
0000007CA1000000
8BD00C0054000EC0
A1000000000000FF
8B80000000000148
8B8001000000BE3A
8BD002000000A938
8B800300000003C2
A30000000000B7B0
A100000000005A08
8B80000000000000
8B8001000000BE0A
8BD002000000A908
8B800300000003D0
A30000000000B325
A1000000000059D8
9F300DF000000000
9F300CF0FFFFFFD0
64C00C00FFFFFFD8
000000309F3006C0
000000289F3007C0
0000BEAA8B800E00
000000209F300EC0
0000000888300E50
000000189F300EC0
0000BE848B800200
540001A054000050
540003A0540007A0
A3000000540006B0
54000B60FFFFF448
000000008C1000C0
00000050A14C0000
0000002098200EB0
FFFFFFD09B300DF0
000000008C1000D0
00000030A1480000
000000FF89000EE0
000000018C1000E0
00000018A14C0000
000000008BD00E00
0000001E9D200EB0
000000008C100040
FFFFFFD89B300EF0
A148000054000A70
8C100040FFFFFD7C
A14C000000000000
A100000000000010
98200DB000000064
8C1000D000000020
A138000000000002
8B800C000000007C
5C000EC00003A964
8BD00E0064C00C00
9F300EC000000800
883003B000000018
5400005000000018
540002A054000140
000042ECA3000000
FFFFFD08A1000000
0000BC868B800000
0000A7848B800100
000003EA8BD00200
0000A3DB8B800300
00005854A3000000
00000000A1000000
000000018C1000D0
FFFFFCC8A14C0000
99200EC054000C40
99200DC000000010
4C0000DE00000012
00000028A14C0000
000000009B300EC0
000000008C1000E0
00000010A1480000
000000DCA1000000
0000001498200EC0
0000004089000EE0
000000008C1000E0
00000040A14C0000
000000009B300CC0
000000008C1000C0
00000010A1480000
FFFFFF8CA1000000
54000040540005B0
FFFE8760A3000000
0000002CA1000000
8BD00000540005B0
8BD001000000000E
5400024000000280
FFFE94FCA3000000
8C100040540004C0
A148000000000000
9B30005000000040
8C10000000000000
A148000000000000
A300000000000010
9F300450FFFE7C54
8BD00C0000000000
A100000000000000
8BD00C00FFFFFBC4
A1000000000000FF
8B800000FFFFFBB4
8B8001000000BB32
8BD002000000A630
8B800300000003FA
A30000000000B8E6
A100000000005700
640000F000000000
A540000064C00F00
64C00C00FFFFFFC8
000000018BD00E00
000000309F300EC0
000000289F3001C0
0000BBCA8B800E00
000000209F300EC0
0000BBAC8B800E00
000000189F300EC0
0000006288300100
0000BB9C8B800200
A300000054000310
650000F0FFFFF170
6580000064800F00
64C00F00640000F0
FFFFFFC8A5400000
8BD00E0064C00C00
9F300EC000000001
8B800E0000000030
9F300EC00000BB5E
9F3001C000000020
9F3001C000000028
8830010000000018
8B80020000000062
540003100000BB30
FFFFF104A3000000
64800F00650000F0
640000F065800000
A540000064C00F00
9F3004F0FFFFFF98
9F3005F0FFFFFFF8
9F3006F0FFFFFFF0
9F3007F0FFFFFFE8
8B800C00FFFFFFE0
9B3005C00000C5CC
5800045000000010
8900044050214440
8C1000400000003C
A138000000000014
99200C00000000F4
8C1000C000000012
A138000000000004
9B300C00000000DC
58000CC000000008
000000088C1000C0
000000C0A14C0000
0000C5688B800C00
000000209A200CC0
89000EE054000EC0
8C1000E0000000F0
A1480000000000E0
5400060000000094
FFFFFFD89F3001F0
0000C5308B800E00
000000009B3001E0
A3000000540000C0
8C1000C0000015F8
A14C000000000000
A100000000000010
5400006000000014
00000048A1000000
99200C0054000060
8C1000C000000010
A138000000000008
A30000000000002C
8C1000C0FFFE5A58
A14C000000000000
A100000000000010
5400006000000040
FFFE79C8A3000000
FFFFFFE09B3007F0
FFFFFFE89B3006F0
FFFFFFF09B3005F0
FFFFFFF89B3004F0
64800F00650000F0
8830074065800000
540000600000000E
A300000054000170
8C1000C0FFFE7F78
A148000000000000
54000C600000004C
0000001099200EC0
8BD0070044200EE4
540001E000000000
0000FFFF89000110
A14C00004C00001E
A100000000000010
540000C000000068
00000178A1000000
5400017054000060
FFFE8038A3000000
000000008C1000C0
A148000054000060
8B80000000000174
8B8001000000B812
8BD002000000AB03
8B800300000000C7
A30000000000A8D9
A1000000000053E0
8BD0000000000000
8BD002000000000E
A300000000000280
540000C0FFFE7410
000000008C100000
00000090A1480000
0000001299200C00
0000000888300E40
A14400004C0000EC
54000700000000D0
000000089B300070
5400024054000150
00009BA4A3000000
5400014054000070
FFFE7F80A3000000
000000008C1000C0
00000044A1480000
0000B75E8B800000
0000AA4F8B800100
000000B68BD00200
0000B0E28B800300
0000532CA3000000
00000000A1000000
A100000054000060
5400007000000064
A300000054000160
8BD00E00FFFE85D0
5400007000000000
8C1000704C2007CE
54000C6000000000
0001D754A0480000
8C10007054000C00
A048000000000000
540000600001D768
A3000000540006C0
54000060FFFE77C4
0000000189000770
000000008C100070
00000010A14C0000
FFFFFDD8A1000000
000000089B300700
FFFFFFD09F3000F0
A300000054000140
8C1000C0FFFE7D78
A14C000000000000
A100000000000010
9B3000F000000018
A1000000FFFFFFD0
9B300CF0FFFFFD94
9B3005C0FFFFFFD0
8B800D0000000008
9A200CD00000C22C
54000EC000000020
9C200E50506C4EE0
54000EC00000000F
9C200E5050684EE0
9C200C500000000E
50644CC00000000C
0000000D9C200C50
FFFFFFC89F300DF0
0000001C9A200CD0
506C4EE054000EC0
000000139C200E50
50684EE054000EC0
000000129C200E50
000000109C200C50
9C200C5050644CC0
98200C7000000011
50244CC000000003
0000000298200E70
8BD00E0045400CCE
4E600ECE0000FFF7
000000008C1000E0
0001D8B0A0480000
00000018A1000000
000000088BD00E00
00000010A1000000
000000098BD00E00
9C200C7044200CEC
50644CC000000002
000000039C200C70
000000008BD00600
9C2006505C000670
9C2006500000000A
8BD007000000000B
9C200750000000FF
5400005000000008
A300000054000140
9C200C50FFFE55A0
50644CC00000000A
0000000B9C200C50
9B300CF064C00E00
9F300CE0FFFFFFD8
8BD00C0000000028
9F300CE000000001
9F3006E000000020
9B300CF000000018
883001C0FFFFFFC8
9B3004F000000020
54000040FFFFFFD0
5400037054000260
00000C54A3000000
A100000054000040
640000F0FFFFFBDC
A540000064C00F00
54000210FFFFFFE8
000000FF89000220
000000038BD00100
00000014A3000000
64800F00650000F0
640000F065800000
A540000064C00F00
9F3004F0FFFFFF88
9F3005F0FFFFFFF8
9F3006F0FFFFFFF0
9F3007F0FFFFFFE8
9F3002F0FFFFFFE0
9F3001F0FFFFFFC8
54000700FFFFFFD0
0000001099200C70
0000001C8BD00E00
88300650464005CE
8BD0000000000008
8BD0020000000022
5400016000000280
FFFE703CA3000000
8C100040540004C0
A148000000000000
99200C40000001C8
4C0000C600000012
00000038A13C0000
0000B3CE8B800000
0000A6BF8B800100
0000016E8BD00200
0000A58E8B800300
00004F9CA3000000
00000000A1000000
000000089B300C70
FFFFFFC09F300CF0
000000089B300640
000000008BD00C00
000000079C200C60
000000069C200C60
000000059C200C60
FFFFFFB89F300CF0
000000049C200C60
FFFFFFC89B300CF0
000000019C200C60
FFFFFFD09B300CF0
8BD003005C000C60
5400004000000008
5400025054000170
FFFE8234A3000000
FFFFFFC09B300DF0
0000000D98200CD0
98200ED050244CC0
45400CCE0000000C
0000000E98200ED0
98200DD050284EE0
502C4DD00000000F
45400CEC45400EDE
FFFFFFDC9E200CF0
FFFFFFDC883000F0
00000110A3000000
8C100050540005C0
A148000000000000
9B3007F00000008C
9C200760FFFFFFB8
9C20076000000003
9920014000000002
5400006000000012
FFFE5304A3000000
000000029C200C60
9C200C6050644CC0
64C00C0000000003
000000289F3005C0
000000018BD00E00
000000209F300EC0
000000189F3007C0
FFFFFFDC883002F0
000000FF8BD00300
5400017054000040
000009CCA3000000
A300000054000040
9B3007F0FFFE731C
9B3006F0FFFFFFE0
9B3005F0FFFFFFE8
9B3004F0FFFFFFF0
650000F0FFFFFFF8
6580000064800F00
64C00F00640000F0
FFFFFFE8A5400000
8900022054000210
8BD00100000000FF
A30000000000000B
650000F0FFFFFD60
6580000064800F00
64C00F00640000F0
00039C008B800C00
000000009B300CC0
000000008C1000C0
00000010A1480000
000000C4A1000000
000000008BD00C00
00039BD88B800E00
000000009B300EE0
000000008C1000E0
00000138A1480000
0000006998200DE0
0000000589000DD0
000000058C1000D0
00000118A14C0000
000000089A200DE0
000000008C1000D0
00000100A1480000
89000CC05A000C00
8BD00D00000000FF
4C200CCD0000007F
000000008C1000C0
0001DD40A0480000
000000008BD00E00
A100000054000CE0
9B300CC0000000C4
8C1000C000000000
A14C000000000000
A100000000000010
98200EC0FFFFFF4C
54000DE000000069
0000000589000DD0
000000058C1000D0
FFFFFFC4A14C0000
000000089A200BC0
000000008C1000B0
FFFFFFACA1480000
45800BDB5A000D00
0000000C9A200AC0
55600BB045000BBA
000000008C1000B0
00000040A1480000
0000000289000EE0
000000008C1000E0
FFFFFF6CA14C0000
000000109A200EC0
4C0000DE55600DD0
00000010A1480000
FFFFFF4CA1000000
64800F00650000F0
640000F065800000
A540000064C00F00
9F3004F0FFFFFFB0
9F3005F0FFFFFFF8
9F3006F0FFFFFFF0
9F3007F0FFFFFFE8
54000400FFFFFFE0
000000089B300640
54000C7058000760
000000F089000CC0
000000408C1000C0
00000010A1480000
000000C0A1000000
FFFFFFD89F3001F0
0000000298200C60
0000000398200E60
454000EC50244EE0
FFFE4254A3000000
50214770540005C0
89000EE054000E70
99200C40000000FC
4C00005C00000010
00000040A13C0000
9F3006F054000040
54000670FFFFFFD0
540004E054000740
A300000054000150
54000E40FFFE73E0
5400076054000470
FFFFFFD09B3006F0
0000001299200C40
A13800004C0000CE
A100000000000010
540000400000005C
FFFE7010A3000000
00000014A1000000
A300000054000040
8BD00C00FFFE6FFC
9B3007F000000000
9B3006F0FFFFFFE0
9B3005F0FFFFFFE8
9B3004F0FFFFFFF0
650000F0FFFFFFF8
6580000064800F00
0000001099200C40
A14400004C00005C
89000770FFFFFFA0
8C100070000000FF
A144000000000013
A100000000000010
9F300EF0FFFFFF80
8BD00A00FFFFFFC8
98200C6000000000
50244CC000000011
0000001098200E60
98200E6045400CCE
50284EE000000012
0000001398200D60
45400EDE502C4DD0
8B800C00454000EC
9E2000C00000BA2C
98200E6000000020
50244EE00000000D
0000000C98200D60
98200D6045400EED
50284DD00000000E
0000000F98200B60
45400DBD502C4BB0
9E200EC045400EDE
9B3001F00000001C
98200C10FFFFFFD8
89000CC000000069
54000E0000000001
000000F089000EE0
000000E08C1000E0
00000040A14C0000
000000008C1000C0
00000024A1480000
000000089A200C10
000000008C1000C0
A14C000054000D10
54000DA00000019C
00000190A1000000
000000008C1000C0
FFFFFFD09F300AF0
0000005CA1480000
000000089A200C10
000000008C1000C0
00000044A1480000
54000D104C00000C
00000150A1480000
00000A0CA3000000
FFFFFFD09B300AF0
FFFFFFD89B3001F0
000000008C1000C0
A14C000054000D10
8B800C0000000124
9B3005C000039774
8B800C0000000000
9A200CC00000B8F4
89000CC000000020
8C1000C0000000FF
54000DA00000007F
000000E8A1480000
000000008C100050
A148000054000DA0
A1000000000000D4
9B30055000000028
8C10005000000000
A14C000000000000
A100000000000010
4C000051000000A8
FFFFFFDCA1480000
0000006998200C50
0000000189000CC0
000000008C1000C0
FFFFFFBCA1480000
000000089A200C50
000000008C1000C0
FFFFFFA4A1480000
0000B8488B800E00
000000209A2000E0
A14800004C00000C
54000150000003E4
00000904A3000000
FFFFFFD09B300AF0
FFFFFFD89B3001F0
000000008C1000C0
00000010A14C0000
FFFFFF54A1000000
A100000054000D50
54000DA00000000C
000000008C1000D0
00000068A14C0000
000000008BD00D00
0000000998200C60
000000118C1000C0
A14C000054000AD0
44200C6700000044
0000000298200EC0
0000000398200CC0
45400CCE50244CC0
000044008BD00E00
8C1000A04C200ACE
A048000000000000
54000D100001E2A0
0000B7788B800C00
0000001C9A2000C0
0000000189000AA0
000000008C1000A0
00000084A14C0000
55600CC054000C00
000000008C1000C0
0000006CA1480000
A3000000540005D0
54000D5000000810
FFFFFFD89B3001F0
000000008C1000C0
00000030A14C0000
0000B7108B800C00
0000001C9A200CC0
000000F089000CC0
000000E08C1000C0
0000001CA14C0000
A300000054000040
A1000000FFFE6BFC
8C1000D0FFFFFC00
A14C000000000000
A100000000000010
98200C600000011C
98200E6000000006
50244EE000000007
89000CC045400CEC
8C1000C00000FF3F
A148000000000000
540005D000000040
A300000054000040
540004C000000DC0
000000008C100040
FFFFFB94A1480000
000000089B300640
FFFFFFD89B3001F0
8B800C0054000D50
540005D00000B654
000000009F300DC0
000000109F3006C0
000000089F3001C0
50214EE058000E60
0000003C89000EE0
000000189D200EC0
A300000054000040
55600CC0FFFE8528
000000018C1000C0
00000010A1480000
00000064A1000000
0000B5F08B800C00
000000008BD00E00
000000209E200EC0
0000001C9E200EC0
000000189D200EC0
000000109F300EC0
000000089F300EC0
000000009F300EC0
FFFFFAD4A1000000
A300000054000040
A1000000FFFE6ABC
9F300CF0FFFFFAC0
54000040FFFFFFD0
A300000054000170
98200C60FFFE71B4
8C1000C000000009
A148000000000001
8C1000C000000058
9B3001F000000006
A1480000FFFFFFD8
8C1000C00000002C
A14C000000000011
540000400000004C
FFFF6CD8A3000000
FFFFFF40A1000000
A300000054000040
A1000000FFFEC6CC
54000040FFFFFF2C
FFFFFFD89B3001F0
FFFFEF0CA3000000
FFFFFF10A1000000
FFFFFFD09B300CF0
000000028C1000C0
00000084A1480000
0000B4E08B800C00
000000209A2000C0
A300000054000150
8C1000C0000005A8
A14C000000000000
8B800C0000000058
9A200CC00000B4B4
89000CC000000020
8C1000C0000000F0
A1480000000000E0
5400004000000030
FFFFFFC89B3001F0
FFFE73BCA3000000
000000028BD00100
A300000054000040
54000040FFFFF3E8
FFFE6978A3000000
FFFFFE68A1000000
A100000054000D50
640000F0FFFFFC64
A540000064C00F00
9B300DF0FFFFFFD0
9B300EF000000038
9B300CF000000030
8C10002000000028
A148000000000000
8C10001000000034
A148000000000000
5A000B100000001C
000000008C1000B0
00000010A14C0000
00000008883001D0
9F300DB064C00B00
9F300EB000000028
9F300CB000000020
A300000000000018
650000F000000014
6580000064800F00
64C00F00640000F0
FFFFFF80A5400000
FFFFFFF89F3004F0
FFFFFFF09F3005F0
FFFFFFE89F3006F0
FFFFFFE09F3007F0
000000389B300BF0
000000309B3007F0
000000289B3005F0
0000001698200C00
000000018C1000C0
00000010A1480000
00000070A1000000
000000008C100020
00000090A1480000
FFFFFFC09F300BF0
5400061054000430
FFFFFFC89F3002F0
000000148BD00100
FFFFFFD09F3000F0
FFFE6E1CA3000000
000000008C1000C0
00000010A14C0000
00000078A1000000
000000FE8BD00C00
00000364A1000000
0000A7068B800000
0000A29F8B800100
000003768BD00200
000093208B800300
000042D4A3000000
00000000A1000000
0000001299200C00
000000148C1000C0
00000010A1380000
00000270A1000000
000000FE8BD00C00
00000304A1000000
FFFFFFD09B300EF0
0000001299200CE0
000000138C1000C0
A144000054000C40
A100000000000010
8BD0040000000308
4C200A6400000000
0000A7548B800B00
000000008C1000A0
0001E7ECA0480000
9F3006F0540006B0
9B3006E0FFFFFFB8
9C20076000000008
9C200C6000000009
9B300DF000000008
5A000DD0FFFFFFC8
FFFFFFA89F300DF0
000000458BD00B00
54000BD05C000B60
9C200B60506C4BB0
54000BD000000013
9C200B6050644BB0
9C20056000000011
9C200D6000000001
50684DD000000010
FFFFFFB09F300DF0
000000129C200D60
00000010992000E0
FFFFFFA09F300CF0
FFFE386CA3000000
FFFFFF989F300CF0
000000079C200460
000000069C200460
50644EE054000EC0
000000039C200E60
000000029C200C60
000392228B800400
A300000059000040
9B3002F0FFFE3828
9B3000F0FFFFFFC8
54000EC0FFFFFFD0
9C200E6050644EE0
9C200C6000000005
59000E4000000004
5D000E4057880EE0
50244EE044200E57
FFFFFFA09B300DF0
9B300DF045400EDE
89000DD0FFFFFFA8
44200EED0000FFFF
FFFFFFB09B300DF0
9B300DF044200EED
44200EEDFFFFFF98
9B300EF044200CEC
5A000EE0FFFFFFB8
89000DD054000DE0
44200CCD0000FFFF
506C4DD054000DE0
0000000F9C200D60
50684DD054000DE0
9C200D6044200CCD
9C200E600000000E
50644EE00000000C
0000000D9C200E60
0000004588300CC0
89000EE054000EC0
89000CC00000FFFF
50684CC0FFFF0000
54000EC044200CCE
44200CEC50684EE0
9C200C6054880CC0
50644CC00000000A
0000000B9C200C60
FFFFFFC09B300BF0
00000058A1000000
000000089B300C00
0000001198200EC0
98200DC050244EE0
45400EED00000010
0000001298200DC0
98200CC050284DD0
502C4CC000000013
45400CCE45400CCD
FFFFFFDC9E200CF0
FFFFFFDC883002F0
0000006099200CB0
000000008C1000C0
00000030A1480000
0000001099200E00
A14000004C0000EC
540001B00000001C
00001F60A3000000
0000001CA1000000
000000209B300CB0
540000B054000100
55080CC06280000C
FFFFFFE09B3007F0
FFFFFFE89B3006F0
FFFFFFF09B3005F0
FFFFFFF89B3004F0
64800F00650000F0
8B80000065800000
8B8001000000A37A
8BD0020000009F13
8B800300000003AB
A3000000000091EF
A100000000003F48
640000F000000000
54000C0064C00F00
55600CC057880CC0
000000028C1000C0
00000010A1380000
00000018A1000000
000000018BD00C00
00000090A1000000
000000008BD00C00
0000006998200E10
0000000289000EE0
000000008C1000E0
00000068A1480000
000000089A200E10
55600DD054000D00
A14800004C0000DE
9A200C100000004C
45400DC00000000C
CBC00B0055600DD0
00000000FFFFFFFF
45800EE04C200DDB
55600CC045000CCE
000000008BD00E00
45000CCD4C200CCE
0000000189000CC0
64800F00650000F0
640000F065800000
A540000064C00F00
9F3004F0FFFFFFD8
9F3005F0FFFFFFF8
8B800C00FFFFFFF0
9B3000C000038EFC
8C10000000000000
A148000000000000
8BD0040000000084
A100000000000000
9B30050000000038
5400014000000000
0000007CA3000000
8C10000054000050
A14C000000000000
A100000000000010
98200C0000000044
8C1000C000000027
A148000000000000
57C80CC0FFFFFFC0
000000279C200C00
000000009B300C00
540000C054000400
FFFFFFB4A1000000
FFFFFFF09B3005F0
FFFFFFF89B3004F0
64800F00650000F0
640000F065800000
A540000064C00F00
9F3004F0FFFFFF88
9F3005F0FFFFFFF8
9F3006F0FFFFFFF0
9F3007F0FFFFFFE8
54000400FFFFFFE0
A14C00004C000014
A100000000000010
8C100010000000B4
A148000000000000
9B300C100000004C
4C0000C400000000
00000038A1480000
0000A1368B800000
000089B68B800100
000000AD8BD00200
0000A0FC8B800300
00003D04A3000000
00000000A1000000
000000089B300740
000000089B300070
0000000998200C00
98200E0050244CC0
45400CCE00000008
000000008C1000C0
00000010A14C0000
00000050A1000000
000000008BD00C00
FFFFFFD89F300CF0
00000108A1000000
0000A0AE8B800000
0000892E8B800100
000000AB8BD00200
000090BB8B800300
00003C7CA3000000
00000000A1000000
0000000198200C00
58000E0050244CC0
98200E0045400CCE
50284EE000000002
0000000398200D00
45400EDE502C4DD0
98200E0045400CEC
50244EE000000005
0000000498200D00
98200D0045400EED
50284DD000000006
0000000798200B00
45400DBD502C4BB0
50304EE045400EDE
9F300C4045400CEC
5400051000000008
0000001088300140
000000148BD00200
0000840CA3000000
000000018BD00100
A300000054000070
54000070FFFFEDE4
FFFE6B10A3000000
FFFFFFD89F300CF0
A300000054000070
54000150FFFE60AC
FFFFFFA09F3001F0
FFFFFFA89F3004F0
000000089B300E40
000000008C1000E0
00000130A1480000
000000089B300CE0
00000001982004C0
9F300DF058000DC0
982006C0FFFFFFB0
982005C000000002
982007C000000003
98200DC000000005
9F300DF000000004
98200DC0FFFFFFB8
9F300DF000000006
98200CC0FFFFFFC8
9F300CF000000007
540000E0FFFFFFC0
FFFFFFD09F3000F0
FFFE6A58A3000000
FFFFFFD89B300EF0
0000FFFF89000EE0
8C1000E044200ECE
A138000000010000
A100000000000010
9F300EF000000194
50244440FFFFFFD8
FFFFFFB09B300CF0
5028466045400C4C
45400E56502C4550
5024477045400CEC
FFFFFFB89B300EF0
9B300DF045400E7E
50284DD0FFFFFFC8
FFFFFFC09B300BF0
45400DBD502C4BB0
50304EE045400EDE
9B3000F0454004EC
A3000000FFFFFFD0
8C100040FFFE5F6C
54000E4000000000
FFFFFEE0A14C0000
00038B008B800C00
000000009B300CC0
FFFFFFA89B3001F0
9B300DF04C0000C1
A1480000FFFFFFA0
8C1000D000000048
A14C000000000000
8B80000000000038
8B80010000009E22
8BD00200000086A2
8B80030000000145
A300000000009437
A1000000000039F0
4C200EC100000000
00038A908B800C00
000000008C1000E0
0001F06CA0480000
9B300C1054000DC0
9F300CD000000000
8BD0000000000000
A300000000000005
8B800C00FFFE4E50
59000EC000038A5C
FFFFFFD89B300DF0
89000CC054000CD0
4C0000EC0000FFFF
00000068A13C0000
00009D868B800000
000086068B800100
000000D28BD00200
000089348B800300
00003954A3000000
00000000A1000000
00009D568B800000
000085D68B800100
000000CC8BD00200
00008F428B800300
00003924A3000000
00000000A1000000
8B800D0044600EED
5D000ED0000389CC
FFFFFFE09B3007F0
FFFFFFE89B3006F0
FFFFFFF09B3005F0
FFFFFFF89B3004F0
64800F00650000F0
640000F065800000
A540000064C00F00
9F3004F0FFFFFF88
9F3005F0FFFFFFF8
9F3006F0FFFFFFF0
9F3007F0FFFFFFE8
54000400FFFFFFE0
000000089B300540
89000CC058000C50
8C1000C00000000F
A14C000000000005
98200C5000000084
50244CC000000007
0000000698200E50
A3000000454000CE
9F300CF0FFFE2F28
98200C50FFFFFFD0
50244CC000000003
0000000298200E50
A3000000454000CE
58000E50FFFE2F00
89000EE050214EE0
9F300CF00000003C
9F300EF0FFFFFFC8
4C0000CEFFFFFFC0
00000010A1380000
0000004CA1000000
000000008BD00500
A300000054000040
54000C50FFFE5CFC
FFFFFFE09B3007F0
FFFFFFE89B3006F0
FFFFFFF09B3005F0
FFFFFFF89B3004F0
64800F00650000F0
5400004065800000
FFFE6710A3000000
000388708B800E00
9F300CF059000EE0
44200CECFFFFFFD8
0000000B8C1000C0
FFFFFFB89F3004F0
000002A4A1380000
000000008BD00400
A100000054000640
54000C6000000040
9B300EF055200CC0
4CA00CCEFFFFFFD8
89000CC045000CC7
8C1000C000000001
A14C000000000000
A100000000000010
8B800C0000000214
9B300CC0000387EC
8C1000C000000000
A148000000000000
98200E50000001C0
50244EE00000000D
0000000C98200D50
98200D5045400EED
50284DD00000000E
0000000F98200B50
45400DBD502C4BB0
55600EE045400EDE
5400014054000D40
5400004054000B40
00000028A1000000
8C1000A054000BC0
54000CA000000000
00000010A14C0000
00000134A1000000
0000001C9A200AC0
A14C00004C0000AE
98200A5000000080
50244AA000000011
0000001098200950
9820095045400AA9
5028499000000012
0000001398200850
45400989502C4880
9A2009C045400A9A
4C00009A00000020
00000034A14C0000
0000000498200A50
0000000598200950
45400A9A50244990
00000014992009C0
A14800004C00009A
57880DD000000078
000000008C100000
0000005CA1480000
0000002798200A00
00000027982009C0
8C1000904E60099A
54000AB000000000
0001F454A0480000
8C10009054000A10
540009C000000000
0001F46CA0480000
5400009054000900
A1000000540001A0
540000C000000010
9B300AC0540001B0
8BD0090000000000
4C2009A900000000
000000008C100090
0001F368A0480000
A100000054000CB0
55200DD0FFFFFEBC
000000018BD00C00
A10000004D6007DC
5400004000000014
5400074054000140
000000008C100000
FFFFFDDCA1480000
FFFFF7B4A3000000
442006C655600CC0
FFFFFDC4A1000000
8C10006055600660
9B3004F000000000
A1480000FFFFFFB8
8B800C00FFFFFD14
59000CC0000385CC
FFFFFFD89B300EF0
8C1000C044200CCE
A14400000000000A
8B800C00FFFFFCEC
9B3007C00003859C
8C10007000000000
A148000000000000
98200C5000000184
50244CC00000000D
0000000C98200E50
98200E5045400CCE
50284EE00000000E
0000000F98200D50
45400EDE502C4DD0
55600CC045400CEC
00000028A1000000
000000009B300770
000000008C100070
00000010A14C0000
00000120A1000000
0000001C9A200E70
A14C00004C0000EC
98200E50FFFFFFD4
50244EE000000011
0000001098200D50
98200D5045400EED
50284DD000000012
0000001398200B50
45400DBD502C4BB0
9A200D7045400EDE
4C0000DE00000020
FFFFFF88A14C0000
0000000498200E50
0000000598200D50
45400EDE50244DD0
0000001499200D70
A14800004C0000DE
A100000000000010
98200C50FFFFFF54
98200E5000000006
50244EE000000007
A3000000454000EC
89000CC0FFFE2A78
8C1000C000001FFF
A14C000000000000
9920007000000398
A300000000000016
89000CC0FFFE2A50
8C1000C000001FFF
A148000000000000
8830007000000370
8BD0020000000010
5400015000000014
00007B8CA3000000
0000034CA1000000
000000058BD00000
FFFE4770A3000000
8C100040540004C0
A14C000000000000
8BD00400000002A4
5400074000000000
00000040A1000000
55200CC054000C70
FFFFFFD89B300EF0
45000EE64CA00ECE
0000000189000EE0
000000008C1000E0
00000010A14C0000
00000214A1000000
000383908B800C00
000000009B300CC0
000000008C1000C0
000001C0A1480000
0000000D98200E50
98200D5050244EE0
45400EED0000000C
0000000E98200D50
98200B5050284DD0
502C4BB00000000F
45400EDE45400DBD
54000D4055600EE0
54000B4054000140
A100000054000040
54000BC000000028
000000008C1000A0
A14C000054000CA0
A100000000000010
9A200AC000000134
4C0000AE0000001C
00000080A14C0000
0000001198200A50
9820095050244AA0
45400AA900000010
0000001298200950
9820085050284990
502C488000000013
45400A9A45400989
000000209A2009C0
A14C00004C00009A
98200A5000000034
9820095000000004
5024499000000005
992009C045400A9A
4C00009A00000014
00000078A1480000
8C10000057880DD0
A148000000000000
98200A000000005C
982009C000000027
4E60099A00000027
000000008C100090
A048000054000AB0
54000A100001F8B0
000000008C100090
A0480000540009C0
540009000001F8C8
540001A054000090
00000010A1000000
540001B0540000C0
000000009B300AC0
000000008BD00900
8C1000904C2009A9
A048000000000000
54000CB00001F7C4
FFFFFEBCA1000000
8BD00C0055200DD0
4D6006DC00000001
00000014A1000000
5400014054000040
8C10000054000640
A148000000000000
A3000000FFFFFDDC
55600CC0FFFFF358
A1000000442007C7
8BD00700FFFFFDC4
9B300EF000000000
4C0000CEFFFFFFD8
A128000054000470
8BD000000000001C
A300000000000005
540004C0FFFE44D4
000000008C100040
00000074A1480000
000000008BD00100
000000288BD00200
A300000054000040
8BD00C00000078F8
9C200C400000000F
8B800C0000000027
9B300EC000038114
9F300E4000000000
9F3004C000000000
8830004000000000
8BD0020000000010
5400015000000014
0000785CA3000000
8C10007054000740
9B3004F000000000
A1480000FFFFFFB8
9B300DF0FFFFF80C
5021CDD0FFFFFFD0
FFFFFFC89B300CF0
FFFFFFC09B300EF0
98200C5044600BCE
89000CC000000006
9F300CF000000020
8C1000C0FFFFFFC0
A14C000000000000
54000CD00000004C
0000FFFF89000CC0
89000EE054000EB0
44200EEC0000FFFF
89000CC054000CE0
4C0000CE0000FFFF
00000198A14C0000
0000FFEB8C1000C0
00000188A1440000
FFFFFFC89F300BF0
FFFFFFD09F300DF0
000000018BD00500
000000089B300640
0000000398200C60
98200E6050244CC0
454000CE00000002
FFFE2604A3000000
50214EE058000E60
0000003C89000EE0
A13800004C0000CE
A100000000000010
8BD00C0000000018
A100000000000000
98200D60000000E4
98200B6000000006
50244BB000000007
446006CE454000BD
0000FFFF89000660
FFFE25A4A3000000
5021CDD054000DC0
89000EE054000ED0
44200BE60000FFF8
9B300E405062CCC0
9C200CE000000008
54000CB000000009
9C200CE050644CC0
8BD00C000000000B
9C200CE000000000
9C200CE000000007
9C200CE000000006
9C200CE000000005
9C200CE000000004
9C200CE000000003
9C200CE000000002
5C000CE000000001
000000089C200DE0
0000000A9C200BE0
89000990540009B0
4C00009B0000FFFF
00000010A14C0000
000003D8A1000000
000000008C100050
FFFFFFB89B3004F0
FFFFFFD09B300BF0
FFFFFFC89B3009F0
00000010A14C0000
0000006CA1000000
000000089B300C70
000000008C1000C0
FFFFF5E8A14C0000
00037E988B800C00
000000009B300CC0
A14800004C00007C
8B80000000000574
8B800100000091DA
8BD0020000007A5A
8B800300000002AB
A300000000007A6B
A100000000002DA8
8B800E0000000000
59000DE000037E54
FFFFFFD89B300AF0
5D000DE044200DDA
FFFFFFC09B300EF0
000000008C1000E0
0000002CA14C0000
9D200E7044200E9B
98200E7000000024
89400EE000000026
9C200E7000000001
8C1000C000000026
A148000000000000
9B300C70000004CC
9B3004C000000008
98200C4000000008
9F300CF000000007
98200C40FFFFFFD8
9F300CF000000006
98200C40FFFFFFD0
9F300CF000000004
98200C40FFFFFFC8
9F300CF000000005
98200C40FFFFFFC0
9F300CF000000003
98200C40FFFFFFB8
9F300CF000000002
58000C40FFFFFFB0
FFFFFFA89F300CF0
0000000198200640
0000002499200C70
FFFFFFA09F300CF0
0000001088300170
000000148BD00500
5400025054000040
000074B4A3000000
FFFFFFA09B300CF0
00000014883000C0
0000FFFF89000000
FFFE2324A3000000
000000008BD00E00
0000000B9C200E40
0000000A9C200E40
000000079C200E40
FFFFFFA09F300EF0
000000069C200E40
000000029C200C40
9C200C4050644CC0
5400004000000003
A300000054000150
9C200C40FFFE3098
50644CC00000000A
0000000B9C200C40
9B300CF050244660
45400C6CFFFFFFA8
FFFFFFB09B300DF0
9B300EF050284DD0
502C4EE0FFFFFFB8
45400CEC45400EED
FFFFFFC09B300DF0
9B300EF050244DD0
45400EDEFFFFFFC8
FFFFFFD09B300BF0
9B300DF050284BB0
502C4DD0FFFFFFD8
45400EDE45400DDB
454006EC50304EE0
000000089B300570
000000008C100060
000000C8A1480000
000000148BD00C00
FFFFFFD89F300CF0
000000089B300460
9B3001F054000060
A3000000FFFFFFD8
54000050FFFE5764
A300000054000160
98200C40FFFE5B84
50244CC000000001
45400CCE58000E40
0000000298200E40
98200D4050284EE0
502C4DD000000003
45400CEC45400EDE
0000000598200E40
98200D4050244EE0
45400EED00000004
0000000698200D40
98200B4050284DD0
502C4BB000000007
45400EDE45400DBD
454006EC50304EE0
000000008C100060
FFFFFF58A14C0000
00037B608B800C00
000000009B300CC0
A14800004C00007C
54000DC00000026C
8C1000E054000ED0
A148000000000000
9B300DE000000264
4C0000D700000000
FFFFFFE0A14C0000
00000250A1000000
0000000998200C70
98200B7050244CC0
45400CCB00000008
0000000A98200B70
98200A7050284BB0
502C4AA00000000B
45400CBC45400BAB
0000000D98200B70
98200A7050244BB0
45400BBA0000000C
0000000E98200A70
9820087050284AA0
502C48800000000F
45400BAB45400A8A
454002BC50304BB0
000000008C100020
0000019CA1480000
000000008BD00C00
89000880540008D0
54000A500000FFFF
A100000054000BC0
54000AB00000009C
0000000198200B00
5800010050244BB0
9820010045400BB1
5028411000000002
0000000398200200
45400121502C4220
9820010045400B1B
5024411000000005
0000000498200200
9820020045400112
5028422000000006
0000000798200300
45400232502C4330
5030411045400121
8C1000204540021B
54000B0000000000
00000010A14C0000
00000360A1000000
000000089B300020
0000000998200100
9820030050244110
4540011300000008
A13C00004C000081
A100000000000010
4C000081000001CC
FFFFFAB8A1480000
0000000A98200200
0000000B98200300
4540023250244330
A13800004C000082
8C1000B0FFFFFA94
A148000000000000
982002B0FFFFFF04
98200BB00000000A
50244BB00000000B
4C200BB145400BB2
000000008C1000B0
A048000054000BC0
54000BA00002007C
FFFFFEC4A1000000
000000008BD00500
FFFFF074A1000000
000000008BD00100
A300000054000070
A100000000000748
8BD00B00FFFFF044
54000C5000000000
00000278A1000000
FFFFFFA09B300EF0
00000010A1000000
FFFFFFA09B300EF0
000378C88B800D00
A14800004C00007C
8C1000E000000024
54000DE000000000
00000010A14C0000
00000098A1000000
000000009B300C70
000000009F300CD0
000000058BD00000
A300000054000170
54000050FFFE3C70
FFFE5710A3000000
000378708B800E00
4C0000EC59000EE0
00000038A13C0000
00008BAE8B800000
0000742E8B800100
0000029B8BD00200
0000733E8B800300
0000277CA3000000
00000000A1000000
8B800E0044600CEC
5D000CE000037824
FFFFEF6CA1000000
00008B668B800000
000073E68B800100
000001458BD00200
0000817B8B800300
00002734A3000000
00000000A1000000
507C400054000020
000000079C2000E0
5078400054000020
000000069C2000E0
5074400054000020
000000059C2000E0
5070400054000020
000000049C2000E0
506C400054000020
000000039C2000E0
5068400054000020
000000029C2000E0
506442205C0002E0
000000019C2002E0
000000008C1000B0
0000025CA1480000
0000000A982000B0
0000000B982002B0
A14400004C000091
50244220FFFFF864
8900099045400920
4C0000890000FFFF
FFFFF848A1380000
FFFFFFB89B3000F0
507C4CC054000C00
000000079C200CB0
50784CC054000C00
000000069C200CB0
50744CC054000C00
000000059C200CB0
50704CC054000C00
000000049C200CB0
506C4CC054000C00
000000039C200CB0
50684CC054000C00
000000029C200CB0
54000C005C0000B0
9C200CB050644CC0
4C200C9800000001
000000008BD00500
000000008C1000C0
A048000054000C50
54000CA000020470
00000010A1000000
54000CA054000B00
000000008C100050
000001A0A1480000
000000008C1000B0
FFFFFFB89B3008F0
00000064A1480000
0000000A98200AB0
0000000B982009B0
45400A9A50244990
0000FFFF89000DD0
A14000004C0000AD
8B80000000000080
8B8001000000897A
8BD00200000071FA
8B800300000001B6
A300000000008748
A100000000002548
9B300D7000000000
8C1000D000000008
A148000000000000
8B8000000000010C
8B80010000008932
8BD00200000071B2
8B800300000001BF
A3000000000084D7
A100000000002500
5400098000000000
9C2009B0507C4990
5400098000000007
9C2009B050784990
5400098000000006
9C2009B050744990
5400098000000005
9C2009B050704990
5400098000000004
9C2009B0506C4990
5400098000000003
9C2009B050684990
5C0008B000000002
5064499054000980
000000019C2009B0
8C1000D04C200DAD
A048000000000000
A1000000000205CC
8BD00C0000000054
A100000000000000
4C00009100000044
FFFFF620A1440000
FFFFFFB89B300CF0
000000089F300C70
000000008BD00B00
54000CA0540005B0
FFFFFE68A1000000
000000089F300870
FFFFFFC09B300DF0
000000008C1000D0
00000010A1480000
00000038A1000000
8C1000C055600CC0
A148000000000000
A100000000000010
8BD005000000005C
54000C5000000000
FFFFF5A0A1000000
000000008BD00500
0000002698200D70
0000000189000DD0
000000008C1000D0
0000018CA1480000
8C1000C055600CC0
54000C5000000000
FFFFF560A1480000
000000008BD00500
000000089B300C70
000000008C1000C0
00000148A1480000
000000089B300CC0
0000000998200DC0
98200BC050244DD0
45400DDB00000008
000000008C1000D0
00000010A14C0000
00000060A1000000
A100000054000C50
98200BE0FFFFF4FC
98200EE00000000A
50244EE00000000B
9B300ED045400BEB
98200AE000000008
50244AA000000009
00000008982009E0
4C0000BA45400AA9
00000010A1480000
00000094A1000000
0000000198200DE0
58000BE050244DD0
98200BE045400DDB
50284BB000000002
0000000398200AE0
45400BAB502C4AA0
98200BE045400DBD
50244BB000000005
0000000498200AE0
98200AE045400BBA
50284AA000000006
00000007982009E0
45400A9A502C4990
50304BB045400BAB
8C1000D045400DBD
A148000000000000
A100000000000010
8C1000D0FFFFFF30
A14C000000000000
A100000000000010
54000C500000002C
FFFFF400A1000000
A100000054000C50
54000C50FFFFF3F4
FFFFF3E8A1000000
A14C00004C0000CE
A100000000000010
98200CE0000000B8
50244CC000000005
0000000498200DE0
98200DE045400CCD
50284DD000000006
0000000798200BE0
45400DBD502C4BB0
98200DE045400CDC
50244DD000000001
45400DDB58000BE0
0000000298200BE0
98200EE050284BB0
502C4EE000000003
45400EED45400EEB
8C1000C045400CEC
A148000000000000
8B80000000000068
8B8001000000858A
8BD0020000006E0A
8B800300000001E3
A300000000006FD4
A100000000002158
8B80000000000000
8B8001000000855A
8BD0020000006DDA
8B800300000001E1
A300000000007573
A100000000002128
8BD00C0000000000
A100000000000001
640000F0FFFFF2E4
A540000064C00F00
54000C00FFFFFFE8
000371A88B800E00
000000009B300DE0
A14800004C0000DC
8C10001000000024
54000E1000000000
00000010A14C0000
00000038A1000000
000000009B300DC0
000000009F300DE0
000000058BD00000
A3000000540001C0
650000F0FFFE3548
6580000064800F00
0000849E8B800000
00006D1E8B800100
000001458BD00200
00007AB38B800300
0000206CA3000000
00000000A1000000
64C00F00640000F0
FFFFFF18A5400000
FFFFFFF89F3004F0
FFFFFFF09F3005F0
FFFFFFE89F3006F0
FFFFFFE09F3007F0
5400061054000520
0000006099200460
000000FA8BD00700
000000089B300E00
89000CC058000CE0
8C1000C00000000F
A14C000000000005
9F3000F0000006B8
99200C00FFFFFFD8
8C1000C000000012
A138000000000014
98200CE000000698
9F300EF000000006
98200EE0FFFFFF98
50244EE000000007
A3000000454000EC
54000DC0FFFE1670
FFFFFFD89B300CF0
0000001099200CC0
FFFFFFEC88300CC0
FFFFFFB09F300CF0
0000FFFF89000CC0
000000008C1000C0
000005ECA1480000
FFFFFFEC88300C40
89000EE054000EC0
506ECEE0E0000000
50A1CCC044200CCE
000000148BD00100
000000008BD00E00
FFFFFFD09F300EF0
FFFFFFA89F300DF0
0000200089000DD0
FFFFFF689F300CF0
89000CC05021CCC0
9F300CF00000FFF8
8BD00000FFFFFF80
8BD002000000000E
8BD00C0000000280
9F300CF0000000FF
89000DD0FFFFFF40
9F300DF00000FFFF
54000410FFFFFF58
FFFFFF789F3005F0
FFFFFF709F3006F0
FFFFFF609F3001F0
FFFFFF509F3000F0
FFFFFF489F3002F0
00000150A1000000
FFFE1564A3000000
FFFFFF909B3005F0
000000069C200C50
9C200C5050644CC0
9B300CF000000007
883000C0FFFFFFA0
8900000000000014
A30000000000FFFF
9C200C50FFFE1528
50644CC000000002
000000039C200C50
0000000B9C200750
0000000A9C200750
000000148BD00100
A300000054000050
9C200C50FFFE22B8
50644CC00000000A
0000000B9C200C50
000000209B300C40
9B3006F054000040
54000160FFFFFFB8
FFFFFF789B3005F0
6280000C54000250
A300000054000060
9B300CF0FFFE42EC
9B300EF0FFFFFFA8
44200CCEFFFFFF68
FFFFFFA89F300CF0
FFFFFFC89B3004F0
FFFFFFD09B300CF0
9B300CF0442004C4
9B300EF0FFFFFFB0
44600CCEFFFFFFA0
FFFFFFB09F300CF0
0000FFFF89000CC0
000000008C1000C0
FFFFFF609B3001F0
FFFFFF509B3000F0
FFFFFF489B3002F0
00000010A14C0000
00000424A1000000
A300000054000740
8C1000C0FFFE3DA8
A148000000000000
99200EC00000043C
8C1000E000000012
A144000000000013
A100000000000010
9B300EF00000042C
89000EE0FFFFFFB0
9B3004F00000FFFF
9F300EF0FFFFFF80
4640064EFFFFFF88
000000089B3000C0
000000148BD00200
FFFFFF989B3001F0
A3000000540005C0
9F3005F000006510
9B300C50FFFFFFB8
9F300CF000000008
8C100040FFFFFF90
9F3006F000000000
A1480000FFFFFFA0
54000A6000000288
FFFFFFD89B3006F0
99200C6054000B70
540004B000000012
0000FFFF89000440
A13C00004C0000C4
A100000000000010
44600ECB00000300
0000FFFF89000EE0
89000DD054000DA0
464007DE0000FFFF
9F3007F04C0000C4
A14C0000FFFFFFD0
8BD00B0000000024
9B30066000000000
540007B000000000
000001D0A1000000
FFFFFFC09F300AF0
FFFFFFC89F300BF0
000000068BD00000
FFFE3038A3000000
8C100050540005C0
A14C000000000000
A100000000000010
9F3006F000000104
9B300C60FFFFFFD8
44200CC400000008
9F300CE064C00E00
9F3007E000000018
5400067000000020
000000008BD00700
000000418BD00200
5400016054000070
A300000054000350
540004C0FFFE4354
000000008C100040
00000010A14C0000
000000C8A1000000
FFFFFFD89B3000F0
FFFE4B28A3000000
000002A08B800C00
000000189F300C50
FFFFFFD89B300CF0
000000209F300C50
FFFFFFB89B3000F0
A300000054000140
9B300AF0FFFE4B8C
44600AA6FFFFFFC0
89000CC054000CA0
8C1000C00000FFFF
A148000000000000
8BD00B00000000A8
9B3006F000000000
9B300660FFFFFFD8
540007B000000000
00000098A1000000
FFFFFFB89B3000F0
FFFE3FE8A3000000
000000018BD00700
FFFFFFC89B300BF0
FFFFFFC09B300AF0
00000068A1000000
000000068BD00000
A300000054000150
9B3000F0FFFE2F58
A3000000FFFFFFB8
8BD00700FFFE3FA4
9B3006F000000001
9B300BF0FFFFFFD8
9B300AF0FFFFFFC8
A1000000FFFFFFC0
54000A700000001C
FFFFFFD89B3006F0
FFFFFFC89B300BF0
000000008C100070
0000010CA14C0000
89000CC054000CA0
8C1000C00000FFFF
A148000000000000
A10000000000001C
9B3006F0FFFFFD98
54000B70FFFFFFD8
FFFFFFD89F3006F0
000000008BD00700
FFFFFF589B300CF0
9B3000F04C600EC7
89000000FFFFFFA8
54000C0000001FFF
0000200089400CC0
000000008C1000E0
0002105CA0480000
9F300BF0540000C0
9B3004F0FFFFFFC8
99200E40FFFFFF70
88300EE000000060
9B300DF0FFFFFFEC
4CA00EEDFFFFFF88
000000008C1000E0
00020B88A0480000
A1000000540000C0
8BD00700FFFFFAEC
A100000000000000
8B80000000000040
8B80010000007D8A
8BD002000000660A
8B8003000000032D
A300000000006D88
A100000000001958
9B3007F000000000
55080770FFFFFF40
9B3007F054000C70
9B3006F0FFFFFFE0
9B3005F0FFFFFFE8
9B3004F0FFFFFFF0
650000F0FFFFFFF8
6580000064800F00
FFFFFF409B3007F0
FFFFFFC4A1000000
00007D0E8B800000
0000658E8B800100
000003258BD00200
000070DE8B800300
000018DCA3000000
00000000A1000000
64C00F00640000F0
FFFFFFE0A5400000
FFFFFFF89F3004F0
8C10004054000400
A14C000000000000
A100000000000010
9B30004000000050
8C10000000000020
A148000000000000
A300000000000010
8BD00000FFFE3D84
5400014000000006
FFFE2D14A3000000
FFFFFFF89B3004F0
64800F00650000F0
8B80000065800000
8B80010000007C62
8BD00200000064E2
8B800300000002CE
A300000000006BD2
A100000000001830
640000F000000000
A540000064C00F00
9F3004F0FFFFFFD0
9F3005F0FFFFFFF8
9F3006F0FFFFFFF0
99200C00FFFFFFE8
8C1000C000000012
A13800000000000F
9B300C000000020C
98200EC000000008
50244EE00000000D
0000000C98200DC0
0000001798200B00
000000008C1000B0
0000001CA14C0000
0000006C98200B10
9C200B0057880BB0
454004ED00000017
54000DE058000EC0
0000000189000DD0
000000008C1000D0
000000C0A1480000
000000018C1000E0
00000050A14C0000
0000000198200EC0
000000008C1000E0
00000098A14C0000
0000000298200CC0
0000005E8C1000C0
00000010A1480000
00000078A1000000
000000108BD00C00
00000054A1000000
00007C1C8B800E00
000000068BD00200
540000C054000500
540001E054000610
00005EBCA3000000
5400016054000050
8C1000C055600CC0
A14C000000000000
8BD00C0000000024
98200E0000000008
45400CEC00000015
000000159C200C00
000006088C100040
0000007CA1480000
000000088C100040
000000C8A14C0000
0000006998200C10
0000000889000CC0
000000008C1000C0
000000A8A1480000
0000000E8BD00C00
5400051054000400
A3000000540001C0
54000040FFFE4284
8C1000C054000150
A14C000000000000
A300000000000074
A1000000FFFFCA30
98200C100000006C
89000CC000000069
8C1000C000000008
A148000000000000
8BD00C0000000044
540004000000000E
540001C054000510
FFFE4220A3000000
5400015054000040
000000008C1000C0
00000010A14C0000
0000003CA1000000
FFFE3AE0A3000000
000000008BD00C00
FFFFFFE89B3006F0
FFFFFFF09B3005F0
FFFFFFF89B3004F0
64800F00650000F0
A300000065800000
A1000000FFFFABDC
640000F0FFFFFFCC
A540000064C00F00
9F3004F0FFFFFFB8
9F3005F0FFFFFFF8
9F3006F0FFFFFFF0
9F3007F0FFFFFFE8
54000730FFFFFFE0
FFFFFFD89F3002F0
5400050054000410
000000289B3000F0
FFFE0C0CA3000000
8BD00100540006C0
540000400000000E
FFFE402CA3000000
000000008C1000C0
00000010A14C0000
00000018A1000000
000000FE8BD00C00
000000A4A1000000
FFFFFFD09F3005F0
000000089B300540
50644CC054000C60
0000000D9C200C50
0000000C9C200650
000000068BD00600
5400017054000050
A300000054000260
8830005000005CF8
9B3005F000000006
9B3001F0FFFFFFD0
54000260FFFFFFD8
00005CD4A3000000
0000006898200C50
000000068C1000C0
00000010A1480000
0000004CA1000000
000000289B300C50
5400014054000050
55080CC06280000C
FFFFFFE09B3007F0
FFFFFFE89B3006F0
FFFFFFF09B3005F0
FFFFFFF89B3004F0
64800F00650000F0
8B80000065800000
8B8001000000784A
8BD0020000006F51
8B8003000000013B
A300000000006942
A100000000001418
640000F000000000
CBC00C0064C00F00
00000000F00F0040
000000009B300CC0
64800F00650000F0
640000F065800000
A540000064C00F00
9F3004F0FFFFFFB8
9F3005F0FFFFFFF8
9F3006F0FFFFFFF0
9F3007F0FFFFFFE8
54000400FFFFFFE0
000000008BD00500
000000018BD00C00
FFFFFFD89F300CF0
000001828BD00C00
FFFFFFD09F300CF0
F0061010CBC00C00
5A000CC000000000
0000000189000CC0
000000008C1000C0
A148000054000750
CBC00C0000000200
00000000F0061000
CBC00C005A0006C0
00000000F0061004
88300C105A0001C0
55600CC0FFFFF7FF
FFFFF80DCBC00E00
4C0000CE00000000
A138000054000750
89000110000001A0
540000500000FFFF
FFFFFFD09B3002F0
FFFE334CA3000000
000000008C1000C0
A148000054000750
5025C66000000170
F008000088300E60
54000DC055600EE0
A100000054000B50
99200AD000000034
44200BBA00000012
000000009B300DD0
000000008C1000D0
00000010A14C0000
00000120A1000000
55600AA054000AB0
992009D044200AEA
9B3008D000000012
454000A800000008
0000000389000000
000000008C100000
00000044A1480000
000000008C100090
FFFFFF94A1480000
5C000080580000A0
5788088057880AA0
8C10009057C80990
A14C000000000000
A1000000FFFFFFE4
54000090FFFFFF68
8C10000050614000
A148000000000000
540001A000000044
5A00031054000280
883001105E000320
8830022000000004
57C8000000000004
000000008C100000
00000010A1480000
FFFFFFD4A1000000
8900000054000090
8C10000000000003
A148000000000000
54000090FFFFFEF8
0000FFFC89000990
442002A944200189
5C00021058000220
4C00009057880990
FFFFFFE8A1380000
FFFFFEC4A1000000
CBC00C00540007C0
00000000F0061010
FFFFFFD89B300EF0
8C1000705E000EC0
A148000000000000
9B300C4000000040
5400007000000018
6280000C54000140
000000008C1000C0
FFFFFDB0A1480000
A300000054000070
A1000000FFFE362C
9B3007F0FFFFFD9C
9B3006F0FFFFFFE0
9B3005F0FFFFFFE8
9B3004F0FFFFFFF0
650000F0FFFFFFF8
6580000064800F00
64C00F00640000F0
FFFFFFE8A5400000
000000008C100000
00000010A14C0000
000000C8A1000000
000030658BD00C00
0000006A9D200C00
000070BA8B800C00
000000589F300C00
000000068BD00C00
000000689C200C00
000000C08B800C00
000000289F300C00
FFFFAE7C8B800C00
000000209F300C00
000000008BD00C00
0000006288300E00
8B800B0044200DEC
44200BBC000059C8
5C000BD058000BB0
8C1000C057880CC0
A14C000000000006
8BD00C00FFFFFFDC
9C200C000000000E
8BD00C0000000069
9D200C00000005DC
8BD00C0000000060
650000F000000000
6580000064800F00
000074168B800000
0000614B8B800100
000000A58BD00200
00006D7E8B800300
00000FE4A3000000
00000000A1000000
64C00F00640000F0
0000001099200C10
000008008C1000C0
00000010A1440000
00000018A1000000
000000FE8BD00C00
000001E4A1000000
F006101CCBC00C00
5A000CC000000000
000000008C1000C0
FFFFFFE8A1480000
000000008C100010
0000016CA1480000
000000008BD00C00
A100000054000E10
99200DE000000034
44200CCD00000012
000000009B300EE0
000000008C1000E0
00000010A14C0000
0000012CA1000000
55600DD054000DC0
F0081000CBC00B00
44200DDB00000000
0000001299200BE0
000000089B300AE0
89000990454009DA
8C10009000000003
A148000000000000
8C1000B000000044
A148000000000000
580009A0FFFFFF88
57880AA05C0009D0
57C80BB057880DD0
000000008C1000B0
FFFFFFE4A14C0000
FFFFFF5CA1000000
50614990540009B0
000000008C100090
00000044A1480000
540000D0540008A0
5E0002005A000280
0000000488300880
0000000488300000
8C10009057C80990
A148000000000000
A100000000000010
540009B0FFFFFFD4
0000000389000990
000000008C100090
FFFFFEECA1480000
89000BB0540009B0
442008DB0000FFFC
58000000442000AB
57880BB05C000080
A13800004C0000B9
A1000000FFFFFFE8
CBC00E00FFFFFEB8
00000000F0061024
000000008BD00C00
99200E105E000CE0
CBC00D0000000010
00000000F0061028
CBC00E005E000ED0
00000000F0061018
000000018BD00D00
55080CC05E000DE0
64800F00650000F0
640000F065800000
A540000064C00F00
9F3004F0FFFFFF30
9F3005F0FFFFFFF8
9F3006F0FFFFFFF0
9F3007F0FFFFFFE8
8B800000FFFFFFE0
A30000000000604C
CBC0060000000D78
00000000F0030010
1E1100008BD00C00
A30000005E000C60
A3000000FFFE0144
8BD00500FFFE14F0
9E2005F000000000
9E2005F0FFFFFF74
9E2005F0FFFFFF70
64C00C00FFFFFF6C
FFFFF5048B800E00
000000289F300EC0
FFFFFC288B800E00
000000209F300EC0
000000189F3005C0
00035DC08B800400
FFFFFF74883001F0
FFFFFF70883002F0
FFFFFF6C883003F0
A300000054000040
54000040FFFE2258
FFFE2B34A3000000
000004088B800100
A300000054000040
54000040FFFE2BC0
FFFE2B38A3000000
00005B3A8B800000
00000C9CA3000000
D8C90000CBC00C00
5E000C6000000000
A300000054000040
CBC00C00FFFF5E84
00000000F00F0040
000000009B300CC0
00035DA08B800E00
8C1000E05A000EE0
A14C000000000000
883004C000000064
CBC00C0000002710
00000000F00F0040
000000009B300CC0
A13C00004C0000C4
8B8000000000003C
A300000000035CE4
A3000000FFFFF838
8B800C00FFFF3230
5A000CC000035D44
000000008C1000C0
FFFFFFB4A1480000
00035D288B800C00
8C1000C05A000CC0
A14C000000000000
8B80000000000080
A300000000005C20
8B80040000000BC8
5400004000035C84
FFFF7B58A3000000
3B44A8C08BD00C00
FFFFFF789E200CF0
00FFFFFF8BD00C00
FFFFFF689E200CF0
0144A8C08BD00C00
FFFFFF649E200CF0
FFFFFF78883001F0
FFFFFF68883002F0
FFFFFF64883003F0
A300000054000040
A3000000FFFE26C0
540004C0FFFE89F0
000000008C100040
00000010A14C0000
0000004CA1000000
0000702C8B800100
000013888BD00200
A300000054000040
8C1000C0FFFE6EAC
A148000000000000
8B80000000000038
A30000000000589F
A100000000000B00
8B80000000000090
A300000000006EF2
A100000000000AE8
8BD0010000000078
54000040000000FF
FFFE717CA3000000
000000008C1000C0
00000010A14C0000
0000003CA1000000
000002608B800100
A3000000540000C0
8B800000FFFE89E0
8BD0010000005840
A300000000001388
A100000000000A88
8B80000000000018
A300000000005AF0
8B80000000000A70
A30000000000548A
883004F000000A60
8BD00600FFFFFF78
8B80000007FF0000
A300000000035B0C
A3000000FFFFF660
8B800C00FFFF3058
5A000CC000035B70
000000008C1000C0
FFFFFFD4A1480000
F00F0040CBC00C00
9B300EC000000000
883007E000000000
9B300CC000000064
4C0000C700000000
00000040A13C0000
00035AA88B800000
FFFFF5FCA3000000
FFFF2FF4A3000000
F00F0040CBC00C00
9B300CC000000000
4C0000C700000000
FFFFFFD0A1380000
00035AF08B800700
8B8000005A000170
A300000000005EF3
8B800C0000000998
5A000CC000035AD8
54000D505A000E70
8B800A0044200B4D
44200AAD00006E84
5E000AB05A000AA0
0000000488300DD0
000000688C1000D0
00000010A1480000
FFFFFFD0A1000000
0000001C9E200E40
0000000788300CC0
FFFFFFF889000CC0
000000149E200C40
000000349A200C40
07FEFFE088300CC0
000000349E200C40
0000005C9A200C40
07FEFFE088300CC0
0000005C9E200C40
44200E4C54000C50
9E200EC05A000EE0
88300CC007FF0000
8C1000C000000004
A14C000000000068
62800006FFFFFFE0
FFFFFE7CA1000000
64C00F00640000F0
FFFFFFE8A5400000
000000089A200000
000000008C100000
00000030A1480000
FFFDFF74A3000000
F0030010CBC00E00
5E000CE000000000
000000018BD00C00
00000010A1000000
000000008BD00C00
000359A08B800E00
650000F05E000CE0
6580000064800F00
64C00F00640000F0
FFFFFFE0A5400000
FFFFFFF89F3004F0
000000FA8BD00400
000000008C100010
00000078A1480000
000000008C100020
00000068A14C0000
0003595C8B800C00
000000008BD00400
8B800C005E0004C0
5E0004C000035944
000359408B800C00
8B800C005E0004C0
5E0004C000035928
000000448B800C00
540001C054000010
FFFE8688A3000000
000055B88B800000
000007B4A3000000
54000C4055080440
FFFFFFF89B3004F0
64800F00650000F0
640000F065800000
A540000064C00F00
9F3004F0FFFFFF88
9F3005F0FFFFFFF8
9F3006F0FFFFFFF0
9F3007F0FFFFFFE8
9F3001F0FFFFFFE0
8C100020FFFFFFB0
A148000000000000
8C10003000000694
A14C000000000000
9F3002F000000684
A1000000FFFFFFA0
883001F0000000B4
9C200C10FFFFFFD8
9C200C1000000007
9C200C1000000006
9C200C1000000005
9C200C1000000004
9C200C1000000003
9C200C1000000002
8BD0030000000001
9C2003F000000001
8BD00200FFFFFFD8
9B3004F000000008
54000040FFFFFFB0
FFFED840A3000000
A300000054000040
8B800C00FFFEFCDC
8BD00E00000357FC
5E000EC000000002
FFFFFFA89B3002F0
000000009B300220
000000008C100020
000005FCA1480000
FFFFFFA89F3002F0
0000001299200720
000000008C100070
FFFFFFC8A1480000
FFFFFFA89B300CF0
000000089B3001C0
00000038A1000000
FFFFFFC89B3005F0
FFFFFFD09B3001F0
4460077544200115
55600CC054000C70
000000008C1000C0
FFFFFF80A1480000
000357608B800C00
8C1000C05A000CC0
9F3001F000000001
A1480000FFFFFFD0
8C1000C0000001E0
A14C000000000000
8B800400FFFFFF4C
5A000C4000035730
0003572C8B800E00
8BD00E00442000EC
44600CEC0000000C
54000E7055600CC0
464005EC55600EE0
A300000054000250
5A000C4000004DD8
5E000C4044200CC5
8C1000C055600CC0
A14C00000000000C
8B800C00FFFFFF4C
98200EC0000356D8
50244EE000000001
45400EED58000DC0
0000000298200DC0
45400EED50284DD0
0000000398200CC0
45400CEC502C4CC0
8C1000C055600CC0
8BD00C0054454E4B
A148000000000000
A100000000000010
8B800E00FFFFFE00
5E000CE000035674
0003566C8B800E00
0000000998200DE0
98200BE050244DD0
45400DDB00000008
0000000A98200BE0
45400DDB50284BB0
0000000B98200BE0
45400DDB502C4BB0
000356188B800B00
98200DE05E000DB0
50244DD000000005
0000000498200BE0
98200BE045400DDB
50284BB000000006
98200EE045400DDB
502C4EE000000007
8B800D0045400EDE
5E000ED0000355D8
FF00000088300EE0
CBC00D0055600EE0
00000000FF000000
A14400004C0000ED
A100000000000010
CBC00C000000031C
00000000F00F0040
000000009B300CC0
000355908B800E00
000000018BD00D00
8B800E005E000DE0
9F300CE000035594
A100000000000000
8B800400FFFFFDE4
5A000C400003556C
000355548B800500
44600EEC5A000E50
54000D7055600EE0
464006DE55600DD0
04000000883000C0
A300000054000260
5A000C4000004C10
FFFFFFC89F3006F0
5E000C4044200CC6
F0030010CBC00E00
5E000CE000000000
5A000C405A000E50
A14C00004C0000CE
8BD00C00FFFFFD64
8C1000E000000000
540005C000000004
000000A0A1380000
000000008BD00D00
54000BD0540005D0
98200BB055600BB0
54000AD004000000
55600AA057880AA0
0400000098200AA0
45400BAB50244AA0
0000000288300AD0
98200AA055600AA0
50284AA004000000
88300AD045400BBA
55600AA000000003
0400000098200AA0
45400BBA502C4AA0
88300BD0442005B5
88300DD000000004
55600DD000000008
54000DB04C0000DE
FFFFFF7CA1400000
F0030010CBC00E00
5E0005E000000000
506C4EE054000E50
FFFFFFD8883001F0
000000079C200E10
50684EE054000E50
000000069C200E10
50644EE054000E50
000000059C200E10
000000039C200C10
000000029C200C10
000000019C200C10
FFFFFFD89C200CF0
000000049C200510
000000088BD00200
000000018BD00600
FFFFFFB09B3004F0
5400036054000040
FFFED3D8A3000000
A300000054000040
55600550FFFEF874
F00F0040CBC00C00
9B300CC000000000
9F300CF000000000
8B800C00FFFFFFC0
9B300CC00003538C
9F300CF000000000
8B800C00FFFFFFB8
5A0002C000035354
0003534C8B800C00
8B8000005A0004C0
5400014000005B65
A300000054000350
9B300DF0000001E8
9B300EF0FFFFFFB8
4C200CEDFFFFFFC0
000000008C1000C0
00022878A0480000
0000001CA1000000
9B3005F0446001ED
A1000000FFFFFFC8
5400016000000014
FFFFFFC89B3005F0
000003E8A8800440
50254CC054000C10
556002206900024C
000054638B800000
00000174A3000000
000352B88B800C00
000000028BD00E00
8B800C005E000EC0
5E0006C000035298
FFFFFB10A1000000
FFFFFFD8883001F0
000000079C200C10
000000069C200C10
000000059C200C10
000000049C200C10
000000039C200C10
000000029C200C10
000000019C200C10
000000028BD00C00
FFFFFFD89C200CF0
000000088BD00200
000000018BD00300
FFFFFFB09B3004F0
A300000054000040
54000040FFFED254
FFFEF6F0A3000000
FFFFFA14A1000000
000000008C100020
00000014A1480000
A300000054000020
9B3000F0FFFE25AC
A3000000FFFFFFB0
A1000000FFFE5530
9B3005F00000005C
99200150FFFFFFA0
9B3004F000000010
54000040FFFFFFB0
FFFE6BECA3000000
0000002A99200C40
0000000289400CC0
0000002A9D200C40
A300000054000040
54000050FFFEF66C
FFFE2540A3000000
000000008BD00C00
FFFFFFE09B3007F0
FFFFFFE89B3006F0
FFFFFFF09B3005F0
FFFFFFF89B3004F0
64800F00650000F0
640000F065800000
A540000064C00F00
54000C00FFFFFFE0
000000209F3003F0
000000189F3002F0
000000109F3001F0
00000010883002F0
FFFFFFF89F3002F0
00006AD08B800E00
000000009B3000E0
A3000000540001C0
650000F000000014
6580000064800F00
64C00F00640000F0
FFFFFEE8A5400000
FFFFFFF89F3004F0
FFFFFFF09F3005F0
FFFFFFE89F3006F0
FFFFFFE09F3007F0
FFFFFFD89F3002F0
FFFFFFFFCBC00E00
9B300C0000000000
9F300CF000000008
9F3000F0FFFFFFA0
98200C00FFFFFFA8
89000CC000000002
8C1000C000000002
A148000000000000
9B300CF000002774
9F300CF0FFFFFFD8
8BD00C00FFFFFFD0
9F300CF000000000
88300CF0FFFFFFB0
88300EC0FFFFFFB8
9F300EF000000006
54000EC0FFFFFF58
9F300EF057C80EE0
9F300CF0FFFFFF90
88300CC0FFFFFF68
9F300CF000000005
9F3001F0FFFFFF60
54000410FFFFFF80
8C10000058000040
A148000000000025
8C10000000000024
A148000000000000
5788044000002714
00000034A1000000
0000000288300D40
0000000198200C40
000000258C1000C0
00000010A1480000
00000054A1000000
55080000540004D0
FFFFFFA89B3001F0
FFFFFFA09B300CF0
9B300EF06280000C
57880EE0FFFFFFB0
FFFFFFB09F300EF0
8C1000C055200CC0
A128000000000000
A100000000002640
8BD00900FFFFFF64
54000E9000000000
5400069054000290
A1000000540004D0
A880099000000030
442009E90000000A
58000C4054000E50
8C1000C057880440
A148000000000000
540005E000000554
55080770540007C0
89000DD054000D60
8C1000D00000FFFF
A14400000000001F
54000EC000000068
000000FF89000EE0
0000002A8C1000E0
000000A8A1340000
000000208C1000E0
00000260A1480000
000000238C1000E0
00000264A1480000
000000278C1000E0
00000010A1480000
00000024A1000000
A100000054000E50
8C1000D0FFFFFF68
A14400000000007F
88300E7000000098
8C1000E0FFFFFFD0
A144000000000009
8C1000D0000000D0
A138000000000040
A100000000000010
A8800550FFFFFF18
44200EE50000000A
0000002089400660
FFFFFF0CA1000000
0000002B8C1000E0
000001B8A1480000
0000002D8C1000E0
000001D8A1480000
000000308C1000E0
FFFFFF8CA14C0000
0000000189400660
A100000054000E50
89000CC0FFFFFEC8
8C1000C0000000FF
A13400000000006B
8C1000C0000000B0
A14800000000004C
8C1000C0000001F0
A148000000000068
8C1000C000000230
A14800000000006A
A10000000000020C
89000CC0000003E8
8C1000C0000000FF
A134000000000067
A100000000000010
8C1000C0000000B0
A13400000000006B
A100000000000010
8C1000C0000001A4
A14800000000006C
8C1000C000000060
A148000000000074
8C1000C000000134
A14800000000007A
A100000000000110
8C1000C000000378
A14800000000007A
8C1000C0000000F8
A148000000000074
8C1000C0000000FC
A14C00000000006C
54000C6000000348
89000CC050214CC0
4540066C00000200
0000008089400660
A100000054000E50
8C1000C0FFFFFDB0
A13400000000002D
8C1000C0000000C8
A148000000000024
8C1000C000000158
A14800000000002A
A100000000000010
54000C20000002E8
8C1000C055600CC0
A14C000000000000
A100000000000010
54000E5000000234
FFFFFD4CA1000000
0000000289400660
0000000489400660
A100000054000E50
89400660FFFFFD30
54000E5000000010
FFFFFD1CA1000000
0000000889400660
A100000054000E50
89400660FFFFFD08
54000E5000000080
FFFFFCF4A1000000
0000008089400660
A100000054000E50
8C1000C0FFFFFCE0
A14800000000002E
8C1000C000000188
A14800000000004C
A100000000000010
8940066000000228
54000E5000000280
FFFFFCA4A1000000
000000688C1000C0
00000034A1480000
0000006A8C1000C0
00000010A1480000
000001ECA1000000
0000008089400660
A100000054000E50
54000C60FFFFFC68
89000CC05020CCC0
4540066C00000200
0000010089400660
A100000054000E50
54000C20FFFFFC40
8C1000C055600CC0
A148000000000000
9F3002F000000160
9B300CF0FFFFFF88
9F300CF0FFFFFFD8
8BD00C00FFFFFFD0
4DA007DC00000040
000000008C100070
FFFFFF989F3009F0
A048000054000290
5400025000023070
FFFFFFD0883001F0
FFFFFF809B3000F0
00002248A3000000
FFFFFFD09B300CF0
0000000788300CC0
FFFFFFF88BD00E00
88300EC045000CCE
9F300EF000000008
9B300CC0FFFFFFD0
8C10007000000000
A048000000000000
540005C0000230D0
000000008C100070
FFFFFF989B300EF0
FFFFFF889B3002F0
000230F4A0480000
540009C054000CE0
A100000054000E50
8C1000D0FFFFFB50
A14400000000003F
89400660000021AC
54000E5000000040
FFFFFB2CA1000000
FFFFFFD09B300CF0
0000000788300CC0
FFFFFFF88BD00E00
88300EC045000CCE
9F300EF000000008
8BD00200FFFFFFD0
9B300EC000000000
8C1000D000000000
A14400000000003F
8940066000000034
A100000000000020
8BD00900FFFFFAD0
54000E9000000000
5400069054000250
FFFFFAB4A1000000
54000E50540009E0
FFFFFAA4A1000000
000000008BD00700
54000C20540005E0
8C1000C055600CC0
A148000000000000
9B300CF000000040
9F300CF0FFFFFFD8
883001F0FFFFFFD0
9B3000F0FFFFFFD0
9F3009F0FFFFFF80
A3000000FFFFFF98
9B3009F0000020CC
55200990FFFFFF98
000000008BD00E00
8C1000C04CA00C9E
A048000000000000
8BD00C0000023238
4500066CFFFFFFBF
4CA00C5E55200550
000000008C1000C0
00023258A0480000
0000000889400660
54000C7046000A9E
0000002089400CC0
54000B5054C80550
8C1000C055200BB0
9F300BF000000061
A1480000FFFFFF88
88300DC0000000A0
8C1000D0FFFFFF9B
A144000000000002
A100000000000010
54000D7000000080
8C1000D055600DD0
A13400000000006E
A100000000000010
8C1000D0000001E8
A134000000000072
8C1000D0000002A4
A14800000000006F
8C1000D0000007F4
A148000000000070
A100000000000010
8BD00700000007B8
8BD0020000000078
8940066000000010
A100000000000090
9B300EF0000007C8
88300EE0FFFFFFD0
8BD00D0000000007
45000EEDFFFFFFF8
0000000888300DE0
FFFFFFD09F300DF0
9F300DF044600DC7
9B3000E0FFFFFF98
8C1000C000000000
A14C000000000061
54000C60000000B8
0000004089000CC0
000000008BD00E00
8C1000C04C200CCE
A048000000000000
8BD00A00000233A4
9B3003F0FFFFFFFF
89000330FFFFFF98
883001F0000000FF
540002A0FFFFFFB8
A3000000540005A0
5400095000002694
54000EC057880CC0
000000FF89000EE0
8C1000D04D600D9E
A048000000000000
A1000000000233FC
57C80EE000000010
8BD00700540009E0
8BD0030000000070
8940066000000001
A100000000001800
54000E6000000240
0000004089000EE0
000000008BD00D00
8C1000E04C200EED
A048000000000000
8BD00A0000023454
8C1000C000000006
8BD00E0000000066
A148000000000011
54000BC00000015C
8C1000B055600BB0
A14C000000000065
8BD0070000000170
8940066000000065
540005A000001000
57880BB054000BA0
A1000000540003D0
8C1000D000000184
A148000000000063
8C1000D00000059C
A148000000000064
8C1000D000000020
A148000000000069
A100000000000010
54000C60000005D8
0000008089000CC0
000000008C1000C0
00000010A1480000
000008B4A1000000
89000CC054000C60
9B300EF00000FFFF
88300EE0FFFFFFD0
8BD00D0000000007
45000EEDFFFFFFF8
0000000888300DE0
FFFFFFD09F300DF0
000000009B3000E0
89000EE054000EC0
8C1000E000000100
A148000000000000
A100000000000010
5520000000000FD4
00000878A1000000
000000738C1000D0
000006F4A1480000
000000758C1000D0
00000010A1480000
0000051CA1000000
000000758BD00700
0000000A8BD00200
0000FFEF89000660
0000052CA1000000
000000668BD00700
000000018BD00300
0000200089400660
540005A054000BE0
A100000054000DA0
54000BA000000044
000000FF89000BB0
8C1000B04C200BBD
54000BA000000000
00023618A0480000
000000018BD00B00
883007C0540005A0
540003D0FFFFFFFE
9F300DC064C00C00
89000BB000000018
464002BE000000FF
FFFFFFB8883001F0
000026F4A3000000
000000028BD00300
9A200EF054000950
88300DE0FFFFFFB8
55600DD0FFFFFFF6
FFFFFFEDCBC00B00
4DA00DDB00000000
000000008C1000D0
00023698A0480000
000000028BD00300
FFFFFF9C883001E0
CBC00D0055600110
00000000FFFFFF39
8C1000D04DA00D1D
9B3008F000000000
A0480000FFFFFF88
8BD00300000236D4
8BD0050000000003
883002F000000000
98200D20FFFFFFB8
54000BD000000004
0000000189000BB0
000000008C1000B0
0000005CA14C0000
89000BB054000B60
8C1000B000000002
A14C000000000000
5400006000000050
0000FFFF89000000
89000BB054000B00
8BD00A0000000004
4C2005BA00000000
890000005021C000
A100000000000020
8BD0000000000020
A10000000000002D
8BD0000000000010
89000DD00000002B
8C1000D00000000C
A148000000000000
8C10005000000030
A048000000000000
A1000000000237A4
8BD00C0000000054
A100000000000004
54000AE00000004C
54000D6055200AA0
0000300089000DD0
000000008C1000D0
00000010A14C0000
000001F4A1000000
FFFFFF789F300CF0
00000E48A1000000
000000038BD00C00
000000008BD00700
A14000004C00008C
89000660000000C0
8C10006000000008
A14C000000000000
9F3000F0000000A4
9F3002F0FFFFFF30
446006C8FFFFFF48
000000208BD00000
FFFFFFA89B3001F0
FFFFFFA09B300CF0
55200CC06280000C
000000008C1000C0
000019ECA1280000
FFFFFFB09B300CF0
9F300CF057880CC0
55600660FFFFFFB0
54000C6057880660
4C600CC655600CC0
0000000189000CC0
000000008C1000C0
FFFFFF98A1480000
FFFFFF489B3002F0
FFFFFF309B3000F0
0000000CA1000000
890005504460078C
8C10005000000001
A14C000000000000
540005200000004C
FFFFFFA89B3001F0
FFFFFFA09B300CF0
55200CC06280000C
000000008C1000C0
0000194CA1280000
FFFFFFB09B300CF0
9F300CF057880CC0
54000250FFFFFFB0
0000000498200C20
0000000889000CC0
000000008BD00E00
8B8005004C200ECE
8B800C00000051EB
8C1000E0000043EB
A048000000000000
540005C000023960
8C1000C058000C50
A148000000000000
9B300EF0000017F8
446000CEFFFFFF98
9B3001F055080000
9B300CF0FFFFFFA8
6280000CFFFFFFA0
FFFFFFB09B300EF0
9F300EF057880EE0
57880550FFFFFFB0
8C1000C055200CC0
A128000000000000
A100000000001890
8BD00D00FFFFFF9C
54000BC000000000
000000FF89000BB0
000000008C1000B0
FFFFFF789F300DF0
00000B90A1480000
89000BB054000BC0
44200B2B000000FF
0000000498200BB0
000000308C1000B0
00000B60A14C0000
54000BC057C80CC0
000000FF89000BB0
000000008C1000B0
FFFFFFC0A14C0000
FFFFFF789F300DF0
00000B38A1000000
FFFFFFD09B300CF0
0000000788300CC0
FFFFFFF88BD00E00
88300EC045000CCE
9F300EF000000008
9B300CC0FFFFFFD0
9C200CF000000000
8BD00C00FFFFFFB8
9F300CF000000001
9B300CF0FFFFFF98
9F300CF0FFFFFF68
A1000000FFFFFF78
8C1000C000000270
A14C000000000078
8BD00C0000000954
446002C700000088
00000014A1000000
000000088BD00200
54000D60540007E0
0000FFF989000DD0
89000CC054000C60
8C1000C000000080
A148000000000000
A100000000000010
9B300CF00000006C
88300CC0FFFFFFD0
8BD00E0000000007
45000CCEFFFFFFF8
0000000888300EC0
FFFFFFD09F300EF0
000000009B3000C0
89000CC054000CD0
8C1000C000000100
A148000000000000
A100000000000010
55600000000003A4
0000003CA1000000
FFFFFFD09B300CF0
0000000788300CC0
FFFFFFF88BD00E00
88300EC045000CCE
9F300EF000000008
9B3000C0FFFFFFD0
8BD0080000000000
4C200C0800000000
000000008C1000C0
00023BD4A0480000
FFFFFFE98BD00C00
8C10000045000D6C
A14C000000000000
A100000000000010
9B3006F000000048
54000160FFFFFF68
FFFFFF989F300DF0
A3000000540005A0
9B300BF000001DA4
54000A50FFFFFF88
FFFFFF989B3005F0
A1000000446008C6
54000C6000000250
0000004089000CC0
000000008C1000C0
FFFFFFACA1480000
000000018C100090
00000010A1280000
FFFFFF94A1000000
0000FFE989000660
A100000054000560
9B300CF000000208
88300CC0FFFFFFD0
8BD00E0000000007
45000CCEFFFFFFF8
0000000888300EC0
FFFFFFD09F300EF0
000000009B3000C0
000000008BD00C00
8B800E004C200D0C
8C1000D000005250
A048000000000000
540000E000023CD0
89000EE054000E60
4C200CEC00000040
000000008C1000C0
00023CF8A0480000
FFFFFFFF8BD00A00
FFFFFF789F3000F0
A3000000540001A0
9F300CF00000362C
9B300BF0FFFFFF98
89000660FFFFFF88
8C10006000000008
A14C000000000000
9B300CF000000768
4C0000CBFFFFFF98
000006C4A13C0000
8BD0000054000650
9B3001F000000020
9B300CF0FFFFFFA8
6280000CFFFFFFA0
8C1000C055200CC0
A128000000000000
57C80550000014D8
FFFFFFB09B300CF0
9F300CF057880CC0
57C80660FFFFFFB0
FFFFFF989B300CF0
A13800004C0000C6
A1000000FFFFFFA8
9B300CF0000006EC
88300CC0FFFFFFD0
8BD00E0000000007
45000CCEFFFFFFF8
0000000888300EC0
FFFFFFD09F300EF0
000000009B3000C0
FFFFFF709F300AF0
000000008BD00800
8C1000C04CA00C08
54000C6000000000
00023E1CA0480000
89400CC054000C60
8C10000000000400
A14C000000000000
A100000000000010
8BD00E0000000110
450005CEFFFFFFEF
8BD0020054C80000
9B3006F00000000A
54000160FFFFFF68
00001B50A3000000
9B300AF0446008C6
9B300BF0FFFFFF70
54000C50FFFFFF88
0000004089000CC0
000000008C1000C0
00000010A1480000
00000018A1000000
54000C8054000650
000000ECA1000000
8900066054000650
54000C800000FFFE
4C0000CA55200CC0
0000003CA12C0000
000000008BD00C00
8C1000C04C200C7C
A048000000000000
8BD00C0000023EF0
4500065CFFFFFFEE
A100000054000CA0
54000C8000000098
0000008CA1000000
89000CC054000CD0
8C1000C000000200
A148000000000000
A100000000000010
8900000000000644
A10000000000FFFF
54000E60FFFFFC78
0000004089000EE0
000000008C1000E0
FFFFFEE4A1480000
000000018C100090
00000010A1280000
FFFFFECCA1000000
0000FFEE89000660
9B300AF054000C80
9B300BF0FFFFFF70
54000960FFFFFF88
0000FFFF89000990
0000001089000660
000000008C100060
00000010A1480000
00000030A1000000
89000EE054000E90
8BD00D0000000406
4C600EED00000000
0000000189000EE0
00000044A1000000
000000008BD00E00
8C1000E04C200E7E
A048000000000000
A100000000024004
8BD00E0000000018
A100000000000002
8BD00E0000000010
44200DEC00000001
54000C9055200DD0
0000000889000CC0
000000008C1000C0
FFFFFF989F3008F0
000000E8A14C0000
89000CC054000C90
8C1000C000000001
A148000000000000
4C0000BD0000002C
A130000054000A80
44200C8B0000001C
54000DB044600ACD
000000A8A1000000
A13000004C0000BD
9F3009F00000009C
9F300AF0FFFFFF78
446005BDFFFFFF70
000000208BD00000
FFFFFFA89B3001F0
FFFFFFA09B300CF0
55200CC06280000C
000000008C1000C0
0000117CA1280000
FFFFFFB09B300CF0
9F300CF057880CC0
57C80550FFFFFFB0
55600CC054000C50
000000008C1000C0
FFFFFFA8A14C0000
FFFFFF889B300DF0
FFFFFF709B300AF0
FFFFFF989B3008F0
FFFFFF789B3009F0
000000008C100060
FFFFFF789F300DF0
00000010A1480000
00000064A1000000
89000CC054000C90
8C1000C000000406
A148000000000000
54000E9000000198
0000000289000EE0
000000008BD00C00
8C1000E04C200EEC
A048000000000000
A100000000024194
8BD00000000000DC
A10000000000002B
540005A0000000D4
000000308BD00000
FFFFFFA89B3001F0
FFFFFFA09B300CF0
55200CC06280000C
000000008C1000C0
0000107CA1280000
000000008C100070
00000060A1480000
9B3001F054000070
9B300CF0FFFFFFA8
6280000CFFFFFFA0
8C1000C055200CC0
A128000000000000
9B300CF000001040
88300CC0FFFFFFB0
9F300CF000000002
54000A50FFFFFFB0
FFFFFF989B3008F0
000000BCA1000000
FFFFFFB09B300CF0
9F300CF057880CC0
54000A50FFFFFFB0
FFFFFF989B3008F0
00000094A1000000
000000208BD00000
0000040089000990
8C1000C04C200C9C
A048000000000000
A100000000024294
540005A00000001C
0000002D8BD00000
0000000CA1000000
9B3001F0540005A0
9B300CF0FFFFFFA8
6280000CFFFFFFA0
8C1000C055200CC0
A128000000000000
9B300CF000000F80
57880CC0FFFFFFB0
FFFFFFB09F300CF0
9B3008F054000A50
54000580FFFFFF98
540006A055200550
4C00006555200660
00000064A1300000
8BD00000540007A0
9B3001F000000030
9B300CF0FFFFFFA8
6280000CFFFFFFA0
8C1000C055200CC0
A128000000000000
54000A7000000F10
55200AA057C80AA0
FFFFFF989B3008F0
55200CC054000C80
A13400004C0000AC
9B300CF0FFFFFFAC
9B300EF0FFFFFF88
446007CEFFFFFF78
9B300EF046000C56
44200EECFFFFFFB0
FFFFFFB09F300EF0
8C10008055600880
A148000000000000
9B300CF000000DC0
44200CC5FFFFFF90
0000000098A000C0
FFFFFFA89B3001F0
FFFFFFA09B300CF0
55200CC06280000C
000000008C1000C0
00000E6CA1280000
8C10005057C80550
A148000000000000
A100000000000D70
540005B0FFFFFFB0
00000090A1000000
000000258BD00000
FFFFFFA89B3001F0
FFFFFFA09B300CF0
55200CC06280000C
000000008C1000C0
00000E14A1280000
9B3001F054000070
9B300CF0FFFFFFA8
6280000CFFFFFFA0
8C1000C055200CC0
A128000000000000
8BD0050000000DE8
9B300CF000000000
88300CC0FFFFFFB0
9F300CF000000002
A1000000FFFFFFB0
540005B000000D60
FFFFFFB09B300CF0
FFFFFF989B300EF0
9F300CF044200CCE
4460075EFFFFFFB0
000000008C1000E0
FFFFFF789B300CF0
00000C9CA1480000
98A000C0540005C0
9B3001F000000000
9B300CF0FFFFFFA8
6280000CFFFFFFA0
8C1000C055200CC0
A128000000000000
54000C5000000D50
9B300EF057880CC0
57C80EE0FFFFFF98
FFFFFF989F300EF0
000000008C1000E0
00000C3CA1480000
FFFFFFA0A1000000
89000CC055600000
8C1000C000000200
A148000000000000
A100000000000010
55180000000008FC
FFFFF888A1000000
000000FF89000000
FFFFF63CA1000000
FFFFFF789F300CF0
89000BB054000B60
556009900000FFFF
000000018BD00C00
55200CC046800C9C
0000001089000BB0
8C1000D04C200DBD
540009C000000000
000245D0A0480000
FFFFFF789B3009F0
000000FF89000990
FFFFFFFC8C1000A0
00000044A1280000
A12C00004C0000AC
8940066000000038
54000C9000002000
4C0000AC55200CC0
00000028A12C0000
54880CC054000CA0
A10000004420099C
57C809900000001C
00000010A1000000
000000008BD00900
FFFFFC1888300CE0
89000EE054000E60
890006600000FFFF
8C10006000002000
9F300EF000000000
54000DE0FFFFFF50
0000080089000DD0
FFFFFF089F3003F0
FFFFFF289F3007F0
FFFFFF209F300CF0
FFFFFF409F300DF0
00000010A1480000
00000048A1000000
CBC00E0055600CC0
00000000FFFFF831
8C1000C04DA00CCE
A048000000000000
A1000000000246C4
54000C3000000034
000000FF89000CC0
00000028A1000000
000000008BD00C00
57880CC046000CAC
00000050A1000000
000000048BD00C00
000000008BD00E00
8C1000E04C200EDE
A048000000000000
A10000000002471C
8BD00E0000000018
A100000000000005
8BD00E0000000010
44200CEC00000003
FFFFFF389F300AF0
55600EE054000E90
000000008BD00700
54000D904C200EE7
8C1000E057880DD0
9F300DF000000000
54000ED0FFFFFF18
0002478CA0480000
FFFFFF509B300EF0
89000EE050624EE0
54000D5000000001
89000DD054880DD0
44200BED00000001
54000AB044200BBC
4D600A8A55200AA0
000000008C1000A0
000247C4A0480000
9B300BF04460078B
89000BB0FFFFFF50
8C1000B000000009
9F3009F000000000
9F3001F0FFFFFF70
9F3002F0FFFFFF10
A14C0000FFFFFF48
54000B70000000B4
8C1000B055600BB0
A148000000000000
9F3000F00000009C
44200CECFFFFFF30
446007C844200CCD
000000208BD00000
FFFFFFA89B3001F0
FFFFFFA09B300CF0
55200CC06280000C
000000008C1000C0
000009FCA1280000
FFFFFFB09B300CF0
9F300CF057880CC0
55600770FFFFFFB0
54000C7057880770
4C600CC755600CC0
0000000189000CC0
000000008C1000C0
FFFFFF98A1480000
000000008BD00700
FFFFFF309B3000F0
0000000189000550
000000008C100050
00000010A14C0000
00000018A1000000
FFFFFF409B300CF0
0000004CA1000000
FFFFFFA89B3001F0
FFFFFFA09B300CF0
55200CC06280000C
000000008C1000C0
00000954A1280000
FFFFFFB09B300CF0
9F300CF057880CC0
9B300CF0FFFFFFB0
8C1000C0FFFFFF40
A148000000000000
8BD0000000000090
9B3001F000000030
9B300CF0FFFFFFA8
6280000CFFFFFFA0
8C1000C055200CC0
A128000000000000
8BD00C00000008F8
9B300EF000000078
446000CEFFFFFF98
9B3001F055080000
9B300CF0FFFFFFA8
6280000CFFFFFFA0
8C1000C055200CC0
A128000000000000
9B300CF0000008B8
88300CC0FFFFFFB0
9F300CF000000002
9B300CF0FFFFFFB0
89000CC0FFFFFF50
8C1000C000000008
A14C000000000000
54000C7000000088
8C1000C055600CC0
A148000000000000
9B300CF000000070
44200C7CFFFFFFB0
FFFFFFB09F300CF0
000000308BD00000
FFFFFFA89B3001F0
FFFFFFA09B300CF0
55200CC06280000C
000000008C1000C0
00000824A1280000
54000C7057C80770
8C1000C055600CC0
A14C000000000000
8BD00700FFFFFFBC
8C10006000000000
9B300CF000000000
A1480000FFFFFF48
A100000000000010
98A000C000000158
9B3001F000000005
9B300CF0FFFFFFA8
6280000CFFFFFFA0
8C1000C055200CC0
A128000000000000
9B300CF0000007B0
55200CC0FFFFFF70
000000018C1000C0
00000354A1280000
0000002E8BD00000
FFFFFFA89B3001F0
FFFFFFA09B300CF0
55200CC06280000C
000000008C1000C0
00000764A1280000
FFFFFFB09B300CF0
FFFFFF709B300EF0
8BD00C0044200EEC
9B300DF000000000
89000DD0FFFFFF78
9F300DF0000000FF
9B3006F0FFFFFF78
55600660FFFFFF18
88300EE057C80660
9F300EF000000002
540005C0FFFFFFB0
9B300EF057880550
4C00005EFFFFFF78
00000020A13C0000
FFFFFF589B300EF0
580000C044200CEC
00000010A1000000
000000308BD00000
9B3001F055080000
9B300CF0FFFFFFA8
6280000CFFFFFFA0
8C1000C055200CC0
A128000000000000
4C000065000006A8
A148000054000C50
A1000000000002F0
9B300CF0FFFFFF8C
89000CC0FFFFFF78
9F300CF0000000FF
8BD00C00FFFFFF78
9B300EF000000000
460005ECFFFFFF38
9B300CF0446006E5
54480CC0FFFFFF70
9F300CF055200CC0
54000B50FFFFFF70
CBC00C0055600BB0
00000000FFFFFFFF
A14C00004C0000BC
9F300BF00000005C
8BD00000FFFFFF98
9B3001F00000002E
9B300CF0FFFFFFA8
6280000CFFFFFFA0
8C1000C055200CC0
A128000000000000
9B300CF0000005F0
57880CC0FFFFFFB0
FFFFFFB09F300CF0
FFFFFF989B300BF0
000000308BD00000
55200CC054000C60
000000008C1000C0
00000044A1280000
FFFFFF789B300EF0
9B300DF04C0000CE
A12C0000FFFFFF70
54000C6000000030
9B300EF055600CC0
44200CECFFFFFF60
A1000000580000C0
9B300DF000000010
54000C50FFFFFF70
4C0000CD55200CC0
00000058A1300000
9B3001F055080000
9B300CF0FFFFFFA8
6280000CFFFFFFA0
9B300EF057880660
57880EE0FFFFFFB0
FFFFFFB09F300EF0
55200CC057C80550
000000008C1000C0
00000514A1280000
FFFFFECCA1000000
55080000540005B0
FFFFFFA89B3001F0
FFFFFFA09B300CF0
55200CC06280000C
000000008C1000C0
000004DCA1280000
FFFFFFB09B300CF0
9B300EF057880CC0
89000EE0FFFFFF50
8C1000E000000010
A148000000000000
8C100050000004A0
A14C000000000000
8BD0000000000480
9B3001F00000002E
9B300CF0FFFFFFA8
6280000CFFFFFFA0
FFFFFFB09B300EF0
0000000288300EE0
FFFFFFB09F300EF0
8C1000C055200CC0
A1340000FFFFFFFF
8BD0050000000370
A100000000000001
9B300CF0000003E8
89000CC0FFFFFF50
8C1000C000000010
A148000000000000
A100000000000010
9B300CF000000030
57880CC0FFFFFFB0
FFFFFFB09F300CF0
0000005CA1000000
A100000055080000
8BD00000FFFFEF94
9B3001F00000002E
9B300CF0FFFFFFA8
6280000CFFFFFFA0
8C1000C055200CC0
A128000000000000
9B300CF0000003C8
88300CC0FFFFFFB0
9F300CF000000002
9B300CF0FFFFFFB0
9B300EF0FFFFFF98
446000ECFFFFFF28
9B3001F055080000
9B300CF0FFFFFFA8
6280000CFFFFFFA0
8C1000C055200CC0
A128000000000000
8BD00C0000000370
9B300EF000000000
4CA00CECFFFFFF38
000000008C1000C0
00024F10A0480000
00000018A1000000
0000002B8BD00000
00000010A1000000
0000002D8BD00000
FFFFFFA89B3001F0
FFFFFFA09B300CF0
55200CC06280000C
000000008C1000C0
00000304A1280000
FFFFFF389B300EF0
9B300DF054C80EE0
55600DD0FFFFFF20
FFFFF830CBC00C00
4C0000DC00000000
00000084A1440000
540005E0540006E0
A880055055600550
5073455010624DD3
0000003088300050
9B3001F055080000
9B300CF0FFFFFFA8
6280000CFFFFFFA0
8C1000C055200CC0
A128000000000000
A880055000000288
54000E60000003E8
9B300CF044600EE5
88300CC0FFFFFFB0
9F300CF000000003
A1000000FFFFFFB0
9B300CF000000040
88300CC0FFFFFFB0
9F300CF000000002
CBC00C00FFFFFFB0
00000000FFFFFF38
FFFFFF109B300DF0
A14400004C0000DC
540006E0000001D8
55600550540005E0
51EB851FA8800550
883000505072C550
5508000000000030
FFFFFFA89B3001F0
FFFFFFA09B300CF0
55200CC06280000C
000000008C1000C0
000001D4A1280000
00000064A8800550
44600EE554000E60
FFFFFFB09B300CF0
9F300CF057880CC0
540006E0FFFFFFB0
55600CC054000CE0
CCCCCCCDCBC00E00
688005CE00000000
883000505071C550
5508000000000030
FFFFFFA89B3001F0
FFFFFFA09B300CF0
55200CC06280000C
000000008C1000C0
0000015CA1280000
0000000AA8800550
44600EE554000E60
FFFFFFB09B300CF0
9F300CF057880CC0
883000E0FFFFFFB0
5508000000000030
FFFFFFA89B3001F0
FFFFFFA09B300CF0
55200CC06280000C
000000008C1000C0
00000104A1280000
FFFFFFB09B300CF0
9F300CF057880CC0
8BD00500FFFFFFB0
54000C7000000000
8C1000C055200CC0
A128000000000001
5788077000000070
000000208BD00000
FFFFFFA89B3001F0
FFFFFFA09B300CF0
55200CC06280000C
000000008C1000C0
0000009CA1280000
FFFFFFB09B300CF0
9F300CF057880CC0
57C80770FFFFFFB0
8C10007055200770
A128000000000002
A100000000000010
8C100050FFFFFFA4
A14C000000000000
A100000000000058
9B300CF0FFFFD97C
89000CC0FFFFFF08
8C1000C0000000FF
A138000000000002
A1000000FFFFFF00
9F300CF0FFFFFE80
A1000000FFFFFFB0
9F300CF0FFFFFF30
A1000000FFFFFFB0
9B300EF0FFFFFF20
98200CE0FFFFFFA8
89400CC000000002
9C200CE000000004
CBC00E0000000002
00000000FFFFFFFF
9B3007F054000CE0
9B3006F0FFFFFFE0
9B3005F0FFFFFFE8
9B3004F0FFFFFFF0
650000F0FFFFFFF8
6580000064800F00
FFFFFFB09B300EF0
FFFFFFC8A1000000
FFFFFFB09B300EF0
FFFFFFB8A1000000
64C00F00640000F0
FFFFFFF0A5400000
FFFFFFF89F3004F0
FFFFFFF09F3005F0
8C10002055200220
A128000000000002
8BD00C0000000698
8BD00E0000000001
54000D0000000000
00000034A1000000
0000000288300BD0
00000001982003D0
000000258C100030
A148000054000DB0
A100000000000010
58000BD000000038
000000258C1000B0
FFFFFFC8A1480000
8C1000B057880DD0
A148000000000000
A100000000000628
540004E0FFFFFFD8
54000DE054000AE0
00000034A1000000
0000000AA8800880
89400DD044200448
580003B000000020
8C10003057880BB0
A148000000000000
540008400000033C
5508099054000930
89000440540004D0
8C1000400000FFFF
A14400000000001F
5400043000000064
000000FF89000440
000000308C100040
00000058A1440000
000000018BD00500
CBC0050050004454
0001288900000000
8C10004045000445
A14C000000000000
A100000000000010
5400048000000024
FFFFFF6CA1000000
0000007F8C100040
00000098A1440000
FFFFFFD088300490
000000098C100040
00000010A1440000
FFFFFF28A1000000
000000FF89000330
000000678C100030
00000010A1340000
00000100A1000000
0000006B8C100030
00000010A1340000
0000018CA1000000
0000006C8C100030
000000B0A1480000
000000748C100030
0000011CA1480000
0000007A8C100030
000000F8A1480000
00000220A1000000
000000FF89000330
0000006B8C100030
00000040A1340000
0000004C8C100030
00000118A1480000
000000688C100030
00000158A1480000
0000006A8C100030
00000134A1480000
000001D0A1000000
0000007A8C100030
00000090A1480000
000000748C100030
00000094A1480000
0000006C8C100030
000001A0A14C0000
50214990540009D0
0000020089000990
89400DD045400DD9
5400048000000080
FFFFFE24A1000000
000000008BD00400
0000002D8C100030
00000058A1340000
000000248C100030
000000E8A1480000
0000002A8C100030
FFFFFDECA1480000
00000138A1000000
0000008089400DD0
A100000054000480
89400DD0FFFFFDD0
5400048000000080
FFFFFDBCA1000000
0000002E8C100030
FFFFFDACA1480000
0000004C8C100030
00000010A1480000
000000E8A1000000
0000028089400DD0
A100000054000480
8C100030FFFFFD80
A148000000000068
8C10003000000034
A14800000000006A
A100000000000010
89400DD0000000AC
5400048000000080
FFFFFD44A1000000
5020C990540009D0
0000020089000990
89400DD045400DD9
5400048000000100
FFFFFD1CA1000000
55600990540009A0
000000008C100090
00000010A1480000
00000014A1000000
A100000054000A80
540009C0FFFFFCF0
5560088055600990
A14800004C000089
A100000000000010
8BD00900FFFFFCD0
54000AC000000063
00000010A1000000
000000008BD00900
8C1000A055600AA0
A148000000000000
540008C000000290
4C0000A855600880
00000080A14C0000
89400BB054000B90
8C1000B000000020
A148000000000061
88300BB000000070
8C1000B0FFFFFF9B
A144000000000002
A100000000000010
5560099000000050
000000688C100090
0000008CA1340000
000000638C100090
000001B4A1480000
000000648C100090
000000C8A1480000
00000114A1000000
A100000054000DB0
9B300D100000003C
88300DD000000000
8BD00B0000000007
45000DDBFFFFFFF8
0000000888300DD0
000000009F300D10
54000D0057880CC0
55200BB054000BC0
A12800004C0000B2
A1000000FFFFFB68
8C100090000001A8
A148000000000069
8C10009000000054
A148000000000073
A100000000000010
9B300D1000000090
88300DD000000000
8BD00B0000000007
45000DDBFFFFFFF8
0000000888300DD0
000000009F300D10
FFFFFF88A1000000
0000008089000DD0
000000008C1000D0
00000010A1480000
00000090A1000000
000000009B300D10
0000000788300DD0
FFFFFFF88BD00B00
88300DD045000DDB
9F300D1000000008
A100000000000000
89000DD0FFFFFF34
8C1000D000000080
A148000000000000
A100000000000010
9B300D10000000A4
88300DD000000000
8BD00B0000000007
45000DDBFFFFFFF8
0000000888300DD0
000000009F300D10
FFFFFEE0A1000000
000000009B300D10
0000000788300DD0
FFFFFFF88BD00B00
88300DD045000DDB
9F300D1000000008
A100000000000000
9B300D10FFFFFEAC
88300DD000000000
8BD00B0000000007
45000DDBFFFFFFF8
0000000888300DD0
000000009F300D10
FFFFFE78A1000000
000000009B300D10
0000000788300DD0
FFFFFFF88BD00B00
88300DD045000DDB
9F300D1000000008
A100000000000000
9B3005F0FFFFFE44
9B3004F0FFFFFFF0
650000F0FFFFFFF8
6580000064800F00
64C00F00640000F0
502C4CC054000C20
370000008BD00E00
8900022044600CEC
55600CC00000001F
8BD00E00506C4CC0
8BD00D0000000009
A100000000000000
44200A9A00000034
0000003088300AA0
578801105C000A10
540000B04C000002
00000010A13C0000
00000038A1000000
68800AB269000B02
4E6009AE44600A0A
000000008C100090
A0480000540009D0
540009C0000259EC
FFFFFFACA1000000
650000F054000C10
6580000064800F00
64C00F00640000F0
507FCEE054000E00
000000049C200E10
000000008BD00D00
FFFFFFFFCBC00C00
45000B0C000FFFFF
89000000507A4000
8C1000B0000007FF
A14C000000000000
8C10000000000078
54000AD000000000
A148000054000CD0
A100000000000010
5E000A1000000058
55200EE054000E20
000000008C1000E0
0000000D8BD00E00
00000078A1280000
55600DD054000D20
0000000C8C1000D0
00000010A1440000
000000A0A1000000
A1000000540002E0
8C10000000000114
A14C0000000007FF
8BD0020000000048
4C600CB200000000
000000008C1000C0
00025B48A0480000
0000019CA1000000
000000048BD00C00
00000194A1000000
A1000000540002D0
CBC00C00000000C4
0010000000000000
000000008BD00E00
8C1000E04C600E0E
A048000000000000
A100000000025B94
54000CB000000174
0000016CA1000000
50214AA054000A20
000000338BD00D00
55600DD044600DDA
000000018BD00B00
8BD0090050004BBD
50004D9D00000002
57C80990540009D0
54480DD0450009C9
A14400004C00009B
8BD0090000000034
44600A9A00000034
50404ACA55600AA0
0000000189000AA0
000000008C1000A0
0000000CA1480000
45000CCD44200CCB
000000278BD00D00
8BD00B0044600DD3
8BD00A0000000012
A100000000000009
4420001B00000048
0000003088300880
540008E05C000800
4600028955200880
57C80EE050624CC0
8C1000B057C80BB0
A14C000000000004
A100000000000010
5400092000000074
540008C055200990
0000000F89000880
000000008C100080
0000001CA14C0000
FFFFFFFB883000B0
A13400004C000009
4E60008AFFFFFFAC
000000008C100000
00025C44A0480000
A10000004420088D
8BD00C00FFFFFF70
45400CCE00000008
000000049C200C10
650000F054000C20
6580000064800F00
8C1000E045400CBC
A048000000000000
A100000000025D1C
8BD00A0000000018
A1000000FFFFFC02
88300A00FFFFFDA0
A1000000FFFFFC01
640000F0FFFFFD90
A540000064C00F00
9F3004F0FFFFFF48
9F3005F0FFFFFFF8
9F3006F0FFFFFFF0
9F3007F0FFFFFFE8
9B300AF0FFFFFFE0
54000D0000000028
CBC00C00507FCDD0
000FFFFFFFFFFFFF
507A400045000E0C
000007FF89000000
000000008C1000E0
00000054A14C0000
000000008C100000
00000044A14C0000
000000308BD00C00
000000059C200C10
000000008BD00C00
89400DD05E000C10
9C200D1000000002
8BD00C0000000004
A100000000000001
8C10000000000C90
A14C0000000007FF
8BD00C000000003C
4C200EEC00000000
000000008C1000E0
00025E28A0480000
0000005CA1000000
000000088BD00E00
00000054A1000000
FFFFFF889F300DF0
000000008BD00600
55600CC054000C00
8C1000D04C200DC6
A048000000000000
A100000000025E6C
8830090000000034
A1000000FFFFFBCB
8BD00E000000002C
45400EED00000004
000000049C200E10
00000BECA1000000
FFFFFBCC8BD00900
00000000CBC00B00
8C1000D000100000
9F300AF000000000
A0480000FFFFFFA8
A100000000025ECC
45400BEB00000014
0000000CA1000000
4C600EE654000BE0
000000028BD00D00
454005EC4DA00CCD
FFFFFF789F3005F0
0000000189000550
50214EE054000EB0
0000000189000BB0
FFFFFFB89F300BF0
55200CC054000C90
000000008C1000C0
55600CC054000C90
FFFFFFD0883004F0
8BD00D0054880550
9F300DF00000003F
9F300EF0FFFFFF80
89400EE0FFFFFFC8
9F300EF000000002
9F3002F0FFFFFFA0
9F3003F0FFFFFF98
9F3001F0FFFFFFB0
A1280000FFFFFF90
9F3005F000000164
54000540FFFFFF70
000000038BD00E00
8C1000C04E600CCE
5400076000000000
00025FB8A0480000
FFFFFFFF8BD00700
5400004054000490
00000B40A3000000
54000070442007C7
00000B88A3000000
FFFFFF689F300CF0
5400015054000070
00000EA8A3000000
FFFFFFC09F3007F0
9B300C5044600A74
9B3008F000000008
68800EC8FFFFFFC8
FFFFFFD09B300BF0
442002DE68400DB8
8BD00E004DA00D2D
8C1000D000000001
54000D6000000000
00026044A0480000
9B3009F054000DE0
44200AA9FFFFFF68
9B3000F0684009C8
44200880FFFFFF70
684003B8688000C8
4DA0001344200130
000000008C100000
A048000054000360
540003E000026088
684005C84420049D
0000003C88300AA0
9B300DF055600AA0
446009DAFFFFFF80
FFFFFFC0883008A0
8C1000004CA00086
9B300DF000000000
A0480000FFFFFF98
A1000000000260D4
50404448000001C4
000001C8A1000000
FFFFFFFFCBC00E00
4C600CCE00000000
000000008C1000C0
A048000054000C60
8BD00C000002610C
9F300CF0FFFFFFFF
8BD00C00FFFFFFC0
9F300CF000000001
9F3009F0FFFFFF60
54000790FFFFFF70
5400007054480770
000009F4A3000000
FFFFFFC09B300EF0
9F300CF044200CCE
4460077CFFFFFFC0
A300000054000070
9F300CF0000009FC
54000070FFFFFF68
FFFFFF609B3007F0
A300000054000140
9B300C4000000A58
9B3000F000000008
68800EC0FFFFFFC8
FFFFFFD09B300DF0
442009BE68400BD0
8C1000E04DA00E9B
5400086000000000
000261C4A0480000
4420020554000870
68400AD268800EC2
4DA00EBA44200BAE
000000008C1000E0
A048000054000160
54000170000261F0
9B300EF0684003C0
9B300AF0FFFFFFC0
44600EEAFFFFFF68
0000003D88300EE0
9B300AF055600EE0
68400DDAFFFFFFA0
44200ADA68800ACA
8C1000D04DA00DAD
5400006000000000
FFFFFF989B300DF0
0002624CA0480000
684005C254000070
9B3008F044200438
4460088EFFFFFF80
FFFFFFC0883002E0
8C1000304CA00326
A048000000000000
A100000000026284
5040444200000160
00000164A1000000
5020C4405040422A
4540042450004449
8C10000044200253
A048000000000000
A1000000000262BC
5040472800000014
00000018A1000000
5040411A5020C220
4540071250004229
FFFFFFA09B3002F0
68800BC2684001B2
4DA001B144200B1B
000000008C100010
A048000054000160
540001E000026308
44200CC168400CC2
000000008C100000
00026328A0480000
00000014A1000000
A1000000504045C8
50404EBA00000018
50004CC95020CCC0
9B300CF0454005EC
55600CC0FFFFFFC0
000000158C1000C0
00000078A1440000
FFFFFF809F300CF0
66666667CBC00C00
9B3000F066666666
68400C0CFFFFFFC8
A8800CC05060CCC0
55600CC0FFFFFFFB
54480EE054000E00
4C0000CE55600EE0
00000188A14C0000
000007E0A3000000
FFFFFF989B300DF0
9B300EF055600CC0
4DE00CCEFFFFFF80
000001ECA1000000
A100000054000C60
5020C440000001E0
500044485040499E
4420095145400494
000000008C100030
00026408A0480000
00000014A1000000
A100000050404792
5020C99000000018
5000499850404BBE
9B300BF0454007B9
68400CCBFFFFFFA0
8C10003044200CC0
A048000000000000
A10000000002644C
504045C20000001C
FFFFFF709B300AF0
00000020A1000000
5020CCC050404EAE
454005EC50004CC8
FFFFFF709B300AF0
FFFFFFC09B300CF0
8C1000C055600CC0
A144000000000001
8BD00C0000000064
9B300EF000000000
4C600EECFFFFFFB8
000000008C1000E0
A048000054000EC0
8BD00E00000264C4
9B300BF0FFFFFFFF
4C200CBCFFFFFFB8
FFFFFF789B300BF0
4420055E450006CB
000000018BD00C00
000000B8A1000000
0000003E8C1000C0
0000009CA1440000
FFFFFFFF8BD00E00
54880CC050004CEC
FFFFFFC89B300EF0
4C200CC645000CEC
00000080A1000000
FFFFFFB89B300CF0
000000008C1000C0
00000570A14C0000
FFFFFF789B300EF0
8BD00C0054880EE0
45400CECFFFFFFFE
FFFFFFC89B300EF0
A3000000442000CE
55600CC000000624
FFFFFF809B300EF0
54000C604DE00ECE
9B300DF0540006E0
A1000000FFFFFF98
8BD00C0000000028
540006C000000000
FFFFFFC09B300EF0
9F300EF044200EEA
9B300EF0FFFFFFC0
8C1000E0FFFFFFB0
54000AD000000000
A148000055200AA0
8C1000400000008C
A13800000000000A
A100000000000010
8BD00E0000000018
A100000000000001
8BD00E0000000030
8BD00D0000000001
57880EE00000000A
0000000AA8800DD0
A14000004C0000D4
9B300BF0FFFFFFF0
9B300DF0FFFFFFA8
44200DDBFFFFFFC0
55200EE044200EDE
89000DD054000DB0
506FCDD080000000
45C00DAE46000EDE
FFFFFFA09F300AF0
0000000A8BD00E00
FFFFFFC89F300EF0
000000008BD00B00
540009B0540008B0
8BD0030054000AB0
A100000000000000
54000EA000000070
5560077054480770
A8800AA054000A20
55600AA0FFFFFFF6
890008804C200AA7
4C20088B000000FF
4500066A45000C8C
CCCCCCCDCBC00A00
68400A4ACCCCCCCC
540008A05061CAA0
FFFFFFF6A8800880
5788099044200884
540004A054000720
CBC00E0054000AE0
CCCCCCCCCCCCCCCD
6840027E6840055E
5061C5505061C220
A14400004C000052
8BD00E00FFFFFF78
8C10004000000001
540000E00000000A
00000030A1380000
000000018BD00000
FFFFFFC89B3001F0
A880011057880000
4C0000140000000A
FFFFFFF0A1400000
55200110540001D0
4C00000155200000
00000038A1300000
55600000540000D0
4C20000345400004
0000000189000000
000000008C100000
00000010A14C0000
FFFFFEF0A1000000
89000EE054000E60
8C1000E000000001
A148000000000000
54000E70000000A0
55600EE054480EE0
A8800BB054000B20
55600BB0FFFFFFF6
A14C00004C0000BE
54000E4000000078
8900088054000720
4C200B83000000FF
CBC00B0045000CCB
CCCCCCCCCCCCCCCD
5061C440684004EB
A880088054000840
4420088EFFFFFFF6
6840027B57880990
54000E205061C220
FFFFFFF6A8800EE0
54000B7055600EE0
55600BB054480BB0
A14800004C0000EB
89000880FFFFFF98
8BD00E00000000FF
4E600E8E00000004
000000058BD00B00
89800CC04C600B8B
45400CCB00000001
45000CCE45400CC4
45400EAE4C600E47
FFFFFFB89B300BF0
45000BB64C200BB3
89800EE045400EEB
45400BEC00000001
89000CC054000CB0
4420084C00000001
0000000A8C100080
00000010A1380000
00000028A1000000
000000018BD00C00
FFFFFFA89B3000F0
FFFFFF909B3002F0
00000040A1000000
000000018BD00C00
0000000A8BD00E00
FFFFFFA89B3000F0
FFFFFF909B3002F0
A8800EE057880CC0
4C0000E80000000A
FFFFFFF0A1400000
FFFFFFC09B300EF0
54000AC044200E9E
4D6009A155200AA0
89000BB045000BB9
8C1000B000000001
A148000000000000
9B300BF000000078
8C1000B0FFFFFFB0
A048000000000000
44200DE0000269B0
55200DD044200DDC
000000018BD00B00
9B300BF046000DDB
45C00DBDFFFFFFA0
4C0000AD55200DD0
0000002CA1300000
0000000588300B80
CCCCCCCDCBC00A00
684008BACCCCCCCC
57880EE057C80CC0
55200DD05061C880
45C00CCD55200CC0
55180EE055180CC0
57C80EE044200EEC
000000018C1000C0
00000060A1280000
0000000488300D20
54000A8054000BC0
CCCCCCCDCBC00900
684008A9CCCCCCCC
540009805061C880
0000000AA8800990
442009DB44600AA9
0000003089400AA0
57C80BB05C000A90
000000008C1000B0
FFFFFFBCA14C0000
FFFFFF889B300DF0
000000049C200D20
9B3007F05E000E20
9B3006F0FFFFFFE0
9B3005F0FFFFFFE8
9B3004F0FFFFFFF0
650000F0FFFFFFF8
6580000064800F00
A300000054000020
55600CC0000000DC
FFFFFF809B300EF0
8BD00C004DE00ECE
8C1000E000000000
54000EC000000000
00026AE8A0480000
FFFFFFFF8BD00E00
540006C0442005E5
FFFFFF989B300DF0
FFFFFABCA1000000
64C00F00640000F0
00013441A8800000
FFFC000089000000
54000C0050694000
64800F00650000F0
640000F065800000
A880000064C00F00
89000000000B2EFB
506A4000FFF00000
650000F054000C00
6580000064800F00
64C00F00640000F0
0012934FA8800000
FFF8000089000000
578800005069C000
650000F054000C00
6580000064800F00
64C00F00640000F0
FFFFFFFFCBC00C00
CBC00E0000000000
CCCCCCCCCCCCCCCD
57880CC06880000E
33333334CBC00E00
4C00000E33333333
FFFFFFDCA1380000
64800F00650000F0
640000F065800000
A540000064C00F00
9F3004F0FFFFFFB8
9F3005F0FFFFFFF8
9F3006F0FFFFFFF0
9F3007F0FFFFFFE8
54000500FFFFFFE0
55600CC054000C50
A8800660540006C0
5071C6604EC4EC4F
50224EE054000E60
000023788B800D00
A8800660442004DE
54000E600000001A
4C0000CE55600EE0
00000020A14C0000
000000089B300C40
000000009B300A40
000001F4A1000000
FFFFFFD89F3001F0
55600CC044600C56
8B800E005021CCC0
44200CEC000023F4
FFFFFFD09F300CF0
A300000054000050
540007C0FFFFFEC4
A300000054000060
44600C7CFFFFFEB4
000000408BD00E00
9B300EF044600AEC
9B3009E0FFFFFFD0
55600CC000000000
0000003F8BD00000
000000009B300840
55600AA068400E89
000000089B300140
FFFFFFC0883002C0
000000008BD00D00
8C1000B04CA00B2D
A048000000000000
A100000000026D1C
504048E200000014
00000024A1000000
540003E04460020C
500042325020C330
5040488C68800889
6880021945400882
FFFFFFC0883004A0
8C1000304CA0034D
A048000000000000
A100000000026D6C
5000492400000014
00000024A1000000
540004204460000A
684009195060C440
5000499A50404040
8C10003045400990
540000D000000000
00026DACA0480000
54000A505000402A
FFFFFFF089000AA0
8B80010050614AA0
44200A1A00002384
5020C5505A000AA0
0000001E89000550
4420080850404AA5
89000AA04DA00080
44200A8A00000003
8BD001004DA008A8
8C10008000000001
540008D000000000
00026E14A0480000
8C10000054000810
540000D000000000
00026E2CA0480000
8C1000B054000010
A048000000000000
50404DEC00026E40
44200CC044200C9D
9B3001F044200CC8
9F300C10FFFFFFD8
9F300A1000000008
9B3007F000000000
9B3006F0FFFFFFE0
9B3005F0FFFFFFE8
9B3004F0FFFFFFF0
650000F0FFFFFFF8
6580000064800F00
64C00F00640000F0
FFFFFFC0A5400000
FFFFFFF89F3004F0
FFFFFFF09F3005F0
FFFFFFE89F3006F0
FFFFFFE09F3007F0
8830065054000500
5560066000000019
4EC4EC4FA8800660
54000C605071C660
8B800E0050224CC0
442004EC000022B4
55600CC054000C50
0000001AA8800660
55600EE054000E60
A14C00004C0000EC
9B300C4000000020
9B30094000000008
A100000000000000
9F3001F000000214
54000060FFFFFFD8
FFFFFC20A3000000
54000050540007C0
FFFFFC10A3000000
44600C6544600B7C
5021CCC055600CC0
000021108B800E00
9B300CC044200CEC
9B30004000000000
57C8000000000000
55600990540009B0
0000003F8BD00D00
8BD00A006840080C
54000E5000000040
FFFFFFF089000EE0
8B80010050614EE0
4420031E000022DC
FFFFFFC088300290
000000008BD00E00
8C1000104CA0012E
A048000000000000
A100000000026FE4
5040428200000014
00000024A1000000
54000680446002D9
500042625020C660
504040096880000C
44600AAB45400202
5020C5505A000030
0000001E89000550
000000008C100010
A048000054000BE0
50404B8900027038
55600AA050404905
000000089B300040
883001A06880080C
4CA0031EFFFFFFC0
000000008C100030
A0480000540004E0
5000448A00027070
4DA0045244200524
0000000389000990
4DA0029544200959
000000018BD00500
000000008C100020
A0480000540002E0
54000250000270A8
8C10004057880990
540004E000000000
000270C4A0480000
4C20069E54000450
000000008C100060
000270DCA0480000
8C10003054000E50
A048000000000000
A1000000000270F4
50004C810000001C
FFFFFFD89B3001F0
00000028A1000000
50004CCA68400C0C
5060C88044600DDA
45400CCD50404D8D
FFFFFFD89B3001F0
44200CC444200CBC
44200CCE44200CC2
000000089F300C10
000000009F300910
FFFFFFE09B3007F0
FFFFFFE89B3006F0
FFFFFFF09B3005F0
FFFFFFF89B3004F0
64800F00650000F0
640000F065800000
A540000064C00F00
A3000000FFFFFFE8
89000CC00000001C
650000F07FFFFFFF
6580000064800F00
64C00F00640000F0
000023188B800E00
000000009B300CE0
4C957F2DCBC00D00
68800CCD5851F42D
9F300CE057880CC0
50704CC000000000
7FFFFFFF89000CC0
64800F00650000F0
640000F065800000
8BD00C0064C00F00
8C10002000000000
A148000000000000
58000E100000004C
4C0000DE58000D00
00000010A1480000
0000002CA1000000
5788000057880110
8C10002057C80220
A14C000000000000
A1000000FFFFFFD0
44600CDE0000000C
64800F00650000F0
640000F065800000
8C10002064C00F00
A148000000000000
54000C0000000030
5C000EC058000E10
5788011057880CC0
8C10002057C80220
A14C000000000000
54000C00FFFFFFE4
64800F00650000F0
640000F065800000
8C10002064C00F00
A148000000000000
54000C0000000028
57880CC05C0001C0
8C10002057C80220
A14C000000000000
54000C00FFFFFFEC
64800F00650000F0
640000F065800000
8BD00C0064C00F00
44200E0C00000000
58000EE057880CC0
000000008C1000E0
FFFFFFECA14C0000
650000F057C80CC0
6580000064800F00
64C00F00640000F0
000000008C100010
A148000054000C00
44200E0100000040
58000DC054000C00
000000008C1000D0
00000024A1480000
57C8011057880CC0
000000008C100010
FFFFFFDCA14C0000
44600CC054000CE0
64800F00650000F0
00CDAB0065800000
72665F6D656D0100
656C6C69203A6565
6F6D656D206C6167
62756F64203A7972
006565726620656C
6D6972745F6D656D
656E727574657220
71203D2120722064
5F74657366666F00
5F70203D3C206F74
006E656C3E2D6F74
6270206B63656863
2070696B735F6675
7400746C75736572
69656365725F7063
65736F6F203A6576
6E656C7063742071
775F766372203E20
725F70637400646E
74725F74696D7865
74696D6D6F635F6F
696C61766E69203A
6E0A006263702064
7220746F6F627465
9480E22079646165
6E6120646E657320
77206567616D6920
616C6B6020687469
2D2D206363737375
64616F6C2D74656E
6D656D000A0A2E60
6163206D6972745F
7320796C6E6F206E
656D206B6E697268
7063740079726F6D
726D74776F6C735F
572D454D4954203A
2D62637020544941
3D2065746174733E
572D454D4954203D
65736F6F00544941
6E656D6765732071
696B61656C207374
725F70637400676E
203A657669656365
20746E656D676573
6D69727420746F6E
72726F632064656D
6F7420796C746365
646E775F76637220
65656B5F70637400
203A6576696C6170
2064696C61766E69
5F70637400626370
3A726D74776F6C73
20656C6464696D20
74203D2120706374
63705F77745F7063
5F70636864007362
6D5F657461657263
63656863203A6773
662074616874206B
7562702074737269
6F68206E61632066
637572747320646C
6D5F706368642074
203D212071006773
656863004C4C554E
2074616874206B63
6270207473726966
68206E6163206675
7572747320646C6F
7261687465207463
7069007264685F70
705F73736165725F
746E756F63667562
6E656C63203D3E20
3144492059485000
3430257830203D20
657078652820786C
3430257830207463
676573000A29786C
7264687063743E2D
696C6120746F6E20
7063740064656E67
3A74757074756F5F
64696C61766E6920
2F2E2E0062637020
6372732F7069776C
6E642F65726F632F
5F6D656D00632E73
6173203A65657266
656863207974696E
6E67696C61206B63
70637400746E656D
6D65725F6263705F
766E69203A65766F
6263702064696C61
7865725F70637400
747361665F74696D
696C61766E69203A
2E2E006263702064
72732F7069776C2F
692F65726F632F63
5F3470692F347670
6E00632E67617266
747372696620746F
6867756F68746C61
6E65207473756A20
2E00646575657571
732F7069776C2F2E
2F65726F632F6372
656D00632E6D656D
636F6C6C616D5F6D
61636F6C6C61203A
6F6D656D20646574
6120746F6E207972
6D61722065766F62
6374002E646E655F
3A7475706E695F70
2065766974636120
6174733E2D626370
4954203D21206574
00544941572D454D
75706E695F706374
3E2D626370203A74
203D21207478656E
6665622820626370
686361632065726F
735F706374002965
74706D655F646E65
69203A6B63615F79
702064696C61766E
625F706374006263
6C69616620646E69
6274656E000A6465
73696C203A746F6F
6F20676E696E6574
6F7020504354206E
2E000A7525207472
732F7069776C2F2E
2F65726F632F6372
00632E666974656E
7320746E65736E75
2073746E656D6765
00676E696B61656C
3A746F6F6274656E
7463656E6E6F6320
65636361206E6F69
6E75000A64657470
65766F5F746E6573
696D20657A697372
2820686374616D73
736E753E2D626370
4E20736920746E65
74706F00294C4C55
746F6E20736E6F69
0064656C6C696620
75706E695F706475
6C61766E69203A74
0066756270206469
65746164696C6176
617267617461645F
705F7478656E3A6D
4C554E3D21667562
697472617453004C
2E5043484420676E
61766E69000A2E2E
6E696F702064696C
6C2F2E2E00726574
2F6372732F706977
7562702F65726F63
5F70637400632E66
61203A7475706E69
6370206576697463
65746174733E2D62
5453494C203D2120
635F706374004E45
65735F6574616572
69203A746E656D67
702064696C61766E
6C2F2E2E00667562
2F6372732F706977
7670692F65726F63
7072616874652F34
665F6D656D00632E
6C6C69203A656572
6D656D206C616765
667562700079726F
636F6C6C6165725F
4E203D212071203A
3D212070004C4C55
6E69004C4C554E20
62702064696C6176
0065707974206675
616470755F706374
615F7663725F6574
203A646E775F6E6E
2064696C61766E69
6C3E2D7000626370
0030203D3D206E65
6263705F70636864
6E756F636665725F
666572203A292874
726520746E756F63
725F706900726F72
7562705F73736165
3E20746E756F6366
5F7366756270203D
6E64006465657266
7265767265732073
20666F2074756F20
6370007961727261
657473696C3E2D62
6363613E2D72656E
4E203D2120747065
6465656E004C4C55
6E696168636E7520
0066756270206465
3D206665723E2D70
504348440031203D
74756F656D697420
697375209480E220
697461747320676E
61626C6C61662063
5F706374000A6B63
66206E657473696C
6D000A64656C6961
656572665F706D65
7270206D656D203A
6120796C7265706F
6E0064656E67696C
615F7663725F7765
3C20646E775F6E6E
666666667830203D
6572665F70637400
6E657473696C5F65
455453494C21203A
723E2D626370004E
645F646573756665
4E203D3D20617461
5F706374004C4C55
70203A7475706E69
746174733E2D6263
4F4C43203D212065
5F70637400444553
766E69203A747372
6D65722064696C61
440070695F65746F
736F68203A504348
736920656D616E74
6E6F6C206F6F7420
776C2F2E2E002167
2F74726F705F7069
74656E7265687465
64696400632E6669
706F6320746F6E20
6164206C6C612079
735F706374006174
203A726D74776F6C
7020657669746361
746174733E2D6263
4D4954203D212065
7000544941572D45
67616C663E2D6263
525F465420262073
004445534F4C4358
75716E655F706374
67616C665F657565
206465656E203A73
5420726568746965
6F204E59535F5043
49465F5043542072
616C66206E69204E
676F727028207367
762072656D6D6172
20736574616C6F69
7063740029495041
203A65746972775F
6E6F207366756270
3D20657565757120
61656C207461203E
7120656E6F207473
6E6F6E2065756575
63007974706D652D
616874206B636568
2074737269662074
6E61632066756270
747320646C6F6820
7064752074637572
646361007264685F
63696C666E6F635F
61626C6C61635F74
554E203D21206B63
6B63656863004C4C
6966207461687420
6675627020747372
6C6F68206E616320
7463757274732064
007264685F706920
75616C4B203D3D3D
656E205550437373
3D3D20746F6F6274
6F6274656E000A3D
20756C25203A746F
20756C25202C736D
69000A732F42694B
665F6D656D00666E
6C6C69203A656572
6D656D206C616765
6E6F6E203A79726F
3A64656B6E696C2D
20656C62756F6420
2F2E2E0065657266
6372732F7069776C
63742F65726F632F
5F70637400632E70
3A65766965636572
712064696C617620
6E656C2065756575
5F70637400687467
5F65756575716E65
69203A7367616C66
732064696C61766E
6C20746E656D6765
6370006874676E65
4C554E203D212072
20666974656E004C
2079646165726C61
656E006465646461
757373695F666974
74726F7065725F65
6C61766E69203A73
666974656E206469
61745F6675627000
61766E69203A656B
667562702064696C
7069776C2F2E2E00
726F632F6372732F
00632E7761722F65
2F7069776C2F2E2E
65726F632F637273
74756F656D69742F
6C3E2D7000632E73
6F70203D3E206E65
2076657270006666
7300727069203D21
6863207974696E61
74696157006B6365
20726F6620676E69
0A2E2E2E6B6E696C
6F6C735F70637400
6361203A726D7477
6263702065766974
2065746174733E2D
455453494C203D21
656E5F706374004E
203A7373695F7478
2064696C61766E69
5F70637400626370
61203A7475706E69
6370206576697463
65746174733E2D62
534F4C43203D2120
6573206F6E004445
6F7420746E656D67
7069006565726620
203D212072646461
6D6369004C4C554E
3A7475706E695F70
69726F7473657220
696769726F20676E
703E2D70206C616E
662064616F6C7961
656E0064656C6961
6177683E2D666974
206E656C5F726464
206562207473756D
746520726F662036
6F5F74656E726568
6E00217475707475
203A746F6F627465
6E6968636E75616C
6172676F72702067
257830207461206D
656D000A786C3830
636F6C6C616D5F6D
61636F6C6C61203A
6F6D656D20646574
65706F7270207972
67696C6120796C72
756270002E64656E
203A656572665F66
3E206665723E2D70
665F706374003020
53494C203A656572
5F706374004E4554
79706F635F676573
696C61766E69203A
6863006765732064
74616874206B6365
7020747372696620
206E616320667562
6D636920646C6F68
67617373656D2070
5F73667562700065
202B206465657266
203D3C206E656C63
6D00666666667830
206D6972745F6D65
64656E7275746572
554E203D3D207220
6B63616E75004C4C
656D676573206465
6B61656C2073746E
5F70637400676E69
6E69665F646E6573
696C61766E69203A
6F64006263702064
6C6C61632074276E
6F62615F70637420
615F7063742F7472
66206E6F646E6162
657473696C20726F
6400736263702D6E
6C61632074276E6F
756F5F706374206C
726F662074757074
2D6E657473696C20
7063740073626370
203A65746972775F
7366756270206F6E
75657571206E6F20
746F62203E3D2065
7365756575712068
2E007974706D6520
732F7069776C2F2E
2F65726F632F6372
6D63692F34767069
6E6B6E7500632E70
5F736E64206E776F
6E6520656C626174
7461747320797274
6D5F6D656D003A65
21203A636F6C6C61
753E2D656572666C
6C2F2E2E00646573
2F6372732F706977
7063742F65726F63
7000632E74756F5F
656C5F746F743E2D
74706F203D3E206E
50434844006E656C
20646C756F687320
6C62616E65206562
6874207461206465
746E696F70207369
746920747562202C
21746F6E20736920
706F5F7063686400
7479625F6E6F6974
6F6974706F203A65
6C5F74756F5F736E
434844203C206E65
4E4F4954504F5F50
6874004E454C5F53
736465656E207369
2066756270206120
7020656E6F206E69
2E2E002165636569
72732F7069776C2F
6D2F65726F632F63
6E6900632E706D65
62702064696C6176
00657079745F6675
776F6C735F706374
726966203A726D74
3D20626370207473
77745F706374203D
637400736263705F
65725F6263705F70
6E69203A65766F6D
63702064696C6176
6E69007473696C62
65747369736E6F63
737265766F20746E
202E737620657A69
276E6143006E656C
2074696C70732074
20746E656D676573
6E656C206F746E69
6374003020687467
74696D7865725F70
6E69203A6F74725F
63702064696C6176
69776C2F2E2E0062
6F632F6372732F70
2F347670692F6572
6400632E70636864
6974706F5F706368
6974706F203A6E6F
5F74756F5F736E6F
2032202B206E656C
6E6F6974706F202B
203D3C206E656C5F
54504F5F50434844
4E454C5F534E4F49
6261745F70726100
74732E5D695B656C
50203D3D20657461
6F20474E49444E45
454C424154532072
746F6F6274656E00
766965636572203A
6220756C25206465
6E65202C73657479
3025783020797274
736B63202C786C38
786C383025783020
505F46554250000A
534655425F4C4F4F
7473756D20455A49
6767696220656220
206E616874207265
47494C415F4D454D
666F00544E454D4E
6F72665F74657366
665F70203D3C206D
6E656C3E2D6D6F72
64696C61766E6900
2074656B636F7320
6F66206574617473
6320766365722072
006B6361626C6C61
6F72657A5F706374
5F776F646E69775F
69203A65626F7270
702064696C61766E
74696E6173006263
206B636568632079
6C2064656B6E696C
6B6E694C00747369
534D422820707520
6C34302578303D52
206F6F74000A2978
74656E20796E616D
78616D202C736669
726F70707573202E
626D756E20646574
3532207369207265
615F667562700035
7265203A636F6C6C
2073756F656E6F72
7063740065707974
657669656365725F
6E656C706374203A
775F766372203E20
725F70637400646E
61766E69203A7473
61636F6C2064696C
7072610070695F6C
615B656C6261745F
2E5D7864695F7072
3D3E206574617473
5F50524148544520
54535F4554415453
2F2E2E00454C4241
6372732F7069776C
652F666974656E2F
2E74656E72656874
65725F7063740063
73203A6576696563
6E20746E656D6765
6D6D69727420746F
6572726F63206465
206F7420796C7463
7571207165736F6F
5F73736D00657565
7369206C61636F6C
616D73206F6F7420
5F76657270006C6C
4E203D2120676573
5F707261004C4C55
5D695B656C626174
3D2065746174732E
505241485445203D
455F45544154535F
727261005954504D
7865646E69207961
20666F2074756F20
700073646E756F62
656C5F746F743E2D
3E2D70203D3D206E
20666F28206E656C
756270207473616C
616863206E692066
5F70637400296E69
726D6974776F6C73
736973726570203A
6E696B6369742074
6520687469772067
6E6573207974706D
7265666675622064
6666655F70637400
736D5F646E65735F
3A666974656E5F73
64696C61766E6920
0070695F74736420
656363615F706374
3A6C6C756E5F7470
64696C61766E6920
6263700062637020
75715F646E733E2D
3E206E656C657565
633E2D6370003020
72665F6D6F747375
74636E75665F6565
4E203D21206E6F69
66756270004C4C55
6F6873206F6F7420
5F70637400217472
63203A6574697277
616874206B636568
2074737269662074
6E61632066756270
687420646C6F6820
656C706D6F632065
656C676573206574
6F6E20545352006E
7463657078652074
2165726568206465
6D69745F73797300
6974203A74756F65
3D212074756F656D
70202C4C4C554E20
504D454D206C6F6F
4D49545F5359535F
2073692054554F45
2E2E007974706D65
72732F7069776C2F
752F65726F632F63
70647500632E7064
203A7475706E695F
2064696C61766E69
656E00666974656E
4E203D2120666974
65707974004C4C55
6F6C667265766F20
695F706D63690077
6F6D203A7475706E
3E2D7220676E6976
2064616F6C796170
20706D6369206F74
6620726564616568
6E690064656C6961
656E2064696C6176
7000727470207478
2066657220667562
776F6C667265766F
6F6C735F70637400
696D203A726D7477
70637420656C6464
5F706374203D2120
705F657669746361
5F70637400736263
3A726D74776F6C73
7020747372696620
6374203D3D206263
6576697463615F70
2E2E00736263705F
72732F7069776C2F
742F65726F632F63
00632E6E695F7063
207478656E3E2D70
004C4C554E203D21
75706E695F706374
3E2D626370203A74
203D21207478656E
7466612820626370
6568636163207265
6E695F7063740029
4D4954203A747570
7020544941572D45
746174733E2D6263
4D4954203D3D2065
7000544941572D45
5F646E733E2D6263
6E656C6575657571
66756270203D3E20
656E286E656C635F
740029703E2D7478
65746972775F7063
746F6E6E6163203A
657461636E6F6320
656877206574616E
753E2D626370206E
736920746E65736E
74007974706D6520
65746972775F7063
2064696C6176203A
656C206575657571
6C7073006874676E
736D203D3C207469
6E655F7063740073
6C665F6575657571
766E69203A736761
6263702064696C61
74206B6365686300
7372696620746168
6320667562702074
20646C6F68206E61
7420746375727473
2E007264685F7063
732F7069776C2F2E
2F65726F632F6372
3470692F34767069
7270206F6E00632E
662073756F697665
2C746E656D676172
756D207369687420
6874206562207473
2074737269662065
746E656D67617266
737375616C6B0021
6B6E694C00757063
74756F656D697420
303D52534D422820
0A29786C34302578
6F685F67756C7000
6D656D203A73656C
3D20646573753E2D
667562700030203D
61662079706F635F
7063740064656C69
6D6974776F6C735F
6973726570203A72
696B636974207473
206874697720676E
6867696C662D6E69
7000617461642074
656C5F746F743E2D
3E2D70203D3D206E
6F743E2D7478656E
6374006E656C5F74
3A65746972775F70
69736E6574786520
657220666F206E6F
2065636E65726566
7365726975716572
6E65726566657220
776C2F2E2E006563
632F6372732F7069
347670692F65726F
6E00632E6463612F
7020776172006E61
2076636572206263
6B6361626C6C6163
64657265746C6120
6170206675627020
6F702064616F6C79
6977207265746E69
61652074756F6874
63617020676E6974
276E6F640074656B
74206C6C61632074
65766365725F7063
696C20726F662064
6263702D6E657473
6C735F7063740073
61203A726D74776F
6370206576697463
65746174733E2D62
534F4C43203D2120
735F706374004445
736E755F74696C70
3A6765735F746E65
64696C61766E6920
6368640062637020
63705F636E695F70
756F636665725F62
656D203A2928746E
61656C2079726F6D
636170206F6E006B
756575712074656B
776F6C6C61207365
6365686300216465
656D67617266206B
276E6F642073746E
616C7265766F2074
725F667562700070
203A636F6C6C6165
4C554E203D212070
756F656D6954004C
7420656D69742074
2C676E6F6C206F6F
2073692078616D20
4E49555F5049574C
2F58414D5F323354
00736365736D2034
6F6D65725F646361
6361203A29286576
6E6F20746F6E2064
61000A7473696C20
656C6261745F7072
3D3D20712E5D695B
656E004C4C554E20
6177683E2D666974
206E656C5F726464
485F485445203D3D
454C5F5244444157
2D666974656E004E
5F7264646177683E
7473756D206E656C
2065687420656220
20736120656D6173
444157485F485445
66204E454C5F5244
726168746520726F
695F706374002170
6E69203A7475706E
62702064696C6176
725F706374006675
203A657669656365
747320676E6F7277
6F636E6900657461
746E65747369736E
7A69737265766F20
7073202E73762065
5F70637400656361
52203A6574697277
7366756270204D4F
20746F6E6E616320
737265766F206562
7063740064657A69
65756575716E655F
203A7367616C665F
2064696C61766E69
656C206575657571
706374006874676E
5F74696D7865725F
706572705F6F7472
766E69203A657261
6263702064696C61
65725F6675627000
6165685F65766F6D
6C69616620726564
6B63656863006465
5F65646F63656420
7665727000786469
3D207478656E3E2D
637400727069203D
61662077656E5F70
776C000A64656C69
5245535341205049
3A64253A73252054
6D656D000A732520
6C203A6D6972745F
6D656D206C616765
67756C700079726F
203A73656C6F685F
6172203C206D656D
6E6900646E655F6D
3D2120702E676573
6E69004C4C554E20
66666F20656E6173
65766F0021746573
3D3D20657A697372
655F706374003020
665F65756575716E
6863203A7367616C
74616874206B6365
7020747372696620
206E616320667562
74706F20646C6F68
5F706374006E656C
203A74696D786572
2064696C61766E69
6C756E2800626370
30180C060300296C
0605040302017860
0107070707070707
0000000000061C03
FFFFFFFFFFFFFFFF
000000000000FFFF
0400000000000800
0000000000000801
0000000000000802
0000000000000803
0800000000000805
0000000000000832
0000008000001003
00007A4100007B40
0000000800000810
0000000800000811
0000000800000822
0000004800001000
0000102300004045
0000000000000000
1000000000000000
0000000000000000
14ADF4B7320334B9
0E549208B31ADB10
1ABA4714957D300D
6DC6AD264D8F0866
1145B7E285BF98F5
EB1DBD923D8596CA
1652EFDC6018A1FC
B4C1B80B22AE923C
1CDA62055B2D9D83
5BB28B4E8F7E4C30
12A5568B9F52F416
F08AED437682D4FB
1819651531F9E78F
B4EE134AD99BF150
1F25C186A6F04C28
16499ECB70C25F03
1420EB449C8842E6
85A56EAD360865B0
1A03FDE214CAF085
093DB1D57999890B
10CFEB353A97DAD8
CF38BB735E3F36AC
15BAAF44FA52673E
0000000000000001
0000000000000005
0000000000000019
000000000000007D
0000000000000271
0000000000000C35
0000000000003D09
000000000001312D
000000000005F5E1
00000000001DCD65
00000000009502F9
0000000002E90EDD
000000000E8D4A51
0000000048C27395
000000016BCC41E9
000000071AFD498D
0000002386F26FC1
000000B1A2BC2EC5
000003782DACE9D9
00001158E460913D
000056BC75E2D631
0001B1AE4D6E2EF5
000878678326EAC9
002A5A058FC295ED
00D3C21BCECCEDA1
0422CA8B0A00A425
0000000000000000
0000000000000000
5969599540000000
5655551555545555
4055541041150504
4450454044555145
4000400045555550
5556556596440440
4015415154454045
5140555555559155
11F0000000000105
0000000000000001
2000000000000000
52A6C95FC0655034
18C240C4AECB13BB
7CA8D50071DFC806
1327FC58DA0F6FF5
6520247D3556476E
1DA48CE468E7C702
6139CDD76802E6E9
16EF5B40C2FC7779
F951A7FF43DE8C79
11BEBDF578B2F391
7BE8BEE8D6E957E8
1B758D848FAC54B0
8BD3F9E999A423EA
153EDA614071A3B7
0848F973CB3EE3CE
10701BD527B4978C
153285EBB9EFBFA2
196FBB9BB44DB44D
ADEEE7F86C07B696
13AE3591F5B4D936
4D686A4EAF182222
1E74404F3DAADA91
98C0A106E09EBD9F
17900EA4FDA7C257
8F20E37371497D0E
123B140576D820B2
B043138134743D85
1C35F4275F7A29AD
0405554554544554
0040041410041000
4115555540010000
0001004400000454
4400004140000000
5555005450454450
4000400051655554
0001050001000001
0555555451515411
4004000050411500
0000000005040110
0000000000040030
0000000000049A80
0000000000049B48
0000000000040030
0000000000049B50
0000000000049C18
00000000000400D8
0000000000049C20
0000000000049F88
0000000000020030
0000000000049F90
0000000000049FF8
0000000000200020
000000000004A000
000000000004A408
0000000000050028
000000000004A410
000000000004A4E0
00000000000F0028
000000000004A4E8
000000000004A748
0000000000180020
000000000004A750
000000000004AA58
0000000000200018
000000000004AA60
000000000004AD68
0000000000200658
000000000004AD70
0000000000057878
00000000000292E0
00000000000292F8
0000000000029310
0000000000029328
0000000000029340
0000000000029358
0000000000029370
0000000000029388
00000000000293A0
00000000000293B8
00000000000578A8
00000000000578B0
00000000000578B8
00000000000578C0
0000196E0000C000
00000000000000FA
0000000000006DFC
00000000000003E8
000000000001EBC4
00000000000003E8
000000000001B964
000000000000EA60
000000000001712C
00000000000001F4
0000000000017F08
0000000000000064
0000000000016724
00000000000003E8
00000000000021A4
000000000000C000
0000000000000001
