000000000002A270
0000000000000000
0000000000000000
0000000000000000
0000403F0000400F
FFFFFFD000004050
FFFFFFF80000FD4F
FFFFFFF00000FD5F
F004000000000FEC
0000080E00000000
000078EC00001111
000588E80000099C
0002A2100000099E
00000804000005EC
0000103300000000
0000099C00000034
0000744C0002A1F4
0000099E0000084C
000005CE000588B4
0000001000001033
FFFFFFE400001030
F004000000000FEC
0000080E00000000
000078EC00002222
000588800000099E
000000000000FDE4
000033330000080E
0000C14F000078EC
0000C0CFFFFFFFEC
0000083CFFFFFFEC
0000103F00001387
0000C0CF00000034
0000084CFFFFFFEC
FFFFFFEC0000C1CF
FFFFFFEC0000C0CF
000013880000083C
FFFFFFDC0000103D
F004000000000FE5
0000080C00000000
000078C500004444
000001E000001041
0000010400007845
0000104100000114
0000F011000222AC
0000403F0000400F
FFFFFFE800004050
0002A1000000099C
000000000000FCCC
000000000000083C
0000001400001033
000010300000407C
0000083000000098
000010340000000A
00000FEC00000048
00000000F0010010
0000086C000079CC
0000083C00000001
0000103400000000
00000FECFFFFFFE0
00000000F0010000
0000000D0000080E
00000FEC000078EC
00000000F0010010
0000086C000079CC
0000083C00000001
0000103400000000
00000860FFFFFFE0
00000FEC000000FF
00000000F0010000
0000404F0000780C
000010120000401F
0000403F0000400F
FFFFFFE800004050
0002A0300000099C
000000000000FCCC
000000000000083C
0000001000001034
0000001400001030
000010300000407C
00000FEC00000040
00000000F0010010
0000086C000079CC
0000083C00000002
0000103400000000
00000FECFFFFFFE0
00000000F0010008
0000086C000079CC
0000404F000000FF
000010120000401F
0000403F0000400F
FFFFFFE800004050
FFFFFE8800001041
000000000000080C
0000401F0000404F
0000400F00001012
000040500000403F
00001041FFFFFFE8
0000086CFFFFFF34
0000404F000000FF
000010120000401F
0000403F0000400F
00029F780000099C
FFFFFFC40000099E
000000100000FDEC
000000010000080E
000000020000C5EC
00029F980000099E
000000000000FDCE
00029F800000099C
00029F180000099E
000000000000FDEC
000000020000080C
000000020000C5CE
FFFFFF400000099D
000000080000FDDE
00029F280000099E
000000080000FDDE
000000020000C5CE
00029F400000099C
000000000000FDEC
0000401F0000404F
0000400F00001012
000040500000403F
0000080EFFFFFFF8
0000080C00000000
0000080B00000006
000001DE00000007
0000002C00001030
000001AD0000084D
0000083A00000F1A
0000103400000020
0000103000000010
00000FEA0000013C
00000000F0060804
0000C1EF000078CA
0000C0AFFFFFFFFC
00000F0AFFFFFFFC
000000310000083A
000000380000103B
FFFFFFFC0000C0AF
0000C1AF0000084A
0000C0AFFFFFFFFC
00000F0AFFFFFFFC
000000320000083A
FFFFFFD800001039
F006080400000FEA
000078BA00000000
FFFFFFFC0000C1EF
FFFFFFFC0000C0AF
0000083A00000F0A
0000103B00000031
0000C0AF00000038
0000084AFFFFFFFC
FFFFFFFC0000C1AF
FFFFFFFC0000C0AF
0000083A00000F0A
0000103900000032
00000FEAFFFFFFD8
00000000F0060804
0000C1EF000078CA
0000C0AFFFFFFFFC
00000F0AFFFFFFFC
000000310000083A
FFFFFEE80000103B
FFFFFFFC0000C0AF
0000C1AF0000084A
0000C0AFFFFFFFFC
00000F0AFFFFFFFC
000000320000083A
FFFFFFD800001039
FFFFFEB000001030
F006080400000FEE
0000080D00000000
000078DE00000002
000000000000080E
FFFFFFFC0000C1EF
FFFFFFFC0000C0AF
0000083A00000F0A
0000103B00000031
0000C0AF00000038
0000084AFFFFFFFC
FFFFFFFC0000C1AF
FFFFFFFC0000C0AF
0000083A00000F0A
0000103900000032
00000FE9FFFFFFD8
00000000F0060804
000000030000080A
0000C1EF000078A9
0000C09FFFFFFFFC
00000F09FFFFFFFC
0000003100000839
000000380000103B
FFFFFFFC0000C09F
0000C19F00000849
0000C09FFFFFFFFC
00000F09FFFFFFFC
0000003200000839
FFFFFFD800001039
F006080400000FE9
000078D900000000
FFFFFFFC0000C1EF
FFFFFFFC0000C09F
0000083900000F09
0000103B00000031
0000C09F00000038
00000849FFFFFFFC
FFFFFFFC0000C19F
FFFFFFFC0000C09F
0000083900000F09
0000103900000032
00000FE9FFFFFFD8
00000000F0060804
0000C1EF000078C9
0000C09FFFFFFFFC
00000F09FFFFFFFC
0000003100000839
000000380000103B
FFFFFFFC0000C09F
0000C19F00000849
0000C09FFFFFFFFC
00000F09FFFFFFFC
0000003200000839
FFFFFFD800001039
F006080400000FE9
000078B900000000
FFFFFFFC0000C1EF
FFFFFFFC0000C09F
0000083900000F09
0000103B00000031
0000C09F00000038
00000849FFFFFFFC
FFFFFFFC0000C19F
FFFFFFFC0000C09F
0000083900000F09
0000103900000032
00000FE9FFFFFFD8
00000000F0060804
0000C1EF000078C9
0000C09FFFFFFFFC
00000F09FFFFFFFC
0000003100000839
000000380000103B
FFFFFFFC0000C09F
0000C19F00000849
0000C09FFFFFFFFC
00000F09FFFFFFFC
0000003200000839
FFFFFFD800001039
F006080400000FE9
000078C900000000
FFFFFFFC0000C1EF
FFFFFFFC0000C09F
0000083900000F09
0000103B00000031
0000C09F00000038
00000849FFFFFFFC
FFFFFFFC0000C19F
FFFFFFFC0000C09F
0000083900000F09
0000103900000032
00000FE9FFFFFFD8
00000000F0060804
0000C1EF000078B9
0000C0BFFFFFFFFC
00000F0BFFFFFFFC
000000310000083B
000000380000103B
FFFFFFFC0000C0BF
0000C1BF0000084B
0000C0BFFFFFFFFC
00000F0BFFFFFFFC
000000320000083B
FFFFFFD800001039
F006080400000FEB
000078CB00000000
FFFFFFFC0000C1EF
FFFFFFFC0000C0BF
0000083B00000F0B
0000103B00000031
0000C0BF00000038
0000084BFFFFFFFC
FFFFFFFC0000C1BF
FFFFFFFC0000C0BF
0000083B00000F0B
0000103900000032
00000FEBFFFFFFD8
00000000F0060804
0000C1EF000078DB
0000C0BFFFFFFFFC
00000F0BFFFFFFFC
000000310000083B
000000380000103B
FFFFFFFC0000C0BF
0000C1BF0000084B
0000C0BFFFFFFFFC
00000F0BFFFFFFFC
000000320000083B
FFFFFFD800001039
F006080400000FEB
000078AB00000000
FFFFFFFC0000C1EF
FFFFFFFC0000C0BF
0000083B00000F0B
0000103B00000031
0000C0BF00000038
0000084BFFFFFFFC
FFFFFFFC0000C1BF
FFFFFFFC0000C0BF
0000083B00000F0B
0000103900000032
00000FEBFFFFFFD8
00000000F0060804
0000C1EF000078DB
0000C0BFFFFFFFFC
00000F0BFFFFFFFC
000000310000083B
000000380000103B
FFFFFFFC0000C0BF
0000C1BF0000084B
0000C0BFFFFFFFFC
00000F0BFFFFFFFC
000000320000083B
FFFFFFD800001039
000000040000080B
0000001C00001030
0000083A0000085B
0000103300000000
000001AB00000178
0021090A00000F1A
0000000100000869
000008390030099E
0000019C00000000
00000A7400001003
00000FE80000019D
00000000F0060804
0000C1EF00007898
0000C08FFFFFFFFC
00000F08FFFFFFFC
0000003100000838
000000380000103B
FFFFFFFC0000C08F
0000C18F00000848
0000C08FFFFFFFFC
00000F08FFFFFFFC
0000003200000838
FFFFFFD800001039
0000087800000189
00000FE200000001
00000000F0060804
0000C1EF00007882
0000C08FFFFFFFFC
00000F08FFFFFFFC
0000003100000838
000000380000103B
FFFFFFFC0000C08F
0000C18F00000848
0000C08FFFFFFFFC
00000F08FFFFFFFC
0000003200000838
FFFFFFD800001039
F006080400000FE8
0000789800000000
FFFFFFFC0000C1EF
FFFFFFFC0000C09F
0000083900000F09
0000103B00000031
0000C09FFFFFFEBC
00000849FFFFFFFC
FFFFFFFC0000C19F
FFFFFFFC0000C09F
0000083900000F09
0000103900000032
00001030FFFFFFD8
0000080CFFFFFE84
0000080D00000004
0000080B00000006
0000103000000002
0000085C0000001C
000000000000083A
0000017800001033
00000F1A000001AC
000008690021091A
0030099E00000001
0000000000000839
000010030000019D
0000019B00000C18
F006080400000FE8
0000789800000000
FFFFFFFC0000C1EF
FFFFFFFC0000C08F
0000083800000F08
0000103B00000031
0000C08F00000038
00000848FFFFFFFC
FFFFFFFC0000C18F
FFFFFFFC0000C08F
0000083800000F08
0000103900000032
00000189FFFFFFD8
0000000100000878
F006080400000FE0
0000788000000000
FFFFFFFC0000C1EF
FFFFFFFC0000C08F
0000083800000F08
0000103B00000031
0000C08F00000038
00000848FFFFFFFC
FFFFFFFC0000C18F
FFFFFFFC0000C08F
0000083800000F08
0000103900000032
00000FE8FFFFFFD8
00000000F0060804
0000C1EF00007898
0000C09FFFFFFFFC
00000F09FFFFFFFC
0000003100000839
FFFFFEBC0000103B
FFFFFFFC0000C09F
0000C19F00000849
0000C09FFFFFFFFC
00000F09FFFFFFFC
0000003200000839
FFFFFFD800001039
FFFFFE8400001030
F006080400000FEC
000078EC00000000
FFFFFFFC0000C1EF
FFFFFFFC0000C0CF
0000083C00000F0C
0000103B00000031
0000C0CF00000038
0000084CFFFFFFFC
FFFFFFFC0000C1CF
FFFFFFFC0000C0CF
0000083C00000F0C
0000103900000032
00000FECFFFFFFD8
00000000F0060804
000000010000080D
0000C1EF000078DC
0000C0CFFFFFFFFC
00000F0CFFFFFFFC
000000310000083C
000000380000103B
FFFFFFFC0000C0CF
0000C1CF0000084C
0000C0CFFFFFFFFC
00000F0CFFFFFFFC
000000320000083C
FFFFFFD800001039
F006080800000FEC
000079CC00000000
F006080400000FEC
000078EC00000000
FFFFFFFC0000C1EF
FFFFFFFC0000C0CF
0000083C00000F0C
0000103B00000031
0000C0CF00000038
0000084CFFFFFFFC
FFFFFFFC0000C1CF
FFFFFFFC0000C0CF
0000083C00000F0C
0000103900000032
0000080BFFFFFFD8
000001CE0000000F
0000003C00001030
00000F190000019B
0000086A002008D9
000008AA00000001
00040CAC00030AA8
000008390000085B
0000103300000000
00000FEA0000014C
00000000F0060804
0000C1EF000078EA
0000C0AFFFFFFFFC
00000F0AFFFFFFFC
000000310000083A
000000380000103B
FFFFFFFC0000C0AF
0000C1AF0000084A
0000C0AFFFFFFFFC
00000F0AFFFFFFFC
000000320000083A
FFFFFFD800001039
F006080400000FEA
000078DA00000000
FFFFFFFC0000C1EF
FFFFFFFC0000C0AF
0000083A00000F0A
0000103B00000031
0000C0AF00000038
0000084AFFFFFFFC
FFFFFFFC0000C1AF
FFFFFFFC0000C0AF
0000083A00000F0A
0000103900000032
00000FEAFFFFFFD8
00000000F0060808
00000FE9000079AA
00000000F0060804
0000C1EF000078E9
0000C09FFFFFFFFC
00000F09FFFFFFFC
0000003100000839
FFFFFEC80000103B
FFFFFFFC0000C09F
0000C19F00000849
0000C09FFFFFFFFC
00000F09FFFFFFFC
0000003200000839
FFFFFFD800001039
FFFFFE9000001030
F006080400000FEE
0000080D00000000
000078DE00000000
0000FFFF0000086C
0000401F0000404F
0000400F00001012
000040500000403F
0000FD4FFFFFFFE8
0000FD5FFFFFFFF8
0000080CFFFFFFF0
0000080B00000000
0000080E00000006
000001DC00000007
0000002C00001030
000001AD0000084D
0000083A00000F1A
0000103400000020
0000103000000010
00000FEA0000013C
00000000F0060804
0000C1CF000078BA
0000C0AFFFFFFFEC
00000F0AFFFFFFEC
000000310000083A
000000380000103B
FFFFFFEC0000C0AF
0000C1AF0000084A
0000C0AFFFFFFFEC
00000F0AFFFFFFEC
000000320000083A
FFFFFFD800001039
F006080400000FEA
000078EA00000000
FFFFFFEC0000C1CF
FFFFFFEC0000C0AF
0000083A00000F0A
0000103B00000031
0000C0AF00000038
0000084AFFFFFFEC
FFFFFFEC0000C1AF
FFFFFFEC0000C0AF
0000083A00000F0A
0000103900000032
00000FEAFFFFFFD8
00000000F0060804
0000C1CF000078BA
0000C0AFFFFFFFEC
00000F0AFFFFFFEC
000000310000083A
FFFFFEE80000103B
FFFFFFEC0000C0AF
0000C1AF0000084A
0000C0AFFFFFFFEC
00000F0AFFFFFFEC
000000320000083A
FFFFFFD800001039
FFFFFEB000001030
F006080400000FEC
0000080A00000000
000078AC00000002
000000000000080C
FFFFFFEC0000C1CF
FFFFFFEC0000C0DF
0000083D00000F0D
0000103B00000031
0000C0DF00000038
0000084DFFFFFFEC
FFFFFFEC0000C1DF
FFFFFFEC0000C0DF
0000083D00000F0D
0000103900000032
00000FE9FFFFFFD8
00000000F0060804
000000030000080D
0000C1CF000078D9
0000C09FFFFFFFEC
00000F09FFFFFFEC
0000003100000839
000000380000103B
FFFFFFEC0000C09F
0000C19F00000849
0000C09FFFFFFFEC
00000F09FFFFFFEC
0000003200000839
FFFFFFD800001039
F006080400000FE9
000078A900000000
FFFFFFEC0000C1CF
FFFFFFEC0000C09F
0000083900000F09
0000103B00000031
0000C09F00000038
00000849FFFFFFEC
FFFFFFEC0000C19F
FFFFFFEC0000C09F
0000083900000F09
0000103900000032
00000FE9FFFFFFD8
00000000F0060804
0000C1CF000078B9
0000C09FFFFFFFEC
00000F09FFFFFFEC
0000003100000839
000000380000103B
FFFFFFEC0000C09F
0000C19F00000849
0000C09FFFFFFFEC
00000F09FFFFFFEC
0000003200000839
FFFFFFD800001039
F006080400000FE9
000078E900000000
FFFFFFEC0000C1CF
FFFFFFEC0000C09F
0000083900000F09
0000103B00000031
0000C09F00000038
00000849FFFFFFEC
FFFFFFEC0000C19F
FFFFFFEC0000C09F
0000083900000F09
0000103900000032
00000FE9FFFFFFD8
00000000F0060804
0000C1CF000078B9
0000C09FFFFFFFEC
00000F09FFFFFFEC
0000003100000839
000000380000103B
FFFFFFEC0000C09F
0000C19F00000849
0000C09FFFFFFFEC
00000F09FFFFFFEC
0000003200000839
FFFFFFD800001039
F006080400000FE9
000078A900000000
FFFFFFEC0000C1CF
FFFFFFEC0000C09F
0000083900000F09
0000103B00000031
0000C09F00000038
00000849FFFFFFEC
FFFFFFEC0000C19F
FFFFFFEC0000C09F
0000083900000F09
0000103900000032
00000FE9FFFFFFD8
00000000F0060804
0000C1CF000078D9
0000C09FFFFFFFEC
00000F09FFFFFFEC
0000003100000839
000000380000103B
FFFFFFEC0000C09F
0000C19F00000849
0000C09FFFFFFFEC
00000F09FFFFFFEC
0000003200000839
FFFFFFD800001039
F006080400000FE9
000078A900000000
FFFFFFEC0000C1CF
FFFFFFEC0000C09F
0000083900000F09
0000103B00000031
0000C09F00000038
00000849FFFFFFEC
FFFFFFEC0000C19F
FFFFFFEC0000C09F
0000083900000F09
0000103900000032
00000FE9FFFFFFD8
00000000F0060804
0000C1CF000078B9
0000C09FFFFFFFEC
00000F09FFFFFFEC
0000003100000839
000000380000103B
FFFFFFEC0000C09F
0000C19F00000849
0000C09FFFFFFFEC
00000F09FFFFFFEC
0000003200000839
FFFFFFD800001039
F006080400000FE9
000078E900000000
FFFFFFEC0000C1CF
FFFFFFEC0000C09F
0000083900000F09
0000103B00000031
0000C09F00000038
00000849FFFFFFEC
FFFFFFEC0000C19F
FFFFFFEC0000C09F
0000083900000F09
0000103900000032
00000FE9FFFFFFD8
00000000F0060804
0000C1CF000078B9
0000C09FFFFFFFEC
00000F09FFFFFFEC
0000003100000839
000000380000103B
FFFFFFEC0000C09F
0000C19F00000849
0000C09FFFFFFFEC
00000F09FFFFFFEC
0000003200000839
FFFFFFD800001039
0000000400000809
0000001C00001030
0000083800000859
0000103300000000
0000018900000178
0021030800000F18
0000000100000863
000008330030033C
0000013B00000000
0000170C00001003
00000FE40000013A
00000000F0060804
0000C1CF00007834
0000C04FFFFFFFEC
00000F04FFFFFFEC
0000003100000834
000000380000103B
FFFFFFEC0000C04F
0000C14F00000844
0000C04FFFFFFFEC
00000F04FFFFFFEC
0000003200000834
FFFFFFD800001039
0000087400000143
00000FE500000001
00000000F0060804
0000C1CF00007845
0000C04FFFFFFFEC
00000F04FFFFFFEC
0000003100000834
000000380000103B
FFFFFFEC0000C04F
0000C14F00000844
0000C04FFFFFFFEC
00000F04FFFFFFEC
0000003200000834
FFFFFFD800001039
F006080400000FE4
0000783400000000
FFFFFFEC0000C1CF
FFFFFFEC0000C03F
0000083300000F03
0000103B00000031
0000C03FFFFFFEBC
00000843FFFFFFEC
FFFFFFEC0000C13F
FFFFFFEC0000C03F
0000083300000F03
0000103900000032
00001030FFFFFFD8
0000080BFFFFFE84
0000080A00000004
0000080900000006
0000103000000002
0000085B0000001C
0000000000000838
0000017800001033
00000F180000018B
0000086000210018
0030000C00000001
0000000000000830
000010030000010A
00000109000018B0
F006080400000FE3
0000780300000000
FFFFFFEC0000C1CF
FFFFFFEC0000C03F
0000083300000F03
0000103B00000031
0000C03F00000038
00000843FFFFFFEC
FFFFFFEC0000C13F
FFFFFFEC0000C03F
0000083300000F03
0000103900000032
00000130FFFFFFD8
0000000100000873
F006080400000FE4
0000783400000000
FFFFFFEC0000C1CF
FFFFFFEC0000C03F
0000083300000F03
0000103B00000031
0000C03F00000038
00000843FFFFFFEC
FFFFFFEC0000C13F
FFFFFFEC0000C03F
0000083300000F03
0000103900000032
00000FE3FFFFFFD8
00000000F0060804
0000C1CF00007803
0000C00FFFFFFFEC
00000F00FFFFFFEC
0000003100000830
FFFFFEBC0000103B
FFFFFFEC0000C00F
0000C10F00000840
0000C00FFFFFFFEC
00000F00FFFFFFEC
0000003200000830
FFFFFFD800001039
FFFFFE8400001030
F006080400000FEA
0000080B00000000
000078BA00000006
FFFFFFEC0000C1CF
FFFFFFEC0000C0AF
0000083A00000F0A
0000103B00000031
0000C0AF00000038
0000084AFFFFFFEC
FFFFFFEC0000C1AF
FFFFFFEC0000C0AF
0000083A00000F0A
0000103900000032
00000FEAFFFFFFD8
00000000F0060804
0000C1CF000078EA
0000C0EFFFFFFFEC
00000F0EFFFFFFEC
000000310000083E
000000380000103B
FFFFFFEC0000C0EF
0000C1EF0000084E
0000C0EFFFFFFFEC
00000F0EFFFFFFEC
000000320000083E
FFFFFFD800001039
F006080400000FEE
000078BE00000000
FFFFFFEC0000C1CF
FFFFFFEC0000C0EF
0000083E00000F0E
0000103B00000031
0000C0EF00000038
0000084EFFFFFFEC
FFFFFFEC0000C1EF
FFFFFFEC0000C0EF
0000083E00000F0E
0000103900000032
00000FEAFFFFFFD8
00000000F0060804
000000020000080E
0000C1CF000078EA
0000C0AFFFFFFFEC
00000F0AFFFFFFEC
000000310000083A
000000380000103B
FFFFFFEC0000C0AF
0000C1AF0000084A
0000C0AFFFFFFFEC
00000F0AFFFFFFEC
000000320000083A
FFFFFFD800001039
F006080400000FEA
000078DA00000000
FFFFFFEC0000C1CF
FFFFFFEC0000C0DF
0000083D00000F0D
0000103B00000031
0000C0DF00000038
0000084DFFFFFFEC
FFFFFFEC0000C1DF
FFFFFFEC0000C0DF
0000083D00000F0D
0000103900000032
00000FEDFFFFFFD8
00000000F0060804
0000C1CF000078ED
0000C0DFFFFFFFEC
00000F0DFFFFFFEC
000000310000083D
000000380000103B
FFFFFFEC0000C0DF
0000C1DF0000084D
0000C0DFFFFFFFEC
00000F0DFFFFFFEC
000000320000083D
FFFFFFD800001039
0000000F0000080D
0000001C00001030
0000083A0000085D
0000103300000000
000001AD00000178
0021092A00000F1A
0000000100000869
000008390030099C
0000019B00000000
00001CAC00001003
00000FE80000019E
00000000F0060804
0000C1CF00007898
0000C08FFFFFFFEC
00000F08FFFFFFEC
0000003100000838
000000380000103B
FFFFFFEC0000C08F
0000C18F00000848
0000C08FFFFFFFEC
00000F08FFFFFFEC
0000003200000838
FFFFFFD800001039
0000087800000189
00000FE000000001
00000000F0060804
0000C1CF00007880
0000C08FFFFFFFEC
00000F08FFFFFFEC
0000003100000838
000000380000103B
FFFFFFEC0000C08F
0000C18F00000848
0000C08FFFFFFFEC
00000F08FFFFFFEC
0000003200000838
FFFFFFD800001039
F006080400000FE8
0000789800000000
FFFFFFEC0000C1CF
FFFFFFEC0000C09F
0000083900000F09
0000103B00000031
0000C09FFFFFFEBC
00000849FFFFFFEC
FFFFFFEC0000C19F
FFFFFFEC0000C09F
0000083900000F09
0000103900000032
00001030FFFFFFD8
00000FEEFFFFFE84
00000000F0060804
0000FC5F000078CE
0000FC4FFFFFFFF0
0000404FFFFFFFF8
000010120000401F
0000403F0000400F
FFFFFFD800004050
FFFFFFF80000FD4F
FFFFFFF00000FD5F
F006000000000FEE
0000080C00000000
000078CE00000001
F00F004000000FEE
0000FCEE00000000
000002EE00000000
00000FED0000000A
00000000F00F0040
000000000000FCDD
0000103D000005DE
00000FEEFFFFFFE8
00000000F0060000
0000000000000804
00000FEE0000784E
00000000F0060800
00000FEC000078CE
00000000F00F0040
000000000000FCCC
0000001E000002CC
F00F004000000FEE
0000FCEE00000000
000005EC00000000
FFFFFFE80000103D
F006080000000FEC
0000784C00000000
F00F004000000FEC
0000FCCC00000000
000002CC00000000
00000FEE00000032
00000000F00F0040
000000000000FCEE
0000103D000005EC
00000805FFFFFFE8
0000080100000001
0000010500000002
FFFFE47C00001041
000009900000011C
000008020002644D
0000104100000007
0000080200021284
0000010500003300
0000104100000114
00000990FFFFF0D0
0000104100026C98
000010300002125C
000008440000002C
00000F1C000001C4
0000001E0000083C
0000001000001034
000000D000001030
F00F004000000FEC
0000FCCC00000000
000002CC00000000
00000FEE00000064
00000000F00F0040
000000000000FCEE
0000103D000005EC
00000105FFFFFFE8
0000104100000115
0000083CFFFFE3C0
000010330000FFFF
000001EC0000002C
000000240000086E
000000240000083E
0000001000001034
0000003C00001030
00000F1E000001E4
0000001D0000083E
FFFFFF4C00001034
0002778400000990
000010410000011C
0000103000021184
00000990FFFFFF30
0000011C000271B0
0002116800001041
F006101400000FEC
0000785C00000000
F006103400000FEC
0000785C00000000
F006101000000FEC
0000785C00000000
F006103000000FEC
0000785C00000000
FFFFFFF00000FC5F
FFFFFFF80000FC4F
0000401F0000404F
0000400F00001012
000009700000403F
0000003000000920
0000404F000001C0
000010120000401F
0000403F0000400F
0000092000000970
000001C000000020
0000401F0000404F
0000400F00001012
0000404F0000403F
000010120000401F
0000403F0000400F
0000000100000830
0000004C0000103F
000000000000080C
0000099C00300E1C
0000083E00027B60
0000100300000000
0000011C00002188
0000000200000910
000281680000099C
000079E100010CC0
0000404F000078EC
000010120000401F
0000403F0000400F
FFFFFFD800004050
FFFFFFF80000FD4F
FFFFFFF00000FD5F
0000000000000805
0000086400000145
00000104000000FF
0000003800001041
0000083400000845
0000103D00000003
0000FC5FFFFFFFDC
0000FC4FFFFFFFF0
0000404FFFFFFFF8
000010120000401F
0000403F0000400F
FFFFFFD000004050
FFFFFFF80000FD4F
FFFFFFF00000FD5F
FFFFFFE80000FD6F
000280B80000099C
0000000400000830
000000100000103D
000000F400001030
00000B8E000001E0
000105CE00000110
0000000A0000C4C5
000000010000083C
000000FC0000103B
000000000000083C
000002B800001033
000000010000083C
0000001000001033
0000014400001030
0000000000000804
0000104100000160
0000010600025C14
0000086E000001EC
000001D40000FFFF
0000002800001030
00000110000002DD
000004400000083D
0000001000001034
0000012400001030
00027FF80000099B
0000C4BB00010BBD
0000083B0000000A
0000103400000002
0000099BFFFFFFC4
00010BBD00027FD4
000000080000C2BB
00001033000005BE
00001030FFFFFF7C
00000990FFFFFF9C
0000099100027892
00000802000260A1
000009930000042F
0000104100027031
0000103000020E7C
0000083C00000000
0000103300000002
0000083C000000D0
0000103300000003
0000103000000010
000079C500000050
000000000000083C
0000002400001033
000078C50000085C
0000083C00000F1C
0000103400000000
0000080C0000017C
0000C5C500000000
000010300000000A
0000099000000164
00000991000277F2
0000080200026001
000009930000046E
0000104100026AF0
0000103000020DDC
0000080E00000000
0000C3E500000001
0000080E0000000C
0000C3E500000002
0000C3C50000000A
0000104100000008
0000103000000128
0000C4C5000000FC
0000085C0000000C
0000000C0000C5C5
000000FF0000086C
000000000000083C
000000D000001034
0000000D0000C4C5
0000C5C50000084C
000001EC0000000D
000000FF0000086E
000000040000083E
0000006C00001034
00027E400000099C
000000040000C0CC
0000000B0000C4E5
000000000000083E
0000005C00001034
0000083C00000F1C
0000103300000000
0000080C00000048
0000C3C500000001
0000C5C50000000C
000010410000000B
0000103000000068
0000C5C50000003C
000010410000000C
0000103000000050
0000080400000024
0000011400000000
0000040400001041
0000000A0000C545
FFFFFFE80000FC6F
FFFFFFF00000FC5F
FFFFFFF80000FC4F
0000401F0000404F
0000400F00001012
000040500000403F
0000FD4FFFFFFF90
0000FD5FFFFFFFF8
0000FD6FFFFFFFF0
0000FD7FFFFFFFE8
000001C0FFFFFFE0
0000011000000B8C
00027D500000099E
0000C4C6000106EC
0000083C0000000B
0000103D00000002
0000103000000010
0000091C000002E0
0000099E00000002
00010CEC00027D14
0000083C000079CC
0000103400000000
0000103000000010
00000206000002E0
0000104100000010
0000021C00025A78
0000086100000012
000008000000FFFF
0000080200000036
0000104100000280
0000014C000024CC
0000000000000834
000002C800001033
FFFFFFD40000027F
0000000000000801
0000000C00000805
0000FD1F00000107
00000125FFFFFFB8
000259BC00001041
000000080000C206
FFFFFA5C00001041
000001000000080E
FFFFFFA80000FDEF
000000040000C3E7
000000010000080E
000000020000C5E7
FFFFFFD40000C3CF
FFFFFFC80000FD4F
0000011700000104
0000104100000125
0000FD6F00003C2C
00000246FFFFFFB0
000008440000000F
FFFFFFB80000FC2F
0001074600000162
0000083C000075C7
0000103300000000
0000083C00000028
000010330000002E
0000084600000018
0000103000000842
00000115FFFFFFD0
0000FFFF00000861
000000FF00000862
0000FDCF00010C21
0000083CFFFFFFC0
0000103F0000FFFE
0000FC0F000001A4
00001041FFFFFFC8
0000084500004194
0000FFFF00000865
0000086200000126
0000FC0F0000FFFF
00000114FFFFFFC8
0000104100000135
00010C4600003D3C
FFFFFFC00000FC6F
0000084500000156
0000083C000075CC
0000014700000000
FFFFFF2400001034
0000FFFF00000865
0000000000000802
FFFFFFC80000FC4F
0000011500000104
0000411000001041
FFFFFFD00000021F
FFFFFFA80000FCCF
000000020000C3C1
FFFFFFD00000C3CF
0000000200000236
0000FFFF00000863
0000000400000802
0000104100000104
0000FCDF00003CA4
0000C4CDFFFFFFB0
0000091C0000000B
0000099E00000002
000102EC00027A9C
0000000F0000C4CD
000000030000091C
00027EC80000099E
0000FC0C00010CEC
0000080300000000
0000011400000035
0001333400001041
0000104100000104
0000103000002718
000009900000006C
0000099100027332
0000080200025B41
000009930000030D
0000104100025F02
000010300002091C
0000080400000000
0000011400000000
0000005400001041
0000000A0000C546
0000001800001030
FFFFFFC80000FC0F
000026AC00001041
FFFFFFE00000FC7F
FFFFFFE80000FC6F
FFFFFFF00000FC5F
FFFFFFF80000FC4F
0000401F0000404F
0000400F00001012
000040500000403F
0000FD4FFFFFFFB0
0000FD5FFFFFFFF8
0000FD6FFFFFFFF0
0000FD7FFFFFFFE8
0000FD1FFFFFFFE0
00000150FFFFFFD8
00000B8700000175
0000099C00000110
00010CC700027974
0000000000000804
00000010000002CC
FFFFFFC80000FDCF
FFFFFFD00000FD4F
0000002000001030
0000001800000244
0000006000000834
0000008C00001033
00027D880000099C
0000FCCC00010CC4
0000083C00000000
0000103300000000
0000099EFFFFFFCC
00010EE400027D64
000000100000C4EE
00001034000005E5
0000099EFFFFFFAC
000106E400027D44
000000080000FC26
FFFFFFC80000FC0F
FFFFFFD80000FC1F
0000FCCF0000407C
0000FDC6FFFFFFD0
0000103000000000
0000080EFFFFFF6C
0000099C00000000
00010CC70002789C
0000002800001030
00000110000002EE
000004400000083E
0000001000001034
0000007000001030
000010330000057E
0000099DFFFFFFDC
00010DDE0002785C
0000000A0000C4DD
000000020000083D
FFFFFFB800001034
000278380000099D
0000C4DD00010DDE
0000C4BC0000000F
000005DB0000000F
FFFFFF9000001034
000000040000080E
0000000F0000C5EC
000278000000099C
0000C4C4000104C7
0000083C0000000F
0000103F00000003
0000091C00000060
0000099500000003
00010C5C00027C14
000000000000FC0C
00013BB400001041
0000000F0000C4C4
000000030000091C
0000080E00010C5C
0000FDEC00000000
0000080C00000000
0000C5C400000004
0000FC7F0000000F
0000FC6FFFFFFFE0
0000FC5FFFFFFFE8
0000FC4FFFFFFFF0
0000404FFFFFFFF8
000010120000401F
0000403F0000400F
FFFFFFB800004050
FFFFFFF80000FD4F
FFFFFFF00000FD5F
FFFFFFE80000FD6F
FFFFFFE00000FD7F
0000016000000152
000001EC000079C3
000000100000092E
0000FFFF0000086C
0000FCEF00010CCE
000079EE00000028
0000086D000001DE
00010CCD0000FFFF
000000100000092E
000001EC00010CCE
0000FFFF0000086E
000000100000092C
000001EC00010CCE
0000FFFF0000086E
000000100000092C
00000836000107CE
0000103300000000
0000FD1F000001C0
0000FD5FFFFFFFD0
00000804FFFFFFD8
000001E400000000
0000002C00001030
0000FC6600050E5C
0000083600000000
0000103400000000
0000103000000010
0000015E00000158
000000080000FCE6
000000120000C2D6
000000020000083D
0000005C0000103D
000000000000080C
0000091B000075BE
0000C4AE00000008
00040BBA00000001
000002BD00010CBC
000002EEFFFFFFFE
00000F0D00000002
000000030000083D
0000103B000001DB
00001030FFFFFFC4
000001BD00000010
00000F1B000001C4
000000010000083B
0000001800001034
0000091E000075EE
00010CEC00000008
0000086E000001EC
0000086C0000FFFF
0000092CFFFF0000
00010CCE00000010
0000092E000001EC
000100EC00000010
0000FFFF00000860
FFFFF36400001041
000001EC00010C7C
0000FFFF0000086E
FFFF00000000086C
000000100000092C
0000C2C6000107CE
0000086C00000012
0000080E00000001
00300ECE00000000
000000000000083E
00002DE800001003
FFFFFEA800001030
0000092700000977
0000103000000030
00000F15FFFFFE94
0000FC5F00300C5C
0000FC1FFFFFFFD8
00001030FFFFFFD0
0000080C00000010
0000083C00000001
0000100300000000
0000103000002E3C
0000097700000014
0000003000000927
0000104100000101
0001047CFFFFF2A0
0000104100000105
00010C4CFFFFF290
0000086E000001EC
0000086C0000FFFF
0000092CFFFF0000
00010CCE00000010
0000092E000001EC
00010CEC00000010
0000086C0000098C
0000FC7F0000FFFF
0000FC6FFFFFFFE0
0000FC5FFFFFFFE8
0000FC4FFFFFFFF0
0000404FFFFFFFF8
000010120000401F
0000403F0000400F
FFFFFFE000004050
0000FCEF0000403C
0000FDEC00000028
0000104100000018
0000404FFFFFFCB4
000010120000401F
0000403F0000400F
FFFFFFE800004050
0000000200000831
000000600000103D
000000000000080C
000075D0000001E1
000000080000091D
000000010000C4B0
00010CDC00040DDB
FFFFFFFE0000021E
0000000200000200
0000083E00000F0E
000001E100000003
FFFFFFC40000103B
0000001000001030
000000000000080C
0000083100000F11
0000103400000001
000075E000000018
000000080000091E
000001EC00010CEC
0000FFFF0000086E
FFFF00000000086C
000000100000092C
000001EC00010CCE
000000100000092E
00000860000100EC
000010410000FFFF
0000088CFFFFF108
0000404F0000FFFF
000010120000401F
0000403F0000400F
FFFFFFC800004050
FFFFFFF80000FD4F
FFFFFFF00000FD5F
FFFFFFE80000FD6F
FFFFFFE00000FD7F
0000083500000150
0000103300000000
00000806000001A0
000001E600000000
0000103000000146
00050E7C0000002C
000000000000FC55
0000000000000835
0000001000001034
0000015400001030
0000FCE50000017E
0000C2D500000008
0000083D00000012
0000103D00000002
000001C600000058
0000091B000075BE
0000C4AE00000008
00040BBA00000001
000002BD00010CBC
000002EEFFFFFFFE
00000F0D00000002
000000030000083D
0000103B000001DB
00001030FFFFFFC4
000001BD00000010
00000F1B000001C6
000000010000083B
0000001800001034
0000091E000075EE
00010CEC00000008
0000086E000001EC
0000086C0000FFFF
0000092CFFFF0000
00010CCE00000010
0000092E000001EC
000100EC00000010
0000FFFF00000860
FFFFEF9400001041
000001EC00010C4C
0000FFFF0000086E
FFFF00000000086C
000000100000092C
0000C2C5000104CE
0000086C00000012
0000080E00000001
00300ECE00000000
000000000000083E
000031B800001003
FFFFFEAC00001030
0000092400000974
0000103000000030
00000F17FFFFFE98
0000103000300C7C
0000080C00000018
0000080400000001
0000083C00000000
0000100300000000
0000103000003204
0000097400000014
0000003000000924
0000086400000984
000001C40000FFFF
FFFFFFE00000FC7F
FFFFFFE80000FC6F
FFFFFFF00000FC5F
FFFFFFF80000FC4F
0000401F0000404F
0000400F00001012
000040500000403F
00001041FFFFFFE8
0000104100000044
0000104100000B8C
0000104100000DB8
00001041000122F4
0000104100003B5C
00001041FFFFEEB0
0000404F00011DD4
000010120000401F
0000403F0000400F
000275400000099C
00000007000002CC
FFFFFFF80000080E
0000099E00030CCE
0000FDCE0004754C
0000080E00000000
0000C5EC00000000
0000080E00000008
0000FDEC00020000
000002EC00000000
0000099D00020000
0000FDED0004751C
00000FEE00000000
0002000000020000
000200000000FDEC
000000010000080E
000200080000C5EC
000474F00000099E
000000000000FDCE
0000401F0000404F
0000400F00001012
000040500000403F
00000830FFFFFFE8
0000103300000000
000001C0000003B4
000000070000086C
000000000000083C
0000003800001033
0002685E00000990
0002511F00000991
0000027300000802
0002507400000993
0001FE4800001041
0000000000001030
000474600000099C
000000000000FCDC
000474480000099C
000000000000FCCC
FFFFFFF0000002E0
0000103D000005EC
000002B000000164
000005BD00000010
000000100000103E
0000014800001030
FFFFFFF80000C4B0
000000000000083B
0000001000001034
0000018800001030
FFFFFFF40000C080
FFFFFFF00000C0A0
000200000000083A
000001380000103F
0002000000000838
000001280000103F
0000019B00020BEC
0000058900000F19
0000001C00001033
00007988000108C8
0000103400000589
00010ACA000000FC
00001033000005AD
0000C08A0000001C
0000058900000004
000000D800001034
0000000000000809
FFFFFFF80000C590
0004736800000999
000000000000FC99
0000103D000005E9
0000103000000010
0000099900000018
0000FDE900047344
000005ED00000000
000000100000103D
000000E000001030
FFFFFFF80000C490
0000000000000839
000000F800001033
000266CE00000990
00024F8F00000991
000001E100000802
000262D100000993
0001FCB800001041
0000000000001030
0002669E00000990
00024F5F00000991
0000027F00000802
000251AB00000993
0001FC8800001041
0000000000001030
0002666E00000990
00024F2F00000991
0000029500000802
0002554B00000993
0001FC5800001041
0000000000001030
0002663E00000990
00024EFF00000991
0000028C00000802
00024B8200000993
0001FC2800001041
0000000000001030
0002660E00000990
00024ECF00000991
000001E000000802
0002662400000993
0001FBF800001041
0000000000001030
00001033000005EA
0000C49A00000088
000005AD00000008
0000007400001033
000000FF00000869
0000000000000839
0000005C00001034
000471E00000099D
000000000000FCDD
00001034000005DA
0000099D00000018
0000FDED000471C4
000079DA00000000
000079DA000078DE
000200000000083D
0000001400001033
0000C1BD00010DCD
0000C0D000000004
00010BCDFFFFFFF4
00001033000005BE
0000C4AB00000074
0000083A00000008
0000103400000000
0000099A0000005C
0000FCAA0004715C
000005AE00000000
0000001800001034
000471400000099A
000000000000FDBA
000078AB000079AE
0000083E000079EE
0000103300020000
00010CCE00000014
000000040000C1DC
0000401F0000404F
0000400F00001012
000040500000403F
000002C1FFFFFFE8
00000F1C00000007
000000100000080E
0000080C00430BCE
0000086B00000000
0000083BFFFFFFF8
0000103F00020000
00000F1100000308
0000103D000005B1
0000099C000002F8
0000FCEC0004709C
0000099C00000000
0000FCCC00047084
0000050C00000000
0000007C0000103D
0000103D0000050E
0000103000000010
000002E000000068
00020DECFFFFFFF0
FFFFFFF00000C0A0
00000299000209AD
00000F19FFFFFFF0
0000103E000005B9
0000099000000068
00000991000263FA
0000080200024CBB
00000993000002E4
0000104100024A31
000010300001F9E4
0000099000000000
00000991000263CA
0000080200024C8B
00000993000002D2
00001041000263C9
000010300001F9B4
000005B900000000
0000001000001033
0000001400001030
00001030000001C0
000108CA00000208
000000080000C418
0000000000000831
0000001000001034
0000003400001030
000000200000028B
0000058900000F18
000000100000103F
0000005400001030
00001030000001C0
0000083A000001B8
0000103400020000
0000099000000078
000009910002631A
0000080200024BDB
00000993000002F5
0000104100025CD2
000010300001F904
0000083A00000000
0000103400020000
00000990000000CC
00000991000262DA
0000080200024B9B
0000099300000316
0000104100025C92
000010300001F8C4
00010BBD00000000
000002BB000079A8
0000099900000010
0000FC9900046ED4
0000059800000000
00000F190000019B
0000001C00001034
00000991000108C9
0000FD8100046EAC
000109C900000000
000000040000C1D9
0000080D000078A9
0000C5D900000000
000078BE00000008
0000083E000079E9
0000103300020000
0000103000000010
000001C0000000A0
000000A400001030
000002BB00010BBD
0000019B00000010
000109C900000F19
00046E3800000998
000000000000FC88
0000104000000598
0000099800000018
0000FD9800046E1C
0000C1D900000000
000078A900000004
000000000000080D
000000080000C5D9
000079E9000078BE
000200000000083E
0000001000001033
0000001400001030
00001030000001C0
00010CCE00000018
000000040000C1BC
0000404F000001C0
000010120000401F
0000403F0000400F
FFFFFFE800004050
000000000000080C
00000F1D000001D0
000000000000083D
0000009400001033
00000007000002E0
0000080B00000F1E
00430EEB00000010
FFFFFFF80000086E
000200000000083E
000000640000103F
0000103D000005ED
0000080D00000058
000208DE00020000
00046D200000099D
000000000000FCAD
00046D200000099D
000000000000FCDD
00000F18000209DA
00000F1B000001B9
0000103E0000058B
0000103000000010
0000404F0000002C
000010120000401F
000005980000799B
000000100000103D
FFFFFFE400001030
00000F1000000109
0000C41B00010BA0
0000083100000008
0000103400000000
00000210FFFFFFCC
0000790B00000010
0000052E00020201
FFFFFFB00000103D
00000020000002CE
0000103D0000052C
0000103000000010
0000080C00000084
0000C5CB00000001
000005BD00000008
0000001000001034
000000F800001030
000002CC00010CEB
0000099E00000010
0000FCEE00046C34
000005CE00000000
000000840000103E
00025FE600000990
000248A700000991
000003BA00000802
000248AE00000993
0001F5D000001041
0000000000001030
0000018C00010CE1
0000083800000F18
0000103400020000
0000099000000140
0000099100025F9A
000008020002485B
0000099300000387
0000104100025952
000010300001F584
000001CB00000000
000000070000086C
000000000000083C
0000015000001033
00025F4E00000990
0002480F00000991
000003BC00000802
0002509E00000993
0001F53800001041
0000000000001030
00046B500000099C
000000000000FCCC
000000080000C49D
0000000000000839
0000004000001033
00001033000005DC
000079DD00000034
0000C49D00010DAD
0000083900000008
0000103300000000
000005DC00000014
FFFFFFDC00001034
00046AF80000099A
000000000000FDDA
0000000000000839
FFFFFE9800001033
00001033000005DC
00000990FFFFFE8C
0000099100025E92
0000080200024753
00000993000003B5
00001041000251AF
000010300001F47C
000108A800000000
000000040000C198
0000080900007808
0000C59800000000
0000080900000008
0000C59B00000001
000078CB00000008
0000083900007998
0000103300020000
000109A9FFFFFE00
000000040000C1C9
FFFFFDEC00001030
00000010000002CB
FFFFFD4C00001030
0000403F0000400F
000000000000080C
FFFFFFF80000080E
00001030000001DC
0000084D00000024
0000000A0000083D
0000001000001034
000000A800001030
0000091B000001BD
0000099A00000003
00010BAB0002633C
000000000000FC8B
000000100000FCB8
000000000000FDCB
000000020000C2A8
000000000000083A
FFFFFFA400001033
000000080000FC98
0000000700000299
000077880003099E
000000000000FC0B
000000000000FD09
000000000000FD9B
0000085A00010998
00000F100000010A
0000000000000830
FFFFFFD000001034
FFFFFF4C00001030
0000401F0000404F
0000400F00001012
0000080C0000403F
00000F1000000000
0000000900000830
000000580000103F
0000000300000910
000262700000099E
0000FCEE00010EE0
0000FCEE00000000
0000FCDE00000010
0000083D00000000
0000103300000000
0000FCCD0000001C
0000FDCE00000000
000001CD00000000
0000401F0000404F
0000400F00001012
000040500000403F
00000F10FFFFFFE8
0000000900000830
000000A00000103F
0000000000000831
0000009000001033
0000086C000001C1
0000083C00000007
0000103300000000
0000099000000038
0000099100025C3A
000008020002503A
000009930000016D
000010410002489B
000010300001F224
0000091000000000
0000099C00000003
00010CC000026194
000000000000FCCC
000000100000FCCC
000000000000FCEC
000000000000FDE1
000000000000FD1C
0000401F0000404F
0000400F00001012
0000404F0000403F
000010120000401F
0000403F0000400F
FFFFFF9800004050
FFFFFFF80000FD4F
FFFFFFF00000FD5F
FFFFFFE80000FD6F
FFFFFFE00000FD7F
0000080500000140
0000FCEF00000000
0000FCCF00000038
0000FC7F00000030
0000083400000028
0000103300000000
0000083C00000390
0000103300000000
0000FD2F00000380
0000FD1FFFFFFFC0
0000FDCFFFFFFFC8
0000099CFFFFFFB8
0000FDC400000538
0000C55400000020
0000C35400000069
0000C15400000060
0000FD5400000010
0000020400000008
0000080200000048
0000011500000010
0000FDEF00000163
00001041FFFFFFB0
0000FD7400023F28
0000FD5400000040
0000FD5400000038
0000099C00000030
000075CC000544F4
0000006C0000C5C4
FFFFFFB00000FCCF
000000180000FDC4
000000700000FD54
0000099C00300E65
0000083E00025B68
0000100300000000
0000016C00004180
FFFFFFC00000FCAF
0000083E00300EA5
0000FCDF00000000
00001003FFFFFFC8
000001AC000041A8
0000083E00300ED5
0000100300000000
000001DC000041C0
0000083C000079CD
0000103400000000
0000103000000010
000079CA00000108
0000000C0000C0E4
00001033000005CE
0000C1C400000010
000079C60000000C
000000100000C0E4
00001033000005CE
0000C1C400000010
0000C0E400000010
000079CD00000008
00001033000005CE
0000C1EF000001D0
0000C1CFFFFFFFD4
0000027FFFFFFFD8
0000026FFFFFFFD4
00000107FFFFFFD8
FFFFFFC80000FDDF
0000104100000116
00000107000067E8
0000104100000116
00000107000125B4
0000104100000116
0000010400002A88
0000012600000117
0001307C00001041
FFFFFFC80000FCCF
0000C1C4000079CC
0000FCC400000008
0000083C00000030
0000103300000000
0000010400000138
000010300000407C
0000C0C400000128
0000083C00000008
0000103300000000
0000FDAF000000D0
0000FD6FFFFFFFC0
0000C1CFFFFFFFB0
0000080CFFFFFFD4
0000C1CF00000000
0000027FFFFFFFDC
0000026FFFFFFFD4
00000107FFFFFFDC
FFFFFFC80000FDDF
0000104100000116
0000010700006710
0000104100000116
00000107000124DC
0000104100000116
00000104000029B0
0000012600000117
00012FA400001041
FFFFFFC80000FCCF
0000C1C4000079CC
0000FCC400000008
0000083C00000030
0000103300000000
0000010400000010
0000FC6F0000407C
0000FCAFFFFFFFB0
000079CAFFFFFFC0
0000000C0000C0E4
00001033000005CE
0000C1C400000010
000079C60000000C
000000100000C0E4
00001033000005CE
0000C1C400000010
0000010400000010
FFFFFFB80000FCCF
0000083C0000407C
0000103400000000
0000103000000010
000001C500000038
FFFFFFE00000FC7F
FFFFFFE80000FC6F
FFFFFFF00000FC5F
FFFFFFF80000FC4F
0000401F0000404F
0000C4D400001012
0000080C0000006C
0000080E00000000
000001BD00000100
000000FF0000086B
000000FF0000083B
0000001400001034
0000006C0000C5C4
0000099B000001DC
000001AD0005419C
000000FF0000086A
0000FCBB0000019E
0000083B00000000
0000103300000000
000005B400000068
0000001000001034
0000008C00001030
0000018900000859
0000083800000F18
0000103400000000
0000103000000010
0000C48B00000098
0000058A0000006C
FFFFFFA400001034
0000C5D40000084D
000010300000006C
0000C4C4FFFFFF50
0000080E0000006C
00300ECE000000FE
000000000000083E
0000455000001003
0000007400001030
000010300000084C
0000099000000070
000009910002568A
000008020002403B
000009930000019C
0000104100024606
000010300001EC74
0000099000000000
000009910002565A
000008020002400B
000009930000019E
0000104100024CA0
000010300001EC44
0000080C00000000
0000099E00000000
000074CE00054064
000540600000099C
000000000000FCEC
000000000000FDE4
000000000000FD4C
0000103000000154
0000400FFFFFFE30
0000080C0000403F
0000404FFFFFFFF4
000010120000401F
0000403F0000400F
FFFFFFC800004050
FFFFFFF80000FD4F
FFFFFFF00000FD5F
FFFFFFE80000FD6F
0000015200000143
000000000000080E
0000099C00300D4E
0000083D00025678
0000100300000000
0000014C00004670
0000083D00300D5E
0000100300000000
0000015C00004688
0000083E00300E1E
0000100300000000
0000011C000046A0
0000083C000079C1
0000103400000000
0000103000000010
000079C500000060
0000000C0000C0E0
00001033000005CE
0000C1C000000010
000079C40000000C
000000100000C0E0
00001033000005CE
0000C1C000000010
0000022F00000010
00001041FFFFFFE4
0000103000000088
0000022F0000005C
00000160FFFFFFE4
0000006C00001041
0000C0E6000079C5
000005CE0000000C
0000001000001033
0000000C0000C1C6
0000C0E6000079C4
000005CE00000010
0000001000001033
000000100000C1C6
FFFFFFE80000FC6F
FFFFFFF00000FC5F
FFFFFFF80000FC4F
0000401F0000404F
0000400F00001012
000040500000403F
0000FD4FFFFFFFC0
0000FD5FFFFFFFF8
0000FD6FFFFFFFF0
0000FD7FFFFFFFE8
00000140FFFFFFE0
0000000000000831
0000001000001034
000000F000001030
000000080000C0C4
000005EC000079E1
000000AC00001033
FFFFFFDC0000C1EF
0000025F000078C2
00000102FFFFFFDC
0000011500000171
0000104100000162
0000010600006238
0000104100000115
0000010600012004
0000104100000115
00000104000024D8
0000012500000116
00012ACC00001041
0000C1C4000079C7
0000083400000008
0000103400000000
0000103000000010
0000FCC400000084
0000083C00000030
0000103300000000
0000010400000010
0000FC7F0000407C
0000FC6FFFFFFFE0
0000FC5FFFFFFFE8
0000FC4FFFFFFFF0
0000404FFFFFFFF8
000010120000401F
0002532600000990
00023CD700000991
000001DC00000802
00023DA400000993
0001E91000001041
0000000000001030
000252F600000990
00023CA700000991
0000038800000802
0002428600000993
0001E8E000001041
0000000000001030
0000403F0000400F
00053D100000099C
000000000000FD0C
0000401F0000404F
0000400F00001012
000040500000403F
00000830FFFFFFE8
0000103300000000
0000C4C000000058
000001EC00000069
000000010000086E
000000000000083E
0000003400001034
000000010000087C
000000690000C5C0
000000300000FCC0
000000000000083C
0000000C00001033
0000404F0000407C
000010120000401F
0000403F0000400F
0000000000000830
0000001000001033
000000300000FD10
0000401F0000404F
0000400F00001012
0000080E0000403F
0000083000000000
0000103300000000
0000099C00000050
0000FCCC00053C24
0000083C00000000
0000103300000000
0000C4DC0000003C
0000084D0000006C
000000FF0000086D
000010340000050D
00001030FFFFFFD0
000001CE00000018
0000000C00001030
0000404F000001CE
000010120000401F
0000403F0000400F
FFFFFFE800004050
00053BC00000099C
000000000000080E
0000099C000074EC
0000FC0C00053BCC
0000083000000000
0000103300000000
0000FCC000000050
0000083C00000090
0000103300000000
0000103000000010
0000FC0000000028
0000083000000010
0000103400000000
00001030FFFFFFD0
0000104100000010
0000404F00004E80
000010120000401F
0000403F0000400F
FFFFFFA000004050
FFFFFFF80000FD4F
FFFFFFF00000FD5F
FFFFFFE80000FD6F
FFFFFFE00000FD7F
0000016000000141
00000F1C000001C2
000001810000083C
000000A80000103B
000000010000083C
0000002000001033
000000410000083C
0000001000001033
0000016C00001030
0000086C000001C2
0000083CFFFFFFBF
0000103300000001
0000103000000010
0000015200000178
0000000800000800
FFFFF32C00001041
000000000000083C
0000039800001033
000000120000C34C
000000100000C34C
000000000000080E
000000080000FDEC
000000000000FDEC
000000C400001030
000001820000083C
0000014400001033
000002800000083C
0000001000001033
000000CC00001030
00000007000002C4
0001FFF80000086C
0000FFFF00000866
00000007000002E6
0001FFF80000086E
0000020C00010CEC
0000104100000018
0000083CFFFFEE24
0000103300000000
0000C34C000002E4
0000C34C00000012
0000080E00000010
0000FDEC00000000
00010EC600000000
0000001F000002EE
FFFFFFF80000080D
0000FDEC00030EED
0000080500000008
0000080E00000080
0000C3EC00000001
0000080E00000016
0000C5EC00000000
0000C55C00000015
0000103000000014
0000099000000284
0000099100024F02
00000802000239A0
0000099300000127
0000104100024576
000010300001E4EC
0000099000000000
0000099100024ED2
0000080200023970
000009930000014A
00001041000242DA
000010300001E4BC
0000080500000000
0000080C00000000
0000FDCF00000009
0000080CFFFFFFD8
0000FDCF00000001
0000080CFFFFFFC0
0000FDCF00000640
0000FD5FFFFFFFC8
0000FD5FFFFFFFD0
0000FC0FFFFFFFB8
00001041FFFFFFD8
0000017CFFFFF148
0000000000000837
0000001000001034
0000010000001030
0000FFFF00000866
00000007000002C6
0001FFF80000086C
FFFFFFC80000FCEF
000001ED00020DEC
0000FFF80000086E
0000086B000001B4
00380EEB0000FFFF
000100820000080B
000000140000C1B7
000000000000083E
00004E1C00001003
0000C347000001D4
0000080E00000010
0000FDE700000000
00010B7600000000
0000001F000002BB
FFFFFFF80000080A
0000FDB700030BBA
0000C3D700000008
0000083C00000012
0000103400000640
0000103000000010
0000083500000120
000001C700000000
0000001C00001033
FFFFFFD00000FCCF
000000000000FD7C
0002044D000001C5
FFFFFFD00000FD7F
0000005400001030
000537900000099C
FFFFFFC00000FCEF
00000835000074EC
0000103300000000
0000010500000024
000000E400001041
000001C5000001E6
0000001400001030
0000FCCF000001E6
00000837FFFFFFB8
0000103300000000
000001D400000034
0000FFFF0000086D
000000000000083D
0000015C0000016E
0000003800001033
FFFFFE5C00001030
FFFFFFB80000FCCF
0000002000001030
000000000000080C
0000001000001030
000000000000080C
FFFFFFE00000FC7F
FFFFFFE80000FC6F
FFFFFFF00000FC5F
FFFFFFF80000FC4F
0000401F0000404F
0000099000001012
0000099100024C5A
00000802000236F8
0000099300000103
00001041000241D6
000010300001E244
0000400F00000000
000040500000403F
0000FD4FFFFFFFC0
0000FD5FFFFFFFF8
0000FD6FFFFFFFF0
0000FD7FFFFFFFE8
00000110FFFFFFE0
0000000000000831
0000017C00001033
0000000000000805
000000080000080C
FFFFFFD80000FDCF
0000000900000806
0000103000000145
0000017500000028
0000000000000837
0000103400000117
0000103000000010
0000C4C100000190
0000083C00000016
0000103400000000
0000103000000010
0000085C00000140
000000160000C5C1
000000FF0000086C
000000000000083C
FFFFFFA400001034
000000000000FC71
000000150000C4C1
000000020000086C
000000000000083C
0000001000001033
0000005C00001030
000000140000C4C1
0000000F0000086C
000000000000083C
0000008400001033
000000010000083C
0000005C00001033
000000020000083C
0000014400001034
0000104100000106
00001030FFFFEE58
0000FCC10000005C
0000083C00000018
0000103400000000
0000103000000010
00000101000000E0
000010300000407C
0000FC0F0000002C
00001041FFFFFFD8
00001030FFFFEE10
0000010100000014
FFFFE1EC00001041
0000103000000844
00000990FFFFFEC4
0000099100024A72
0000080200023510
00000993000002DE
00001041000235B0
000010300001E05C
0000099000000000
0000099100024A42
00000802000234E0
00000993000002F3
0000104100023BC1
000010300001E02C
0000086400000000
000001C4000000FF
FFFFFFE00000FC7F
FFFFFFE80000FC6F
FFFFFFF00000FC5F
FFFFFFF80000FC4F
0000401F0000404F
0000099000001012
00000991000249DA
0000080200023478
0000099300000301
000010410002424F
000010300001DFC4
0000099000000000
00000991000249AA
0000080200023448
0000099300000311
00001041000234F2
000010300001DF94
0000400F00000000
0000FCCF0000403F
0000086000000028
000002E00000FFFF
0000086E00000007
00010DE10001FFF8
000000300000FCBF
0000103F000005DB
0000103000000010
0000080300000018
0000103000000000
0000080D00000084
0000C3D300000001
0000080D00000016
0000C5D300000002
0000C52300000015
0000C31300000014
0000C31300000012
0000080D00000010
00300BCD00000000
000000000000083B
0000532000001003
0000001400001030
0000103000010CCE
000001CD0000000C
000000000000FDD3
000000080000FDC3
0000404F000001C3
000010120000401F
0000403F0000400F
FFFFFFD800004050
FFFFFFF80000FD4F
FFFFFFF00000FD5F
0000000000000830
0000001000001034
000000A000001030
000000100000C2C0
000010400000051C
00020E1C000001D0
000000120000C2D0
0000086C000001C1
000005CD0000FFFF
000000980000103E
000000100000C2C0
0000C3C000010CEC
0002011D00000010
000000000000FC00
0000000000000830
FFFFFFB800001034
000247F600000990
0002329400000991
000001AF00000802
0002331C00000993
0001DDE000001041
0000000000001030
000247C600000990
0002326400000991
0000019800000802
000245B200000993
0001DDB000001041
0000000000001030
000000140000C4E0
00001033000005CD
0000086E000000BC
0000083E0000000F
0000103400000000
0000C4E0000000A4
0000086E00000015
0000083E00000002
0000103400000000
0000014100000084
0000FCE000020CC0
000101CE00000008
0000104100000150
0000083CFFFFE270
0000103400000000
0000103000000010
00000105000000B4
00000114000005C0
0000003800001033
000246FE00000990
0002319C00000991
000001BF00000802
00022C6800000993
0001DCE800001041
0000000000001030
000000100000C310
000000120000C310
000000000000FCC0
000000000000083C
0000001C00001033
0000010C00000140
FFFFFA7400001041
0000080C00000104
0000FDC000000000
0000FC5F00000000
0000FC4FFFFFFFF0
0000404FFFFFFFF8
000010120000401F
0002466600000990
0002310400000991
000001BD00000802
0002386F00000993
0001DC5000001041
0000000000001030
0000403F0000400F
FFFFFFE800004050
0000000000000830
0000001000001034
000000C400001030
000000010000080C
0000FFFF00000831
000000E00000103F
000000000000080E
0000000000000831
000000C400001033
000000100000C2D0
000001BD00010DD1
0000FFFF0000086B
0000103B0000051B
0000C6B0000000A4
0000083B00000014
0000103BFFFFFFFF
0000FCB00000008C
00020BB100000008
00000018000002A0
0000103D000005BA
0000FDB00000006C
0000C3D000000008
0000C2C000000010
00010CC100000012
000000120000C3C0
00001030000001CE
000009900000003C
0000099100024552
0000080200022FF0
00000993000001E2
0000104100023090
000010300001DB3C
000001CE00000000
0000401F0000404F
0000400F00001012
000040500000403F
00000830FFFFFFE8
0000103400000000
0000103000000010
0000080C0000008C
0000083100000001
0000103F0000FFFF
0000080E000000A8
0000083100000000
0000103300000000
0000C2D00000008C
0000051D00000012
0000007C0000103B
0000C3C000020CD1
0000FCC000000012
00010CC100000008
000000080000FDC0
000000100000C2C0
0000C3C000020CC1
000001CE00000010
0000003C00001030
0002446600000990
00022F0400000991
0000024E00000802
00022FA400000993
0001DA5000001041
0000000000001030
0000404F000001CE
000010120000401F
0000403F0000400F
FFFFFFE800004050
FFFFFFFF00000831
000000100000103B
000000B400001030
0000000000000830
0000001000001034
000000E400001030
000000000000080E
0000000000000831
000000FC00001033
0000086C000001C1
0000C2D00000FFFF
00010DDC00000010
000000010000080C
0000086B000001BD
000005BD0000FFFF
0000018C00001034
000000140000C6B0
FFFFFFFF0000083B
000000100000103B
0000012400001030
0000000000000832
0000015C00001033
000000080000FCC0
0000103000020BC1
0000083000000120
0000103400000000
0000103000000010
000008A100000074
000000120000C2C0
0000103B0000051C
0000103000000010
0000080C00000084
0000103000000001
0000099000000100
000009910002430A
0000080200022DA8
00000993000001E2
0000104100022E48
000010300001D8F4
000001CE00000000
000000C400001030
000242CE00000990
00022D6C00000991
0000024E00000802
00022E0C00000993
0001D8B800001041
0000000000001030
0000C3C000020CC1
0000FCC000000012
00010CC100000008
000000080000FDC0
000000100000C2C0
0000C3C000020CC1
0000080C00000010
0000103000000000
0000FCB000000050
00020BB100000008
00000018000002A0
0000103D000005BA
0000FDB000000030
0000C3D000000008
0000C2C000000010
00010CC100000012
000000120000C3C0
0000404F000001CE
000010120000401F
0000403F0000400F
FFFFFFE800004050
0000000100000802
FFFFFDC800001041
0000401F0000404F
0000400F00001012
000008300000403F
0000103300000000
0000080C00000034
0000084C00000000
000000000000FC00
0000000000000830
FFFFFFEC00001034
0000001000001030
000000000000080C
0000FFFF0000086C
0000401F0000404F
0000400F00001012
000040500000403F
00000830FFFFFFE8
0000103300000000
0000C4C000000074
0000084C00000016
000000160000C5C0
0000086E000001EC
00310CEC000000FF
000000010000086C
000000000000083C
0000003800001033
0002411E00000990
00022BBC00000991
0000034400000802
00023AE700000993
0001D70800001041
0000000000001030
0000401F0000404F
0000400F00001012
000040500000403F
00000830FFFFFFE8
0000103300000000
00000831000000AC
0000103300000000
0000FCC00000009C
0000083C00000000
0000103300000000
000001E000000044
0000C2C10000010C
0000C2DE00000010
00010CCD00000010
000000100000C3CE
000000000000FCC0
000000000000083C
FFFFFFCC00001034
000000100000C2C0
000000120000C2E0
00001033000005CE
0000103000000010
0000C2E100000030
0000FD1000000010
00010CEC00000000
000000100000C3C0
0000401F0000404F
0000099000001012
0000099100024012
0000080200022AB0
0000099300000364
00001041000237CB
000010300001D5FC
0000400F00000000
000040500000403F
00000830FFFFFFE8
0000103300000000
00000831000000AC
0000103300000000
0000FCC00000009C
0000083C00000000
0000103300000000
000001E000000044
0000C2C10000010C
0000C2DE00000010
00010CCD00000010
000000100000C3CE
000000000000FCC0
000000000000083C
FFFFFFCC00001034
000000100000C2C0
000000120000C2E0
00001033000005CE
0000103000000010
0000C2E1000000AC
0000FD1000000010
00010CEC00000000
000000100000C3C0
0000000000000831
0000007400001033
000000160000C4C1
0000C5C10000084C
000001EC00000016
000000FF0000086E
0000086C00310CEC
0000083C00000001
0000103300000000
0000099000000038
0000099100023ED2
0000080200022970
0000099300000344
000010410002389B
000010300001D4BC
0000404F00000000
000010120000401F
00023E9600000990
0002293400000991
0000036400000802
0002364F00000993
0001D48000001041
0000000000001030
0000403F0000400F
FFFFFFE800004050
0000000000000831
0000002800001033
000000100000C221
0000000000000803
0000002800001041
0000001000001030
000000F00000080C
0000404F000008CC
000010120000401F
0000403F0000400F
FFFFFFB000004050
FFFFFFF80000FD4F
FFFFFFF00000FD5F
FFFFFFE80000FD6F
FFFFFFE00000FD7F
0000080C00000161
00000836000000F0
0000103300000000
0000C2E600000054
0000083000000010
0000103300000000
0000086E0000003C
000005E20000FFFF
000000280000103D
0000C2E000010D32
000005DE00000010
000000100000103F
0000003800001030
0000FC7F000008CC
0000FC6FFFFFFFE0
0000FC5FFFFFFFE8
0000FC4FFFFFFFF0
0000404FFFFFFFF8
000010120000401F
FFFFFFC80000FDCF
0000000000000804
0000002000001030
000000000000083C
0000001000001034
0000024800001030
FFFFFFD00000FD3F
FFFFFFD80000FD0F
000000120000C2C6
0000C2E000020CC4
00020EE300000012
0000017200420CEC
0000086E000001E2
004205CE0000FFFF
000000080000FCC0
0000FCC6000100C3
000101C400000008
0000104100000125
0000FC0F000220B4
0000FC3FFFFFFFD8
00010353FFFFFFD0
000000120000C2E0
0000103E0000053E
0000103000000010
0001045400000154
000000120000C2C6
0000103E0000054C
0000103000000010
0000012700000164
0000054C00020225
0000086C000001C2
0000103D0000FFFF
0000080400000038
0000FC6600000000
0000083600000000
0000103400000000
0000083C00000018
0000103400000000
0000053E00000154
0000003800001034
0000000000000803
000000000000FC00
0000000000000830
0000001800001034
000000000000083C
0000012800001034
0000000000000836
0000003C00001033
000000100000C2E6
000000120000C2D6
00001034000005DE
0000FCE600000020
0000083E00000000
0000103400000000
00000830000000F4
0000103300000000
0000C2E0FFFFFE5C
0000C2D000000010
000005DE00000012
FFFFFE4000001034
000000000000FCE0
000000000000083E
0000001000001034
FFFFFE2000001030
000000FA0000080C
FFFFFDC800001030
00023B3600000990
000225D400000991
000003F700000802
000220B900000993
0001D12000001041
0000000000001030
00023B0600000990
000225A400000991
000003F800000802
000230B600000993
0001D0F000001041
0000000000001030
000000000000080C
FFFFFD5800001030
FFFFFFC80000FCCF
FFFFFD4800001030
FFFFFFC80000FCCF
FFFFFD3800001030
000000FA0000080C
FFFFFD2800001030
0000403F0000400F
FFFFFFB000004050
FFFFFFF80000FD4F
FFFFFFF00000FD5F
FFFFFFE80000FD6F
FFFFFFE00000FD7F
0000017000000152
0000000000000804
0000000000000837
0000013800001033
0000000000000831
0000012800001033
FFFFFFD00000FD1F
0000000000000835
0000011000001033
000000000000080E
0000FDEF0000014E
000001BEFFFFFFC8
0000086D000001D3
0000083D0000FFFF
0000103300000000
0000C2E700000024
000005DE00000012
000000100000103D
0000008800001030
0000086E000001EB
0000FDBF0000FFFF
0000FCBFFFFFFFD8
000100BEFFFFFFD0
000000080000FCE7
0000C2E7000101ED
00020DE300000012
0000FFFF0000086D
0000086E000001E5
004206DE0000FFFF
0000104100000126
0000FCBF00021D74
00020556FFFFFFD8
0001046400010B6B
FFFFFFC80000FC3F
0000000C00001030
0000FC770002033E
000001E500000000
0000FFFF0000086E
000000000000083E
0000001800001033
0000000000000837
FFFFFF1800001034
0000FFFF00000864
0000FC7F000001C4
0000FC6FFFFFFFE0
0000FC5FFFFFFFE8
0000FC4FFFFFFFF0
0000404FFFFFFFF8
000010120000401F
0000403F0000400F
FFFFFFB000004050
FFFFFFF80000FD4F
FFFFFFF00000FD5F
FFFFFFE80000FD6F
FFFFFFE00000FD7F
0000080C00000170
00000837000000F0
0000103300000000
0000083100000104
0000103300000000
0000C2C7000000F4
000005C200000010
000000100000103D
0000001800001030
000000FF0000080C
000000C800001030
0000000000000804
FFFFFFD00000FD2F
0000000000000832
FFFFFFC80000FD4F
0000007C00001033
FFFFFFD00000FC6F
FFFFFFD80000FD1F
0000000000000837
0000001000001034
000000D800001030
FFFFFFD80000FCCF
0000C2C7000101C4
0042056C00000012
000000080000FC07
0000104100000125
0001045400021BDC
0000FC7700020665
0000083600000000
0000103400000000
0000FCCFFFFFFFA4
0000054CFFFFFFD0
FFFFFFC80000FCCF
0000001000001033
0000003800001030
0000FC7F000008CC
0000FC6FFFFFFFE0
0000FC5FFFFFFFE8
0000FC4FFFFFFFF0
0000404FFFFFFFF8
000010120000401F
0002376600000990
0002220400000991
000004E700000802
000224A500000993
0001CD5000001041
0000000000001030
0002373600000990
000221D400000991
000004DC00000802
000226E900000993
0001CD2000001041
0000000000001030
0000403F0000400F
FFFFFFA800004050
FFFFFFF80000FD4F
FFFFFFF00000FD5F
FFFFFFE80000FD6F
FFFFFFE00000FD7F
0000000000000805
0000000000000830
0000005000001033
000000120000C2C0
0000086E000001E3
000005EC0000FFFF
0000002C0000103D
0000FC000002033C
0000083000000000
0000103400000000
00001030FFFFFFCC
000001500000000C
000000FF00000806
0000000000000835
0000004000001033
0000086C000001C3
00010EC20000FFFF
000000100000C2D5
0000103F000005ED
0000103000000010
000001C600000048
0000000C00001030
000008CC000001C6
FFFFFFE00000FC7F
FFFFFFE80000FC6F
FFFFFFF00000FC5F
FFFFFFF80000FC4F
0000401F0000404F
0000C2E500001012
000005EC00000012
000000100000103F
000001B800001030
000000080000FCD5
000207E3000100DC
0000FFFF00000867
0000FD1F00420C72
00000142FFFFFFD8
FFFFFFD00000FDCF
000010410000012C
000005470002199C
000001A00000103E
000000F00000080C
000000000000FC55
FFFFFFD80000FCDF
000000000000083D
FFFFFF4C00001033
0000000000000835
FFFFFF3C00001033
FFFFFFD00000FCCF
000001CA00020A4C
0000FFFF0000086C
000000100000C2B5
000001C6000005BC
FFFFFF0C0000103D
0000FFFF0000086A
000000000000080C
0000016C00000547
000000AC0000103E
FFFFFFD00000FCEF
0000FDEF00010EDE
00000806FFFFFFD8
0000017A00000000
FFFFFFC80000FDCF
FFFFFFC00000FDAF
0000000000000835
0000001000001034
000000E000001030
FFFFFFD80000FCEF
0000C2E5000101E6
0042047E00000012
000000080000FC05
0000104100000124
0000FCAF00021894
0000FCCFFFFFFFC0
00010646FFFFFFC8
0000FC5500020774
0000083700000000
0000103400000000
0000056AFFFFFF94
FFFFFE3C00001033
0002345600000990
00021EF400000991
000004E700000802
0002219500000993
0001CA4000001041
0000000000001030
0002342600000990
00021EC400000991
0000050200000802
000219C000000993
0001CA1000001041
0000000000001030
000000000000080C
FFFFFDCC00001030
000233E600000990
00021E8400000991
000004DC00000802
0002239900000993
0001C9D000001041
0000000000001030
0000403F0000400F
FFFFFFE000004050
FFFFFFF80000FD4F
0000012100000142
000000100000C214
FFFFE2B000001041
000000000000083C
0000008400001033
0000000000000834
0000004400001033
000000100000C224
0000000000000803
000001140000010C
000010410000014C
000001ECFFFFF53C
0000083E000001C4
0000103300000000
0000099000000040
000009910002332A
0000080200021DC8
0000099300000543
0000104100022F48
000010300001C914
0000080C00000000
0000FC4F00000000
0000404FFFFFFFF8
000010120000401F
0000403F0000400F
000000000000080C
0000000000000830
0000005000001033
000000120000C2E0
0000086D000001D1
000005DE0000FFFF
0000002C0000103D
0000FC000002011E
0000083000000000
0000103400000000
00001030FFFFFFCC
000001C00000000C
000000000000083C
0000003400001033
0000FFFF00000861
000000120000C2EC
0000103E000005E1
0000FCCC00000018
00010CC100000008
0000404F0000742C
000010120000401F
0000403F0000400F
FFFFFFB800004050
FFFFFFF80000FD4F
FFFFFFF00000FD5F
FFFFFFE80000FD6F
FFFFFFE00000FD7F
0000099C00000150
0000FC1C00023DD4
0000C00C00000000
0000104100000020
000001BC00018668
000000080000FCC5
000000090000C47C
00051C280000099C
000000000000FCEC
000000000000083E
0000026000001033
000000000000080C
000000FF00000867
0000FDBF0000016C
00001030FFFFFFD8
0000FCE600000028
0000083E00000010
0000103400000000
0000103000000010
0000014600000224
0000C4E60000016E
000005E700000018
FFFFFFCC00001034
000000080000C4E6
000000000000083E
0000003800001033
00023D080000099D
000000080000FCDD
0000006C0000C4DD
0000086D0000084D
000005ED000000FF
FFFFFF8400001034
0000083B000079E6
0000103300000000
00000F1E00000024
000000000000083E
0000004400001033
FFFFFF5400001030
00023CA80000099D
000000200000C0DD
0000083E00000F1E
0000103300000000
00000F1D00000018
00001034000005ED
0000C4E6FFFFFF20
0000086E00000019
0000083E00000001
0000103300000000
0000099E0000002C
0000C0EE00023C54
0000C0D60000001C
000005DE00000004
FFFFFEDC00001034
000000200000FCE6
000000000000083E
FFFFFEC400001033
000000080000FCC5
FFFFFFD00000FDCF
000000280000FC06
00023C000000099C
0000001C0000023C
0000012500000116
0000083C0000407E
0000103300000000
0000080500000060
0000083400000000
0000103300000000
0000FCE600000074
0000FDE400000010
0000099E00000010
0000FCDE00051A34
0000FDD600000000
0000FD6E00000010
0000FCBF00000000
00001030FFFFFFD8
0000FCE50000003C
0000FCDF00000008
000005EDFFFFFFD0
FFFFFFD80000FCBF
0000001800001033
0000007400001030
FFFFFFD80000FCBF
000000000000083C
0000004C00001034
000000020000080C
FFFFFDD400001030
000000000000080C
FFFFFFE00000FC7F
FFFFFFE80000FC6F
FFFFFFF00000FC5F
FFFFFFF80000FC4F
0000401F0000404F
0000080C00001012
0000103000000001
00000990FFFFFFCC
0000099100022F0A
0000080200021EE5
00000993000000C1
0000104100022BDF
000010300001C4F4
0000400F00000000
000008300000403F
0000103300000000
000079C00000006C
0000000000000831
0000005800001033
0000083C00000F1C
0000103300000000
0000099C00000044
0000FCCC000518FC
000079E100000000
000000000000083E
0000002000001033
000000000000083C
0000001000001033
0000003400001030
0000401F0000404F
0000FCCC00001012
0000083C00000010
0000103400000000
0000103000000010
000079E0FFFFFFDC
000005DE000079DC
FFFFFFD400001034
000078EC000079E1
FFFFFFC400001030
0000403F0000400F
FFFFFFE800004050
000210F000001041
0000C0000000087C
000233F00000099E
0000404F000076CE
000010120000401F
0000403F0000400F
FFFFFFE800004050
0000C0C100000110
0000083C00000020
0000103400000001
0000099000000038
0000099100022DAA
0000080200021CC9
00000993000000D4
0000104100021F3F
000010300001C394
0000080000000000
0000104100000002
0000404FFFFFD0E8
000010120000401F
0000403F0000400F
FFFFFFE800004050
0000004C00001041
000517D00000099C
000001DE000075EC
000074DC0000084D
000000010000086E
000000000000083E
0000001000001034
0000024000001041
0000401F0000404F
0000400F00001012
000040500000403F
0000FD4FFFFFFFC0
0000FD5FFFFFFFF8
0000FD6FFFFFFFF0
0000FD7FFFFFFFE8
0000099CFFFFFFE0
000075EC00051764
000074EC0000084E
000517380000099C
000000000000FC4C
0000000000000834
000001A400001033
000000010000080C
FFFFFFD80000FDCF
0000000000000806
0000002800001030
000516F80000099C
000000000000FC4C
0000000000000834
0000016400001033
000516F00000099C
0000C4E4000075CC
000005EC0000002E
0000001000001033
0000001800001030
000000100000FC44
0000011C00001030
0000002E0000C5C4
0000002A0000C2C4
0000086E000001EC
0000083E00000001
0000103300000000
0000087C0000003C
0000C3C400000002
000001040000002A
0000B30800001041
0000002A0000C2C4
0000FFFC0000086C
0000002A0000C3C4
0000002A0000C2C4
0000086E000001EC
0000083E00000008
0000103300000000
0000086C00000024
0000C3C40000FFF7
000001040000002A
00002CC000001041
000000100000FC74
000000980000FCC4
000000000000083C
0000003800001033
000515F100000995
0000010400007465
00002E1000001041
0000083C000075C5
000001C600000000
0000001400001034
0000FCCF00000147
0000083CFFFFFFD8
0000103400000000
0000103000000010
00000834FFFFFE9C
0000103400000000
0000FC7FFFFFFEAC
0000FC6FFFFFFFE0
0000FC5FFFFFFFE8
0000FC4FFFFFFFF0
0000404FFFFFFFF8
000010120000401F
0000403F0000400F
FFFFFF9000004050
FFFFFFF80000FD4F
FFFFFFF00000FD5F
FFFFFFE80000FD6F
FFFFFFE00000FD7F
000515340000099C
0000084E000079EC
0000099C000078EC
000075EC00051524
000074EC0000084E
000514F80000099C
000000000000FC4C
0000000000000834
000009F400001033
000000000000080C
000000010000080E
FFFFFFD00000FDEF
FFFFFFC00000FDCF
000010300000016C
0000FCC400000028
0000016400000010
000008340000014C
0000103300000000
0000C0C4000009A8
0000083C00000020
000010330000000A
0000083C00000B30
0000103300000001
0000083C00000B50
0000103400000000
0000103000000010
0000099E00000B68
000075EE00051464
0000002E0000C4D4
00001034000005DE
0000103000000010
0000C5E4FFFFFF80
0000083C0000002E
0000103400000002
0000C4C400000028
0000083C00000052
0000FC7F00000005
0000103FFFFFFFD0
0000C4C400000318
0000083C00000052
0000FC7F0000000B
0000103FFFFFFFD0
0000C4C4000002F8
0000083C000000D5
0000103300000000
0000FCE400000118
0000083E00000088
0000103300000000
0000103000000010
0000FCE400000C00
0000083E00000080
0000103400000000
0000103000000010
0000C4E400000C40
0000083E000000D6
0000FC7F0000000B
0000103FFFFFFFD0
0000085C00000280
0000099E00000F1C
00010CEC0002299F
0000C4E4000075CC
000005EC000000D4
0000001400001040
0000C5E40000084E
00000807000000D4
0000C4E400000000
000005EC000000D4
0000022C0000103D
000000700000C214
0000000000000831
0000001000001034
000001B000001030
0000104100000104
0000083C0000A458
0000103400000000
00000104000001C4
0000AF6800001041
000000000000080E
0000103000300CCE
0000C2C40000018C
0000083C00000040
0000103F00007FFE
0000084C00000014
000000400000C3C4
0000000000000807
000000500000C7C4
000000400000C7E4
00001039000005EC
0000010400000188
0000BEA400001041
000000000000083C
0000003800001033
000000880000FCC4
000000000000083C
0000015400001034
000000800000FCC4
000000000000083C
0000013C00001033
000000200000C0C4
000000020000083C
0000006400001033
0000004C0000C7C4
000000030000092C
0000004E0000C7E4
0000C4E400010CCE
0000080D00000052
00420EED0000000C
000228220000099D
000075EE00010EDE
00000F0C00200CCE
00007FFF0000080E
0000C3C400400CCE
0000C2C400000050
0000C2E400000070
00420CEC00000058
000000420000C2E4
000000580000C3E4
000008DE000008EC
0000FFFE0000086E
0000C3C400430CCE
0000C3740000005A
0000C37400000040
000001040000007A
0000BFC800001041
0000006400001030
0000104100000104
0000080E0000CF24
00310CCE00000000
000000010000086C
000000000000083C
0000003400001034
000000D40000C574
000000D50000C4C4
000000060000083C
000000140000103F
0000C5C40000084C
0000C0C4000000D5
0000083C00000020
0000103400000006
0000C2E40000005C
0000086E0000002A
0000083E00000010
0000103300000000
0000C0E40000003C
0000099D00000030
000079DD000510B0
00000F1E00020EDE
000000280000080D
0000086E00380EED
0001077E00000001
000000010000080E
FFFFFFC80000FDEF
000000090000C4E4
000000080000086E
000000000000083E
000000EC00001033
000000070000083C
0000001800001033
000000040000083C
000000CC00001034
000000D00000C0C4
000A4CB8000002EC
978D4FE000000FED
00130DED0083126E
000000300000C0E4
0005100C0000099B
00020EBE000079BB
000005DE00000F1E
0000002400001040
000000000000080C
FFFFFFC80000FDCF
0000103000000847
0000C4D400000068
00000B8D000000D7
00010CDC000124F8
978D4FE000000FED
00130CCD0083126E
00001040000005CE
0000010400000038
0000CC3800001041
000000000000083C
0000001C00001034
000000D70000C4C4
0000C5C40000084C
0000FC54000000D7
0000083500000090
0000FD6F00000000
00001033FFFFFFD8
0000099C000000C4
000079CC00050F50
000000300000C0E4
00000F1C00020CCE
000000500000C7E4
0000000600000B8E
000005CE00000F1E
000000880000103D
0000003800001030
0000000400000800
0000104100000115
00000836FFFFC7E8
0000015600000000
0000001000001034
0000003800001030
000000000000FC65
000000080000FC05
0000000000000830
FFFFFFB800001033
FFFFD80400001041
FFFFFFA800001030
000000000000080C
000000900000FDC4
FFFFFFD80000FC6F
000000200000C0C4
000000030000083C
0000003C00001034
000000300000C0E4
00050E740000099D
00020EDE000079DD
0000080D00000F1E
00380EED00000028
000000010000086E
0000083C0001077E
0000103400000009
0000C0C400000048
0000099E00000030
000079EE00050E30
00000F1C00020CEC
000000F00000080E
0000083C00380CCE
0000100300000000
000008070000787C
0000086700000001
00000837000000FF
0000103300000000
0000FC7400000068
00000104000000C8
000021C800001041
00050DB80000099C
000000000000FCCC
0000000000000836
0000008400001033
00001034000005C4
0000103000000010
0000FCC400000590
0000FDC600000010
0000103000000010
0000FC5400000084
0000C4C400000010
0000084C0000002C
0000002C0000C5C4
0000002D0000C4E4
000000FF0000086C
0000103D000005CE
0000103000000010
0000016400000158
0000103000000145
000005C4FFFFF888
0000001000001033
000005A400001030
000000100000FCC4
00050D000000099E
000000000000FDCE
FFFFFFC80000FCCF
000000000000083C
0000005C00001034
000000340000C024
000000600000C014
000000260000C2C4
000000280000C2E4
0000FDED0000403D
0000FDCD00000028
000002C400000020
0000FDCD00000004
0000010400000018
0000104100000134
0000FC640000C360
0000FC5400000010
0000C0C400000018
0000083C00000020
0000103400000001
0000103000000010
0000080000000400
0000011400000002
FFFFC54400001041
00050C510000099C
000000000000080E
00000837000074EC
0000103300000000
0000080100000018
00000105FFFFFFF3
0000099C00004077
000075CC00050C1D
000000000000083C
0000FC6F00000146
00001033FFFFFFD8
00001030FFFFF750
0000080600000084
0000C56400000000
0000099C0000002C
0000746C00050BDD
000000C00000FCC4
000000000000083C
0000002400001033
000000180000FC04
0000407C00000114
0000103000300CC6
0000080C00000010
0000099E00000001
000075EE00050B95
000000000000083E
0000001000001034
0000003800001030
00050B600000099C
000000000000FC4C
0000000000000834
FFFFFFC00000FC6F
0000005400001033
FFFFF6AC00001030
000000010000086C
000000000000083C
0000002400001033
0000104100000104
000001640000A7BC
0000103000000145
00000164FFFFF668
0000103000000145
0000099CFFFFF658
0000FC4C00050AF4
0000083400000000
0000103300000000
000008060000015C
0000080500000000
0000103000000002
0000FCC400000030
0000016400000010
000008340000014C
0000103400000000
0000103000000010
0000C0C40000011C
0000083C00000020
000010330000000A
0000103000000010
0000C0C4000001B8
0000099E00000030
000079EE00050A78
00000F1C00020CEC
000000F10000083C
FFFFFF940000103D
0000104100000104
0000099C00001E44
0000FCCC00050A3C
0000083600000000
0000103300000000
000005C400000034
0000001000001034
000001DC00001030
000000100000FCC4
000000100000FDC6
0000003400001030
00001033000005C4
0000103000000010
0000FCC400000210
0000099E00000010
0000FDCE000509D4
0000C0C400000000
0000083C00000020
0000103400000001
0000103000000010
0000FC7400000118
0000010500000010
0000104100000114
00000147FFFFC288
FFFFFEDC00001030
FFFFFFE00000FC7F
FFFFFFE80000FC6F
FFFFFFF00000FC5F
FFFFFFF80000FC4F
0000401F0000404F
0000099000001012
0000099100021ED2
0000080200020DF1
00000993000004C4
0000104100020C27
000010300001B4BC
0000099000000000
0000099100021EA2
0000080200020DC1
00000993000004C3
0000104100020EDD
000010300001B48C
0000099000000000
0000099100021E72
0000080200020D91
00000993000004C2
0000104100021BB6
000010300001B45C
0000099000000000
0000099100021E42
0000080200020D61
00000993000005A5
0000104100020499
000010300001B42C
0000099000000000
0000099100021E12
0000080200020D31
00000993000000D4
0000104100020FA7
000010300001B3FC
0000099000000000
0000099100021DE2
0000080200020D01
00000993000000D4
0000104100020F77
000010300001B3CC
0000099000000000
0000099100021DB2
0000080200020CD1
00000993000005B3
00001041000204A0
000010300001B39C
0000099000000000
0000099100021D82
0000080200020CA1
0000099300000571
000010410002175D
000010300001B36C
0000099000000000
0000099100021D52
0000080200020C71
00000993000005B7
000010410002116C
000010300001B33C
0000099000000000
0000099100021D22
0000080200020C41
00000993000004D8
0000104100021951
000010300001B30C
0000099000000000
0000099100021CF2
0000080200020C11
0000099300000575
00001041000216F8
000010300001B2DC
0000099000000000
0000099100021CC2
0000080200020BE1
00000993000004D9
00001041000214A8
000010300001B2AC
0000400F00000000
000040500000403F
00000830FFFFFFE8
0000103300000000
0000C0C000000050
0000083C00000020
0000103300000001
0000C2C000000020
0000087C0000002A
0000C3C000000010
000008010000002A
0000104100000001
0000103000000028
0000080C00000010
000008CC000000F0
0000401F0000404F
0000400F00001012
000040500000403F
0000FD4FFFFFFFC0
0000FD5FFFFFFFF8
00000140FFFFFFF0
0000000000000831
0000006800001033
000000200000C0C4
000000070000083C
0000001800001033
000000040000083C
0000004000001034
000000980000FCC4
000000000000083C
0000011800001034
000000380000C2C4
00000B680000083C
0000001000001033
000000F800001030
000000200000C0C4
000000000000083C
0000025C00001033
000000020000083C
000001DC00001033
000000010000083C
000002B000001034
000000010000080C
000000000000080E
0000002400001030
0000083C0000084C
0000103400000004
0000103000000010
000001DC00000290
000000030000091D
000220E80000099B
0000FCDD00010DBD
0000FCDD00000000
0000083D00000000
0000103300000000
00001030FFFFFFB4
0000FCDD00000028
0000083D00000010
0000103400000000
0000103000000010
0000FCBDFFFFFF8C
000005B4000000A0
FFFFFFD400001034
000000A00000FDED
FFFFFFC400001030
0000002A0000C2C4
000000100000086C
000000000000083C
0000003800001034
00021A6E00000990
0002098D00000991
0000016400000802
000207EF00000993
0001B05800001041
0000000000001030
000000340000C024
000000600000C014
000000260000C2C4
000000280000C2E4
0000FDED0000403D
0000FDCD00000028
000002C400000020
0000FDCD00000004
0000010400000018
0000104100000134
000001040000BB40
0000186800001041
000504580000099C
000000000000FCCC
00001033000005C4
000001EC000001E4
000000000000083E
000001E800001033
000000100000FCCE
00001034000005C4
0000FCC4FFFFFFE0
0000FDCE00000010
0000103000000010
00000990000001BC
00000114000503FC
0000082400001041
000503F90000099C
000000010000080E
0000C0C4000074EC
0000083C00000020
0000103400000001
0000099000000120
0000099100021942
0000080200020861
00000993000000D4
0000104100020AD7
000010300001AF2C
0000C2C400000000
0000083C00000026
0000103300000000
0000099C00000228
0000FCCC0005036C
000005C400000000
000001E400001033
0000083E000001EC
0000103300000000
0000FCCE000001E8
000005C400000010
FFFFFFE000001034
000000100000FCC4
000000100000FDCE
000001BC00001030
0000104100000104
00001030000019CC
0000015E000001D4
000502F000000990
0000104100000114
0000C0C400000728
0000083C00000020
0000103400000001
000009900000005C
000009910002185A
0000080200020779
00000993000000DF
00001041000204F5
000010300001AE44
0000080000000000
0000011400000002
FFFFBB9400001041
000000000000080C
0000015000001030
0000000300000800
0000104100000114
000001C5FFFFBB70
0000013000001030
000000100000FCCC
000502580000099E
000000000000FDCE
000000000000080C
000000100000FDC4
000502490000099E
000000010000080D
0000099E000074DE
0000FCEE0005029C
000005E400000000
0000001000001034
0000005000001030
000000200000C0E4
000000010000083E
0000005000001034
0002176E00000990
0002068D00000991
000000D400000802
0002090300000993
0001AD5800001041
0000000000001030
000010410000014C
000001C400005198
0000007000001030
0000000200000800
0000014C00000114
FFFFBA8C00001041
00001030000001C4
0000FCCC0000004C
0000099E00000010
0000FDCE0005016C
0000080C00000000
0000FDC400000000
0000080000000010
0000011400000002
FFFFBA4400001041
000000000000080C
FFFFFFF00000FC5F
FFFFFFF80000FC4F
0000401F0000404F
0000400F00001012
000040500000403F
0000FD4FFFFFFF80
0000FD5FFFFFFFF8
0000FD6FFFFFFFF0
0000FD7FFFFFFFE8
00000151FFFFFFE0
0000083400000140
0000103300000000
0000C0C4000004E4
0000083C00000020
000010330000000A
0000083C00000048
0000103400000001
0000099000000094
0000099100021632
0000080200020551
0000099300000241
000010410002088A
000010300001AC1C
0000099000000000
0000011400050084
000004A400001041
000000200000C0C4
000000010000083C
000000E800001034
000215D600000990
000204F500000991
000000D400000802
0002076B00000993
0001ABC000001041
0000000000001030
000000260000C2D4
000000180000FCE4
FFFFFFB00000FDEF
000000C80000FCE4
FFFFFFD00000FDEF
000000340000C0E4
FFFFFFC80000FDEF
000000600000C0E4
FFFFFFC00000FDEF
000000000000083C
0000001000001034
0000007400001030
FFFFFFB80000FDDF
0004FFB800000990
0000104100000114
0000099C000003E0
0000080E0004FFB5
000074EC00000001
0000080C00000F15
00300C5C00000000
FFFFFFD80000FDCF
000000F000001030
0000000200000800
0000104100000114
00001030FFFFB860
0000080C00000364
0000FDCF00000001
0000086DFFFFFFD8
0000083D0000FFFF
0000103300000000
0000099C00000064
0000FCCC0004FF24
000005C400000000
0000006000001033
0000083E000001EC
0000103300000000
0000FCCE00000064
000005C400000010
FFFFFFE000001034
000000100000FCC4
000000100000FDCE
0000003800001030
000000000000080C
FFFFFFB80000FDCF
0000003800001030
000000100000FCCC
0004FEA80000099E
000000000000FDCE
000000000000080C
FFFFFFB80000FDCF
000000100000FDC4
000000880000FC54
0000000000000835
0000007400001033
0000000400000806
0000003400001030
0000011500000106
FFFFB75400001041
0000000000000837
0000103400000157
0000103000000010
0000FC7500000038
0000FC0500000000
0000083000000008
0000103300000000
00001041FFFFFFBC
00001030FFFFC770
0000FC54FFFFFFAC
0000083500000080
0000103300000000
0000080600000074
0000103000000004
0000010600000034
0000104100000115
00000837FFFFB6D0
0000015700000000
0000001000001034
0000003800001030
000000000000FC75
000000080000FC05
0000000000000830
FFFFFFBC00001033
FFFFC6EC00001041
FFFFFFAC00001030
000000900000FC54
0000000000000835
0000007400001033
0000000400000806
0000003400001030
0000011500000106
FFFFB64C00001041
0000000000000837
0000103400000157
0000103000000010
0000FC7500000038
0000FC0500000000
0000083000000008
0000103300000000
00001041FFFFFFBC
00001030FFFFC668
0000FCCFFFFFFFAC
0000086CFFFFFFD8
0000083C00000001
0000103400000000
0000C2C400000064
0000403E00000028
000000280000FDCE
FFFFFFB80000FCCF
0000FFFF0000086C
000000200000FDCE
00000004000002C4
000000180000FDCE
0000FC1F00000104
0000FC2FFFFFFFC0
00000134FFFFFFC8
0000B35C00001041
000000200000C0C4
000000010000083C
0000003800001034
000211EE00000990
0002010D00000991
000000D400000802
0002038300000993
0001A7D800001041
0000000000001030
0000000200000800
0000104100000114
0000FCCFFFFFB528
0000083CFFFFFFD0
0000103300000000
000008010000001C
0000FC0FFFFFFFF3
0000407CFFFFFFB0
FFFFFFE00000FC7F
FFFFFFE80000FC6F
FFFFFFF00000FC5F
FFFFFFF80000FC4F
0000401F0000404F
0000400F00001012
000040500000403F
0000FD4FFFFFFFD8
0000FD5FFFFFFFF8
00000141FFFFFFF0
0000000000000834
0000001000001034
0000007400001030
0000000000000830
0000001000001034
0000008C00001030
000000000000FCC0
00001033000005C4
000001EC000000A8
000000000000083E
000000A400001033
000000100000FCCE
00001034000005C4
0000FCC4FFFFFFE0
0000FDCE00000010
0000103000000010
0000099000000078
00000991000210AA
000008020001FFC9
000009930000088D
000010410001F8E1
000010300001A694
0000099000000000
000009910002107A
000008020001FF99
000009930000088E
00001041000204BA
000010300001A664
0000FCCC00000000
0000FDC000000010
0000080500000000
0000FD5400000000
0000010400000010
00000EA800001041
000000200000C0C4
000000010000083C
0000005800001033
0000000A0000083C
0000004800001033
0000002A0000C2C4
0000086E000001EC
0000083E00000001
0000103300000000
0000087C00000024
0000C3C400000002
000001040000002A
000096E000001041
000000200000C0C4
000000010000083C
0000001000001033
0000003400001030
000000260000C354
000000200000C154
FFFFFFF00000FC5F
FFFFFFF80000FC4F
0000401F0000404F
0000FCC400001012
0000083C00000080
0000103300000000
0000099000000038
0000099100020F52
000008020001FE71
000009930000089D
000010410001F90C
000010300001A53C
0000FCC400000000
0000083C00000088
0000103300000000
0000099000000038
0000099100020F0A
000008020001FE29
000009930000089E
000010410002012F
000010300001A4F4
0000FCC400000000
0000083C00000090
0000103300000000
00000990FFFFFF34
0000099100020EC2
000008020001FDE1
00000993000008A0
000010410001F548
000010300001A4AC
0000400F00000000
000040500000403F
0000FD4FFFFFFFD0
0000FD5FFFFFFFF8
0000FD6FFFFFFFF0
00000140FFFFFFE8
0000000000000834
0000007400001033
0000000400000805
0000003400001030
0000011400000105
FFFFB1B400001041
0000000000000836
0000103400000146
0000103000000010
0000FC6400000038
0000FC0400000000
0000083000000008
0000103300000000
00001041FFFFFFBC
00001030FFFFC1D0
0000FC6FFFFFFFAC
0000FC5FFFFFFFE8
0000FC4FFFFFFFF0
0000404FFFFFFFF8
000010120000401F
0000403F0000400F
FFFFFFE800004050
0000000100000801
FFFFF70C00001041
0000401F0000404F
0000400F00001012
000040500000403F
0000080EFFFFFFE8
00300D1E00000000
00020E640000099C
000000000000083D
00008E8400001003
000008300000011C
0000103300000000
0000C0C000000038
0000083C00000020
0000103400000000
0000103000000010
0000080C00000030
00001030000000FA
0000080C00000010
000008CC000000F0
0000401F0000404F
0000083200001012
0000103300000000
0000080C000000DC
000001DE000000F8
000000030000091D
000212C80000099B
0000FCDD00010DBD
0000FCDD00000000
0000083D00000000
0000103300000000
0000103000000010
0000084E00000044
000000040000083E
FFFFFFB400001034
000001C800001030
000000100000FCDD
000000000000083D
0000001000001034
FFFFFFCC00001030
000000260000C2BD
00001034000005B2
000079BDFFFFFFD4
000000000000083B
FFFFFF3C00001033
0000083A000079A1
0000103300000000
000005BAFFFFFF28
FFFFFF1C00001033
FFFFFF9800001030
0000000000000802
000212200000099C
0000080E000077CC
0000080D0000FFFF
000001B2FFFFC000
0000002C00001030
0000084A000001AB
0000FFFF0000086B
00003FFE0000083B
0000103F000001BA
0000084C000000DC
0000086A000001AC
00300AAE0000FFFF
000000000000083A
0000903C00001003
000001AC000001CD
0000FFFF0000086A
0000103000000192
0000084900000024
0000000400000839
0000001000001034
0000007C00001030
0000091800000189
0000099300000003
000108380002114C
000000000000FC88
000000000000FC88
0000000000000838
FFFFFFB400001033
000000260000C238
000010340000053A
0000103000000010
0000FC88FFFFFF34
0000083800000010
0000103300000000
00001030FFFFFF80
0000012CFFFFFFCC
000211000000099E
000001C2000076CE
0000FFFF0000086C
000000000000083C
0000006000001033
0000083C000079C1
0000103300000000
000078C00000000C
000000260000C320
0004F5280000099C
000000000000FCEC
000000100000FDE0
000000000000FD0C
0000B92C00001041
000000000000080C
FFFFFD6C00001030
000000FE0000080C
FFFFFD5C00001030
0000403F0000400F
FFFFFFE800004050
0000000000000802
0000001400001041
0000401F0000404F
0000400F00001012
000040500000403F
0000FD4FFFFFFFD0
0000FD5FFFFFFFF8
0000FD6FFFFFFFF0
0000080CFFFFFFE8
0000083000000000
0000103300000000
0000C0E000000038
0000083E00000020
0000103400000000
0000103000000010
0000080E00000058
00001030000000F1
0000080E00000010
00000832000000F0
0000103300000000
000074E20000000C
FFFFFFE80000FC6F
FFFFFFF00000FC5F
FFFFFFF80000FC4F
0000401F0000404F
0000015C00001012
0000014200000160
0000000300000800
FFFFAC7400001041
000000000000083C
0000010000001033
0000FCE100000116
0000FDEC00000018
0000C2E100000018
0000080D00000026
0000C1DC00000001
0000C3EC00000020
0000C4D100000026
0000C5DC00000024
0000C4D100000024
0000C5DC00000009
0000C4D100000009
0000C5DC00000008
0000C4D100000008
0000C5DC0000000B
0000C4D10000000B
0000C5DC0000000A
000079D10000000A
0000083E000078DC
0000103300000000
0000099E000000A4
0000FCEE0004F33C
000005E100000000
0000006000001033
0000083D000001DE
0000103300000000
0000FCED00000064
000005E100000010
FFFFFFE000001034
000000100000FCE1
000000100000FDED
0000003800001030
000000FF0000080E
000001C500000124
FFFFFE9400001030
000000100000FCEE
0004F2C00000099D
000000000000FDED
000000000000080E
000000100000FDE1
000000200000C0E1
000000010000083E
0000003800001034
0002081600000990
0001F73500000991
000000D400000802
0001F9AB00000993
00019E0000001041
0000000000001030
0000000200000800
000010410000015C
0000099CFFFFAB50
0000FDC500000050
0000099C00000028
0000FCEC0004F22C
0000FDE500000000
0000FD5C00000010
0000104100000000
0000080E0000B638
000001C500000000
0000103000000124
0000400FFFFFFDC0
000040500000403F
00000831FFFFFFE8
0000103400000000
0000103000000010
0000080C00000034
0000010100000001
000010410000011C
0000080CFFFFF0A8
0000404FFFFFFFF3
000010120000401F
0002072E00000990
0001F64D00000991
0000031000000802
0001FF7000000993
00019D1800001041
0000000000001030
0000403F0000400F
FFFFFFE800004050
0000000000000830
0000001000001034
0000006C00001030
000000420000C2C0
000005B40000080E
0000C0C000420ECE
00010ACE0000003C
000000380000C2E0
000000340000C0D0
00020ABA00010BDE
0000083A00000F0A
0000103900000000
0000C3E000000050
00020CBC0000003A
0000401F0000404F
0000099000001012
0000099100020672
000008020001F591
00000993000003AA
000010410001F1CC
0000103000019C5C
00020CCD00000000
00000F0E000001EC
FFFFFFFF0000083E
000000100000103B
0000004000001030
00000F1E000001EC
000100000000083E
000000100000103D
0000003800001030
0000003A0000C3C0
000000000000080C
FFFFFF7000001030
000000000000080C
0000003A0000C3C0
FFFFFF5800001030
000205CE00000990
0001F4ED00000991
000003BA00000802
0001F24F00000993
00019BB800001041
0000000000001030
0000403F0000400F
FFFFFFE800004050
0000000000000830
0000019000001033
000000200000C0C0
000000010000083C
0000003800001034
0002056600000990
0001F48500000991
000003D700000802
0002028400000993
00019B5000001041
0000000000001030
000000380000C2C0
000001EC00010CC1
0000FFFF0000086E
0000080C00310DEC
0000083D00000B68
0000100300000000
00001030000096EC
00420CEC0000000C
000000420000C2E0
000005B40000080D
0000C0E000420DED
00010AED0000003C
000000380000C3C0
000000340000C0D0
00020ABA00010BDC
0000083A00000F0A
0000103900000000
0000C3C000000058
00020CBE0000003A
0000083C00000F1C
0000103F000002D9
0000103000000010
0000C2C000000094
0000087C0000002A
0000C3C000000002
000010410000002A
0000103000008B8C
00020CED0000006C
00000F0E000001EC
FFFFFFFF0000083E
000000100000103B
0000003800001030
00000F1E000001EC
000100000000083E
000000100000103D
0000003400001030
0000003A0000C3C0
0000001800001030
000000000000080C
0000003A0000C3C0
0000401F0000404F
0000099000001012
00000991000203EA
000008020001F309
00000993000003BA
000010410001F06B
00001030000199D4
0000400F00000000
000040500000403F
00000830FFFFFFE8
0000103400000000
0000103000000010
0000099C00000034
000079CC0004EE20
0002098C0000099E
00010CDC000079DE
0000404F000078CE
000010120000401F
0002036600000990
0001F28500000991
000008B900000802
0001F3CA00000993
0001995000001041
0000000000001030
0000403F0000400F
FFFFFFE800004050
0000000000000832
0000001000001034
0000007400001030
0000000000000831
0000004C00001033
000000600000C2C1
000000000000080E
0000083E00300ECE
0000100300000000
0000103000009914
0000080E00000020
00430CCE00000028
FFFFFFD8000002CC
000008600042000C
000001C00000FFFF
0000401F0000404F
0000099000001012
00000991000202A2
000008020001F1C1
00000993000008CF
000010410001FABD
000010300001988C
0000400F00000000
000040500000403F
0000FD4FFFFFFFC8
0000FD5FFFFFFFF8
0000FD6FFFFFFFF0
0000FD7FFFFFFFE8
00000140FFFFFFE0
000000900000FC54
0000000000000835
0000008400001033
0000000400000806
0000003400001030
0000011500000106
FFFFA58400001041
0000000000000837
0000103400000157
0000103000000010
0000FC7500000038
0000FC0500000000
0000083000000008
0000103300000000
00001041FFFFFFBC
00001030FFFFB5A0
0000080CFFFFFFAC
0000FDC400000000
0000FC7F00000090
0000FC6FFFFFFFE0
0000FC5FFFFFFFE8
0000FC4FFFFFFFF0
0000404FFFFFFFF8
000010120000401F
0000403F0000400F
FFFFFFC000004050
FFFFFFF80000FD4F
FFFFFFF00000FD5F
FFFFFFE80000FD6F
FFFFFFE00000FD7F
0000083400000140
0000103300000000
0000C0C400000248
0000083C00000020
0000103F0000000A
0000080E0000002C
00200CEC00000001
000004030000086C
000000000000083C
0000020C00001034
000000980000FC04
0000000000000830
0000000000000805
0000001800001033
FFFFB4B400001041
000000980000FD54
FFFFFFD80000FD5F
000000900000FC54
0000000000000835
0000008400001033
0000000400000806
0000003400001030
0000011500000106
FFFFA40C00001041
0000000000000837
0000103400000157
0000103000000010
0000FC7500000038
0000FC0500000000
0000083000000008
0000103300000000
00001041FFFFFFBC
00001030FFFFB428
0000FCCFFFFFFFAC
0000FDC4FFFFFFD8
0000080C00000090
0000C3C40000FFFF
0000FC5400000040
0000083500000080
0000103300000000
0000080600000074
0000103000000004
0000010600000034
0000104100000115
00000837FFFFA368
0000015700000000
0000001000001034
0000003800001030
000000000000FC75
000000080000FC05
0000000000000830
FFFFFFBC00001033
FFFFB38400001041
FFFFFFAC00001030
000000880000FC54
0000000000000835
0000007400001033
0000000400000806
0000003400001030
0000011500000106
FFFFA2E400001041
0000000000000837
0000103400000157
0000103000000010
0000FC7500000038
0000FC0500000000
0000083000000008
0000103300000000
00001041FFFFFFBC
00001030FFFFB300
0000FCCFFFFFFFAC
0000FDC4FFFFFFD8
0000FDC400000088
0000C3C400000080
0000FC7F00000078
0000FC6FFFFFFFE0
0000FC5FFFFFFFE8
0000FC4FFFFFFFF0
0000404FFFFFFFF8
000010120000401F
0000403F0000400F
FFFFFFD800004050
FFFFFFF80000FD4F
FFFFFFF00000FD5F
0000080500000140
0000C0C400000000
0000083C00000020
0000103300000007
0000083C00000090
0000103300000004
0000083C0000004C
0000103400000003
000001040000010C
00007FE000001041
000000000000083C
0000001000001033
0000008000001030
000000050000080C
0000006000001030
0000104100000104
0000083C00007FAC
0000103300000000
0000103000000010
0000080C0000004C
0000103000000005
000001040000002C
00007F7800001041
000000000000083C
0000002000001034
000000090000080C
000000200000C1C4
000000000000080C
FFFFFFFF0000083C
0000003C00001033
0000086E000001EC
0000083E000000FF
0000103400000000
0000010400000048
000084C000001041
00001030000001C5
0000C2C400000030
0000087C0000002A
0000C3C400000008
000001C50000002A
0000000C00001030
0000FC5F000001C5
0000FC4FFFFFFFF0
0000404FFFFFFFF8
000010120000401F
0000403F0000400F
FFFFFFC800004050
FFFFFFF80000FD4F
FFFFFFF00000FD5F
FFFFFFE80000FD6F
FFFFFFE00000FD7F
0000083500000150
0000103300000000
0000FC6500000064
0000C47600000098
0000080400000015
0000FD4500000000
0000FCC500000098
0000083C000000B0
0000103300000000
0000FC050000003C
0000080300000018
0000011500000000
0000407C00000126
0000009C00001030
000000F000000804
0000016800001030
0000000000000836
0000003800001033
000000100000C216
0000104100000105
00000106FFFFF6DC
FFFFB04400001041
000000000000080C
0000004C00001030
000000200000C0C5
000000010000083C
0000002000001033
0000002A0000C2C5
000000100000087C
0000002A0000C3C5
0000000100000801
0000104100000105
0000083CFFFFE008
00001033FFFFFFF3
0000086C000000B8
0000083C000000FF
0000103400000000
00000867000000AC
0000083700000020
0000103300000000
0000C2C5000000A4
0000083C00000038
0000103300000B68
0000084C00000014
000000380000C3C5
000000B00000FCC5
000000000000083C
0000006800001033
000000180000FC05
0000000000000802
0000013200000115
0000083C0000407C
00001033FFFFFFF3
0000103000000010
0000080400000034
00001030000000F3
0000014C00000024
0000001800001030
000000980000FD65
000000FB00000804
000001C4000008C4
FFFFFFE00000FC7F
FFFFFFE80000FC6F
FFFFFFF00000FC5F
FFFFFFF80000FC4F
0000401F0000404F
0000400F00001012
000040500000403F
0000FD4FFFFFFFE0
00000831FFFFFFF8
0000103300000000
0000083200000050
0000103300000000
0000C2C200000050
0000010100000010
000001420000011C
FFFFF51800001041
0000104100000104
0000080CFFFFAE80
0000103000000000
0000080C00000088
00001030000000F0
0000083300000078
0000103400000000
0000103000000010
0000080C00000018
0000103000000000
0000C0C100000050
0000083C00000020
0000103300000001
0000C2C100000020
0000087C0000002A
0000C3C100000010
0000080C0000002A
0000010100000001
000010410000011C
000008CCFFFFDE08
FFFFFFF80000FC4F
0000401F0000404F
0000400F00001012
000040500000403F
0000FD4FFFFFFFE0
00000140FFFFFFF8
0000000000000834
0000003C00001033
000000080000FC04
0000000000000830
0000001000001033
FFFFAD8C00001041
0000000400000800
0000104100000114
0000FC4FFFFF9D18
0000404FFFFFFFF8
000010120000401F
0000403F0000400F
FFFFFFD800004050
FFFFFFF80000FD4F
FFFFFFF00000FD5F
0000083500000150
0000103400000000
0000103000000010
000008000000005C
0000104100000004
0000014CFFFF9C38
0000000000000834
0000006800001033
0000002000000802
0000011500000104
0001DD1000001041
000000080000FC04
FFFFB78C00001041
0000004000001030
0001F8F600000990
0001E81500000991
0000068600000802
0001EA9C00000993
00018EE000001041
0000000000001030
0000000000000804
0000FC5F000001C4
0000FC4FFFFFFFF0
0000404FFFFFFFF8
000010120000401F
0000403F0000400F
FFFFFFD800004050
FFFFFFF80000FD4F
FFFFFFF00000FD5F
0000080000000140
0000104100000002
0000083CFFFF9B68
0000103400000000
0000099C0000039C
0000FC0C0004E2D4
0000083000000000
0000103300000000
0000103000000010
0000099C00000064
0000FCCC0004E2B4
0000083C00000000
0000103300000000
0000080B000000F0
0000099E00000000
000079EE0004E298
00001030000001DB
0000083500000098
0000010500000000
0000001000001034
FFFFFFAC00001030
000000100000FC50
0000002A0000C2C0
0000086E000001EC
0000083E00000008
0000103300000000
0000086CFFFFFFC0
0000C3C00000FFF7
000010410000002A
00001030FFFFF8CC
00430DADFFFFFFA0
000000100000FCCC
000000000000083C
00001034000001B0
0000103000000010
0000C0AC00000048
00020AEA00000030
00000F1D00000F1A
00000839003609AD
0000010C00000000
0000A45C00001003
000010300000010B
00000800FFFFFFA8
0000083000000000
0000103300000000
0000080100000018
0000104100000001
00000800FFFFE068
0000104100000002
0000083CFFFF99F0
0000103400000000
0000099C00000224
0000FCCC0004E15C
0000083C00000000
0000103300000000
00000800000000A0
0000099E00000000
000079EE0004E148
00001030000001D0
00430DBD00000030
0000FCCC0000010A
0000083C00000010
0000103400000000
0000103000000010
0000C0BC00000060
0000083B00000020
0000103400000009
0000C0BCFFFFFFD0
00020BEB00000030
00000F1D00000F1B
0000083A00360ABD
000001AC00000000
0000A54400001003
00001030000001A0
00000800FFFFFF90
0000083000000000
0000103300000000
0000080100000018
0000104100000000
00000800FFFFDF68
0000104100000002
0000083CFFFF98F0
0000103400000000
0000099C00000124
0000FCCC0004E05C
0000083C00000000
0000103300000000
00000800000000A0
0000099E00000000
000079EE0004E048
00001030000001D0
00430DBD00000030
0000FCCC0000010A
0000083C00000010
0000103400000000
0000103000000010
0000C0BC00000060
0000083B00000020
0000103400000008
0000C0BCFFFFFFD0
00020BEB00000030
00000F1D00000F1B
0000083A00360ABD
000001AC00000000
0000A64400001003
00001030000001A0
00000800FFFFFF90
0000083000000000
0000103300000000
0000080100000018
0000104100000000
00000800FFFFDE68
0000104100000002
0000083CFFFF97F0
0000103400000000
0000010400000024
0000012800001041
0000000200000800
FFFF97C400001041
000000000000083C
000000EC00001033
0000000000000801
000000D800000802
0000015C0000010C
0001D8F400001041
0000C54C000001C5
0000080E00000024
0000C1EC0B680B68
0000080E00000038
0000C5EC000000FF
0000080E0000000B
0000C3EC00000006
0000C3EC00000050
0000080E0000004E
0000C3EC00000001
0000080E00000058
0000C1EC0218FFFF
0000080E00000040
0000C3EC000016D0
0000099D00000074
000079DD0004DEB0
000000300000C1DC
0004DEA00000099D
0000C5DC000075DD
0000C3EC0000002E
0000099E0000005A
0000FDECFFFFF8F0
0000080E000000B0
0000C1EC006DDD00
0000FC5F000000D0
0000FC4FFFFFFFF0
0000404FFFFFFFF8
000010120000401F
0000403F0000400F
FFFFFFE800004050
0000000000000830
0000010C00001033
0004DE100000099C
000000000000FCCC
000000000000083C
000000C400001033
0000007F0000080E
0000080E00420B0E
0000099D00000000
000079DD0004DDF0
0000010E0000085B
0000003C00001030
000000300000C0EC
0000010C00020EDE
0000FCCC000001BA
0000083C00000010
0000103400000000
0000103000000010
0000C4AC00000068
0000019B00000024
000000FF00000869
0000103D000005A9
000005A9FFFFFFB4
FFFFFFBC00001034
000000300000C09C
00000F19000209D9
00000F180000018E
0000103D00000598
00001030FFFFFF98
00000800FFFFFF7C
0000083000000000
0000103300000000
0000080100000018
0000104100000001
0000404FFFFFDBF8
000010120000401F
0000403F0000400F
FFFFFFE800004050
0000004000000800
FFFFF9D000001041
0000401F0000404F
0000400F00001012
000040500000403F
00000830FFFFFFE8
0000103300000000
0000C0C000000058
0000083C00000020
0000103400000001
0000099000000038
000009910001F222
000008020001E141
00000993000007E8
000010410001E7ED
000010300001880C
0000FD1000000000
0000404F000000B0
000010120000401F
0000403F0000400F
0000000000000830
0000002800001033
000000200000C0C0
000000010000083C
0000001000001034
000000280000FD10
0000401F0000404F
0000400F00001012
000040500000403F
0000FD4FFFFFFFC8
0000FD5FFFFFFFF8
0000FD6FFFFFFFF0
0000FD7FFFFFFFE8
00000141FFFFFFE0
0000083500000150
0000103300000000
000079C500000160
000000000000083C
0000014C00001033
0004DBB80000099C
000000000000FC0C
0000000000000830
0000006400001033
0000000100000806
0000002400001030
0000000000000837
0000103400000107
0000103000000010
0000FC7000000038
000079C500000010
000005EC000079E0
FFFFFFD000001034
0000104100000116
00001030FFFFDA30
0000099CFFFFFFBC
0000FC0C0004DB34
0000083000000000
0000103300000000
0000080600000064
0000103000000001
0000083700000024
0000010700000000
0000001000001034
0000003800001030
000000100000FC70
000079E0000079C5
00001034000005EC
00000116FFFFFFD0
FFFFD9B400001041
FFFFFFBC00001030
0000000000000834
0000004400001033
0004DAA00000099C
000000000000FCCC
0000083E000079E4
0000103300000000
0000083C00000020
0000103300000000
0000103000000010
0000FC7F00000054
0000FC6FFFFFFFE0
0000FC5FFFFFFFE8
0000FC4FFFFFFFF0
0000404FFFFFFFF8
000010120000401F
000000100000FCCC
000000000000083C
0000001000001034
FFFFFFBC00001030
000079DC000079E5
00001034000005DE
000079E4FFFFFFD4
00001030000078EC
0000400FFFFFFFC4
000040500000403F
0000FD4FFFFFFFB0
0000FD5FFFFFFFF8
0000FD6FFFFFFFF0
0000FD7FFFFFFFE8
00000830FFFFFFE0
0000103400000000
0000103000000010
0000FCC000000144
0000099E00000008
0000FDCE0004D9D4
0000C2C000000000
0000083C00000012
0000103D00000014
0000099C000000E0
0000FC1C0001FAEC
0000C0CC00000000
0000015000000020
000010410000010C
0000010500014378
000000000000083C
000000A400001034
0001FAB00000099C
000000200000C0CC
000000F00000086C
000000E00000083C
0000007C00001033
0004D9480000099C
000000000000FCCC
0000000C0000C4EC
0000000D0000C4CC
000000080000091C
00001041000400CE
00000105FFFF7388
0000000A0000092C
000000140000083C
0000002C0000103D
0000003C0000086C
000000100000C2E0
0000103F000005CE
0000103000000010
000010410000006C
0000FC7FFFFFA210
0000FC6FFFFFFFE0
0000FC5FFFFFFFE8
0000FC4FFFFFFFF0
0000404FFFFFFFF8
000010120000401F
0001EE0600000990
0001E84600000991
0000008300000802
0001ECDB00000993
000183F000001041
0000000000001030
0004D8800000099E
0000000000000804
000000000000FD4E
FFFFFFEC000002EC
0004D8580000099D
0000C2D0000076ED
000005DC00000012
000000100000103D
0000012000001030
000000000000FCC0
000000000000083C
0000001000001034
0000076C00001030
0000001400000801
0000104100000105
0000C265FFFFA850
0000099C00000012
0000766C0004D804
0004D7E80000099C
000001050000777C
0000104100000116
00000105FFFFA820
0000011600020676
0000FFFF00000861
000000000000FCC0
000000120000C2EC
0000103F0000051E
0000FCECFFFFFEC8
0000099D00000008
0000FDED0004D79C
0000010C00000000
FFFFA7CC00001041
0000C2EC000001C5
00020EE600000010
000000100000C3EC
000000120000C2DC
000000000000083D
0000084400001033
0001ECA600000990
0001E6E600000991
000000DF00000802
0001D82400000993
0001829000001041
0000000000001030
0004D7280000099D
0000011C000076ED
FFFFA75400001041
0004D6F800000996
000000000000FCC6
0000C4CC000075EC
0000091C00000001
000400CE00000008
FFFF713C00001041
0000092E000001EC
0000FCD600000008
0000C5ED00000000
000074CD00000001
000000020000C4CD
000000030000C4ED
000000080000091E
00001041000400EC
000001ECFFFF70F8
000000080000092E
000000000000FCD6
000000030000C5ED
000000020000C5CD
000000050000C4CD
000000080000091C
000000040000C4ED
0000C4ED00040CCE
0000091E00000006
0000C4DD00000010
0000091D00000007
00040EDE00000018
00001041000400EC
000001ECFFFF70AC
000000180000092E
000000000000FCD6
000000070000C5ED
0000092E000001EC
0000C5ED00000010
000001EC00000006
000000080000092E
000000050000C5ED
000000040000C5CD
0004D5E40000099E
0000C4CD000078CE
0000091C00000009
0000C4ED00000008
00040CCE00000008
0000000A0000C4ED
000000100000091E
0000000B0000C4DD
000000180000091D
000400EC00040EDE
FFFF700800001041
0000092E000001EC
0000FCD600000018
0000C5ED00000000
000001EC0000000B
000000100000092E
0000000A0000C5ED
0000092E000001EC
0000C5ED00000008
0000C5CD00000009
0000099E00000008
000078CE0004D544
0000000E0000C4CD
0000000F0000C4ED
000000080000091E
00001041000400EC
0000FCE6FFFF6F68
000001DC00000000
000000080000092D
0000000F0000C5DE
0000000E0000C5CE
0000000C0000C4CE
0000000D0000C4EE
000000080000091E
00001041000400EC
0000099EFFFF6F20
000001DC0004D4D0
0000003F0000086D
00000105000074DE
000000100000C2D0
0004D4AE0000099E
000001EC000076DE
000000030000086E
000000000000083E
0000003C00001033
0000086E000001ED
0000084E0000FFFF
0004D4760000099B
000001BE000076EB
0000FFFF0000086B
00001034000005BE
0000099EFFFFFB60
0000FC1E0004D40C
0000083100000000
0000103300000000
00000999000001FC
0000C0E90001F54C
0000C0B900000020
0000099A0000001C
0000FCAA0004D3F4
0000FC9900000000
00000F1B00000008
0000103000000F1E
0000FC1400000020
0000083100000010
0000103300000000
00000184000001A4
0000C01400000141
0000083100000020
000010330000000A
000008310000051C
0000103300000001
000008310000056C
0000103400000000
0000103000000010
0000C41400000524
0000083100000008
0000103300000000
0000C42900000028
000008420000006C
000000FF00000862
0000103400000512
0000751AFFFFFF70
000000010000C42A
0000000800000912
0000C22400040121
0000052100000028
FFFFFF4400001034
000000020000C41A
000000030000C42A
0000000800000912
0000C22400040121
0000052100000026
FFFFFF1400001034
000000040000C014
000010340000051B
00007914FFFFFF00
000010340000051E
0000FCE4FFFFFEF0
000005E400000010
0000001000001034
000008F800001030
0000000000000838
0000003000001033
000000100000FDE8
0004D2600000099E
000000000000FCBE
000000100000FDB4
000000000000FD4E
000000100000FCE4
00000105000005E4
0000046800001034
0001E7AE00000990
0001E1EE00000991
0000011500000802
0001E20800000993
00017D9800001041
0000000000001030
0004D2000000099E
000000000000FCEE
000000000000083E
0000018C00001033
0001F33800000998
000000200000C0B8
0000001C0000C0A8
0004D1E000000999
000000000000FC99
000000080000FC88
00000F1B00000F1A
0000002000001030
000000100000FCEE
000000000000083E
0000013400001033
000000200000C01E
0000000A00000831
0000001000001033
000002D800001030
000000080000C41E
0000000000000831
0000002800001033
0000006C0000C428
0000086200000842
00000512000000FF
FFFFFF9800001034
0000C42900007519
0000091200000001
0004012100000008
000000280000C22E
0000103400000521
0000C419FFFFFF6C
0000C42900000002
0000091200000003
0004012100000008
000000260000C22E
0000103400000521
0000C01EFFFFFF3C
0000051A00000004
FFFFFF2800001034
0000051B0000791E
FFFFFF1800001034
0000010E00000140
0000092800001041
0000104100000104
00001030FFFF99F0
00000990FFFFF7E0
000009910001E60A
000008020001E04A
00000993000000C2
000010410001E054
0000103000017BF4
0000099E00000000
0000FC1E0004D044
0000083100000000
0000103300000000
000008040000026C
0000099E00000000
0000C0BE0001F18C
0000099A00000020
0000FCAA0004D03C
0000FC9E00000000
00000F1B00000008
00001030000001E4
0000FC1E00000020
0000083100000010
0000103300000000
0000018E0000021C
0000C41E000001E1
0000083100000008
0000103300000000
0000C42900000028
000008420000006C
000000FF00000862
0000103400000512
0000C41AFFFFFFB0
0000C42A00000002
0000091200000003
0004012100000008
000000260000C22E
0000103400000521
0000791EFFFFFF80
0000000000000831
0000001C00001033
000010330000051B
0000103000000010
00000838FFFFFF58
0000103300000000
0000FCCE00000038
0000FDC800000010
0000099C00000010
0000FCDC0004CF14
0000FDDE00000000
0000FDEC00000010
0000010E00000000
0000095400001041
0000104100000105
00001030FFFF9850
0000086EFFFFF640
0000FCCC0000FFFF
0000C2CC00000000
000005EC00000010
FFFFF7F000001033
0001E44600000990
0001DE8600000991
000000E000000802
0001E0A700000993
00017A3000001041
0000000000001030
0001E41600000990
0001DE5600000991
0000011F00000802
0001DE9A00000993
00017A0000001041
0000000000001030
0001E3E600000990
0001DE2600000991
000000FC00000802
0001CCDE00000993
000179D000001041
0000000000001030
0001E3B600000990
0001DDF600000991
000000FB00000802
0001D43400000993
000179A000001041
0000000000001030
0001E38600000990
0001DDC600000991
000000FD00000802
0001CE2C00000993
0001797000001041
0000000000001030
0000000000000804
0000000000000834
0000013C00001033
0004CE000000099E
000000100000C3DE
0004CE100000099D
0000000000000805
000000000000FD5D
0004CE000000099D
0000099D0000745D
0000765D0004CDF6
000000000000FD5E
000000080000FD0E
0004CD880000099D
000000000000FCDD
000000180000FDDE
000000080000086C
000000000000083C
0000002000001033
000000150000C4C0
000000010000087C
000000150000C5C0
000000980000FCC4
000000000000083C
0000019C00001033
0000104100000104
0000083CFFFFE544
00001033FFFFFFF3
0000099C00000044
000077CC0004CD32
000000980000FCE4
000000000000083E
0000015C00001033
0000FFFF0000086C
000000000000083C
0000014400001033
0000003A0000C2C4
000000000000083C
000002B800001034
0000104100000104
0000103000007734
0000099C000002A4
0000FCCC0004CCA4
0000C4EC00000000
0000C4CC0000000C
0000091C0000000D
000400CE00000008
FFFF66E400001041
000000040000086C
000000000000083C
000000B800001034
0004CC780000099C
0000099C0000791C
000077CC0004CC72
0004CC5C0000099E
0000099D000079EE
0000FCDD0004CC34
0000C4BD00000000
0000C4AD00000002
0000759D00000003
000000010000C4DD
0001ED4800000998
000000080000FC08
0000001C00000228
0000FD2300004033
0000091D00000018
00040DD900000008
000000280000FDD3
000000080000091A
0000FDD300040DAB
000102EC00000020
0000002000000238
000085E000001041
0000104100000105
00001030FFFF94E0
0000099CFFFFF2D0
0000FD4C0004CBEC
0000010400000000
000009A800001041
FFFFFFF30000083C
0000016800001033
0004CBB80000099C
0000086C000075CC
0000083C00000008
0000103300000000
0000103000000010
0000099C000000F0
0000772C0004CB8E
0000000000000832
0000004C00001033
000000A80000FCC4
000000000000083C
0000002800001033
000000180000FC04
0000407C00000114
FFFFFFF30000083C
000000E800001033
0004CB3A0000099C
000001040000765C
000019BC00001041
0000083C00000F1C
0000103400000000
0000099C000000BC
0000FC2C0004CB04
0000083200000000
0000103300000000
0000FCC400000204
0000083C00000098
0000103300000000
0000099000000114
000009910001DFEA
000008020001DA2A
00000993000001E6
000010410001CC9E
00001030000175D4
0000FCC400000000
0000083C000000C8
0000103300000000
0000FC040000001C
0000080100000018
0000407CFFFFFFF2
0004CA0800000990
0000104100000114
00000104FFFFCE30
FFFFB1A000001041
0004CA500000099C
000000000000FD5C
0004CA500000099C
000000000000FD5C
0004CA100000099C
000000080000FC0C
0000000000000830
FFFFF10400001033
FFFF930400001041
0004C9E80000099C
000000080000FD5C
FFFFF0E400001030
0001DF0E00000990
0001D94E00000991
0000010D00000802
0001C83000000993
000174F800001041
0000000000001030
0000002A0000C2C4
000000100000086C
000000000000083C
0000001000001033
0000004000001030
000000B00000FCC4
000000000000083C
0000004800001033
000000180000FC04
0000000000000803
0000407C00000114
0000004000001030
0000104100000102
00000104FFFF9250
FFFFD0A800001041
FFFFFEF800001030
0000000000000800
0000013000000114
FFFFE34C00001041
000000000000083C
0000003800001033
000000FF0000086C
000000F30000083C
FFFFFEB800001033
0004C9000000099C
000000000000FCCC
000000980000FDC4
0004C8F00000099C
0000086C000075CC
0000083C00000020
0000103300000000
0000FCC400000038
0000083C00000098
0000103300000000
0000C4EC00000064
0000087E00000015
0000C5EC00000020
0000099C00000015
0000FD5C0004C8A4
0000010400000000
0000171C00001041
0000083C00000F1C
0000103400000000
00000104FFFFFE1C
000064A000001041
FFFFFE0800001030
000000380000C2C4
00000B680000083C
0000001400001033
0000C3C40000084C
0000FCC400000038
0000083C000000B0
0000103300000000
0000FC04FFFFFF88
0000080200000018
0000011400000000
0000407C00000132
FFFFFFF30000083C
FFFFFDA000001033
FFFFFF5400001030
0000403F0000400F
FFFFFFD000004050
0004C7AC0000099C
000001EC000075CC
000000040000086E
000000000000083E
0000019000001034
0000086E000001EC
0000083E00000002
0000103300000000
0000103000000010
0000086C0000003C
0000083C00000001
0000103300000000
0000099C00000118
000079CC0004C718
000000300000C1C0
000000FC00001030
000000340000C0E0
0004C71C0000099C
00020DCE000079CC
0000083D00000F0D
0000103900000000
00020EEC000000D0
000000380000C2D0
00000F0E00010EED
000000000000083E
000000AC00001039
0004C6B80000099E
000000000000FCEE
000000010000C4DE
000000080000091D
00040DDB000075BE
0004C6B00000099B
0000099B0000791B
000077BB0004C6AA
000000020000C4AE
000000030000C4EE
0001E7A800000999
0000001C00000289
0000FD8200004032
0000FDD200000018
0000091E00000028
00040EEA00000008
000000200000FDE2
00000239000102CB
0000104100000020
0000103000007CD8
0000099C00000044
000077CC0004C63A
000000000000083C
0000002800001033
0000002A0000C2C0
000000020000087C
0000002A0000C3C0
0000626800001041
0000401F0000404F
0000400F00001012
000040500000403F
0000FD4FFFFFFFB0
0000FD5FFFFFFFF8
0000FD6FFFFFFFF0
0000FD7FFFFFFFE8
0000099CFFFFFFE0
000075CC0004C5C0
0000086E000001EC
0000083E00000004
0000103400000000
000001EC00000328
000000100000086E
000000000000083E
0000001000001033
0000025400001030
000000020000086C
000000000000083C
000002EC00001033
0000C40000000160
0000104100000024
0000014CFFFFE1F4
0000000000000834
0000001000001034
000002E800001030
0001E6480000099C
000000200000C0EC
0000C0CC000078E4
0000C1C40000001C
0000C2C600000004
0000C3C400000026
0000099500000026
0000FCC50004C4D4
000075EC00000000
000000010000C4CC
000000030000080D
000000200000C1D4
000000080000091C
0000C3C400040CCE
0000099700000028
000079C70004C4B0
0000C1C40000084C
0000C1C40000003C
0000010400000034
FFFFD61C00001041
000000680000C1C4
000000600000C1C4
0000006C0000C1C4
000000540000C1C4
0000085C000079C7
000000640000C1C4
000000180000FCC6
000000180000FDC4
000000A00000FD64
000000090000C4C6
0000000C0000086C
000000090000C5C4
000000080000C4C6
000000080000C5C4
0004C3D80000099C
000000000000FCEC
000000100000FDE4
000000000000FD4C
000087D400001041
0004C3C10000099C
000000010000080E
00000104000074EC
000013A800001041
000000000000FCC5
0000000E0000C4EC
0000000F0000C4CC
000000080000091C
0000C3C400040CCE
0000C3C400000070
0000C25400000072
0000026400000042
0000010600000004
00011E7800001041
000001050000011C
0000104100000126
0000C3C4FFFFD584
0000080100000042
0000010400000012
00005BCC00001041
000000000000083C
0000013C00001033
0000000000000801
0000104100000104
00001030FFFFC1D8
0000099C000000B8
0000791C0004C324
0004C31E0000099C
0000099E000077CC
000079EE0004C308
0004C2E00000099D
000000000000FCDD
000000020000C4BD
000000030000C4AD
0000C4DD0000759D
0000099800000001
0000FC080001E3F4
0000022800000008
000040330000001C
000000180000FD23
000000080000091D
0000FDD300040DD9
0000091A00000028
00040DAB00000008
000000200000FDD3
00000238000102EC
0000104100000020
0000FC7F00007C8C
0000FC6FFFFFFFE0
0000FC5FFFFFFFE8
0000FC4FFFFFFFF0
0000404FFFFFFFF8
000010120000401F
000000280000FCC6
000000000000083C
FFFFFFC400001033
000000180000FC06
0000000000000801
FFFFFFFF00000802
000010300000407C
00000104FFFFFFA0
00005E7000001041
FFFFFF8C00001030
0000403F0000400F
FFFFFFB000004050
FFFFFFF80000FD4F
FFFFFFF00000FD5F
FFFFFFE80000FD6F
FFFFFFE00000FD7F
0000099C00000140
0000756C0004C1C8
0000086C000001C6
0000083C00000004
0000103300000000
0000103000000010
0000017600000228
0000000200000867
0000000000000837
0000003000001033
000000200000C0C4
FFFFFFFE0000086C
000000020000083C
0000001000001033
000002E400001030
0000002A0000C2C4
000000100000086C
000000000000083C
0000001C00001034
0004C1040000099C
0000C1C4000079CC
0000080500000030
0000C35400000000
00000104000000D6
000010D800001041
0000000000000837
0000002800001033
000000200000C0C4
FFFFFFFE0000086C
000000020000083C
000009D800001034
000000200000C0C4
000000050000083C
000002140000103B
000000030000083C
000002F80000103B
000000020000083C
000004CC00001033
000000030000083C
0000001000001033
0000098800001030
0000000000000837
0000001000001033
0000084000001030
0000001000000866
0000000000000836
0000095800001033
0004C0500000099C
0000C0C40000791C
00020CC100000054
0000083C00000F0C
0000103BFFFFFFFF
0000103000000010
0000099C00000A34
0000FCCC0004BFFC
0000C4EC00000000
0000091E00000001
000075DC00000008
0000099D00040EED
000077DD0004BFFA
0004BFE40000099B
0000C4AC000079BB
0000C4CC00000002
0000099900000003
000002890001E0EC
000040300000001C
000000180000FD80
000000280000FDE0
000000080000091C
0000FDC000040CCA
000102BD00000020
0000002000000239
0000104100000104
0000103000007618
0000C0C40000087C
0000083C00000020
0000103400000002
0000C0E400000038
0000099D00000060
000079DD0004BF54
00001033000005DE
0000080500000040
0000103000000000
0000C0E400000834
0000099D00000034
000079DD0004BF20
00001033000005DE
0000103000000010
0000083C000000C0
0000103400000000
0000103000000010
0000099C0000010C
000075EC0004BF1C
000000080000087E
0000C2C4000074EC
0000086C0000002A
0000C3C40000FFFE
000008050000002A
00001030000000F2
0000083C000007B4
0000103B00000007
0000083C000001C0
0000103300000006
0000083C000003EC
0000103300000007
0000103000000250
0000C2C40000077C
0000087C0000002A
0000C3C400000002
000008050000002A
0000103000000000
00020CDE00000754
0000000000000805
0000083C00000F0C
0000103900000000
00020CED00000734
000000380000C2E4
00000F0C00010CCE
000000000000083C
0000071000001039
0000002A0000C2C4
000000020000087C
0000002A0000C3C4
000006F000001030
0001D32E00000990
0001CD6E00000991
0000033B00000802
0001BFFC00000993
0001691800001041
0000000000001030
000000040000083C
0000017C00001033
000000050000083C
0000001000001033
0000069800001030
0000104100000104
0000099C0000111C
000075CC0004BD88
000000100000086C
0004BDA00000099E
0000086E000075EE
0000083E00000020
0000103300000000
0000103000000010
0000083C00000558
0000103300000000
0000C0C40000063C
0000099E00000060
000079EE0004BD2C
00001034000005EC
0000FCC40000061C
0000083C00000080
0000103400000000
0000080C00000604
0000C1C400000006
0000103000000020
0000083C000005EC
0000103300000008
0000083C000002E4
0000103300000009
0000103000000010
00000104000005C4
0000104800001041
0004BCB40000099C
0000086C000075CC
0000083C00000010
0000103300000000
0000C0C400000594
0000099E00000060
000079EE0004BC84
00001034000005EC
0000FCC400000574
0000083C00000080
0000103400000000
0000099C0000055C
000075EC0004BC84
000000100000087E
00001030000074EC
000001040000053C
00000FC000001041
0004BC580000099C
0000086C000075CC
0000083C00000020
0000103300000000
0000080C0000050C
0000C1C400000007
0000C2C400000020
0000087C0000002A
0000C3C400000002
000010300000002A
000001C6000004DC
000000120000086C
000000120000083C
0000029800001034
0004BBB80000099C
0000C0E4000079CC
0000084E00000054
000005CE00000F1E
0000027000001034
0004BB8C0000099E
0000C1C4000079EE
000001CE00000054
0000C1C40000084C
0000C1C40000003C
0000099C00000034
0000FCCC0004BB44
0000C4DC00000000
0000C4CC0000000E
0000085E0000000F
000000640000C1E4
000000040000080E
000000200000C1E4
000000080000091C
0000C3C400040CCD
0000C3C400000070
0000C26400000072
0000027400000042
0000010700000004
000115E800001041
000001060000011C
0000104100000127
0000080EFFFFCCF4
00380DCE0000088E
000000000000083D
0000CBE800001003
000003F400001030
0000111C0000080B
000003EC00001030
0000104100000104
0000099C00000E34
000075CC0004BACC
000000200000086C
000000000000083C
0000038000001033
0000002A0000C2C4
000000020000087C
0000002A0000C3C4
0000104100000104
0000099CFFFFCE24
0000FCCC0004BA14
000005C400000000
000002CC00001033
0000083E000001EC
0000103300000000
0000FCCE000002D0
000005C400000010
FFFFFFE000001034
000000100000FCC4
000000100000FDCE
000002A400001030
0000104100000104
0000099C00000D84
000075CC0004B9F0
000000100000086C
000000000000083C
000002D000001033
000000600000C0C4
0004B9C00000099E
000005EC000079EE
000002B000001034
000000800000FCC4
000000000000083C
0000029800001034
0000104100000104
0000099CFFFFCD54
0000FCCC0004B944
000005C400000000
000005D400001033
0000083E000001EC
0000103300000000
0000FCCE000005D8
000005C400000010
FFFFFFE000001034
000000100000FCC4
000000100000FDCE
000005AC00001030
0000001000000866
0000000000000836
0000021800001033
0004B8F00000099C
000000000000FCCC
000000010000C4EC
000000080000091E
00040EED000075DC
0004B8E80000099D
0000099D0000791D
000077DD0004B8E2
0004B8CC0000099B
0000C4AC000079BB
0000C4CC00000002
0000099900000003
000002890001D9D4
000040300000001C
000000180000FD80
000000280000FDE0
000000080000091C
0000FDC000040CCA
000102BD00000020
0000002000000239
0000104100000104
0000C4C400006F00
0000083C00000052
0000103F00000005
0000C35400000154
0000010400000040
0000671000001041
0000013800001030
0004B82C0000099C
0000C0E4000079CC
0000085E00000034
000005CE00000F1E
0000011000001034
0000104100000104
0000103000006924
0000083C000000FC
0000103300000000
0000C0C400000048
0000099E00000060
000079EE0004B7DC
00001034000005EC
0000FCC400000028
0000083C00000080
0000103400000000
0000103000000010
0000080C00000390
0000C1C400000008
0000C2C400000020
0000087C0000002A
0000C3C400000002
000010300000002A
0000FCCC0000007C
0000099E00000010
0000FDCE0004B72C
0000080500000000
0000FD5400000000
0000099C00000010
0000080E0004B71D
000074EC00000001
0000000A0000080C
000000200000C1C4
0004B6F00000099C
000000000000FCEC
000000100000FDE4
000000000000FD4C
00007AE400001041
000001C5000008C5
FFFFFFE00000FC7F
FFFFFFE80000FC6F
FFFFFFF00000FC5F
FFFFFFF80000FC4F
0000401F0000404F
000001BC00001012
000001DC000008DB
000000020000091D
0000083B00360BDB
0000100300000000
000010300000D004
00430DCE00000010
0000C3C4000008DD
0000C3D400000042
0000C2C400000058
0000083C00000076
0000103400000000
0000103000000010
0000085C0000004C
000000760000C3C4
000000880000FC04
0000000000000830
0000001000001034
0000012400001030
000000000000FCC0
000000880000FDC4
0000013C00001030
0001CB6600000990
0001C5A600000991
0000037700000802
0001C3C500000993
0001615000001041
0000000000001030
000000600000C0C4
00000F0C00020CC1
000000000000083C
FFFFF5BC00001039
000000040000080C
000000200000C1C4
FFFFFFFA00000FEC
0000FCE400000000
0000083E000000A0
0000103300000000
0000FCCE00000040
0000083C00000028
0000103400000000
0000103000000010
0000FC0400000384
0000080200000018
0000011400000000
00000F1C0000407C
000000000000083C
000002E400001033
000000F300000805
FFFFFFF300000FEE
000005CE00000000
FFFFFE3800001033
0000104100000104
00001030FFFFBCAC
0000FC04FFFFFE24
0000083000000080
0000103400000000
0000103000000010
0000FCC0000001E4
0000FDC400000000
0000104100000080
0000FCC4FFFFD038
0000083C00000088
0000103400000000
0000103000000010
0000080C00000028
0000C5C400000000
0000C3C400000052
0000103000000040
0000080C00000018
0000C3C40000FFFF
0000FCC400000040
0000083C000000B8
0000103300000000
0000FC0400000048
0000080200000018
0000011400000000
0000083C0000407C
00001033FFFFFFF3
0000103000000010
0000080500000018
00001030000000F3
0000C2C4FFFFFD44
0000087C0000002A
0000C3C400000002
000010300000002A
0000C2C4FFFFFD24
0000087C0000002A
0000C3C400000002
000001040000002A
FFFFC7C800001041
0004B3B80000099C
000000000000FCCC
00001033000005C4
000001EC000000F4
000000000000083E
000000F800001033
000000100000FCCE
00001034000005C4
0000FCC4FFFFFFE0
0000FDCE00000010
0000103000000010
0000FCCC000000CC
0000099E00000010
0000FDCE0004B354
0000080500000000
0000FD5400000000
0000099C00000010
0000080E0004B345
000074EC00000001
0000000A0000080C
000000200000C1C4
0004B3180000099C
000000000000FCEC
000000100000FDE4
000000000000FD4C
0000770C00001041
FFFFFC2800001030
0001C86600000990
0001C2A600000991
0000037F00000802
0001B90B00000993
00015E5000001041
0000000000001030
000000100000FCCC
0004B2A80000099E
000000000000FDCE
0000000000000805
000000100000FD54
0004B2990000099C
000000010000080E
0000080C000074EC
0000C1C40000000A
0000099C00000020
0000FCEC0004B26C
0000FDE400000000
0000FD4C00000010
0000104100000000
0000103000007660
00000104FFFFFB7C
0000060000001041
0004B29A0000099C
0000083C000077CC
0000103300000000
0000085C00000018
0004B27A0000099E
0000C2C4000076CE
0000080E00000042
00380DCE0000088E
000000000000083D
0000D49000001003
0000004800001030
0000111C0000080B
0000004000001030
0001C74600000990
0001C18600000991
000003B800000802
0001B32E00000993
00015D3000001041
0000000000001030
000008DB000001BC
0000091D000001DC
00360BDB00000002
000000000000083B
0000D50000001003
0000001000001030
000008DD00430DCE
000000580000C3D4
0004B1C00000099C
0000086C000075CC
0000083C00000020
0000103300000000
0000080CFFFFFA74
0000C1C400000007
0000C2C400000020
0000087C0000002A
0000C3C400000002
000010300000002A
0000400FFFFFFA44
000040500000403F
0000FD4FFFFFFFE0
00000140FFFFFFF8
0004B1500000099C
0000086C000075CC
0000083C00000010
0000103300000000
0000103000000010
0000080C00000018
0000103000000000
0000C2C40000007C
0000086C0000002A
0000083C00000010
0000103400000000
0000FCC400000034
0000083C000000C8
0000103300000000
0000FC040000001C
0000080100000018
0000407CFFFFFFF1
0004B05800000990
0000104100000114
00000104FFFFB480
FFFF97F000001041
000000010000080C
FFFFFFF80000FC4F
0000401F0000404F
0000400F00001012
0000099C0000403F
000075EC0004B084
000000100000087E
0000404F000074EC
000010120000401F
0000403F0000400F
FFFFFFF800004050
FFFFFFF80000FD4F
0004B0000000099C
0000083C000077CC
0000103300000000
0000080E00000380
0000099D00000000
000077DD0004AFEC
0004AFD80000099B
000000000000FCBB
0004AFB80000099A
000000000000FCAA
00000014000002AA
000008690000019D
000010300000FFFF
000001E10000002C
000008680000018E
0000058C0000FFFF
000000100000103D
0000030C00001030
000008680000018E
000101A80000FFFF
0000083800360889
0000100300000000
000010300000D744
000208ED00000020
000000FF00000868
00001030000102B8
000001210000000C
0000000000000808
00000838003008B8
0000100300000000
000001210000D780
000008410000011E
0000083200007522
0000103300000001
00000832FFFFFF60
0000103300000002
000008320000006C
0000103300000000
0000013100000268
0000FFFF00000863
00360339000102A3
0000000000000833
0000D7E800001003
0000012000001030
000008610002011D
000101B1000000FF
0000000000000838
0000D91800001003
0000010C00001030
0000086300000131
000102A30000FFFF
0000083300360339
0000100300000000
000010300000D83C
0002011D00000030
000000FF00000861
00000838000101B1
0000100300000000
000010300000D87C
000001120000001C
0000000000000838
0000D87C00001003
0000751100000112
0000000400000831
0000019400001034
000000020000021E
0000086300000131
000002230000FFFF
0000052C00000002
0000016C0000103F
00360339000102A3
0000000000000833
0000D8D800001003
0000006800001030
000008610002011D
000101B1000000FF
0000000000000838
0000D95000001003
0000005400001030
0000083800000112
0000100300000000
000001120000D918
0000083800007581
0000103D00000002
00010EE8000000F8
FFFFFDC800001030
0000083800000112
0000100300000000
000001120000D950
000000030000023E
0000086400000143
000102A40000FFFF
0000083400360449
0000100300000000
000010300000D984
0002033D00000030
000000FF00000863
00000838000103B3
0000100300000000
000010300000D9C4
000001320000001C
0000000000000838
0000D9C400001003
0000758300000132
0000091100007511
0004081800000008
FFFFFA4C00000801
FFFFFA4B00000228
0000083100360121
0000100300000000
000008080000DA04
0000C380000005B4
000002EE00000042
0000103000000004
0000FC4FFFFFFCE4
0000404FFFFFFFF8
000010120000401F
0000403F0000400F
FFFFFFB000004050
FFFFFFF80000FD4F
FFFFFFF00000FD5F
FFFFFFE80000FD6F
FFFFFFE00000FD7F
0000C0C400000140
0000083C00000020
0000103F00000003
0000103000000010
0000099C00000290
000075CC0004AC20
000000100000086C
000000000000083C
0000076C00001033
0004ABF40000099C
0000C0B4000079DC
00020ABD00000064
000000680000C0C4
000000700000C2E4
0000083A00000F0A
0000103900000000
000001AD0000009C
00000F1B00000F1A
00001034000005BA
0000099B0000002C
000079BB0004ABA4
00000F0B00020BCB
000000000000083B
0000006000001039
0004AB800000099B
000001AC000079BB
000005AB00000F1A
000000AC00001034
0004AB400000099B
000000000000FCBB
0000000E0000C4AB
0000000F0000C4BB
000000080000091B
000005BE00040BBA
000000740000103E
0004AB080000099B
000000000000FCBB
0000000E0000C4AB
0000000F0000C4BB
000000080000091B
0000C3B400040BBA
0000C2A400000070
000005AB00000072
0000001000001040
000000720000C3B4
000000640000C1D4
0004AAD00000099D
0000C1D4000079DD
0000099D00000068
000079DD0004AABC
000000540000C0B4
00000F0A00020ABD
000000000000083A
0000013400001039
0004AA960000099A
0000083A000077AA
0000103400000000
00010CCE000004D8
000000700000C2E4
000000680000C0A4
00000F1E00010EAE
000005EC00000F1C
000004AC00001034
000000400000C7C4
00000F1B00000F1D
00001034000005BD
0000083C00000490
0000103900000000
0000C4C400000480
0000083C00000053
00001033000000FF
0000084C00000014
000000530000C5C4
000000530000C4C4
000000040000083C
000000300000103D
000000420000C2E4
000000580000C2D4
0000080D00010EDE
00420EED0000FFFF
000000580000C3E4
000000030000083C
0000040C0000103D
0000104100000104
0000103000005D38
00000990000003F8
000009910001BEDA
000008020001B91A
0000099300000488
000010410001BDC7
00001030000154C4
0000C0C400000000
00020CCD00000060
0000083C00000F0C
0000103900000000
0000C2C400000128
000001EC0000002A
000000040000086E
000000000000083E
0000000000000805
0000003000001033
0000007A0000C354
0000FFFB0000086C
0000002A0000C3C4
0000005A0000C2C4
000000580000C3C4
0000004C0000C7C4
000000030000092C
0000004E0000C2E4
0000C35400010CCE
0000C3C400000052
0000C1D400000050
00020DDB00000054
000000580000C2C4
0000005A0000C2E4
000001BD000005CE
0000FFFF0000086B
0000FFFF0000080E
0000008000001040
000000420000C2A4
0000002A0000C294
0000092900000989
000008690000000B
00200AA900000001
000008690000019A
00360BB90000FFFF
000000000000083B
0000DE6400001003
0000086A000001AD
00010CCA0000FFFF
0000103000420CCE
000001040000005C
0000528000001041
0000027400001030
0000007A0000C2D4
00420DDE00010DDB
0000007A0000C3D4
0000103D000005DC
00020DDC0000002C
0000007A0000C3D4
000000420000C2D4
00420CCE00010CCD
000000580000C3C4
000000800000FC24
000000880000FC14
0000104100000104
0000012C000019C4
000000880000FD24
000000800000FC14
0000104100000104
0000FCE4000019A4
00300DE500000088
000000000000083D
00001003000001D5
0000080D0000DF3C
0000C554FFFFFFFF
0000C3D40000002C
0000FDC400000040
0000083C00000080
0000103400000000
0000080D00000018
0000C3D400000000
0000099D00000078
000077DD0004A75E
000000740000C2B4
0000C3D400010DDB
0000C2D400000074
0000086D0000002A
0000083D00000800
0000103300000000
0000083E00000150
0000103400000000
0000103000000010
0000FCCE0000009C
0000C4EC00000018
0000091E00000005
0000C4DC00000008
00040EED00000004
000000060000C4DC
000000100000091D
000000070000C4CC
000000180000091C
000400CE00040CCD
FFFF40F800001041
0000005C0000C0E4
00000F0C00020CCE
000000000000083C
000000C400001039
0000002A0000C2C4
0000F7FF0000086C
0000002A0000C3C4
000000A400001030
000000000000083C
0000007C00001033
000000180000FCCC
000000050000C4EC
000000080000091E
000000040000C4DC
0000C4DC00040EED
0000091D00000006
0000C4CC00000010
0000091C00000007
00040CCD00000018
00001041000400CE
0000C0E4FFFF4054
00020CCE0000005C
0000083C00000F0C
0000103900000000
0000C2C400000020
0000086C0000002A
0000C3C40000F7FF
0000C0E40000002A
0000083E00000044
0000103300000000
0000099C00000100
000079CC0004A58C
000000480000C0D4
00000F0C00020CDC
FFFFFFFF0000083C
000000D40000103B
0000004C0000C7C4
0000086D000001DC
0000092DFFFFFFF8
00010EED00000003
0004A5140000099D
00020EDE000079DD
0000086B000001BE
0000080D00008000
00300BBD00000000
000000000000083B
0000E1A000001003
0000001800001030
000008AB000001BE
0000000C00001030
0000C1D4000001BE
0000C7D400000044
000001AD0000004E
FFFFFFFC0000086A
000000020000092A
00010DDB00020BBA
0000C3C400010CCE
0000C3D40000004C
0000094C0000004E
000000030000092C
0000C3C400010CDC
0000099C00000050
000077DC0004A49A
000000000000083D
0000010400001033
000000200000C0C4
000000060000083C
000000EC0000103F
0004A45C0000099C
0000C0E4000079CC
00020BCE00000034
0000083B00000F0B
0000103BFFFFFFFF
00010DCD0000002C
00000F0D00020DED
FFFFFFFF0000083D
000000100000103B
0000066C00001030
FFFFFFFF0000083B
000000200000103B
0000002A0000C2C4
000000020000087C
0000002A0000C3C4
000000340000C0D4
0004A3DC0000099C
00020ECD000079CC
0000083E00000F0E
0000103900000000
0000C2E400000034
00010EDE00000038
00000F0E00020ECE
FFFFFFFF0000083E
000000100000103B
000000B000001030
0000104100000104
0000103000004DEC
0000C0C400000070
0000099E00000034
000079EE0004A370
00000F0D00020DEC
000000000000083D
0000002C00001039
000000380000C2D4
00020CEC00010CCD
0000083C00000F0C
0000103900000000
0000C2C400000020
0000087C0000002A
0000C3C400000002
0000FC7F0000002A
0000FC6FFFFFFFE0
0000FC5FFFFFFFE8
0000FC4FFFFFFFF0
0000404FFFFFFFF8
000010120000401F
000001EC00000F1D
000005ED00000F1E
000005C400001034
0004A2D80000099C
000000180000FCEC
0000000C0000C4DE
0000000D0000C4EE
000000080000091E
0000C25C000400ED
0000104100000010
0000086CFFFF3CE8
0000080700000003
00310CC700000000
000000010000086C
0000099E00010C5C
000076CE0004A27A
0000FFFF0000086C
000000380000C2E4
0000103E000005CE
0000099C0000020C
0000FCCC0004A254
0000C4EC00000018
0000C4CC0000000C
0000091C0000000D
000400CE00000008
FFFF3C6C00001041
000000010000086C
000000000000083C
0000008000001033
0004A20800000995
000000180000FCC5
0000000C0000C4EC
0000000D0000C4CC
000000080000091C
00000160000400CE
0000C0FF00000866
FFFF3C1400001041
000008600000010C
000010410000003E
00040CC6FFFF3C00
000000180000FCE5
0000000C0000C5CE
000000080000092C
0000000D0000C5CE
000000380000C2C4
0004A1880000099E
000000100000C3CE
000000180000FCCE
0000000C0000C4EC
0000000D0000C4CC
000000080000091C
00001041000400CE
0000086CFFFF3B98
0000083C00000002
0000103300000000
0000099C00000024
0000C2EC0004A134
0000085E00000010
000000100000C3EC
0004A11800000995
000000100000C215
000000080000FC05
FFFF6DA800001041
000000180000FCC5
0000000C0000C4EC
0000000D0000C4CC
000000080000091C
0000C255000400CE
0000104100000010
0000086CFFFF3B10
0000080E00000003
00310CCE00000000
000000010000086C
0000099E00010C5C
000076CE0004A0A2
000000380000C2E4
000000340000C0D4
0000086C00010EDE
0000099D0000FFFF
000079DD0004A070
00000F1C00010CDC
000005CE00000F1E
0000001000001033
0000087800001030
000000900000FCC4
000000000000083C
00000CFC00001033
0004A0380000099C
000000180000FCCC
0000000C0000C4EC
0000000D0000C4CC
000000080000091C
00001041000400CE
0000FC04FFFF3A50
0000086C00000090
0000083C00000001
0000103300000000
0000103000000010
0000083000000834
0000103300000000
0000080C00000C88
0000FDCF00000001
0000080CFFFFFFD0
0000FDCF00000000
00000170FFFFFFD8
0000002C00001030
000000000000FC75
0000104100000105
00000837FFFFBAD8
0000103300000000
0000015700000C38
000000180000FCC5
000000050000C4EC
000000080000091E
000000040000C4DC
0000C4DC00040EED
0000091D00000006
0000C4BC00000010
0000091B00000007
00040DBD00000018
0000099D00040EDE
000077BD00049F2A
00049F140000099D
00010BDB000079DD
000000100000C2A5
00020ABA00010AEA
0000083A00000F0A
0000103900000000
0000C4EC000009C8
0000C4CC0000000C
0000091C0000000D
000400CE00000008
FFFF391400001041
000000010000086C
000000000000083C
FFFFFF1800001033
00049EB00000099C
000000180000FCCC
0000000C0000C4EC
0000000D0000C4CC
000000080000091C
00001041000400CE
0000086CFFFF38C8
0000083C00000002
0000103400000000
00000997FFFFFECC
0000FCC700049E64
0000C4EC00000018
0000C4CC0000000C
0000091C0000000D
000406CE00000008
FFFFFFD00000FC0F
FFFF387400001041
000001C0000400C6
000000080000092C
000000180000FCE7
0000000D0000C5CE
0000000C0000C50E
0000FFFF00000860
000000100000C267
FFFF383400001041
000000030000086C
FFFFFFD80000FCEF
0000086C00310CCE
00010C6C00000001
00049DC60000099E
00001030000076CE
0000099DFFFFFE1C
0000FC0D00049DB4
0000083000000008
0000103400000000
0000103000000010
000201EC00000528
00000F1E000001E1
0000FFFF0000083E
000000100000103D
0000053400001030
000000100000C2D0
00000F0C000001C1
0000103A000005CD
00000990000005EC
000009910001B28A
000008020001ACCA
000009930000059D
000010410001AB20
0000103000014874
0000FCB400000000
0000083B00000090
0000103300000000
0000080600000500
0000015B00000000
0000000000000835
000004FC00001033
000000180000FCD5
000000050000C4BD
000000080000091B
000000040000C4AD
0000C4AD00040BBA
0000091A00000006
0000C49D00000010
0000091900000007
00040A9A00000018
000005EB00040BAB
0000001000001034
0000061800001030
0000000000000836
0000001000001034
0000007C00001030
000000180000FCA6
000000050000C49A
0000000800000919
000000040000C48A
0000C48A00040998
0000091800000006
0000C4AA00000010
0000091A00000007
00040AA800000018
00020AAC00040AA9
00030AA9000209CB
0000083A00000F0A
0000103BFFFFFFFF
0000103000000030
00020ACB000005F0
0000083A00000F0A
0000103BFFFFFFFF
0000103000000010
00020ABC000006E4
000000000000FCB5
0000083A00000F0A
00000165FFFFFFFF
FFFFFEC40000103B
000000000000083B
0000103400000165
0000C4CDFFFFFEB0
0000C4ED0000000C
0000091E0000000D
000400EC00000008
FFFF35CC00001041
000000010000086C
000000000000083C
0000037C00001034
00049B6800000990
FFFFB71800001041
000000000000FDC5
000000000000083C
0000035400001033
000000180000FCC5
000000050000C4EC
000000080000091E
000000040000C4DC
0000C4DC00040EED
0000091D00000006
0000C4CC00000010
0000091C00000007
00040CCD00000018
0000C2E500040CCE
00010DCE00000010
00049ADC0000099E
00020DED000079EE
0000083D00000F0D
0000103BFFFFFFFF
000201EC0000002C
000000100000C315
0000FFFF00000861
000000080000FC05
FFFF675000001041
00049A9E0000099C
0000099E000077CC
000079EE00049A88
0000C2E400010CEC
0000C0D400000038
00010EDE00000034
00000F0C00020CEC
FFFFFFFF0000083C
0000026C0000103B
000000000000FCC5
000000180000FCCC
0000000C0000C4EC
0000000D0000C4CC
000000080000091C
00001041000400CE
0000086CFFFF3470
0000083C00000001
0000103300000000
0000FCC50000008C
0000FCCC00000000
0000C4EC00000018
0000C4CC0000000C
0000091C0000000D
000400CE00000008
0000086600000160
000010410000C0FF
0000010CFFFF3418
0000003E00000860
FFFF340400001041
0000FCE500040CC6
0000FCEE00000000
000001DC00000018
000000080000092D
0000000D0000C5DE
0000000C0000C5CE
000000380000C2C4
000000340000C0E4
0000099600010CEC
000079E600049968
0000FCC5000201CE
0000C31C00000000
0000086100000010
0000FC0C0000FFFF
0000104100000008
0000FCC5FFFF65EC
0000FCEC00000000
0000C4DE00000018
0000C4EE0000000C
0000091E0000000D
000400ED00000008
000000100000C25C
FFFF334C00001041
000000030000086C
000000000000080E
0000086C00310CCE
00010C5C00000001
000498DE0000099E
0000C2E4000076CE
0000C0D400000038
00010EDE00000034
0000FFFF0000086C
00010CDC000079D6
00000F1E00000F1C
00001033000005CE
00000990000000B0
000009910001ADDA
000008020001A81A
00000993000006FF
0000104100019477
00001030000143C4
0000099000000000
000009910001ADAA
000008020001A7EA
000009930000059A
000010410001ADDA
0000103000014394
0000099000000000
000009910001AD7A
000008020001A7BA
000009930000059B
000010410001ADBA
0000103000014364
0000099000000000
000010410004980C
0000FDC4FFFFB3BC
0000010400000090
0000424800001041
FFFFF4CC00001030
0001AD1E00000990
0001A75E00000991
000005D200000802
000193BB00000993
0001430800001041
0000000000001030
0000000000000830
0000046400001033
000000000000FCC0
000000900000FDC4
FFFFB2D400001041
000000900000FC04
0000000000000830
0000043400001033
FFFFFFD000001030
000497680000099C
000000100000C2BC
0000C3BC00020BB1
0000C2C000000010
000005EC00000012
0000004C0000103E
0000080D00020ED1
0000C3D000000000
0000C3E000000012
0002011C00000010
00000F1B000001B1
000000000000FC00
000000120000C2C0
0000103F000005BC
00000F11FFFFFFD0
FFFF671C00001041
000000340000C0C4
000496D40000099E
0000099E000078CE
0000FCEE000496D4
000001DC00000018
000000180000092D
000000070000C5DE
0000092D000001DC
0000C5DE00000010
000001DC00000006
000000080000092D
000000050000C5DE
000000040000C5CE
FFFFF29000001030
000000100000C2C5
000496700000099E
000000100000C2EE
0000103E000005EC
00000990FFFFFE68
0000104100049654
0000083CFFFFB204
0000103300000000
00000836FFFFFE48
0000103300000000
0000FDC6000007E4
0000103000000000
00000990000007DC
0000104100049614
0000083CFFFFB1C4
0000103300000000
0000FCE6FFFFFE08
0000C4DE00000018
0000091D00000005
0000C4BE00000008
00040DDB00000004
000000060000C4BE
000000100000091B
000000070000C4EE
000000180000091E
00040EED00040EEB
000000100000C2D6
0000099D00010BED
000079DD00049590
00000F0B00020BDB
FFFFFFFF0000083B
000000340000103B
0000C316000201DE
0000086100000010
0000FC060000FFFF
0000017C00000008
FFFF620000001041
0000FDC6000001C7
0000010C00000000
0000104100000115
0000103000000A20
00020CEBFFFFFD40
0000083C00000F0C
0000103BFFFFFFFF
0000103000000010
0000017500000054
000001BC00001030
0004950000000990
FFFFB0B000001041
000000000000083C
FFFFFCF400001033
000000900000FDC4
000001150000010C
000009B400001041
FFFFFCD400001030
0000099E00020CED
0000C3CE000494BC
0000FCCE00000010
0000C4EC00000018
0000C4CC0000000C
0000091C0000000D
000400CE00000008
FFFF2ECC00001041
000000020000086C
000000000000083C
0000002400001033
000494680000099C
000000100000C2EC
0000C3EC0000085E
0000099600000010
0000C2160004944C
0000FC0600000010
0000104100000008
0000FCC6FFFF60DC
0000C4EC00000018
0000C4CC0000000C
0000091C0000000D
000400CE00000008
000000100000C266
FFFF2E4400001041
000000030000086C
FFFFFFD80000FCEF
0000086C00310CCE
00010C6C00000001
000493D60000099E
0000FCE5000076CE
0000C4DE00000018
0000091D00000005
0000C4BE00000008
00040DDB00000004
000000060000C4BE
000000100000091B
000000070000C4EE
000000180000091E
00040EED00040EEB
0000FFFF0000086C
0004936C0000099D
00010CDC000079DD
000005CE00000F1C
0000103300000175
0000103000000010
0000FD740000052C
0000099C00000090
000077CC00049342
0004932C0000099E
00010EEC000079EE
000000340000C1E4
000000380000C2E4
00001040000005EC
0000099000000038
000009910001A84A
000008020001A28A
000009930000060D
0000104100019ED9
0000103000013E34
00020CEC00000000
000000380000C3C4
0000104100000104
0000099CFFFFA10C
0000FCCC000492C4
0000C2EC00000008
0000083E00000010
0000103300000000
0000099E00000030
0000080D0004929C
0000FDDE00000000
0000099E00000008
0000FDCE000492A4
0000099C00000000
0000FCCC00049274
0000C4EC00000018
0000C4CC0000000C
0000091C0000000D
000400CE00000008
FFFF2C8C00001041
000000010000086C
000000000000083C
0000002000001033
000492500000099C
0000087E000075EC
000074EC00000020
000000900000FC54
0000000000000835
0000032400001033
0000000000000806
FFFFFFFF0000080C
FFFFFFD00000FDCF
000000070000080C
FFFFFFC80000FDCF
0000004400001030
000000000000FCC5
000000900000FDC4
0000104100000105
0000FC54FFFFACF8
0000083500000090
0000103400000000
0000103000000010
0000FCC5000002B8
0000C4EC00000018
0000091E00000005
0000C4DC00000008
00040EED00000004
000000060000C4DC
000000100000091D
000000070000C4BC
000000180000091B
00040EDE00040DBD
000000340000C0D4
00001034000005ED
0000099D00000258
000078ED00049120
0000000C0000C4EC
0000000D0000C4CC
000000080000091C
0000C275000400CE
0000104100000010
0000C0E4FFFF2B40
00010EE700000034
000000030000086C
0000086C00310CC6
00010CEC00000001
000000340000C1C4
000000180000FCC5
0000000C0000C4EC
0000000D0000C4CC
000000080000091C
0000C2C4000400CE
0000FDCF00000038
0000C275FFFFFFD8
0000104100000010
0000086CFFFF2AD0
00310CC600000003
000000010000086C
0000FCEF00010CC7
000005CEFFFFFFD8
000000100000103E
000001E000001030
000000180000FCC5
0000000C0000C4EC
0000000D0000C4CC
000000080000091C
0000C275000400CE
0000104100000010
0000086CFFFF2A68
00310CC600000003
000000000000083C
00001003000001C6
0000FCCF0000F6B4
0000C2E4FFFFFFD0
00020EE700000038
0000C3C400010CEC
0000010400000038
FFFF9E1800001041
000000080000FC15
000000100000C2C1
000000000000083C
0000005000001033
00048FD00000099C
000000000000FC0C
0000000000000830
0000001800001033
FFFF63EC00001041
0000001800001030
00048FA00000099C
000000000000FD1C
000000080000FD65
000000180000FCC5
0000000C0000C4EC
0000000D0000C4CC
000000080000091C
00001041000400CE
0000086CFFFF2988
0000083C00000001
0000103300000000
0000099CFFFFFD64
000075EC00048F4C
000000200000087E
0000C0C4000074EC
0000083C00000020
0000103400000004
0000FCCFFFFFFD34
0000C1C4FFFFFFC8
0000103000000020
0000C2C4FFFFFD1C
000001EC0000002A
000000010000086E
000000000000083E
0000001000001033
0000002000001030
000000010000087C
0000002A0000C3C4
FFFFEB8400001030
0000FFFC0000086C
000000020000087C
0000002A0000C3C4
FFFFEB6400001030
0001A3B600000990
00019DF600000991
0000063200000802
0001896700000993
000139A000001041
0000000000001030
000000900000FDC4
000001150000010C
0000031C00001041
FFFFF63C00001030
0001A36600000990
00019DA600000991
0000060300000802
00019A7A00000993
0001395000001041
0000000000001030
0000403F0000400F
FFFFFFA800004050
FFFFFFF80000FD4F
FFFFFFF00000FD5F
FFFFFFE80000FD6F
FFFFFFE00000FD7F
FFFFFFC80000FD2F
0000014000000171
0000000000000837
0000021C00001033
000000000000080C
FFFFFFD80000FDCF
FFFFFFFF0000080C
FFFFFFC00000FDCF
FFFFFFD00000FD4F
0000002000001030
0000000000000837
0000001000001034
0000021400001030
0000FCC600000167
0000C4EC00000018
0000091E00000005
0000C4DC00000008
00040EED00000004
000000060000C4DC
000000100000091D
000000070000C4CC
000000180000091C
000400CE00040CCD
00048D080000099C
000010410000794C
0000017CFFFF276C
000000180000FCC6
0000000C0000C4EC
0000000D0000C4CC
000000080000091C
0000C256000400CE
0000104100000010
0000086CFFFF2710
0000FCEF00000003
00310CCEFFFFFFD8
000000000000083C
00001003000001CE
0000FCCF0000FA14
00010E75FFFFFFC0
00010CEC00020E4E
0000083C00000F0C
0000103900000000
0000FC7600000130
0000FC0600000000
0000104100000008
0000FC4FFFFF5FC8
0000C2E4FFFFFFD0
000005EC00000076
0000001000001040
000000BC00001030
0000C3C400020CEC
0000099C00000076
000077EC00048C56
000000100000C2D6
000076EC00010EDE
0000104100000106
0000C2C4FFFFA750
0000083C00000076
0000103300000000
0000FCCFFFFFFE7C
0000083CFFFFFFC8
0000103400000000
00000837FFFFFE64
0000103400000000
00000990FFFFFE54
000009910001A102
0000080200019B42
000009930000046F
0000104100019028
00001030000136EC
0000080600000000
0000103000000000
0000099000000040
000009910001A0C2
0000080200019B02
0000099300000464
0000104100019B73
00001030000136AC
0000FC6F00000000
000001C6FFFFFFD8
FFFFFFE00000FC7F
FFFFFFE80000FC6F
FFFFFFF00000FC5F
FFFFFFF80000FC4F
0000401F0000404F
0000400F00001012
000040500000403F
0000FD4FFFFFFFC0
0000FD5FFFFFFFF8
0000FD6FFFFFFFF0
0000FD7FFFFFFFE8
00000151FFFFFFE0
0000FCC400000140
0000C4EC00000018
0000C4CC0000000C
0000091C0000000D
000400CE00000008
FFFF250400001041
000000010000086C
000000000000083C
0000017000001034
000000000000080C
FFFFFFD80000FDCF
0000000100000806
0000003000001030
000000000000FC75
0000104100000105
00000837FFFFA5B8
0000015700000000
0000018800001033
000000180000FCC5
000000050000C4EC
000000080000091E
000000040000C4DC
0000C4DC00040EED
0000091D00000006
0000C4BC00000010
0000091B00000007
00040DBD00000018
0000C2B400040EDE
0000099D00000010
000079DD000489F8
0000C2A500010BDB
00010AEA00000010
00000F0A00020ABA
000000000000083A
000000BC00001039
0000000C0000C4EC
0000000D0000C4CC
000000080000091C
00001041000400CE
0000086CFFFF23F8
0000083C00000001
0000103300000000
0000FCC4FFFFFF1C
0000C4EC00000018
0000C4CC0000000C
0000091C0000000D
000407CE00000008
0000104100000106
00040CC7FFFF23B0
000000180000FCE4
0000000C0000C5CE
000000080000092C
0000000D0000C5CE
FFFFFEC000001030
0000104100000105
00000805FFFF8FE0
0000103000000000
00020CEB00000054
0000083C00000F0C
0000103BFFFFFFFF
000201ED0000003C
000000100000C314
0000FFFF00000861
000000080000FC04
FFFF559000001041
0000001000001030
FFFFFFD80000FC5F
000000000000FD54
FFFFFFE00000FC7F
FFFFFFE80000FC6F
FFFFFFF00000FC5F
FFFFFFF80000FC4F
0000401F0000404F
0000400F00001012
000040500000403F
0000FD4FFFFFFF20
0000FD5FFFFFFFF8
0000FD6FFFFFFFF0
0000FD7FFFFFFFE8
00000170FFFFFFE0
000000000000080D
FFFFFFDE0000C3DF
000000F00000080C
0000000000000837
0000139C00001033
000000420000C2B7
000000720000C2E7
00420EBE000008EE
0000083A00300AED
0000100300000000
000001EB0000FE98
0000000000000831
0000135C00001033
000000F50000080C
000000200000C0A7
000000070000083A
000000B40000103F
000000010000080B
0000086A00200ABA
0000083A0000009C
0000103400000000
0000103000000010
0000080C00000088
0000083200000000
0000103300000000
0000C2D70000006C
0000052D00000074
000000280000103F
000000760000C2A7
0000000F0000083A
000000100000103F
000001BC00001030
0000002A0000C2C7
000000800000087C
0000002A0000C3C7
000000FF0000080C
000000000000080D
0000000C00001030
0000083D000001DB
0000103300000000
0000C2B700001280
0000FCC700000076
0000083C00000080
000001AE00000000
0000FFFF0000086A
FFFFFFB80000FD2F
0000008C00001033
FFFFFFA00000FD1F
0000FCC60000016C
0000083C00000000
0000103400000000
0000C2C6FFFFFFEC
0000C4D600000010
0000091D00000012
0000086D00000002
00010CDC00000004
0000103E000005CA
0000099000000080
0000099100019BDA
0000080200018F20
00000993000001E9
0000104100019328
00001030000131C4
0000C2C700000000
0000083C00000078
0000103300000000
00000990000000E4
0000099100019B92
0000080200018ED8
000009930000024E
0000104100018582
000010300001317C
000001D200000000
0000C2C7000202EC
0000C3CF00000078
0000083CFFFFFFDE
0000103300000000
000001E2000000CC
0000FFFF0000086E
0000103E000005CE
0000099000000128
0000099100019B22
0000080200018E68
00000993000001FB
0000104100019A28
000010300001310C
0000FCD700000000
0000083A00000088
0000103300000000
0000083D00000084
0000103400000000
0000103000000010
000001DB00000320
FFFFFE4C00001030
FFFFFFA00000FD1F
000000000000080C
FFFFFF580000FDCF
0000FDCF0000015C
0000016CFFFFFF70
FFFFFF780000FDCF
FFFFFF500000FDCF
0000058800001030
000000000000080E
FFFFFF700000FDEF
0000008000001030
000000000000083D
0000002400001034
000000800000FCD7
000000000000083D
00001033000001DB
00000990FFFFFDC8
0000099100019A32
0000080200018D78
000009930000015C
0000104100018CE1
000010300001301C
00420ECD00000000
0000C3CF00020CCE
0002022EFFFFFFDE
FFFFFF700000FD6F
FFFFFFDE0000C2CF
FFFFFF780000FDEF
00001033000005ED
0000086C00000050
0000083C0000FFFF
0000103300000000
0000099000000038
00000991000199B2
0000080200018CF8
0000099300000203
0000104100018E12
0000103000012F9C
0000080C00000000
0000080E00000001
0000FDEF00000000
0000FCEFFFFFFF80
000005EDFFFFFF78
0000022C00001040
0000FFFF00000862
0000000000000832
000001E800001033
000000100000C2E6
000000000000083E
0000022800001033
FFFFFF780000FCCF
004005C200020CDC
0000086C000001C3
0000083C00000001
0000FD7F00000000
0000FDAFFFFFFFB0
0000FDBFFFFFFF90
0000FD5FFFFFFFA8
00001033FFFFFFD0
0000103000000010
0000FCE600000200
000001CE00000008
000000000000FCEC
000000000000083E
FFFFFFEC00001034
000000140000C4EC
0000003F0000083E
0000103F0000012D
0000C2EC00000038
0000FCCC00000012
00010CCE00000008
FFFFFFA00000FCEF
00001034000005CE
0000103000000010
0000017300000F40
0000086100000115
000008040000FFFF
0000080500000000
0000010400000001
0000104100000125
0000083CFFFF475C
0000103300000000
0000010C00000290
FFFFFFA00000FCCF
FFFFFF780000FC4F
0000FDC000010CC4
0000FD0F00000008
00001041FFFFFF50
0000FCEFFFFF5620
00010ECEFFFFFFA8
FFFFFFA80000FDEF
000000000000080C
FFFFFF580000FDCF
0000FC7F00000137
0000FC2FFFFFFFB0
0000FCAFFFFFFFB8
00001030FFFFFF90
0000FCD700000258
0000083D00000080
000001DB00000000
FFFFFB2400001034
0001978E00000990
00018AD400000991
0000015900000802
0001857D00000993
00012D7800001041
0000000000001030
FFFFFF800000FCEF
FFFFFF580000FDEF
FFFFFF780000FC5F
FFFFFF500000FDEF
000010300000012D
0000FCEF00000224
0000FDEFFFFFFF80
0000FC5FFFFFFF58
0000FDEFFFFFFF78
0000012DFFFFFF50
000001F800001030
000000000000080E
FFFFFF780000FC5F
FFFFFF580000FDEF
FFFFFF500000FDEF
000010300000012D
0000403C000001CC
000000010000080E
000000280000FDEC
0000FD3F000001E7
0000FD3CFFFFFF88
0000FDEC00000020
0000086500000018
000008040000FFFF
0000023F00000000
00000104FFFFFFDE
0000104100000115
0000083C00000DD4
0000103300000000
0000014C00000098
FFFFFFA00000FCCF
FFFFFF780000FC7F
0000FC04000101C7
0000012500000008
00017A4800001041
FFFFFF500000FD4F
0000014700000104
FFFF545C00001041
FFFFFFA80000FCEF
0000FDEF00010ECE
0000080CFFFFFFA8
0000FDCF00000000
0000FC3FFFFFFF58
0000FC7FFFFFFF88
0000FC2FFFFFFFB0
0000FCAFFFFFFFB8
00001030FFFFFF90
0000080C000000A4
0000FC5F0000001B
0000FD4FFFFFFF78
0000FD4FFFFFFF58
0000FC3FFFFFFF50
0000FC7FFFFFFF88
0000FC2FFFFFFFB0
0000FCAFFFFFFFB8
00001030FFFFFF90
0000080C00000070
000001540000001B
FFFFFF580000FD4F
FFFFFF500000FD4F
0000FC7F00000137
0000FC2FFFFFFFB0
0000FCAFFFFFFFB8
0000FC4FFFFFFF90
00000835FFFFFF78
0000015400000000
0000001C00001033
FFFFFFD00000FCCF
0000080C0001054C
0000080E00000000
00300CCE00000000
FFFFFF700000FD6F
FFFFFFA80000FCBF
000000010000086C
000000000000083C
0000001000001034
000005C000001030
FFFFFFA80000FDBF
000000000000080C
0000086E000001E3
0000FDEF00000002
00000863FFFFFF60
0000FDCF00000001
000001ECFFFFFF80
FFFFFF880000FD3F
FFFFFFB00000FD7F
FFFFFF900000FDAF
0000005C00001030
0000104100000107
0000080DFFFF4870
0000FC3F0000001B
0000FC2FFFFFFF88
0000FCAFFFFFFFB8
0000FCEFFFFFFF90
0000FC7FFFFFFFC8
0000083DFFFFFFB0
0000103300000000
0000103000000010
0000014500000514
0000FFFF00000864
0000103E00000524
0000FDEF000005D4
00020C25FFFFFFC8
0000FFFF0000086C
0000083300420ECA
0000FD5F00000000
0000FDEFFFFFFFD0
00001033FFFFFFC0
0000103000000010
0000C2CF000000E8
0000083CFFFFFFDE
0000103300000000
0000103000000010
00000800000006F8
0000080700000036
0000011E00000001
0000104100000127
0000015CFFFF42DC
0000001B0000080D
0000000000000835
0000025800001033
FFFFFF680000FDDF
FFFFFFA00000FCCF
0000FDC500010CC4
0000080000000008
0000080100000036
0000080200000000
0000FD1F00000280
00001041FFFFFF98
0000083CFFFF427C
0000103400000000
0000103000000010
0000010C00000214
0000015C00000115
FFFF524C00001041
0000FCDF00000105
00001030FFFFFF98
000005CA0000020C
000010400000011E
0000FCCF000000A4
0000083CFFFFFF60
0000103400000000
0000C2C700000078
0000086C0000002A
0000083C00000040
0000011E00000000
0000006800001034
FFFFFF800000FCCF
000000000000083C
0000003C00001034
000000800000FCC7
000000000000083C
0000002400001034
000000880000FCC7
000000000000083C
000010330000011E
000002CE0000001C
0000086C000005BB
004201CA0001FFF8
0000003600000800
0000028000000802
FFFF417800001041
FFFFFFC00000FC2F
000000000000080D
000000000000083C
000010330000015D
0000FCEC00000050
0000083E00000000
0000103300000000
0000103000000010
0000C2EC00000658
00020EE200000012
FFFFFFDE0000C3EF
000000120000C32C
000000100000C32C
000008350000015C
0000103300000000
0000C2C500000054
000005C200000012
0000001000001040
0000063400001030
FFFFFFA00000FCCF
0000FC05000101C4
0000104100000008
000001050001759C
FFFFFFD00000FC5F
000000A000001030
FFFFFF980000FDDF
0000001B0000080D
FFFFFF880000FC3F
FFFFFFB80000FC2F
FFFFFF900000FCAF
FFFFFFD00000FC5F
FFFFFFC80000FCEF
FFFFFCEC00001030
0000000000000807
FFFFFF980000FC0F
0000002800001030
0000104100000105
00000807FFFF4500
0000010700000000
FFFFFF680000FCDF
0000000000000837
FFFFFFB00000FC7F
FFFFFFD00000FC5F
0000014000001033
0000104100000170
0000FCEFFFFF4F10
00010ECEFFFFFFA8
FFFFFFA80000FDEF
0000086C000001CE
0000083C0000FFFF
0000FD7F00000011
0000103DFFFFFF98
0000103000000010
0000FC0FFFFFFC0C
0000C0C0FFFFFFB0
0000403E0000006C
0000000000000805
000000180000FD5E
00000117000103C4
0000104100000125
000001EC00000950
000000000000083E
000000D800001033
FFFFFF800000FCCF
000000000000083C
0000FC3F000001CE
0000FC2FFFFFFF88
0000FCAFFFFFFFB8
0000FC5FFFFFFF90
0000FC7FFFFFFFD0
00001033FFFFFFB0
0000FCCF00000038
0000083CFFFFFFC8
0000103400000000
0000103000000010
0000FDEC00000670
0000FCCF00000000
0000FCDFFFFFFF80
000105D5FFFFFFC0
000000000000080D
FFFFFF800000FDCF
FFFFFF700000FDEF
FFFFFB5C00001030
FFFFFF980000FD0F
FFFFFF880000FC3F
FFFFFFB80000FC2F
FFFFFF900000FCAF
FFFFFFC80000FCEF
FFFFFB2C00001030
0000001B0000080D
FFFFFF700000FD5F
FFFFFF880000FC3F
FFFFFFB80000FC2F
FFFFFF900000FCAF
FFFFFFD00000FC5F
FFFFFFC80000FCEF
FFFFFFB00000FC7F
FFFFFAE400001030
0000002A0000C2C7
000000800000087C
0000002A0000C3C7
FFFFFF500000FC0F
0000000000000830
0000001000001033
FFFF42E400001041
FFFFFF800000FC0F
0000000000000830
0000001000001033
FFFF805C00001041
000000FF0000080C
000000760000C2E7
000000000000083E
000004E400001033
000000880000FCE7
000000000000083E
000004CC00001034
000000800000FCE7
000000000000083E
000004B400001034
00018E9600000990
000181DC00000991
0000032B00000802
000189A700000993
0001248000001041
0000000000001030
FFFFFF780000FCDF
000000000000083D
FFFFFF580000FCBF
0000003C00001033
000000080000FC46
0000000000000834
0000001000001033
000000C400001030
000000100000C2C6
0000C3C600010CCD
0000C2CF00000010
0000C3C7FFFFFFDE
0000FC1F00000078
00000831FFFFFF50
0000103300000000
0000083600000140
0000FC4F00000000
00001034FFFFFFA8
0000103000000010
0000FC0600000278
0000015100000008
FFFF4CDC00001041
FFFFFFB80000FC2F
000000100000C2B5
000000100000C2C6
0000C3C600010CCB
0000103000000010
0000FC44000001A8
0000083400000000
0000103400000000
0000103000000010
0000C2C4FFFFFF4C
00010CCD00000010
000000100000C3C4
000000000000FCC4
000000000000083C
FFFFFFBC00001034
000000120000C2C4
000000080000FCE4
0000FC1F000100EC
0000012DFFFFFFA0
0001711800001041
FFFFFF580000FCBF
FFFFFF780000FCDF
FFFFFFB80000FC2F
000000120000C2C4
0000C3C400010CCD
0000103000000012
00000990FFFFFF60
0000099100018CE2
0000080200018028
0000099300000274
0000104100018D31
00001030000122CC
000001CB00000000
0000FFFF0000086C
000000000000083C
FFFFFFA80000FC4F
000000AC00001033
0000000000000836
000002CC00001033
000000080000FCC6
000000000000083C
000002B400001033
000000000000FCEC
000000000000083E
0000003C00001033
000001CE000001DC
000000100000C2ED
0000C3ED00010EEB
0000FCEC00000010
0000083E00000000
0000103400000000
0000C2ECFFFFFFD4
00010EEB00000010
000000100000C3EC
000000120000C2EC
0000C3EC00010EEB
0000103000000012
00000836FFFFFE4C
0000103400000000
0000103000000010
0000FCCF000000B0
0000FDC6FFFFFF80
0000103000000000
00000990000000A8
0000099100018BBA
0000080200017F00
000009930000010E
00001041000177C0
00001030000121A4
0000099000000000
0000099100018B8A
0000080200017ED0
000009930000026A
0000104100018430
0000103000012174
0000099000000000
0000099100018B5A
0000080200017EA0
00000993000002E4
0000104100018633
0000103000012144
0000FCCF00000000
0000FDC7FFFFFF80
0000C0C700000080
00010CC20000006C
0000006C0000C1C7
000000740000C2C7
0000C3C700020CC2
0000C34700000074
0000086400000076
000008340000FFFF
0000103300000000
0000FCC700000040
0000083C00000088
0000103400000000
0000FCC700000028
0000083C00000080
0000103400000000
0000103000000010
0000080C00000148
0000FCBF00000000
0000083BFFFFFF70
0000103300000000
0000FCEB00000098
0000FCDF00000018
0000083DFFFFFF60
0000103400000000
0000083E00000078
0000103300000000
0000C4DE00000068
0000C4EE0000000C
0000091E0000000D
000405ED00000008
0000000800000800
0000016B0000014C
FFFF0F2400001041
000001C4000001EC
0000FCD600040EE5
0000C5ED00000018
0000092E0000000C
0000C5ED00000008
000008CC0000000D
FFFFFFE00000FC7F
FFFFFFE80000FC6F
FFFFFFF00000FC5F
FFFFFFF80000FC4F
0000401F0000404F
0000099000001012
00000991000189BA
0000080200017D00
00000993000002EA
000010410001863A
0000103000011FA4
0000099000000000
000009910001898A
0000080200017CD0
00000993000002AE
00001041000180EF
0000103000011F74
0000099000000000
000009910001895A
0000080200017CA0
0000099300000316
000010410001846B
0000103000011F44
0000FC4F00000000
00000834FFFFFF78
0000103300000000
0000099000000038
0000099100018912
0000080200017C58
0000099300000234
0000104100018838
0000103000011EFC
0000080C00000000
000001E500000000
0000000100000805
FFFFFF580000FDEF
FFFFFF500000FDCF
FFFFF36400001030
0000403F0000400F
FFFFFFD800004050
FFFFFFF80000FD4F
FFFFFFF00000FD5F
0000015100000143
000000380000FCEF
000000300000FCDF
000000280000FCCF
0000104000000552
0000086D0000009C
0000083D00000002
0000103400000000
0000C2DC00000070
0000086D0000002A
0000083D00000040
0000011500000000
0000006000001034
000000000000083E
0000003C00001033
000000800000FCEC
000000000000083E
0000002400001034
000000880000FCCC
000000000000083C
0000103300000115
000002C50000001C
0000086C000005BB
004201C20001FFF8
0000028000000802
FFFF36F000001041
000000000000083C
0000005000001033
000000000000FCEC
000000000000083E
0000004800001033
0001879E00000990
00017AE400000991
0000010E00000802
000173A400000993
00011D8800001041
0000000000001030
000000000000080C
0000002800001030
000000120000C2EC
000076E400020EE5
000000120000C35C
000000100000C35C
FFFFFFF00000FC5F
FFFFFFF80000FC4F
0000401F0000404F
0000400F00001012
000040500000403F
0000FD4FFFFFFFB0
0000FD5FFFFFFFF8
0000FD6FFFFFFFF0
0000FD7FFFFFFFE8
00000161FFFFFFE0
0000FC4F00000150
0000083600000028
0000103400000000
0000103000000010
0000FD3F000000B4
0000FD2FFFFFFFD8
00000800FFFFFFD0
0000104100000004
0000083CFFFF29A8
0000103400000000
0000103000000010
0000080E000000AC
0000FDEC00000000
0000FD6C00000000
0000C54C00000008
0000091400000012
0000086400000002
0000C2D600000004
000005D400000010
0000008400001040
0001864E00000990
0001799400000991
000000B300000802
0001799F00000993
00011C3800001041
0000000000001030
0001861E00000990
0001796400000991
000000A700000802
000170EB00000993
00011C0800001041
0000000000001030
0000104100000106
0000080CFFFF39C0
0000103000000000
0000FDEF000001A4
00020ED4FFFFFFC8
0000C3EC0000017C
0000080100000010
0000010600000014
FFFF3F7800001041
000000000000083C
0000002400001033
0000104100000107
0000FCCFFFFF8B98
00001030FFFFFFC8
0000FCC70000014C
0000FCCC00000008
0000FDC700000008
0000C20500000018
0000104100000026
0000FCE7FFFF0A60
000001DC00000018
000000080000092D
000000010000C5DE
0000C205000074CE
0000104100000028
0000FCE7FFFF0A30
000001DC00000018
000000080000092D
000000030000C5DE
000000020000C5CE
FFFFFFD80000FC0F
FFFF0A2000001041
000000180000FCE7
0000092D000001DC
0000C5DE00000018
000001DC00000007
000000100000092D
000000060000C5DE
0000092D000001DC
0000C5DE00000008
0000C5CE00000005
0000091400000004
000008640000000A
0000FCCF00001000
00040C4CFFFFFFD0
000050000000020C
FFFF098400001041
000000180000FCE7
000000000000080D
000000130000C5DE
000000120000C5DE
0000092D000001DC
0000C5DE00000008
0000C5CE0000000D
000001C70000000C
FFFFFFE00000FC7F
FFFFFFE80000FC6F
FFFFFFF00000FC5F
FFFFFFF80000FC4F
0000401F0000404F
0000400F00001012
000040500000403F
0000FD4FFFFFFF90
0000FD5FFFFFFFF8
0000FD6FFFFFFFF0
0000FD7FFFFFFFE8
00000830FFFFFFE0
0000103400000000
0000103000000010
0000080C00000098
0000FC40000000FF
0000083400000080
0000103300000000
00000831000004F4
0000103400000000
0000103000000010
0000C2E400000090
000005E100000010
000000AC0000103E
000000420000C2D0
0000103E0000051D
00000990000000A8
0000099100018362
00000802000176A8
000009930000035E
0000104100017E91
000010300001194C
0000099000000000
0000099100018332
0000080200017678
000009930000034E
000010410001809F
000010300001191C
0000099000000000
0000099100018302
0000080200017648
0000099300000356
0000104100017780
00001030000118EC
0000080C00000000
0000103000000000
0000FD0F00000414
0000FDCFFFFFFFC8
0000FD1FFFFFFFD8
000206E1FFFFFFD0
000000120000C474
FFFFFFC00000FD7F
0000000200000917
0000000400000867
0000086100010167
000008000000FFFF
0000080200000036
0000104100000280
0000015CFFFF318C
0000000000000800
0000000000000835
0000020800001033
FFFFFFB00000FD0F
000000080000FCC5
0000FC04000101C7
0000C2E000000008
0000FCCF00000010
00010CECFFFFFFD0
000000100000C2E4
00000863000203CE
0000FD6F0000FFFF
00000866FFFFFFB8
000001260000FFFF
FFFF475800001041
00001034000005C6
0000FCC400000198
0000C4EC00000018
0000C4CC0000000C
0000091C0000000D
000400CE00000008
FFFF06BC00001041
0000FCC40000016C
0000C4EC00000018
0000091E00000005
0000C4DC00000008
00040EED00000004
000000060000C4DC
000000100000091D
000000070000C4CC
000000180000091C
000400CE00040CCD
FFFF068800001041
FFFFFFC00000FCDF
000000FF0000086D
0000FDDE0000403E
0000FCEF00000018
000103CEFFFFFFD0
0000086700000176
0000FD6F00000008
00000866FFFFFFD0
0004026700000001
FFFFFFC80000FC0F
0000104100000115
0000015CFFFFF9E0
0000000000000835
FFFFFFB00000FC0F
000000A000001033
000000080000FC04
FFFF3EFC00001041
FFFFFFC80000FCEF
000000760000C2DE
0000C3CE00020CDC
0000FC0400000076
0000C2C000000008
0000FCEF00000010
000201CEFFFFFFB8
0000FFFF00000861
FFFF37F800001041
000000000000080C
0000083E00300E7C
0000100300000000
0000103000011B84
0000080E0000005C
0000FCDF00000037
00001030FFFFFFD0
0000010500000054
0000000000000830
0000002000001033
FFFF340C00001041
FFFFFFD80000FCCF
0000017000001030
FFFFFFD80000FCCF
0000016000001030
0000003F0000080E
FFFFFFD00000FCDF
00300E6C000300ED
000000000000083E
FFFFFFD80000FDCF
00011C1000001003
0000002000001030
0000003E00000860
FFFFFFB80000FCEF
0000001000001030
FFFFFFB80000FCEF
000000100000C2C4
0000C3C400020CCE
0000FCC400000010
0000C47C00000018
0000C46C0000000C
000010410000000D
00000916FFFF0490
00040E6700000008
0000FCE400040CCE
0000C5CE00000018
0000092C0000000C
0000C5CE00000008
0000FC040000000D
0000104100000008
0000FC6FFFFF3D70
0000C2E6FFFFFFC8
00010CEC00000076
000000760000C3C6
000000080000FC05
FFFF3D4400001041
0000C2DE000001E6
00010CDC00000076
000000760000C3CE
000000000000FCC4
000000000000FDC5
000000000000FD54
000000000000FCC5
000000000000083C
FFFFFFD80000FCCF
0000001800001034
000000000000080C
000000780000C3CE
0000FC7F000008CC
0000FC6FFFFFFFE0
0000FC5FFFFFFFE8
0000FC4FFFFFFFF0
0000404FFFFFFFF8
000010120000401F
0000403F0000400F
FFFFFFD000004050
FFFFFFF80000FD4F
FFFFFFF00000FD5F
FFFFFFE80000FD6F
0000000000000830
0000001000001034
000000A800001030
000000800000FCC0
000000000000083C
0000007800001033
0000014C00000150
000000000000FCC4
000000000000083C
FFFFFFEC00001034
000000180000FCC4
0000000C0000C4EC
0000000D0000C4CC
000000080000091C
00001041000400CE
0000086CFFFF02F0
0000083C00000007
0000010500000000
0000001000001034
0000005000001030
0000000100000801
000000E400001041
000000B800001030
00017DA600000990
000170EC00000991
000003EF00000802
00016FE400000993
0001139000001041
0000000000001030
000000180000FCC4
0000000C0000C4EC
0000000D0000C4CC
000000080000091C
0000080C000405CE
0000016000000001
000010410000010C
00040CC5FFFF0248
000000180000FCE4
0000000C0000C5CE
000000080000092C
0000000D0000C5CE
0000002A0000C2C6
000000200000087C
0000002A0000C3C6
000000000000080C
FFFFFFE80000FC6F
FFFFFFF00000FC5F
FFFFFFF80000FC4F
0000401F0000404F
0000400F00001012
000040500000403F
0000FD4FFFFFFFB8
0000FD5FFFFFFFF8
0000FD6FFFFFFFF0
0000FD7FFFFFFFE8
00000140FFFFFFE0
0000086700000171
0000083700000003
0000103400000000
0000103000000010
00000834000000AC
0000103400000000
0000103000000010
0000FD1F000000C4
00000151FFFFFFD8
0000000200000865
000008D600000165
0000003600000800
0000028000000802
0000104100000116
0000083CFFFF2B54
0000103300000000
0000C2EC0000013C
000005E600000012
0000009800001040
00017C0600000990
00016F4C00000991
0000043E00000802
00017C6300000993
000111F000001041
0000000000001030
00017BD600000990
00016F1C00000991
0000041400000802
0001697000000993
000111C000001041
0000000000001030
00017BA600000990
00016EEC00000991
0000041500000802
000176E200000993
0001119000001041
0000000000001030
0000C034000008E5
0000403E0000006C
000000180000FD5E
0000011C00000104
FFFFFFD80000FC2F
FFFFF42C00001041
000000000000083C
0000005800001033
000000180000FCEC
000000030000086E
000000000000083E
0000008800001033
00017B1600000990
00016E5C00000991
0000044600000802
000162E500000993
0001110000001041
0000000000001030
0000002A0000C2C4
000000800000087C
0000002A0000C3C4
000000FF0000080C
0000FC7F000008CC
0000FC6FFFFFFFE0
0000FC5FFFFFFFE8
0000FC4FFFFFFFF0
0000404FFFFFFFF8
000010120000401F
000000100000C2EC
000000000000083E
0000003800001033
00017A7E00000990
00016DC400000991
0000044700000802
000169C400000993
0001106800001041
0000000000001030
000000800000FCD4
000000000000083D
0000003C00001033
FFFFFFD80000FCEF
0000FCDB000001BD
0000083D00000000
0000103400000000
0000FDCBFFFFFFEC
0000103000000000
0000FDC400000018
0000FCEF00000080
0000080DFFFFFFD8
0000015D00000000
000000780000C3D4
000000010000086E
0000000000000837
0000001C00001033
0000006C0000C0D4
0000C1D40000084D
0000083E0000006C
0000103300000000
0000C2E400000020
0000087E0000002A
0000C3E400000020
0000FC0C0000002A
0000104100000008
0000C2E4FFFF37A8
00010CEC00000076
000000760000C3C4
0000FFFF0000086C
000000000000083C
0000006C00001033
000000880000FCC4
000000000000083C
00001034000001C5
0000FCE4FFFFFE74
0000083E00000080
0000103400000000
00000990FFFFFE5C
000009910001791A
0000080200016C60
000009930000046A
0000104100017869
0000103000010F04
000001C500000000
FFFFFE2000001030
0000403F0000400F
FFFFFF7800004050
FFFFFFF80000FD4F
FFFFFFF00000FD5F
FFFFFFE80000FD6F
FFFFFFE00000FD7F
0000083400000140
0000103400000000
0000103000000010
0000C0C400000050
0000083C00000020
0000103400000001
0000099000000068
000009910001787A
0000080200016BC0
00000993000004E8
0000104100016B03
0000103000010E64
0000099000000000
000009910001784A
0000080200016B90
00000993000004E5
0000104100016031
0000103000010E34
0000080C00000000
0000099E00000000
0000FCEE00046304
000005E400000000
00000C6800001033
000000580000C254
000000700000C274
000000800000FC64
0000000000000836
0000001000001034
0000004800001030
FFFFFFA80000FDCF
00000004000002C4
000000080000C404
0000000000000830
FFFFFFC80000FDCF
0000004C00001033
FFFF259C00001041
0000004800001030
0000002A0000C2E4
000000020000086E
000000000000083E
00000BC000001033
0000104100000104
0000103000000C7C
0000010C00000BC4
0000BCF800001041
000000000000083C
0000015000001033
000079E400420575
000000000000083E
0000001400001034
000000080000C0EC
0000FDCF000078E4
0000FCC6FFFFFFB8
0000C4EC00000018
0000091E00000005
0000C4DC00000008
00040EED00000004
000000060000C4DC
000000100000091D
000000070000C4CC
000000180000091C
000400CE00040CCD
FFFEFBE800001041
000000540000C0E4
0000C2E600020CCE
00010CCE00000010
000005C500000F1C
000000B80000103E
000000700000C2C4
000010340000055C
0000FCC400000058
0000083C00000088
0000103400000000
0000C4C400000040
0000083C000000D5
0000103400000000
0000080C00000028
0000C5C400000000
0000080C000000D6
0000C3C400000100
0000C2C4000000D4
0000086C0000002A
0000083C00000002
0000FCCF00000000
00001033FFFFFFA8
0000010400000A5C
00000B1800001041
00000A6000001030
000000FC0000080C
00000A5000001030
FFFFFFC00000FD5F
000000000000080E
000000D50000C5E4
000000880000FCC4
000000000000083C
FFFFFFD00000FDEF
0000002400001033
0000FCCE000001EC
0000083C00000000
0000103400000000
0000FDEFFFFFFFEC
000002C4FFFFFFB0
0000FDCF00000088
00001030FFFFFFD8
0000010600000034
FFFF7B6C00001041
000000800000FC64
0000000000000836
0000001000001034
0000096800001030
000000180000FCC6
000000050000C4EC
000000080000091E
000000040000C4DC
0000C4DC00040EED
0000091D00000006
0000C4CC00000010
0000091C00000007
00040CCD00000018
00001041000400CE
0000C0E4FFFEFA1C
00020CCE00000054
000000100000C2E6
00000F1C00010CCE
FFFFFFC00000FCEF
0000103F000005CE
0000FCC6000008E4
0000C4EC00000018
0000C4CC0000000C
0000091C0000000D
000400CE00000008
FFFEF99C00001041
000000040000086C
000000000000083C
0000001000001033
0000091000001030
FFFFFFD80000FCCF
000000000000FCCC
000000000000083C
0000003400001033
0000002A0000C2C4
0000086E000001EC
0000083E00000044
0000103400000000
0000103000000010
0000C0C400000664
0000083C00000020
0000103300000002
0000FCC600000060
0000C4EC00000018
0000C4CC0000000C
0000091C0000000D
000405CE00000008
0000001000000800
FFFEF8E400001041
0000FCE600040CC5
0000C5CE00000018
0000092C0000000C
0000C5CE00000008
0000FCC60000000D
0000C4CC00000008
0000083C00000016
0000FCCF00000001
00001034FFFFFFD0
0000C00400000320
0000104100000034
0000FCE6FFFEF8AC
000001DC00000018
000000180000092D
0000000B0000C5DE
0000092D000001DC
0000C5DE00000010
000001DC0000000A
000000080000092D
000000090000C5DE
000000080000C5CE
0000003A0000C204
FFFEF82C00001041
000000180000FC56
0000092E000001EC
0000C5E500000008
0000C5C50000000F
0000C2C40000000E
0000C0E40000003A
00010CEC00000034
0000003C0000C1C4
000000120000C4C6
000000010000086C
000000000000083C
0000001000001033
0000001800001030
0000001400000255
0000004C00001030
000005B400000800
FFFFFFB80000FC1F
FFFFFFC80000FC2F
FFFF6F5800001041
000008700000010C
0000104102040000
0000C1C5FFFEF7A4
0000025500000014
0000C7C400000018
0000083C00000040
0000103BFFFFFFFF
0000FCCF00000018
0000C3C4FFFFFFD0
0000C0C400000040
0000083C00000044
0000103400000000
0000099C00000078
000079CC00045CB0
000000440000C1C4
000000180000FCC6
000000050000C4EC
000000080000091E
000000040000C4DC
0000C4DC00040EED
0000091D00000006
0000C4CC00000010
0000091C00000007
00040CCD00000018
00001041000400CE
0000C1C4FFFEF6EC
0000FCC600000048
0000FC0600000018
0000FCE000000008
00020ECE00000008
000000120000C2D0
0000C3D000020DDE
0000C2D000000012
000202DE00000010
000000080000FDC0
000000100000C320
FFFFFFD00000FCEF
000000110000C5EC
000000100000C5EC
000000120000C4E6
000000020000091E
000000040000086E
000002CC00010CCE
0000055C00000014
0000001000001033
0000060800001030
0000FCCF00004035
0000FDC5FFFFFFC8
0000086200000018
000008070000FFFF
0000011700000006
0000104100000134
000001ECFFFF03D4
000000080000092E
000000180000FCD6
000000110000C5ED
000000100000C5CD
000000080000FC06
0000000B0000C434
0000000A0000C4C4
FFFFFFB80000FCEF
000000280000FDE5
000000200000FD75
000000180000FDC5
0000FC2F00000114
00001041FFFFFFC8
0000083C0000BFA4
0000103300000000
0000103000000010
0000FCC60000052C
0000FDC400000000
0000C0C400000080
0000083C00000020
0000103300000002
0000C2C400000020
0000086C0000002A
0000C3C40000FFFC
0000FCC60000002A
0000C4EC00000018
0000091E00000005
0000C4DC00000008
00040EED00000004
000000060000C4DC
000000100000091D
000000070000C4CC
000000180000091C
000400CE00040CCD
FFFEF4F800001041
000000100000C2E6
0000FCC6000107CE
0000C4EC00000018
0000C4CC0000000C
0000091C0000000D
000400CE00000008
FFFEF49C00001041
000000030000086C
0000000000000805
0000086C00310CC5
00010C7C00000001
000000600000C0E4
00000F0E00020EEC
FFFFFFFF0000083E
000000100000103B
000000600000C1C4
000000180000FCC6
0000000C0000C4EC
0000000D0000C4CC
000000080000091C
0000C276000400CE
0000104100000010
0000086CFFFEF420
00310CC500000003
000000010000086C
0000086C00040C7C
0000083C0000FFFF
0000103300000000
0000FD56FFFFF980
0000FCEF00000000
0000FCCEFFFFFFD8
0000083C00000000
0000103400000000
0000103000000010
0000FCC600000198
0000C4EC00000018
0000091E00000005
0000C4DC00000008
00040EED00000004
000000060000C4DC
000000100000091D
000000070000C4CC
000000180000091C
000400CE00040CCD
FFFEF39000001041
0000FC5F0000017C
0000FCC5FFFFFFB0
0000C4EC00000018
0000091E00000005
0000C4DC00000008
00040EED00000004
000000060000C4DC
000000100000091D
000000070000C4CC
000000180000091C
000400CE00040CCD
FFFEF33000001041
00000F0C00020C7C
FFFFFFFF0000083C
000000100000103B
000000DC00001030
000000000000FD65
FFFFFFB00000FD6F
FFFFF87000001030
000000800000FCE4
000000000000083E
0000003C00001033
000000000000FCDE
000000000000083D
FFFFF97C00001034
000000420000C2D4
000000100000C2EE
00001040000005ED
0000C2E4FFFFF960
0000083E00000074
0000103300000000
0000C2E4FFFFF948
0000086C00000076
0000083C000000A0
0000103400000000
0000086EFFFFF928
0000083E0000FFFF
0000103D00000010
0000103000000154
0000FD6EFFFFF908
0000FD6F00000000
00001030FFFFFFB0
0000FC5FFFFFF7B4
0000FCC5FFFFFFD8
0000083C00000000
0000103300000000
0000FC5F000000F4
0000FCCCFFFFFFD8
0000C4EC00000018
0000091E00000005
0000C4DC00000008
00040EED00000004
000000060000C4DC
000000100000091D
000000070000C4CC
000000180000091C
000400CE00040CCD
FFFEF1C000001041
0000FCC60000017C
0000C4EC00000018
0000091E00000005
0000C4DC00000008
00040EED00000004
000000060000C4DC
000000100000091D
000000070000C4CC
000000180000091C
000400CE00040CCD
FFFEF16800001041
00000F0C00020C7C
FFFFFFFF0000083C
000000280000103B
000000000000FC55
000000000000FCC5
000000000000083C
FFFFFF2400001034
000000000000FCC5
000000000000FDC6
000000000000FD65
FFFFF68800001030
000000800000FCC4
000000000000083C
FFFFFFA80000FCCF
0000001800001034
000000000000080E
000000780000C3E4
0000002A0000C2E4
0000FF7F0000086E
0000002A0000C3E4
0000FC7F000008CC
0000FC6FFFFFFFE0
0000FC5FFFFFFFE8
0000FC4FFFFFFFF0
0000404FFFFFFFF8
000010120000401F
00016B6600000990
00015EAC00000991
0000053B00000802
0001644A00000993
0001015000001041
0000000000001030
0000002A0000C2E4
000000800000087E
0000002A0000C3E4
FFFFFF8800001030
00016B1600000990
00015E5C00000991
0000062000000802
0001553500000993
0001010000001041
0000000000001030
0000403F0000400F
FFFFFFC000004050
FFFFFFF80000FD4F
FFFFFFF00000FD5F
0000083400000140
0000103400000000
0000103000000010
0000C004000000EC
0000104100000060
0000012CFFFEEFCC
000000260000C234
000000340000C004
000000280000C2C4
0000003A0000C2E4
0000FDED0000403D
0000080E00000028
0000FDED00000010
0000FDCD00000020
0000080500000018
0000011500000000
0000165800001041
000000000000083C
000000A000001033
0000003A0000C2E4
000000340000C0D4
0000C1E400010EDE
000002340000003C
0000010400000004
000001240000011C
00000CE800001041
0000002A0000C2E4
000000000000083C
0000007800001033
000000030000087E
0000002A0000C3E4
0000007400001030
000169C600000990
00015D0C00000991
0000082D00000802
0001531300000993
0000FFB000001041
0000000000001030
0000002A0000C2C4
000000030000087C
0000002A0000C3C4
000000FE0000080C
0000001C00001030
0000FFFC0000086E
0000002A0000C3E4
000008CC000001C5
FFFFFFF00000FC5F
FFFFFFF80000FC4F
0000401F0000404F
0000400F00001012
000040500000403F
0000FD4FFFFFFFC8
0000FD5FFFFFFFF8
0000FD6FFFFFFFF0
0000FD7FFFFFFFE8
00000830FFFFFFE0
0000103400000000
0000103000000010
0000080C00000078
0000FCE0000000FA
0000083E00000088
0000103300000000
0000014E000001A4
000000080000FCD4
000000160000C4DD
000000000000FCB4
000000000000083B
0000005C00001033
000000FF0000086D
000000010000083D
000010330000014B
00001030FFFFFFC4
0000099000000154
0000099100016882
0000080200015BC8
0000099300000667
00001041000167F9
000010300000FE6C
0000086D00000000
0000083D000000FF
0000103400000001
0000FCC00000010C
0000FDC400000080
0000FDE000000000
0000C2C000000080
0000087C0000002A
0000C3C000000800
000008050000002A
0000FD5000000000
0000FCC400000088
0000C4EC00000018
0000091E00000005
0000C4DC00000008
00040EED00000004
000000060000C4DC
000000100000091D
000000070000C4CC
000000180000091C
00040CCE00040CCD
0000010C00000160
FFFEECD000001041
000000100000C2E4
0000FCC4000107CE
0000C4EC00000018
0000C4CC0000000C
0000091C0000000D
000400CE00000008
FFFEEC7400001041
000001C5000001EC
000000030000086E
0000086E00310EEC
00010E7E00000001
0000005C0000C1E6
000000440000C1C6
0000FC7F000008CC
0000FC6FFFFFFFE0
0000FC5FFFFFFFE8
0000FC4FFFFFFFF0
0000404FFFFFFFF8
000010120000401F
0000403F0000400F
FFFFFFE800004050
0000000000000830
0000001000001034
0000004000001030
000000520000C4C0
000000FF0000083C
0000001400001033
0000C5C00000084C
0000104100000052
0000404FFFFFEDDC
000010120000401F
000166A600000990
000159EC00000991
0000069C00000802
00014C7B00000993
0000FC9000001041
0000000000001030
0000403F0000400F
FFFFFFC800004050
FFFFFFF80000FD4F
FFFFFFF00000FD5F
FFFFFFE80000FD6F
FFFFFFE00000FD7F
0000000000000830
0000001000001034
0000007000001030
000000880000FCC0
000000000000083C
000001CC00001033
0000FCE40000014C
0000C4EE00000008
0000FCD400000016
0000083D00000000
0000103300000000
0000086E0000005C
0000083E000000FF
0000014D00000001
FFFFFFC400001033
0000017C00001030
000165C600000990
0001590C00000991
000006B100000802
00015A6600000993
0000FBB000001041
0000000000001030
000000FF0000086E
000000010000083E
0000013400001034
000000800000FCE0
000000000000FDE4
000000800000FDC0
0000002A0000C2C0
000008000000087C
0000002A0000C3C0
0000000000000805
000000880000FD50
000000180000FCC4
000000050000C4EC
000000080000091E
000000040000C4DC
0000C4DC00040EED
0000091D00000006
0000C4CC00000010
0000091C00000007
00040CCD00000018
0000016000040CCE
000010410000010C
0000C2E4FFFEEA14
000107CE00000010
000000180000FCC4
0000000C0000C4EC
0000000D0000C4CC
000000080000091C
00001041000400CE
00000106FFFEE9B8
000000440000C150
000000030000086C
0000086C00310CC5
00010C7C00000001
0000005C0000C1C0
000000520000C4C0
000000FF0000083C
0000001400001033
0000C5C00000084C
0000104100000052
0000FC7FFFFFEB7C
0000FC6FFFFFFFE0
0000FC5FFFFFFFE8
0000FC4FFFFFFFF0
0000404FFFFFFFF8
000010120000401F
0000403F0000400F
FFFFFFC800004050
FFFFFFF80000FD4F
FFFFFFF00000FD5F
FFFFFFE80000FD6F
FFFFFFE00000FD7F
0000000000000830
0000001000001034
0000020400001030
000000FA0000080C
000000880000FC50
0000000000000835
000001B400001033
000000080000FCE5
000000160000C4EE
000000010000083E
0000019400001034
000000000000FCC5
000000880000FDC0
0000008000000270
0000FCC000000160
0000083C00000080
0000103300000000
0000FCCC000000EC
0000C4EC00000018
0000091E00000005
0000C4DC00000008
00040EED00000004
000000060000C4DC
000000100000091D
000000070000C4CC
000000180000091C
000400CE00040CCD
FFFEE84800001041
0000FCC50000014C
0000C4EC00000018
0000091E00000005
0000C4DC00000008
00040EED00000004
000000060000C4DC
000000100000091D
000000070000C4CC
000000180000091C
000400CE00040CCD
FFFEE7F000001041
00000F0C00020C4C
FFFFFFFF0000083C
000000280000103B
000000000000FC77
000000000000FCC7
000000000000083C
FFFFFF2400001034
000000000000FCC7
000000000000FDC5
000000000000FD57
000000000000FCC5
000000000000083C
0000001800001034
000000000000080C
000000780000C3C6
000000000000080C
000000520000C4E6
000000FF0000083E
0000001400001033
0000C5E60000084E
0000C1C600000052
000008CC00000044
FFFFFFE00000FC7F
FFFFFFE80000FC6F
FFFFFFF00000FC5F
FFFFFFF80000FC4F
0000401F0000404F
0000099000001012
00000991000161E2
0000080200015528
00000993000006C5
0000104100016278
000010300000F7CC
0000400F00000000
000040500000403F
0000FD4FFFFFFFC8
0000FD5FFFFFFFF8
0000FD6FFFFFFFF0
0000FD7FFFFFFFE8
00000830FFFFFFE0
0000103400000000
0000103000000010
0000FC5000000290
0000083500000088
0000103300000000
0000C2C00000024C
0000086C0000002A
0000083C00000004
0000103400000000
0000FCC50000022C
0000C4CC00000008
0000083C00000016
0000103400000001
0000FCC50000020C
0000FDC000000000
0000027000000088
0000016000000080
000000800000FCC0
000000000000083C
000000EC00001033
000000180000FCCC
000000050000C4EC
000000080000091E
000000040000C4DC
0000C4DC00040EED
0000091D00000006
0000C4CC00000010
0000091C00000007
00040CCD00000018
00001041000400CE
0000014CFFFEE5BC
000000180000FCC5
000000050000C4EC
000000080000091E
000000040000C4DC
0000C4DC00040EED
0000091D00000006
0000C4CC00000010
0000091C00000007
00040CCD00000018
00001041000400CE
00020C4CFFFEE564
0000083C00000F0C
0000103BFFFFFFFF
0000FC7700000028
0000FCC700000000
0000083C00000000
0000103400000000
0000FCC7FFFFFF24
0000FDC500000000
0000FD5700000000
0000FCC500000000
0000083C00000000
0000080C00000000
0000103400000000
0000C3C600000010
0000C4E600000078
0000083E00000052
00001033000000FF
0000084E00000014
000000520000C5E6
000000440000C1C6
000000700000C2E6
000000580000C2D6
000008EB00420BDE
0000005A0000C3B6
000000420000C2E6
000008DD000001DE
0000103E000005DB
0000C3D600000010
0000C3C60000005A
00000B8E00000040
0000C2C600000003
00010CCE0000005A
000000580000C3C6
0000002A0000C2C6
000000040000087C
0000002A0000C3C6
FFFFFFE00000FC7F
FFFFFFE80000FC6F
FFFFFFF00000FC5F
FFFFFFF80000FC4F
0000401F0000404F
0000099000001012
0000099100015EE2
0000080200015228
00000993000006FD
0000104100014735
000010300000F4CC
0000400F00000000
000040500000403F
0000FD4FFFFFFFA0
0000FD5FFFFFFFF8
0000FD6FFFFFFFF0
0000FD7FFFFFFFE8
00000162FFFFFFE0
000000380000FC7F
000000300000FC5F
000000280000FC4F
0000000000000833
0000001000001034
000000E000001030
0000000000000834
0000001000001034
000000F800001030
FFFFFFD00000FD0F
FFFFFFD80000FD3F
0000104100000101
0000012CFFFEE34C
0000080E0000403C
0000FDEC0000680B
0000080E00000028
0000FDEC00000014
0000FD7C00000020
0000080100000018
0000010600000000
0000104100000135
0000083C000009EC
0000103300000000
0000FC0F00000028
0000011CFFFFFFD0
FFFFFFD80000FC2F
0000104100000134
0000FC7F00000094
0000FC6FFFFFFFE0
0000FC5FFFFFFFE8
0000FC4FFFFFFFF0
0000404FFFFFFFF8
000010120000401F
00015D7600000990
000150BC00000991
000007C400000802
0001542300000993
0000F36000001041
0000000000001030
00015D4600000990
0001508C00000991
000007C500000802
00014A3400000993
0000F33000001041
0000000000001030
0000403F0000400F
FFFFFF9800004050
FFFFFFF80000FD4F
FFFFFFF00000FD5F
FFFFFFE80000FD6F
FFFFFFE00000FD7F
0000FD2F00000153
00000141FFFFFFD8
0000083700000170
0000103300000000
0000C40700000034
0000083000000008
0000103300000000
000010410000001C
0000016CFFFF0AB0
0000001800001030
0000104100000105
0000016C0000A23C
0000000000000836
0000009400001033
0000FC54000001E5
0000C22400000008
0000403C00000010
FFFFFFD00000FDEF
000000180000FDEC
0000000600000801
0000FD1F00000104
0000FC3FFFFFFFC8
00001041FFFFFFD8
0000C5C5FFFEEF1C
0000092C00000010
0000C5C500000008
0000083700000011
0000103300000000
0000C4C700000030
0000C4370000000A
000010300000000B
0000080500000028
00001030000000FC
000008030000006C
0000080C000000FF
0000403E00000000
000000280000FD6E
FFFFFFC80000FCDF
000000200000FDDE
000000FF0000086C
000000180000FDCE
000000FF00000863
0000FC1F00000104
0000FC2FFFFFFFD8
00001041FFFFFFD0
0000015C0000AAAC
0000104100000104
000008C5FFFF0F48
0000FC7F000001C5
0000FC6FFFFFFFE0
0000FC5FFFFFFFE8
0000FC4FFFFFFFF0
0000404FFFFFFFF8
000010120000401F
0000403F0000400F
FFFFFF9000004050
FFFFFFF80000FD4F
FFFFFFF00000FD5F
FFFFFFE80000FD6F
FFFFFFE00000FD7F
0000FC7F00000150
0000FC6F00000038
0000FC4F00000030
0000083500000028
0000103300000000
0000083300000180
0000103400000000
0000103000000010
0000083400000194
0000103400000000
0000103000000010
00000101000001AC
FFFFFFD80000FD3F
FFFFFFD00000FD2F
FFFEDFC000001041
0000403C0000012C
0000680B0000080E
000000280000FDEC
000000140000080E
000000200000FDEC
000000180000FD7C
0000000000000807
FFFFFFD00000FC0F
0000013600000117
0000065800001041
FFFFFFD80000FCEF
000008360000016C
0000103300000000
0000FCC6000000C8
0000FDCF00000008
0000C226FFFFFFC8
0000FD7F00000010
00004037FFFFFFD0
000000180000FD47
0000000600000801
FFFFFFC00000FD1F
0000013E00000106
FFFEECC800001041
FFFFFFC80000FCEF
000000100000C5CE
000000080000092C
000000110000C5CE
000000280000FD57
FFFFFFC00000FCCF
000000200000FDC7
FFFFFFD00000FCCF
000000180000FDC7
000000FF00000803
0000FC1F00000106
00000124FFFFFFD8
0000A8A000001041
0000104100000106
0000FC7FFFFF0D40
0000FC6FFFFFFFE0
0000FC5FFFFFFFE8
0000FC4FFFFFFFF0
0000404FFFFFFFF8
000010120000401F
0001593600000990
00014C7C00000991
000007C400000802
00014FE300000993
0000EF2000001041
0000000000001030
0001590600000990
00014C4C00000991
000007C500000802
000145F400000993
0000EEF000001041
0000000000001030
0000403F0000400F
FFFFFFC800004050
FFFFFFF80000FD4F
0000083400000140
0000103400000000
0000103000000010
0000C004000000C4
0000085000000060
FFFEDDC000001041
0000C2340000012C
0000C00400000026
0000C2C400000034
0000C2E400000028
0000403D0000003A
000000280000FDED
000000100000080E
000000200000FDED
000000180000FDCD
0000000000000801
0000045000001041
000000000000083C
0000007800001033
0000003A0000C2E4
000000340000C0D4
0000C1E400010EDE
000002340000003C
0000010400000004
000001240000011C
FFFFFAE000001041
0000004000001030
000157E600000990
00014B2C00000991
0000086700000802
00013EB900000993
0000EDD000001041
0000000000001030
000000FF0000080C
0000FC4F000008CC
0000404FFFFFFFF8
000010120000401F
0000403F0000400F
FFFFFFA800004050
FFFFFFF80000FD4F
FFFFFFF00000FD5F
FFFFFFE80000FD6F
FFFFFFE00000FD7F
0000083400000140
0000103400000000
0000103000000010
0000FC64000000A0
0000083600000080
0000103300000000
0000C4C4000000B8
0000083C000000D6
00001033000000FF
0000084C00000014
000000D60000C5C4
000000180000FCC6
0000000C0000C4EC
0000000D0000C4CC
000000080000091C
00001041000400CE
0000086CFFFEDBF0
0000083C00000001
0000103300000000
0000103000000010
0000080700000058
0000103000000000
000009900000005C
00000991000156B2
00000802000149F8
0000099300000892
0000104100014CA4
000010300000EC9C
0000080C00000000
0000103000000000
0000C2C60000025C
0000080E00000010
003007CE00000000
000000180000FCC6
000000070000C4EC
000000060000C4DC
000000040000C4BC
000000050000C4CC
000000260000C234
000000340000C004
000000280000C2A4
0000003A0000C294
0000FD9800004038
0000080900000028
0000FD9800000010
0000FDA800000020
0000091C00000018
00040CCB00000008
000000100000091D
000000180000091E
000402EC00040EED
0000098100000117
0000000100000861
000001D000001041
000000000000083C
000000A400001033
0000003A0000C2D4
000000340000C0E4
0000C1E400010EED
0000FDCF0000003C
0000FC5CFFFFFFD8
0000086700000008
0000083700000001
0000103300000000
0000C4C500000070
0000091C0000000D
0000C4E500000008
000407CE0000000C
0000C0FF00000867
0000001100000800
FFFEDA3C00001041
0000C5C500040C7C
0000092C0000000C
0000C5C500000008
000010300000000D
0000080C00000054
00001030000000FF
0000C2C6000000E4
0000FC0600000010
0000C2E000000008
000203EC00000010
0000FFFF00000863
0000001400000215
0000000100000802
FFFF1A3000001041
000000180000FCC6
000000050000C4EC
000000080000091E
000000040000C4DC
0000C4DC00040EED
0000091D00000006
0000C4CC00000010
0000091C00000007
00040CCD00000018
00001041000400CE
0000084CFFFED99C
000000600000C0E4
00000F0E00020EEC
FFFFFFFF0000083E
000000100000103B
000000600000C1C4
0000000400000234
0000FC1F00000104
00000124FFFFFFD8
FFFFF71000001041
0000FC7F000008CC
0000FC6FFFFFFFE0
0000FC5FFFFFFFE8
0000FC4FFFFFFFF0
0000404FFFFFFFF8
000010120000401F
0000403F0000400F
FFFFFFB000004050
FFFFFFF80000FD4F
FFFFFFF00000FD5F
FFFFFFE80000FD6F
FFFFFFE00000FD7F
0000017200000143
0000087100000150
0000080000000014
0000080200000022
0000104100000280
0000FCDFFFFF02BC
0000FCBF00000038
0000FC6F00000030
0000083C00000028
0000103300000000
0000C2EC000001AC
0000083E00000012
0000103F00000013
0000103000000010
0000FD5F000001B8
0000FC5CFFFFFFC8
0000FDDF00000008
0000FDBFFFFFFFD8
00000104FFFFFFD0
000010410000014C
000074C5FFFED828
000000080000092C
000000010000C5C5
0000104100000106
000001E7FFFED808
000000180000092E
000000070000C5E5
0000092E000001E7
0000C5E500000010
000001E700000006
000000080000092E
000000050000C5E5
000000040000C575
000000020000C5C5
000000080000092C
000000030000C5C5
FFFFFFC80000FC0F
FFFED7C000001041
0000092E000001EC
0000C5E500000018
000001EC0000000B
000000100000092E
0000000A0000C5E5
000000080000C5C5
000000080000092C
000000090000C5C5
FFFFFFD00000FC0F
0000500000000870
FFFED74400001041
0000000C0000C5C5
000000080000092C
0000000D0000C5C5
FFFFFFD80000FC0F
FFFED71C00001041
000001C4000001EC
000000000000080D
000000130000C5D5
000000120000C5D5
000000110000C5D5
000000100000C5D5
0000000E0000C5E5
000000080000092E
0000000F0000C5E5
FFFFFFE00000FC7F
FFFFFFE80000FC6F
FFFFFFF00000FC5F
FFFFFFF80000FC4F
0000401F0000404F
0000099000001012
000009910001519A
00000802000144E0
0000099300000728
0000104100014CF5
000010300000E784
0000400F00000000
000040500000403F
0000FD4FFFFFFFD8
0000FD5FFFFFFFF8
0000099CFFFFFFF0
000075CC00043C44
000000010000086C
000000000000083C
0000019800001034
00043BA00000099C
000000000000FCCC
00043B980000099E
000000000000FCEE
0000080500040CCE
00310CC500000000
000000010000086C
000000000000083C
0000015000001033
00043BD80000099C
000000010000080E
00001041000074EC
0000014C0000D280
0000000700000800
FFFEF3AC00001041
000000000000083C
0000001000001034
000000C400001030
000000FA000002B4
000002FC0000099E
000000100000FDEC
000000180000FD5C
000000000000FD5C
000000080000C1BC
00043B680000099E
000000000000FCDE
000000000000083D
000000B000001033
000000080000C0ED
0000099E00020ABE
00000F0A00043B3C
000000000000083A
0000008000001039
0000FCDE000001ED
0000083D00000000
0000103300000000
0000C0AD00000060
00020ABA00000008
0000083A00000F0A
0000103BFFFFFFFF
00001030FFFFFFCC
000009900000003C
0000099100014FDA
0000080200013FCC
00000993000000BE
00001041000148D5
000010300000E5C4
000001D500000000
000000000000FDDC
000000000000FDCE
FFFFFFF00000FC5F
FFFFFFF80000FC4F
0000401F0000404F
0000400F00001012
000040500000403F
0000FD4FFFFFFFC8
0000FD5FFFFFFFF8
0000FD6FFFFFFFF0
0000FD7FFFFFFFE8
00000152FFFFFFE0
0000016000000141
00000F1C000001C6
400000000000083C
000000100000103D
000000F400001030
0000D0D400001041
000008000000017C
0000104100000007
0000083CFFFEF200
0000103400000000
0000103000000010
00010B76000000F0
000000180000FD5C
000000100000FD4C
000000000000080A
000000000000FDAC
000000080000C1BC
000439C00000099E
000000000000FCDE
000000000000083D
000000E000001033
000000080000C0ED
0000099E000209BE
00000F0900043994
0000000000000839
000000B000001039
0000FCDE000001ED
0000083D00000000
0000103300000000
0000C09D00000090
000209B900000008
0000083900000F09
0000103BFFFFFFFF
00001030FFFFFFCC
000009900000006C
0000099100014E32
0000080200013E24
0000099300000129
0000104100014C36
000010300000E41C
0000099000000000
0000099100014E02
0000080200013DF4
00000993000000BE
00001041000146FD
000010300000E3EC
000001DA00000000
000000000000FDDC
000000000000FDCE
FFFFFFE00000FC7F
FFFFFFE80000FC6F
FFFFFFF00000FC5F
FFFFFFF80000FC4F
0000401F0000404F
0000400F00001012
000040500000403F
0000FD4FFFFFFFD8
0000FD5FFFFFFFF8
00001041FFFFFFF0
0000099CFFFF2014
0000FCCC000437E4
0000099E00000000
0000FCEE000437DC
00040CCE00000000
0000000000000805
0000086C00310CC5
0000083C00000001
0000103300000000
00001041000000F8
0000014C0000CED8
0000000700000800
FFFEF00400001041
000000000000083C
0000001000001034
000000EC00001030
000000FA000002E4
FFFFFF540000099D
000000100000FDDC
000000180000FD5C
000000000000FD5C
000000080000C1EC
000437C00000099D
000000000000FCDD
000000000000083D
0000001000001034
000000C400001030
000000080000C0BD
00000F0B00020BEB
000000000000083B
000000BC00001039
0000FCDB000001BD
0000083D00000000
0000103300000000
0000C0AD000000C0
00020AEA00000008
0000083A00000F0A
0000103BFFFFFFFF
00001030FFFFFFCC
0000099C0000009C
0000745C0004372C
FFFFFFF00000FC5F
FFFFFFF80000FC4F
0000401F0000404F
0000099000001012
0000099100014C0A
0000080200013BFC
00000993000000BE
0000104100014505
000010300000E1F4
0000099E00000000
0000FDCE000436DC
0000103000000000
0000FDDCFFFFFFA4
0000099E00000000
0000FDCE000436BC
0000103000000000
000001D5FFFFFF84
000000000000FDDC
000000000000FDCB
FFFFFF6800001030
0000403F0000400F
FFFFFFE000004050
FFFFFFF80000FD4F
0000001000000804
000151700000099C
00007902000102C4
0000003C00000991
FFFFFBD400001041
0000001000000244
0000007000000834
FFFFFFD000001034
FFFFFFF80000FC4F
0000401F0000404F
0000400F00001012
000040500000403F
0000FD4FFFFFFFD0
0000FD5FFFFFFFF8
0000FD6FFFFFFFF0
00000140FFFFFFE8
000000080000FCC4
000010410000407C
0000099E0000CC98
000079EE000435E4
0001056E00007964
00000F0E00020E5C
FFFFFFFF0000083E
000000100000103B
000000EC00001030
0000000700000800
FFFEED9400001041
000000000000083C
0000001000001034
000001B000001030
000000180000FD4C
FFFFFF5C0000099E
000000100000FDEC
000000000000080E
000000000000FDEC
000000080000C15C
000435500000099D
000000000000FCDD
000000000000083D
0000001000001034
0000018800001030
000000080000C0BD
00000F0B00020B5B
000000000000083B
000001B000001039
0000FCDB000001BD
0000083D00000000
0000103300000000
0000C0AD000001CC
00020A5A00000008
0000083A00000F0A
0000103BFFFFFFFF
00001030FFFFFFCC
0000015C000001A8
0000000700000800
FFFEECAC00001041
000000000000083C
0000001000001034
0000011000001030
0000FD4C00010E65
0000099D00000018
0000FDDCFFFFFE70
0000080D00000010
0000FDDC00000000
0000C1EC00000000
0000099B00000008
0000FCBB00043464
0000083B00000000
0000103400000000
0000103000000010
0000C0AB00000104
00020AEA00000008
0000083A00000F0A
0000103900000000
000001AB00000118
000000000000FCBA
000000000000083B
0000011C00001033
000000080000C09B
00000F09000209E9
FFFFFFFF00000839
FFFFFFCC0000103B
000000F800001030
000148D600000990
000138C800000991
000000BE00000802
000141D100000993
0000DEC000001041
0000000000001030
000433A80000099E
000000000000FDCE
000000C000001030
0001488E00000990
0001388000000991
000000BE00000802
0001418900000993
0000DE7800001041
0000000000001030
000000000000FDDC
000433580000099E
000000000000FDCE
0000007000001030
000433400000099E
000000000000FDCE
0000005800001030
0000FDDC000001DE
0000FDCB00000000
0000103000000000
0000FDBC0000003C
0000099E00000000
0000FDCE00043304
0000103000000000
000001BD0000001C
000000000000FDBC
000000000000FDCA
FFFFFFE80000FC6F
FFFFFFF00000FC5F
FFFFFFF80000FC4F
0000401F0000404F
0000400F00001012
000040500000403F
0000FD4FFFFFFFC8
0000FD5FFFFFFFF8
0000FD6FFFFFFFF0
0000FD7FFFFFFFE8
00001041FFFFFFE0
0000014C0000C938
0000000700000805
000431C80000099C
0000083C000075CC
0000103300000000
0000104100000010
0000099CFFFEF5DC
0000FC1C0004324C
0000083100000000
0000103300000000
0000C0C100000088
00020E4C00000008
0000083E00000F0E
0000103900000000
0000FCE100000068
0000099D00000000
0000FDED00043204
0000FC6100000000
0000FC7100000018
0000099E00000010
000078CE000431EC
0000104100000105
00000837FFFEEA48
0000103300000000
00000106FFFFFF54
0000103000004077
0000FC7FFFFFFF44
0000FC6FFFFFFFE0
0000FC5FFFFFFFE8
0000FC4FFFFFFFF0
0000404FFFFFFFF8
000010120000401F
0000403F0000400F
FFFFFFE800004050
0001296000001041
0000C0000000087C
00014CD80000099E
0000404F000076CE
000010120000401F
0000403F0000400F
FFFFFFB800004050
FFFFFFF80000FD4F
FFFFFFF00000FD5F
FFFFFFE80000FD6F
FFFFFFE00000FD7F
0000000000000830
0000001000001034
0000006C00001030
0000000000000831
0000001000001034
0000008400001030
000000120000C2C0
000000070000083C
0000009C0000103F
FFFEF9A400001041
FFFFFFE00000FC7F
FFFFFFE80000FC6F
FFFFFFF00000FC5F
FFFFFFF80000FC4F
0000401F0000404F
0000099000001012
000009910001459A
0000080200013EE2
00000993000000CF
0000104100012FCC
000010300000DB84
0000099000000000
000009910001456A
0000080200013EB2
00000993000000D0
0000104100013EB9
000010300000DB54
0000014100000000
FFFFFFD80000FD0F
000000080000FC70
000151000000099C
000000000000FC1C
000000200000C00C
0000999400001041
0000C4C70000015C
0000091C00000001
000075E700000008
00001041000400CE
0000016CFFFEC9F0
000000020000C4C7
000000030000C4E7
000000080000091E
00001041000400EC
0000099EFFFEC9C8
0000FC1E00042FCC
0000083100000000
0000103300000000
0000080D0000027C
0000099E00000000
0000C0BE0001506C
0000C0AE0000001C
0000FC9E00000020
00000F1B00000008
0000FC0F0000017D
00001030FFFFFFD8
000001710000002C
000000100000FC1D
0000000000000831
0000001000001034
0000022800001030
000001D10000018D
0000001A0000C21D
000010340000051C
0000C41DFFFFFFCC
0000083100000008
0000103300000000
0000C42900000028
000008420000006C
000000FF00000862
0000103400000512
0000791DFFFFFF94
0000000000000835
00000F1200000121
0000006400001033
0000000000000832
0000007800001033
00000F120000012A
FFFFFFFF00000FE3
0000052300000000
0000005800001033
0000C024000501A1
000301210000000C
0000083100000F11
0000103300000000
0000103000000034
00000832FFFFFF1C
0000103300000000
0000011A0000001C
0000052100000F11
FFFFFEF800001034
000000180000C41D
0000000400000861
0000000000000831
0000009800001034
0000000000000801
0000083100300171
0000011700000000
000158E400001003
000008370000011D
0000103300000000
0000083500000068
0000103300000000
0000012A00000058
00000FE300000F12
00000000FFFFFFFF
0000103400000523
0000C01400000038
0000792700000008
0000103300000521
0000103000000010
000001170000005C
0000000C00001030
0000C22D00000117
000005260000001C
FFFFFE2C00001034
000000040000C02D
0000000000000832
000001FC00001033
000001710000052B
FFFFFE0800001034
000001E400001030
003001210000792D
0000000000000831
000159B400001003
000001170000017D
FFFFFF9C00001030
0000000000000807
FFFFFFD80000FC0F
0000000000000837
0000002C00001034
00014DE00000099C
000000200000C0CC
000000080000C0E4
00001034000005EC
00000801000000BC
0000104100000008
0000083CFFFEFCC8
0000103300000000
0000099000000038
00000991000141C2
0000080200013B0A
0000099300000170
000010410001415D
000010300000D7AC
0000083700000000
0000103300000000
0000FCC70000006C
0000083C00000020
0000103300000000
0000FC07000000E8
0000403E00000028
000000180000FD6E
00014D300000099E
0000001C0000023E
0000FC2F00000117
0000407CFFFFFFD8
FFFFFB7000001030
FFFEF50400001041
FFFFFB6000001030
0000000000000835
0000007400001034
00014CE80000099C
000000200000C0CC
000000F00000086C
000000E00000083C
0000004C00001033
00014CC00000099C
000000180000C2CC
000000080000021C
0000FC5F00000941
00000105FFFFFFD8
FFFEFEB800001041
0000000300000801
0000104100000105
0000FC0F00008358
00001041FFFFFFD8
00001030FFFEF470
0000FC0FFFFFFACC
00001041FFFFFFD8
00001030FFFEF458
00000838FFFFFAB4
0000103300000000
0000FCCD00000044
0000FDC800000010
0000099C00000010
0000FCBC00042B64
0000FDBD00000000
0000FDDC00000010
0000017D00000000
FFFFFE1800001030
000010300000017D
0000400FFFFFFE0C
000040500000403F
0000FD4FFFFFFFB8
0000FD5FFFFFFFF8
0000FD6FFFFFFFF0
0000FD7FFFFFFFE8
00000140FFFFFFE0
000000F00000080C
0000000000000834
0000011800001033
0000000000000831
0000010800001033
0000000000000832
000000F800001033
0000016300000151
000000080000C404
0000000000000830
0000002000001033
0000104100000172
000001ECFFFEED90
0000001C00001030
0000010200000172
0000851800001041
0000080C000001EC
0000083E000000FC
0000103300000000
000002DE00000094
000079B400000008
000000000000083B
0000004C00001033
0000086A000001AB
0000083A000000F0
00000136000000E0
0000011500000127
0000003000001033
000005BD000079DD
00001034000001D4
000010300000003C
0000013600000014
0000011500000127
0000FDDC0000403C
0000FDEC00000020
0000010400000018
0000012000001041
0000FC7F000008CC
0000FC6FFFFFFFE0
0000FC5FFFFFFFE8
0000FC4FFFFFFFF0
0000404FFFFFFFF8
000010120000401F
0000403F0000400F
FFFFFFD800004050
000000F00000080C
000000280000FCEF
0000000000000830
000000B000001033
0000000000000831
000000A000001033
0000000000000832
0000009000001033
000000000000083E
0000008000001033
00000008000002CE
0000083D000079D0
0000103300000000
000001BD00000038
000000F00000086B
000000E00000083B
0000001C00001033
000005DC000079CC
00001034000001C0
0000403D0000002C
000000200000FDCD
000000180000FDED
0000002800001041
0000001000001030
000000FC0000080C
0000404F000008CC
000010120000401F
0000403F0000400F
FFFFFF9000004050
FFFFFFF80000FD4F
FFFFFFF00000FD5F
FFFFFFE80000FD6F
FFFFFFE00000FD7F
0000017000000141
000000F000000806
000000300000FCCF
000000280000FC5F
0000000000000835
0000034400001033
0000000000000837
0000033400001033
0000000000000834
0000032400001033
0000000000000832
0000031400001033
FFFFFFD80000FD2F
FFFFFFD00000FDCF
000000000000083C
000002F400001033
0000001A0000C2C7
000000000000083C
0000001000001034
0000029800001030
000000FF00000806
000000100000C2C4
0000FFF70000083C
000002B40000103F
FFFFFFC80000FD3F
0000000800000801
0000104100000104
0000083CFFFEF66C
000001C400000000
0000006800001033
0000002200000800
0000000800000801
0000028000000802
FFFEEB9000001041
000000000000083C
0000025400001033
000000100000C2E4
000000000000083E
0000002000001033
000001140000010C
000010410000016C
000001C6FFFEFC50
000000120000C2EC
000000070000083E
000000100000103F
0000023800001030
000000080000FC6C
0000001A0000C207
FFFFFFC00000FDCF
FFFEC0F400001041
0000092C000074C6
0000C5C600000008
0000FC0F00000001
00001041FFFFFFC8
0000080EFFFEC0D0
0000C5E600000000
0000FDEF00000007
0000C5E6FFFFFFC8
0000C5C600000006
0000092C00000002
0000C5C600000008
0000FCCF00000003
0000C20CFFFFFFC0
0000104100000010
0000C5C6FFFEC080
0000092C00000004
0000C5C600000008
0000C4C700000005
0000086C00000018
0000083C00000001
0000103400000000
0000FC0F00000080
0000C220FFFFFFC0
0000403C00000010
FFFFFFD80000FCEF
000000180000FDEC
0000001100000801
FFFFFFD00000FC3F
FFFECDF000001041
FFFFFFC80000FCEF
0000083E00300ECE
0000100300000000
0000080C0001610C
0000C5C6FFFFFFFF
0000092C00000006
0000C5C600000008
0000C43700000007
0000C4C70000000B
0000403E0000000A
000000280000FD5E
000000110000080D
000000200000FDDE
000000180000FDCE
FFFFFFC00000FC5F
0000FC1F00000105
0000FC2FFFFFFFD0
00001041FFFFFFD8
0000016C00008A30
0000103300000554
0000010500000058
FFFEEE2C00001041
0000004400001030
0000000000000802
0000011700000107
0000104100000163
000001360000008C
000008360000016C
0000103400000000
0000103000000010
000008C6FFFFFD3C
0000FC7F000001C6
0000FC6FFFFFFFE0
0000FC5FFFFFFFE8
0000FC4FFFFFFFF0
0000404FFFFFFFF8
000010120000401F
000139D600000990
0001331E00000991
0000030E00000802
000127FF00000993
0000CFC000001041
0000000000001030
0000403F0000400F
FFFFFFF800004050
FFFFFFF80000FD4F
000000000000080C
0000099E00300D1C
0000083D00013A68
0000100300000000
0000011E00016280
0000000000000830
0000010800001033
000424680000099D
000000000000FCED
000000000000083E
0000001C00001033
00000010000002DE
000010340000050E
0000099DFFFFFFDC
0000FCDD00042434
0000083200000000
0000103300000000
0000083D000000C4
0000103300000000
0000080B000001B8
00001030000000F8
0000FCDD00000028
0000083D00000010
0000103400000000
0000103000000010
0000050D00000188
FFFFFFDC00001033
0000001A0000C2AD
00001034000005A2
000079A1FFFFFFC8
000008390000799D
0000103300000000
00000F1A000001A8
000010330000059A
0000083A000001A4
0000103300000000
0000103000000010
000001CBFFFFFF88
0000018400001030
000000F00000080C
0000017400001030
0000000000000802
00013EB80000099B
0000080A000077BB
00000192FFFFC000
0000FFFF0000086B
0000018B0000084B
0000FFFF00000868
000008380031088B
0000100300000000
000001BA000163F0
000000000000083D
000010330000018D
0000013B00000128
0000FFFF00000863
0000001A0000C248
0000103400000543
0000103000000010
0000FC8800000028
0000083800000010
0000103300000000
000010300000003C
00000189FFFFFFC0
0000086900000848
000008390000FFFF
0000019800003FFF
FFFFFF580000103D
0000000C00001030
0000099D0000012B
000076BD00013DE4
0000086D000001D2
0000083D0000FFFF
0000103300000000
000079D100000050
0000001A0000C320
0000083E000078D0
0000103400000000
0000099E00000050
0000FCDE00042234
0000FDD000000000
0000FD0E00000010
0000103000000000
0000080C00000028
00001030000000F8
000001CB00000018
0000000C00001030
000008CC000001CB
FFFFFFF80000FC4F
0000401F0000404F
0000012B00001012
FFFFFF5400001030
0000403F0000400F
FFFFFFD000004050
FFFFFFF80000FD4F
FFFFFFF00000FD5F
FFFFFFE80000FD6F
000000F00000080C
0000000000000830
0000013000001033
0000000000000831
0000012000001033
0000001A0000C2C0
000000000000083C
0000001000001034
000000B800001030
0000C320000079C1
0000C1C00000001C
0000C4C000000004
0000087C00000018
0000C5C000000004
0000099C00000018
0000FCEC0004212C
0000083E00000000
0000103300000000
0000080C0000003C
0000050E00000000
000000A000001033
000000100000FCEE
000000000000083E
0000001000001033
FFFFFFDC00001030
000420D80000099C
000000000000FCEC
000000100000FDE0
000000000000FD0C
000000000000080C
0000005000001030
000000000000080C
0000015100000140
0000016200000114
000010410000012C
00000115FFFFFBD4
0000010400000126
000000000000083C
0000001000001034
FFFFFF1000001030
0000FC6F000008CC
0000FC5FFFFFFFE8
0000FC4FFFFFFFF0
0000404FFFFFFFF8
000010120000401F
0000403F0000400F
0000000000000830
0000001800001033
000000280000FD20
000000200000FD10
0000401F0000404F
0000400F00001012
000040500000403F
00000110FFFFFFE8
0000000000000831
0000008C00001033
00041FE00000099C
000000000000FCCC
00001033000005C1
000001EC00000048
000000000000083E
0000004C00001033
000000100000FCCE
00001034000005C1
0000FCC1FFFFFFE0
0000FDCE00000010
0000103000000010
0000FCCC00000020
0000099E00000010
0000FDCE00041F7C
0000080000000000
0000104100000001
0000404FFFFED7C8
000010120000401F
0000403F0000400F
FFFFFFE000004050
FFFFFFF80000FD4F
0000000100000800
FFFED71400001041
000000000000083C
0000003C00001033
0000000000000801
0000003000000802
0000014C0000010C
0001184400001041
0000080E000001C4
0000C5EC000000FF
0000FC4F0000000B
0000404FFFFFFFF8
000010120000401F
0000403F0000400F
0000000000000830
0000006C00001033
00000831000079C0
0000103300000000
00000F1C00000058
000000000000083C
0000004400001033
00041E900000099C
000000000000FCCC
0000083E000079E1
0000103300000000
0000083C00000020
0000103300000000
0000103000000010
0000404F00000034
000010120000401F
000000100000FCCC
000000000000083C
0000001000001034
FFFFFFDC00001030
000079DC000079E0
00001034000005DE
000079E1FFFFFFD4
00001030000078EC
0000400FFFFFFFC4
000040500000403F
00000832FFFFFFE8
0000103400000000
0000103000000010
0000FD2100000048
000002C000000018
000001EC00000070
000000000000FCEE
000000000000083E
0000004C00001033
00001033000005E1
0000103000000058
00000990FFFFFFDC
000009910001328A
0000080200012F4F
000009930000007D
00001041000120E1
000010300000C874
0000FCEC00000000
0000FDE100000000
0000FD1C00000000
0000080C00000000
0000404F00000000
000010120000401F
0000403F0000400F
FFFFFFE800004050
000000000000080D
00000070000002C0
000001ED000001BC
000000000000FCDB
000000000000083D
0000004000001033
000001BD000005D1
FFFFFFDC00001034
000000000000FCD1
000000000000083E
0000004800001033
000000000000FDDE
0000004000001030
000131B600000990
00012E7B00000991
000000A900000802
00012FF000000993
0000C7A000001041
0000000000001030
000000000000FDDC
0000401F0000404F
0000400F00001012
000040500000403F
0000FD4FFFFFFFD8
0000FD5FFFFFFFF8
00000141FFFFFFF0
0000000000000805
000000140000C554
000000100000C554
0000080E000079C2
0000C1E400000001
0000C1C40000000C
0000104100000008
000001EC0001140C
00000FED00000F1E
00000000CCCCCCCD
0000092E00100EED
00000B8E00000023
00020CCE0000000A
000000120000C3C4
0000FC5F000001C5
0000FC4FFFFFFFF0
0000404FFFFFFFF8
000010120000401F
0000403F0000400F
FFFFFFA000004050
FFFFFFF80000FD4F
FFFFFFF00000FD5F
FFFFFFE80000FD6F
FFFFFFE00000FD7F
00041AD80000099C
000000000000FC4C
0000000000000834
0000035000001033
000000020000080C
FFFFFFD80000FDCF
0000001400000806
0000000000000805
000000030000080C
FFFFFFD00000FDCF
000000040000080C
FFFFFFB80000FDCF
000000050000080C
FFFFFFC80000FDCF
000000010000080C
FFFFFFC00000FDCF
0000002000001030
000000000000FC44
0000000000000834
000002D000001033
000000700000FC74
0000000000000837
FFFFFFD800001033
0000004000001030
000000120000C2C7
000000000000083C
0000001000001034
000001CC00001030
000000000000FC77
0000000000000837
FFFFFF9800001033
000000140000C4C7
000000000000083C
0000001400001033
0000C5C70000085C
0000C2C700000014
0000083C00000012
0000103300000000
0000085C00000014
000000120000C3C7
0000000C0000C0C7
0000085E000001EC
000000020000083E
FFFFFF680000103D
FFFFFFFD000002EC
000000020000083E
000000100000103D
000000D400001030
000000120000C2C7
000000000000083C
FFFFFF5000001034
000000100000C4C7
000000000000083C
0000002000001034
000000150000C557
FFFFFFB80000FCCF
0000000C0000C1C7
0000000800000217
0000104100000104
0000C36700006B5C
0000C4C700000012
0000084C00000010
000000100000C5C7
000000FF0000086C
000000020000083C
FFFFFED80000103D
FFFFFFC80000FCCF
0000000C0000C1C7
000000120000C357
000000100000C557
000000180000FCC7
0000011500000104
000010300000407C
0000083CFFFFFE9C
0000103300000007
0000103000000010
0000C2C7FFFFFE84
0000083C00000012
0000103400000000
0000C157FFFFFE6C
0000FCC70000000C
0000010400000018
FFFFFFC00000FC1F
000010300000407C
0000FCCFFFFFFE44
0000C1C7FFFFFFD8
000002170000000C
0000010400000008
000069FC00001041
000000100000C4C7
0000C5C70000084C
0000086C00000010
0000083C000000FF
0000103D00000003
0000C36700000030
0000C55700000012
0000FCCF00000010
0000C1C7FFFFFFD0
000010300000000C
00001041FFFFFDCC
000001EC00011064
00000FED00000F1E
00000000CCCCCCCD
0000092E00100EED
00000B8E00000023
00020CCE0000000A
0000000A000002CC
000000120000C3C7
FFFFFD8000001030
FFFFFFE00000FC7F
FFFFFFE80000FC6F
FFFFFFF00000FC5F
FFFFFFF80000FC4F
0000401F0000404F
0000400F00001012
000040500000403F
0000FD4FFFFFFF80
0000FD5FFFFFFFF8
0000FD6FFFFFFFF0
0000FD7FFFFFFFE8
00000151FFFFFFE0
0000021400000140
0000020F00000062
00000802FFFFFFD2
0000104100000006
00000215000110A4
0000020F0000000E
00000806FFFFFFDC
0000012600000004
0001108000001041
0000001800000215
FFFFFFD80000020F
0000104100000126
0000FC6400011064
0000083600000070
0000103300000000
000002C500000354
0000FDCF00000008
000002CFFFFFFFC8
0000FDCFFFFFFFD2
00000807FFFFFFC0
0000080C00000006
0000FDCF00000000
00000805FFFFFFB8
0000080C00000002
0000FDCF00000064
0000080CFFFFFF98
0000FDCF00000258
0000080CFFFFFFB0
0000FDCF00000007
0000080CFFFFFFA8
0000FDCF00000001
00001030FFFFFFA0
0000FCCF00000050
0000C1C6FFFFFFB8
0000FCC60000000C
0000010400000018
FFFFFFA00000FC1F
0000FC660000407C
0000083600000000
0000103400000000
0000103000000010
0000C0C600000284
000002EC0000000C
0000083EFFFFFFFC
0000103D00000003
0000085C000000F8
000000020000083C
FFFFFFB40000103F
000000080000C0C6
FFFFFFDC0000C0DF
00001033000005DC
0000C0EF00000060
0000083DFFFFFFD8
0000103400000000
00000F1EFFFFFF80
00001034000005EC
0000FC0FFFFFFF70
0000FC1FFFFFFFC0
00000127FFFFFFC8
00010E6C00001041
0000083C00000F1C
0000103300000000
0000C4C6FFFFFF40
0000084C00000015
000000150000C5C6
000000180000FCC6
0000011500000104
0000C4C60000407C
0000083C00000015
0000103D0000000A
0000FCCFFFFFFED8
0000C3C6FFFFFFB0
0000FCCF00000012
0000C1C6FFFFFFA8
000010300000000C
0000C0C6FFFFFED8
0000C0EF00000008
000005ECFFFFFFDC
FFFFFEBC00001034
FFFFFFC00000FC0F
FFFFFFC80000FC1F
0000104100000127
00000F1C00010DB8
000000000000083C
FFFFFE8C00001033
0000000C0000C0C6
000000060000083C
0000003400001034
FFFFFFB80000FCCF
0000000C0000C1C6
000000180000FCC6
0000011500000104
000010300000407C
0000C4C6FFFFFE48
0000083C00000014
0000103300000000
0000C4C600000070
0000084C00000015
000000150000C5C6
000000180000FCC6
0000011500000104
0000C4C60000407C
0000083C00000015
0000103D0000000A
0000FCCF0000005C
0000C3C6FFFFFFB0
0000FCCF00000012
0000C1C6FFFFFFA8
000010300000000C
00000216FFFFFDC8
0000010400000008
000065F000001041
FFFFFF980000FCCF
000000140000C5C6
FFFFFD9C00001030
FFFFFFB80000FCCF
0000000C0000C1C6
000000180000FCC6
0000000100000801
0000407C00000104
FFFFFD6C00001030
FFFFFFE00000FC7F
FFFFFFE80000FC6F
FFFFFFF00000FC5F
FFFFFFF80000FC4F
0000401F0000404F
0000400F00001012
000040500000403F
0000FD4FFFFFFFA8
0000FD5FFFFFFFF8
0000FD6FFFFFFFF0
0000FD7FFFFFFFE8
00000142FFFFFFE0
0000016000000151
0000000000000835
000001B000001033
00000834000079C5
0000103300000000
00000F1C0000019C
000000000000083C
0000018800001033
0000083C000079C4
0000103300000000
0000FC7600000174
0000083700000070
0000103300000000
0000080C0000015C
0000FDCF00000001
0000080CFFFFFFD8
0000FDCF00000000
0000080CFFFFFFD0
0000FDCF00000002
0000080CFFFFFFC8
0000FDCF00000006
00001030FFFFFFC0
0000FCCF00000050
0000C1C7FFFFFFD0
0000FCC70000000C
0000010600000018
FFFFFFC80000FC1F
0000FC770000407C
0000083700000000
0000103400000000
0000103000000010
000079C5000000CC
000000080000C0E7
00001034000005EC
0000086CFFFFFFD0
0000083C0000FFFF
000010340000FEA9
000079C4FFFFFFB8
0000FFFF0000086C
0000FEA90000083C
FFFFFF9C00001033
0000000C0000C0C7
000000070000083C
FFFFFF840000103F
FFFFFFD80000FCEF
000001EC00200CEC
0000008E0000086E
000000000000083E
FFFFFF3400001034
000000300000086C
000000000000083C
0000001000001034
FFFFFF3C00001030
FFFFFFC00000FCCF
0000000C0000C1C7
FFFFFF2400001030
FFFFFFE00000FC7F
FFFFFFE80000FC6F
FFFFFFF00000FC5F
FFFFFFF80000FC4F
0000401F0000404F
0000400F00001012
000040500000403F
0000FD4FFFFFFF90
0000FD5FFFFFFFF8
0000FD6FFFFFFFF0
0000FD7FFFFFFFE8
0000099CFFFFFFE0
0000FC4C000410CC
0000083400000000
0000103300000000
000008060000058C
0000080C00000001
0000FDCF00000003
000002CFFFFFFFD0
0000FDCFFFFFFFDE
0000080CFFFFFFC8
0000FDCF00000014
00001030FFFFFFB8
0000010400000040
0000061000001041
0000104100000104
0000FC4400000A7C
0000083400000000
0000103400000000
0000103000000010
0000FC7400000514
0000083700000048
0000103300000000
0000C4C7FFFFFFD0
0000083C00000005
0000103300000000
0000C2E7FFFFFFB8
0000083E00000014
0000103300000000
0000C2D700000038
0000084D00000012
000000120000C3D7
0000FFFF0000086D
00001034000005DE
0000103000000010
0000C2E7FFFFFF58
0000083E00000010
0000103300000000
000001DE000003D4
0000C3D70000085D
0000083E00000010
0000103400000001
0000083C000003B4
0000103F0000000A
00200E6CFFFFFF28
000004320000086E
000000000000083E
0000001000001034
FFFFFF0400001030
000000040000083C
000000040000080C
0000000000000805
0000002000001033
000000080000C357
000000060000C557
000000050000C5C7
FFFFFFC00000FDCF
0000011700000104
FFFFFFD00000FC2F
FFFFFFC80000FC3F
0000177000001041
000000000000083C
0000025C00001033
000000080000FCEC
FFFFFFDE0000C28F
0000004100000838
000000100000103D
0000040800001030
FFFFFFB00000FD6F
000000F00000026E
0000080D00010E68
0000C5DE00000002
0000080D00000001
000074DE00000039
00000002000002D8
FFFFFFDE0000C3DF
0000FFFF0000086D
0000C2B400010D6D
0000C5BD00000060
0000092B00000001
000074BD00000008
00000004000002D8
FFFFFFDE0000C3DF
0000003B00000838
000000100000103D
000003A800001030
0000FFFF0000086D
0000080B00010D6D
000074BD00000037
FFFFFFC00000FCDF
000000050000C5DE
0000003E0000080E
0000086E00020EE8
000002D80000FFFF
0000C3DF00000006
0000086DFFFFFFDE
00010B6D0000FFFF
00001034000005E5
0000103000000010
00010AB5000002C8
0001244F00000999
0000759900010995
000008450000749A
0000000400000835
FFFFFFC800001034
FFFFFFC00000FDCF
0000C30F000100D5
00000116FFFFFFDE
0000104100000124
0000C3CF00002338
00010E6CFFFFFFDE
000000FF0000080D
000001EC000074DE
0000086E0000084E
0000083E0000FFFF
0000103F00000043
00010C6E00000040
000000000000080D
0000084E000074DC
0000086C000001CE
0000083C0000FFFF
0000103400000044
0000085EFFFFFFD8
0000021C000001CE
00000861000000F1
0000FC5F0000FFFF
00000105FFFFFFC0
FFFEDA0000001041
00040DA80000099C
000000000000FC0C
0000FD4C0000403C
0000099200000018
000008030001235C
0000011500000043
FFFFE3D000001041
0000104100000105
0000FC6FFFFED628
0000C4C7FFFFFFB0
0000083C00000006
00001033000000FF
0000084C00000014
000000060000C5C7
000000060000C4E7
000000090000083E
FFFFFFB80000FCCF
000000380000103F
000003E800000B8E
000001F0000002CE
0000FFF80000086C
000000020000092C
000020C500000B8C
000000140000092C
000000080000C3C7
000000120000C2C7
000000140000C2E7
0000083C00020CEC
0000103900000002
000008ECFFFFFBA0
000000100000C3C7
FFFFFB8C00001030
0000000E0000C2E7
000000000000083E
FFFFFB7400001033
0000085D000001DE
0000000E0000C3D7
000000010000083E
FFFFFB5400001034
0000000A0000083C
FFFFFB440000103F
0000086C00200C6C
0000083C00000422
0000103400000000
0000103000000010
00000104FFFFFB20
00001CD400001041
000000120000C2C7
0000000C0000C2E7
0000083C00020CEC
0000103900000002
000008ECFFFFFAF0
0000000E0000C3C7
FFFFFADC00001030
FFFFFFE00000FC7F
FFFFFFE80000FC6F
FFFFFFF00000FC5F
FFFFFFF80000FC4F
0000401F0000404F
00010C8500001012
00000006000002CC
FFFFFFDE0000C3CF
0001209E00000990
0001156A00000991
000005AC00000802
0001143900000993
0000B68800001041
0000000000001030
0001206E00000990
0001153A00000991
000005A000000802
0001154700000993
0000B65800001041
0000000000001030
0001203E00000990
0001150A00000991
000005A000000802
0001151700000993
0000B62800001041
0000000000001030
0000403F0000400F
FFFFFFA000004050
FFFFFFF80000FD4F
FFFFFFF00000FD5F
FFFFFFE80000FD6F
FFFFFFE00000FD7F
000000480000FC40
0000000000000834
000003AC00001033
000000050000C4C4
000000000000083C
0000039400001033
000000180000C0E4
FFFFFFDC0000C1EF
0000000000000806
000000300000C164
000000200000FD64
000000180000FD64
000000280000FD64
000000140000C364
000000100000C164
0000000E0000C364
0000000000000830
0000028000001033
0000000A0000083C
000002700000103F
000000010000080E
0000086C00200CEC
0000083C00000430
0000103400000000
0000103000000010
0000C36400000244
0000C56400000008
0000C56400000006
0000080200000005
0000023F00000007
0000FD0FFFFFFFDA
00000114FFFFFFD0
000011A000001041
000000000000083C
000001C800001033
000000080000FCEC
FFFFFFDA0000C2DF
0000003F0000083D
000000100000103D
000002E000001030
FFFFFFC00000FDCF
000000F00000027E
0000080E00010C7D
000074EC00000036
000000040000080E
000000010000C5EC
00000002000002CD
FFFFFFDA0000C3CF
0000FFFF0000086C
0000C00F0001057C
0000FDDFFFFFFFDC
00001041FFFFFFC8
000001ECFFFEA36C
000000080000092E
000000020000C5E5
0000092E000001EC
0000C5E500000010
0000C5C500000001
0000092C00000003
000074C500000018
FFFFFFC80000FCCF
00000006000002CC
0000086E000001EC
00010E7E0000FFFF
FFFFFFDA0000C3CF
000000FF0000080D
0000FCEF000074DE
0000083EFFFFFFC8
0000103F0000003C
000002CE00000044
0000086C00000007
00010E7C0000FFFF
0000084C0000746E
0000086E000001EC
0000083E0000FFFF
0000103400000044
0000085CFFFFFFE0
000000F10000021C
0000FFFF00000861
FFFFFFC00000FC5F
0000104100000105
0000099CFFFED4C4
0000FC0C0004086C
0000403E00000000
FFFFFFD00000FCCF
000000180000FDCE
FFFFFFDC0000022F
0000004300000803
0000104100000115
00000105FFFFDE8C
FFFED0E400001041
00011DEC00000991
FFFFFFD00000FC5F
0000012100000105
0000104100000131
00000105FFFEC71C
0000002000001030
000000080000C364
000000060000C564
000000050000C564
0000003800000214
FFFFEA8800001041
000000040000C4C4
000000000000083C
0000007C00001033
000407B80000099C
0000083C000075CC
0000103400000000
0000103000000010
0000085C00000084
000407900000099E
0000086C000074CE
0000083C000000FF
0000103400000000
0000099500000028
0000FC0500040764
0000104100000000
0000FD65FFFFE748
0000C56400000000
0000FC7F00000004
0000FC6FFFFFFFE0
0000FC5FFFFFFFE8
0000FC4FFFFFFFF0
0000404FFFFFFFF8
000010120000401F
00011BF600000990
000110C200000991
0000012E00000802
0001078000000993
0000B1E000001041
0000000000001030
00011BC600000990
0001109200000991
000005A000000802
0001109F00000993
0000B1B000001041
0000000000001030
0000403F0000400F
FFFFFFC800004050
FFFFFFF80000FD4F
FFFFFFF00000FD5F
FFFFFFE80000FD6F
FFFFFFE00000FD7F
000000F00000080C
0000000000000830
0000026800001033
000000690000C4E0
000000010000086E
000000000000083E
0000024800001033
000000FF0000080C
000000480000FC40
000000600000C2E0
000002400000083E
000002200000103D
0000000000000834
0000001000001034
000000A400001030
000000040000C4E4
000000000000083E
000000C800001033
000405F80000099E
0000083E000075EE
0000103400000000
0000103000000010
0000016000000180
0000085E0000017C
000405C80000099C
0000086E000074EC
0000083E000000FF
0000103400000000
000009950000007C
0000FC050004059C
0000104100000000
0000080CFFFFE580
0000FDC500000000
0000103000000000
000001600000004C
000008000000017C
0000104100000058
0000014CFFFEB8D4
0000000000000834
0000012400001033
000000480000FD46
0000001000001030
0000017C00000160
0000000000000805
0000005800000802
0000011500000104
0000FE4C00001041
0000003800000214
0000031000000992
0000104100000106
00001041FFFFE6E8
0000083C000006E4
000001C700000000
000000D000001034
000000010000080C
000000040000C5C4
000000690000C4C6
000000040000086C
000000000000083C
0000009000001034
000000050000C4C4
000000020000083C
00001033000001C5
0000080C00000084
0000C5C400000002
0000080C00000005
0000C3C400000000
0000C5C400000008
0000103000000006
0000099000000054
000009910001193A
0000080200010E06
000009930000012E
00001041000104C4
000010300000AF24
000001C700000000
0000001800001030
0000104100000106
000001C500000798
0000FC7F000008CC
0000FC6FFFFFFFE0
0000FC5FFFFFFFE8
0000FC4FFFFFFFF0
0000404FFFFFFFF8
000010120000401F
0000403F0000400F
FFFFFFD800004050
FFFFFFF80000FD4F
FFFFFFF00000FD5F
000402E80000099C
000000000000FC4C
0000000000000834
0000019400001033
0000000000000805
0000003400001030
0000C3EC0000085E
0000FC4400000008
0000083400000000
0000103400000000
0000103000000010
0000FCC400000158
0000083C00000048
0000103300000000
0000C2ECFFFFFFD0
0000083E00000008
0000103D00000002
0000103000000010
0000083EFFFFFFA4
0000103400000001
0000C35CFFFFFFA0
0000C4EC00000008
0000083E00000005
0000103B00000005
0000083E0000005C
0000103300000001
0000083E00000080
0000103300000003
0000103000000010
0000C4CCFFFFFF58
0000083C00000006
0000103F00000001
000001040000007C
00000E0000001041
FFFFFF2C00001030
0000000C0000083E
0000001800001033
000000060000083E
FFFFFF0C00001034
0000104100000104
0000103000000600
0000C4CCFFFFFEF8
0000083C00000006
0000103F00000005
0000010400000030
000019B000001041
FFFFFECC00001030
0000104100000104
00001030000005C0
00000104FFFFFEB8
FFFFF70000001041
0000104100000104
00001030FFFFFB6C
0000FC5FFFFFFE98
0000FC4FFFFFFFF0
0000404FFFFFFFF8
000010120000401F
0000403F0000400F
FFFFFFA000004050
FFFFFFF80000FD4F
FFFFFFF00000FD5F
FFFFFFE80000FD6F
FFFFFFE00000FD7F
000000480000FCC0
000000000000083C
0000006C00001033
000000050000C4EC
000000000000083E
0000001000001034
0000004C00001030
0000083100000F11
0000103300000002
00000831000000B8
0000103300000001
0000083100000058
0000103400000000
00001041000002F8
0000103000001F3C
00000990000002E8
000009910001162A
0000080200010AF6
0000099300000161
0000104100010990
000010300000AC14
0000083E00000000
000010330000000C
0000080E00000030
0000C3EC00000000
0000C5EC00000008
0000080E00000006
0000C5EC0000000C
0000080E00000005
0000C3EC00000014
0000103000000008
0000099100000268
0000FD0F00011690
0000FC0FFFFFFFD0
00000121FFFFFFD0
0000104100000131
0000FC0FFFFEBFBC
0000FC60FFFFFFD0
0000C4C600000048
0000083C00000005
000010330000000C
0000080C00000030
0000C3C600000000
0000C5C600000008
0000080C00000006
0000C5C60000000C
0000080700000005
0000023F00000004
00000116FFFFFFDE
0000104100000127
0000083C000007DC
0000103300000000
0000FCEC000001C0
0000C25F00000008
00000835FFFFFFDE
0000103D0000003F
0000103000000010
0000FDCF000001C4
0000024EFFFFFFC8
00010C45000000F0
000000010000C57C
000000320000080E
000002C5000074EC
0000C3CF00000002
0000086CFFFFFFDE
0001074C0000FFFF
0000001C0000C006
FFFE99B800001041
0000092E000001EC
0000C5E700000008
000001EC00000002
000000100000092E
000000010000C5E7
000000030000C5C7
000000180000092C
000002C5000074C7
000001EC00000006
0000FFFF0000086E
0000C3CF00010E4E
0000080DFFFFFFDE
000074DE000000FF
0000003C00000835
0000004C0000103F
00000007000002C5
0000FFFF0000086C
000000000000080E
000074ED00010D4C
000001DC0000084C
0000FFFF0000086D
000000440000083D
FFFFFFE000001034
0000021C0000085C
00000861000000F1
0000FC4F0000FFFF
00000104FFFFFFC8
FFFECB1800001041
0003FEC00000099C
000000000000FC0C
0000099C0000403E
0000FDCE00011478
0000FCCF00000020
0000FDCEFFFFFFD0
0000099200000018
000008030001145C
0000011400000043
FFFFD5B800001041
0000104100000104
0000FC7FFFFEC728
0000FC6FFFFFFFE0
0000FC5FFFFFFFE8
0000FC4FFFFFFFF0
0000404FFFFFFFF8
000010120000401F
0001131E00000990
000107EA00000991
000005A000000802
000107F700000993
0000A90800001041
0000000000001030
0000403F0000400F
FFFFFFD800004050
FFFFFFF80000FD4F
FFFFFFF00000FD5F
0003FDF00000099C
0000083C000075CC
0000103400000000
0000103000000010
0000099C00000044
000075EC0003FDCC
000074EC0000084E
000000000000080C
0000FC5F000008CC
0000FC4FFFFFFFF0
0000404FFFFFFFF8
000010120000401F
0003FD880000099C
000000000000FCCC
000000000000083C
0000003800001033
0001124E00000990
0001071A00000991
0000011400000802
00010FDD00000993
0000A83800001041
0000000000001030
FFFFDDE000001041
0003FD300000099E
000000000000FDCE
000000000000083C
0000008C00001033
000000090000C4EC
000000200000087E
000000090000C5EC
000112C400000994
0000004400000802
000001140000010C
FFFFD82000001041
0003FCD800000995
000000000000FC05
0000004300000802
0000104100000114
0000FC05FFFFDAEC
0000099100000000
0000080200001DA8
0000104100000000
00001030FFFFDC5C
0000080CFFFFFED0
00001030000000FF
0000400FFFFFFEDC
000040500000403F
0000FD4FFFFFFFB8
0000FD5FFFFFFFF8
0000FD6FFFFFFFF0
00000150FFFFFFE8
000000480000FC45
0000000000000806
0000001C0000C164
000000050000C4C4
000000060000083C
0000002800001033
000000080000C364
000000060000C564
000000060000080C
000000050000C5C4
0000000100000802
FFFFFFE60000023F
0000011400000105
0000039000001041
000000000000083C
0000023C00001033
000000080000FCEC
FFFFFFE60000C2DF
000000410000083D
000000100000103D
0000028C00001030
000000F0000002BE
0000080900010ABD
0000749A00000039
0000000200000809
000000010000C59A
000000020000029D
FFFFFFE60000C39F
0000FFFF00000869
0000C285000109B9
0000C58900000060
0000092800000001
0000748900000008
000000040000029D
FFFFFFE60000C39F
0000003B0000083D
000000100000103D
0000026800001030
0000FFFF00000869
00000808000109B9
0000748900000037
0000000400000809
000000050000C59A
0000003E0000080A
0000086A00020AAD
000002DD0000FFFF
0000C3DF00000006
0000086DFFFFFFE6
000005A60000FFFF
0000001000001034
0000023000001030
00000998000109BD
000108860001107B
0000748900007588
000008460000084D
0000000400000836
FFFFFFC400001034
0000086A000001AD
00010BBA0000FFFF
FFFFFFE60000C3DF
000000FF0000080A
000001BD000074AB
0000083B0000085B
0000103F00000041
000002EE00000044
0000080B000000F1
00010AED00000000
000002AD000074BA
0000084D00000002
0000FFFF0000086A
000000440000083A
FFFFFFDC00001034
000000F10000021D
0000FFFF00000861
0000016C0000010C
FFFEC64800001041
0003F9F00000099C
000000000000FC0C
0000099E0000403C
0000FDEC00010FA8
0000FD5C00000020
0000099200000018
0000080300010F94
0000011600000043
FFFFD0F000001041
0000104100000106
0000C4C4FFFEC260
0000083C00000006
00001033000000FF
0000084C00000014
000000060000C5C4
000000060000C4C4
000000050000083C
000000740000103F
000003E80000080E
0000086C00200CEC
00000B8C0000FFF8
00000FEE0083126F
00000000FDF3B710
0000092C00010CCE
0000103000000020
0000099000000040
0000099100010E0A
00000802000102D6
00000993000005A0
00001041000102E3
000010300000A3F4
0000080C00000000
0000C3C400000078
0000FC6F00000008
0000FC5FFFFFFFE8
0000FC4FFFFFFFF0
0000404FFFFFFFF8
000010120000401F
00010DA600000990
0001027200000991
000005A000000802
0001027F00000993
0000A39000001041
0000000000001030
FFFFFFE60000C3DF
00010D6E00000990
0001023A00000991
000005AC00000802
0001010900000993
0000A35800001041
0000000000001030
0000403F0000400F
FFFFFFA800004050
FFFFFFF80000FD4F
FFFFFFF00000FD5F
FFFFFFE80000FD6F
FFFFFFE00000FD7F
0000016000000171
0000000000000804
0000000000000836
0000030000001033
0000000000000837
000002F000001033
0000FD3F00000152
00000800FFFFFFD8
0000080100000036
0000080200000134
0000104100000280
0000083CFFFEBBDC
0000103300000000
0000C2EC000002B4
0000083E00000012
0000103F00000133
0000103000000010
0000FD5F000002C4
00000835FFFFFFD0
0000103400000003
0000C4E700000020
0000083E00000005
0000103400000003
0000C4E70000004C
0000083E00000006
0000103400000000
0000014C00000024
0000EF2800001041
0003F7840000099E
000001C4000078CE
0003F7740000099E
000078E7000079EE
FFFFFFC80000FDCF
000000080000FC4C
0000000000000805
0000013400000802
0000011500000104
0000F03C00001041
000000010000080C
000000010000C5C4
FFFFFFC00000FDCF
0000C4C6000074C4
0000C5C400000068
0000790700000002
FFFE90D800001041
0000092E000001EC
0000C5E400000018
000001EC00000007
000000100000092E
000000060000C5E4
000000040000C5C4
000000080000092C
000000050000C5C4
FFFFFFD00000FCCF
FFFFFFF9000002CC
000000020000083C
000000580000103D
FFFFFFD00000FCCF
000000040000083C
0000004000001033
FFFFFFD00000FCCF
000000030000083C
0000007000001034
000000050000C4C7
000000FE0000086C
000000040000083C
0000005000001034
000000080000C0C6
0000092E000001EC
0000C5E400000018
000001EC0000000F
000000100000092E
0000000E0000C5E4
0000000C0000C5C4
000000080000092C
0000000D0000C5C4
0000001C000002E4
00000062000002D6
FFFFFFD80000FCCF
00010AD500010BE5
000074AB000075AA
0000083500000845
0000103400000006
0000FCEFFFFFFFE4
0000C5E4FFFFFFD0
0000FCEF000000F2
0000C5E4FFFFFFC0
0000080E000000F1
0000C5E400000035
0000080E000000F0
0000C5E400000053
0000080E000000EE
0000C5E400000082
0000080E000000ED
0000C5E400000063
0000C5E4000000EF
0000080E000000EC
000076EC00000003
FFFFFFC80000FC4F
0000FC7F000001C4
0000FC6FFFFFFFE0
0000FC5FFFFFFFE8
0000FC4FFFFFFFF0
0000404FFFFFFFF8
000010120000401F
000109C600000990
0000FE9200000991
0000077B00000802
0000F0DB00000993
00009FB000001041
0000000000001030
0000403F0000400F
FFFFFF9800004050
FFFFFFF80000FD4F
FFFFFFF00000FD5F
FFFFFFE80000FD6F
FFFFFFE00000FD7F
0000FC4500000150
0000C4C400000048
0000083C00000005
0000103300000003
0000080C00000030
0000C3C400000000
0000C5C400000008
0000080C00000006
0000C5C400000003
0000080200000005
0000023F00000003
00000105FFFFFFDE
0000104100000114
0000083CFFFFFBC4
0000103300000000
0000FCEC0000032C
0000C27F00000008
00000837FFFFFFDE
0000103D00000041
0000103000000010
000002AE00000378
000109A7000000F0
000000390000080E
0000080E000074E9
0000C5E900000002
000002D700000001
0000C3DF00000002
0000086DFFFFFFDE
00010DAD0000FFFF
000000400000080B
000000010000C5BD
000002E7000074ED
0000C3EF00000004
00000837FFFFFFDE
0000103D0000003B
0000103000000010
0000FDCF00000364
0000086EFFFFFFB8
00010CAE0000FFFF
000000320000080E
0000080C000074EC
0000FD9F00000004
0000FDCFFFFFFFD0
0000C5C9FFFFFFC0
000002C700000005
0000C3CF00000006
0000086CFFFFFFDE
0000FDAF0000FFFF
000106ACFFFFFFC8
0000001C0000C004
FFFE8D0000001041
0000092E000001EC
0000C5E600000008
000001EC00000002
000000100000092E
000000010000C5E6
000000030000C5C6
000000180000092C
000002C7000074C6
0000C3CF0000000A
00000837FFFFFFDE
0000103D00000035
0000103000000010
0000086C000002BC
0000FC6F0000FFFF
00010C6CFFFFFFC8
000000370000080E
0000FCCF000074EC
0000FCEFFFFFFFD0
0000C5ECFFFFFFC0
0000080C0000000B
0000080E00000000
00020EE700000038
0000FFFF0000086E
0000000C000002D7
FFFFFFDE0000C3DF
0000FFFF0000086D
000005EC00010B6D
0000001000001034
0000026800001030
0000099900010ABC
0001099C000107C3
0000749A00007599
0000083C0000084C
0000103400000004
000100DCFFFFFFC8
FFFFFFDE0000C30F
0000012500000116
000006B400001041
FFFFFFDE0000C3CF
0000080D00010E6C
000074DE000000FF
0000084E000001EC
0000FFFF0000086E
000000430000083E
FFFFFFB80000FC0F
000000400000103F
000000000000080C
000074CD00010D6E
000001DE0000084E
0000FFFF0000086D
000000440000083D
FFFFFFE000001034
000001CE0000085E
000000F10000021C
0000FFFF00000861
0000104100000160
0000099CFFFEBD7C
0000FC0C0003F124
0000403C00000000
000000180000FD5C
000106D800000992
0000004300000803
0000104100000116
00000106FFFFC74C
FFFEB9A400001041
000000060000C4C4
000000FF0000083C
0000001400001033
0000C5C40000084C
0000C4C400000006
0000083C00000006
0000103F00000009
00000B8C00000070
000002CC000003E8
0000086C000001F0
0000092C0000FFF8
00000B8C00000002
0000092C000020C5
0000103000000014
0000099000000040
0000099100010552
000008020000FA1E
00000993000005A0
000010410000FA2B
0000103000009B3C
0000080C00000000
0000C3C400000014
0000FC7F00000008
0000FC6FFFFFFFE0
0000FC5FFFFFFFE8
0000FC4FFFFFFFF0
0000404FFFFFFFF8
000010120000401F
000104E600000990
0000F9B200000991
000005A000000802
0000F9BF00000993
00009AD000001041
0000000000001030
000104B600000990
0000F98200000991
000005A000000802
0000F98F00000993
00009AA000001041
0000000000001030
0000C3CF00010CDC
00000990FFFFFFDE
000009910001047A
000008020000F946
00000993000005AC
000010410000F815
0000103000009A64
0000400F00000000
000040500000403F
0000FD4FFFFFFFB8
0000FD5FFFFFFFF8
0000FD6FFFFFFFF0
0000FD7FFFFFFFE8
00000150FFFFFFE0
000000480000FC45
000000050000C4C4
000000050000083C
0000003000001033
000000000000080C
000000080000C3C4
000000060000C5C4
000000050000080C
000000050000C5C4
0000000300000802
FFFFFFDE0000023F
0000011400000105
FFFFF67800001041
000000000000083C
0000025C00001033
000000080000FCDC
FFFFFFDE0000C2EF
000000410000083E
000000100000103D
000002B000001030
000000F00000026D
0000080B00010D6E
000074BD00000039
000000020000080B
000000010000C5BD
00000002000002BE
FFFFFFDE0000C3BF
0000FFFF0000086B
0000C2A500010B6B
0000C5AB00000060
0000092A00000001
000074AB00000008
00000004000002BE
FFFFFFDE0000C3BF
0000003B0000083E
000000100000103D
0000029800001030
0000FFFF0000086B
0000080A00010B6B
000074AB00000037
000000040000080B
000000050000C5BD
000000000000080D
0000003E0000080B
0000086B00020BBE
000002EE0000FFFF
0000C3EF00000006
0000086EFFFFFFDE
00010A6E0000FFFF
00001034000005BD
0000103000000010
000109AD00000254
0001035700000998
000075880001088D
0000084D00007489
000000040000083D
FFFFFFC800001034
0000C30F000100ED
00000116FFFFFFDE
0000017C00000125
0000024400001041
0000C3CF00000107
00010E6CFFFFFFDE
000000FF0000080D
000001EC000074DE
0000086E0000084E
0000083E0000FFFF
0000103F00000043
0000080C00000040
00010D6E00000000
0000084E000074CD
0000086D000001DE
0000083D0000FFFF
0000103400000044
0000085EFFFFFFE0
0000021C000001CE
00000861000000F1
000001600000FFFF
FFFEB91000001041
0003ECB80000099C
000000000000FC0C
0000FD5C0000403C
0000022400000018
0000080300000018
0000011600000043
FFFFC2E000001041
000001060000015C
FFFEB53400001041
00001030000001C5
0000080C00000010
0000C4E4000000FF
0000083E00000006
00001033000000FF
0000084E00000014
000000060000C5E4
000000060000C4E4
000000090000083E
000000700000103F
000007D000000B8E
000001F0000002EE
0000FFF00000086E
000000020000092E
000020C500000B8E
000000140000092E
0000004000001030
000100CE00000990
0000F59A00000991
000005A000000802
0000F5A700000993
000096B800001041
0000000000001030
000000280000080E
000000080000C3E4
0000FC7F000008CC
0000FC6FFFFFFFE0
0000FC5FFFFFFFE8
0000FC4FFFFFFFF0
0000404FFFFFFFF8
000010120000401F
0001005E00000990
0000F52A00000991
000005A000000802
0000F53700000993
0000964800001041
0000000000001030
0000C3CF00010CED
00000990FFFFFFDE
0000099100010022
000008020000F4EE
00000993000005AC
000010410000F3BD
000010300000960C
0000400F00000000
000040500000403F
0000FD4FFFFFFFD0
0000FD5FFFFFFFF8
0000FD6FFFFFFFF0
00000152FFFFFFE8
0000FC0500000140
0000083000000058
0000103300000000
0000016100000078
0000E44C00001041
000000000000083C
0000006800001033
000000410000080E
0000FCD500020EE4
00000F1E00000058
0000103E000005CE
0000099000000078
000009910000FF6A
000008020000F436
00000993000005D1
000010410000EC73
0000103000009554
000001E400000000
0000000C00001030
0000086E000001E4
000001CE0000FFFF
FFFFFFE80000FC6F
FFFFFFF00000FC5F
FFFFFFF80000FC4F
0000401F0000404F
0000083C00001012
0000103D00000100
0000103000000010
00010E4C000000B0
00000002000002EE
0000083E00000F1E
0000103D00000045
0000103000000010
000001B6000000B8
0000080A00010EB4
000074AE0000000C
00000002000002E4
0000086400000844
00010AB40000FFFF
0000086E000074CA
0000083E0000FFFF
0000103D00000044
0000103000000010
00010ABE00000098
0000749A0000759D
0000084D0000084E
0000083C0000085C
0000103400000000
00001030FFFFFFC8
00000990FFFFFF18
000009910000FE3A
000008020000F306
00000993000005D3
000010410000EB43
0000103000009424
0000099000000000
000009910000FE0A
000008020000F2D6
00000993000005A0
000010410000F2E3
00001030000093F4
0000099000000000
000009910000FDDA
000008020000F2A6
00000993000005AC
000010410000F175
00001030000093C4
0000400F00000000
000040500000403F
00001041FFFFFFE8
0000404FFFFFDD8C
000010120000401F
0000403F0000400F
FFFFFF8800004050
FFFFFFF80000FD4F
FFFFFFF00000FD5F
FFFFFFE80000FD6F
FFFFFFE00000FD7F
0000000000000830
0000055800001033
000000480000FC40
0000000000000834
0000054000001033
000000050000C4C4
000000010000083C
0000003000001033
000000000000080C
000000080000C3C4
000000060000C5C4
000000010000080C
000000050000C5C4
0000000300000802
FFFFFFDE0000023F
FFFFFFD00000FD0F
0000104100000114
0000083CFFFFEF94
0000103300000000
0000FCEC00000414
0000C27F00000008
00000837FFFFFFDE
0000103D00000041
0000103000000010
000002BE00000464
000105B7000000F0
000000390000080E
0000080E000074E5
0000C5E500000002
000002E700000001
0000C3EF00000002
0000086EFFFFFFDE
00010DBE0000FFFF
FFFFFFD00000FCEF
000000600000C2EE
000000010000C5ED
000000080000092E
000002E7000074ED
0000C3EF00000004
00000837FFFFFFDE
0000103D0000003B
0000103000000010
0000FDCF00000440
0000086EFFFFFFB0
00010CBE0000FFFF
000000320000080E
FFFFFFB80000FDEF
0000080C000074EC
0000FDCF00000004
0000C5C5FFFFFFC0
000002C700000005
0000C3CF00000006
0000086CFFFFFFDE
0000FDBF0000FFFF
000106BCFFFFFFC8
0000001C0000C004
FFFE80C000001041
0000092E000001EC
0000C5E600000008
000001EC00000002
000000100000092E
000000010000C5E6
000000030000C5C6
000000180000092C
000002C7000074C6
0000C3CF0000000A
00000837FFFFFFDE
0000103D00000035
0000103000000010
0000086C00000398
0000FCDF0000FFFF
00010CDCFFFFFFC8
000000360000080E
0000FCCF000074EC
0000C5C5FFFFFFC0
000002C70000000B
0000C3CF0000000C
0000086CFFFFFFDE
000106DC0000FFFF
000000180000C004
FFFE800000001041
0000092E000001EC
0000C5E600000008
000001EC00000002
000000100000092E
000000010000C5E6
000000030000C5C6
000000180000092C
000002C7000074C6
0000C3CF00000010
00000837FFFFFFDE
0000103D0000002F
0000103000000010
0000086C00000308
0000FCAF0000FFFF
00010CACFFFFFFC8
000000370000080E
0000FCCF000074EC
0000C5C5FFFFFFC0
0000080C00000011
0000FCEF00000000
00020EE7FFFFFFB8
0000FFFF0000086E
00000012000002D7
FFFFFFDE0000C3DF
0000FFFF0000086D
0000015A00010BAD
00001034000005EC
0000103000000010
00010ABC000002B8
0000FAC700000999
000075990001099C
0000084C0000749A
000000040000083C
FFFFFFC800001034
0000C30F000100DC
00000115FFFFFFDE
FFFFFFD00000FC2F
FFFFF9B400001041
FFFFFFDE0000C3CF
0000080D00010E5C
000074DE000000FF
0000084E000001EC
0000FFFF0000086E
000000430000083E
FFFFFFB00000FC6F
000000400000103F
000000000000080C
000074CD00010D5E
000001DE0000084E
0000FFFF0000086D
000000440000083D
FFFFFFE000001034
000001CE0000085E
000000F10000021C
0000FFFF00000861
0000104100000106
0000099CFFFEB07C
0000FC0C0003E424
0000403E00000000
0000F9DC0000099C
000000200000FDCE
FFFFFFD00000FCCF
000000180000FDCE
0000F9C000000992
0000004300000803
0000104100000116
00000106FFFFBB1C
FFFEAC8C00001041
000000060000C4C4
000000FF0000083C
0000001400001033
0000C5C40000084C
0000C4C400000006
0000083C00000006
0000103F00000005
0000080E00000074
00200CEC000003E8
0000FFF80000086C
0083126F00000B8C
FDF3B71000000FEE
00010CCE00000000
000000200000092C
0000004000001030
0000F83600000990
0000ED0200000991
000005A000000802
0000ED0F00000993
00008E2000001041
0000000000001030
000000780000080C
000000080000C3C4
FFFFFFE00000FC7F
FFFFFFE80000FC6F
FFFFFFF00000FC5F
FFFFFFF80000FC4F
0000401F0000404F
0000099000001012
000009910000F7CA
000008020000EC96
00000993000005A0
000010410000ECA3
0000103000008DB4
0000099000000000
000009910000F79A
000008020000EC66
00000993000005A0
000010410000EC73
0000103000008D84
0000099000000000
000009910000F76A
000008020000EC36
00000993000005A0
000010410000EC43
0000103000008D54
00010CDC00000000
FFFFFFDE0000C3CF
0000F72E00000990
0000EBFA00000991
000005AC00000802
0000EAC900000993
00008D1800001041
0000000000001030
0000403F0000400F
FFFFFFE000004050
0000000000000830
000002C400001033
000000480000FCC0
000000000000083C
000002AC00001033
000000000000080E
000000120000C3EC
000000280000C0AC
FFFFFFFF00000FED
000005AD00000000
0000003C0000080B
0000FFFF0000080D
0000006400001033
0000001E000002AA
003608AB00000F1A
8888888900000FE9
0000083800000000
0000100300000000
000010300001A594
00100AA900000020
000000250000092A
0000103000420AAD
0000080A00000010
0000C3AC00000001
0000C0AC00000014
00000FE90000002C
00000000FFFFFFFF
00001033000005A9
000002AA0000006C
00000F1A0000001E
00000FE9003608AB
0000000088888889
0000000000000838
0001A61000001003
0000002000001030
0000092A00100AA9
00420AAD00000025
0000001000001030
000000010000080A
0000000E0000C3AC
0000000A0000C3AC
000000300000C0AC
FFFFFFFF00000FE9
000005A900000000
0000006C00001033
0000001E000002AA
003609AB00000F1A
8888888900000FEB
0000083900000000
0000100300000000
000010300001A694
00100BAB00000020
000000250000092B
0000103000420BBD
0000080B00000010
0000C3BC00000001
0000C3BC00000010
0000C2BC0000000C
0000C2AC0000000A
0000085A0000000C
0000FFFF0000086A
00001040000005AB
0000C3EC00000010
0000C4BC0000000A
0000086B00000007
0000083B00000001
0000103300000000
0000103000000010
0000C6BC00000038
0000083B0000001C
0000103BFFFFFFFF
0000103000000010
0000080D0000009C
00001030000000FF
0000C0DC00000010
0000C1DF00000020
0000C0DCFFFFFFFC
0000C1DF00000024
0000C4DCFFFFFFF8
0000083D00000005
000010330000000A
0000C3EC00000028
0000C5EC00000008
0000080E00000006
0000C5EC0000000A
0000021C00000005
0000022F0000001C
0000023FFFFFFFFC
00001041FFFFFFF8
0000404FFFFE9E5C
000010120000401F
FFFFFFBF0000080A
0000083B00380BBA
0000100300000000
0000080D0001A754
0000103000FFFFFF
0000400FFFFFFF60
000040500000403F
0000FD4FFFFFFF38
0000FD5FFFFFFFF8
0000FD6FFFFFFFF0
0000FD7FFFFFFFE8
0000FCC2FFFFFFE0
0000099E00000008
0000FC6E0000FF8C
0000FC7600000008
0000083700000048
0000103300000000
0000C4E7000010B4
0000083E00000004
0000103300000000
0000C2E20000109C
0000083E00000012
0000103D0000002C
000075EC00001084
000000020000083E
0000107000001034
000000680000C4E6
000000000000083E
0000006400001033
000000060000080D
000002DC00420EED
000002B60000001C
000075AD00000062
0000059A0000759B
0000001000001033
0000102000001030
0000084B0000084D
0000083E0000085E
0000103300000000
0000103000000010
0000C4ECFFFFFFC8
0000091E00000005
0000C4DC00000008
00040EED00000004
000000060000C4DC
000000100000091D
000000070000C4CC
000000180000091C
000400CE00040CCD
FFFFFFD00000FD2F
FFFE77B000001041
FFFFFFD00000FC2F
000079E700000F1C
00001034000005CE
0000099000000F8C
000008050003DD85
0000080200000000
000001150000000A
0000D69C00001041
FFFFFFD00000FC2F
000000120000C2C2
0000000000000832
00000CFC00001033
0000FFFF0000086C
0000002C0000083C
00000CE40000103D
000000000000080C
FFFFFF580000FDCF
000000010000080C
FFFFFFB00000FDCF
000000F00000080C
000000100000C282
0000C2E500000152
000001DC00000012
0000FFFF0000086D
0000103D000005DE
0002088E00000030
0000FC5500020CCE
0000083500000000
0000103300000000
0000103000000C68
0000FC05FFFFFFC0
0000FCEF00000008
0000086EFFFFFFB0
0000FDEF00000001
00001030FFFFFFB0
0000019300000024
0000000000000831
0000001000001034
00000DA400001030
0000000000000835
00000ADC00001033
0000086E000001EC
000001D80000FFFF
0000FFFF0000086D
00001040000005ED
00010D0E00000AB8
0000083D000075DD
00001033000000FF
0000080300000AA0
00000801000000FE
0000083E00000000
0000103F0000FFFD
000001BEFFFFFF80
0000C2A50000084B
000005BA00000012
0000001800001040
000075BB00010B0B
0000003C00001030
000000000000FCB5
000000000000083B
0000001C00001033
000000080000FCBB
00001030000075BB
0000080B00000010
00000FE400000000
00000000FFFFFFFF
000000330000083D
000000980000103B
000000020000083D
000000100000103B
0000011000001030
000000030000083D
0000023800001033
000000060000083D
000002B000001033
000000330000083D
0000001000001033
0000030800001030
000000FF0000086B
000000040000083B
0000001000001033
0000034C00001030
0000000300000804
000000040000080A
FFFFFFC80000FDAF
0000037000001030
000000350000083D
000000100000103B
000000F400001030
000000360000083D
000001F000001033
0000003A0000083D
0000025400001033
0000003B0000083D
0000001000001033
0000027800001030
000000FF0000086B
000000040000083B
0000001000001033
000002CC00001030
0000000500000804
000000040000080A
FFFFFFC80000FDAF
000002E000001030
000000000000083D
0000FDDF000001AD
00001033FFFFFFC8
0000083D000002C4
0000103300000001
0000103000000010
0000086B00000204
0000083B000000FF
0000103300000004
0000103000000010
000008040000020C
0000080A00000006
0000FDAF00000004
00001030FFFFFFC8
0000083D0000026C
0000103300000034
0000083D0000005C
0000103300000035
0000103000000010
0000080A0000019C
0000086B00000001
0000083B000000FF
0000FDAF00000001
0000014AFFFFFFC8
0000021800001033
000000FA00000809
FFFFFD1000001030
000000FA0000080A
000000FF0000086B
000000010000083B
0000017800001034
0000000000000804
FFFFFFB00000FCBF
000000000000083B
0000001000001034
0000053000001030
000000010000080A
FFFFFFC80000FDAF
000001A800001030
0000086A000001AB
0000083A000000FF
0000103F00000003
0000103000000010
0000080400000120
0000080A00000007
0000FDAF00000004
000001ABFFFFFFC8
0000016000001030
000000FF0000086B
000000040000083B
0000001000001033
000000EC00001030
0000000200000804
000000040000080A
FFFFFFC80000FDAF
0000012000001030
0000086A000001AB
0000083A00000003
0000103400000000
0000103000000010
00000809000000D8
00001030000000FA
0000080AFFFFFBF4
0000086B00000004
0000083B000000FF
0000FDAF00000004
0000014AFFFFFFC8
000000C000001033
000000FA00000809
FFFFFBB800001030
FFFFFFFF00000FE4
0000080A00000000
0000FDAF00000000
000001ABFFFFFFC8
0000008800001030
000000FA00000809
FFFFFB8000001030
000010300000019A
00000809FFFFFB74
00001030000000FA
00000809FFFFFB64
00001030000000FA
00000809FFFFFB54
00001030000000FA
00000809FFFFFB44
00001030000000FA
000001ABFFFFFB34
000000FF0000086A
0000000800000804
0000FDAF00420AA4
000001ABFFFFFFC8
000000000000083D
0000001000001034
0000003800001030
000000FF0000086A
0000083E00010EAE
0000103F0000FFFD
0000103000000010
0000019300000024
FFFFFAC800001030
000001BC0000084C
000004E000001030
00000002000002EE
FFFFFF500000FDEF
FFFFFFC80000FCEF
000000000000083E
000002E800001033
00000002000002CC
FFFFFFA80000FDCF
000000000000080C
FFFFFFA00000FDCF
FFFFFFDC0000C1CF
FFFFFF600000FD6F
FFFFFF680000FD7F
FFFFFF900000FD8F
FFFFFF880000FD0F
FFFFFF800000FD1F
FFFFFF780000FD3F
0000006000001030
000000FA00000809
FFFFFF600000FC6F
FFFFFF900000FC8F
FFFFFF880000FC0F
FFFFFF800000FC1F
FFFFFF780000FC3F
FFFFFFC00000FC4F
000000000000083C
FFFFFF680000FC7F
0000001000001034
000003D800001030
FFFFFFC00000FD4F
0000083400000F14
0000103D0000000A
0000103000000010
0000099C000007AC
00010CC40003D62D
0000FCEF000075CC
00310ECEFFFFFFA0
FFFFFF700000FDEF
000000000000083C
000001F800001034
FFFFFF980000FD9F
FFFFFFC80000FC7F
000000FF00000867
000000040000080C
0000FD2F0042027C
0000FC6FFFFFFFB8
00000866FFFFFFA8
0000021F0000FFFF
00000105FFFFFFDC
0000104100000136
0000FCEFFFFEAFF4
000005ECFFFFFFB8
000001B800001034
0000000500000837
FFFFFFD00000FC2F
000001E80000103D
000000000000080C
0000000300000867
0000000000000837
FFFFFEB800001034
FFFFFFB80000FDCF
0003D5510000099C
0000080700010CC4
0000747C00000001
0000000200000914
0003D53C0000099C
0000C00F000104C4
00001041FFFFFFDC
000078C4FFFE6F24
FFFFFFC80000FCCF
FFFFFFFC000002CC
FFFFFFC80000FDCF
0000FFFB00000836
000000100000103F
0000005800001030
000000FE00000809
FFFFFFD00000FC2F
FFFFFF600000FC6F
FFFFFF900000FC8F
FFFFFF880000FC0F
FFFFFF800000FC1F
FFFFFF780000FC3F
FFFFFFC00000FC4F
FFFFFFB80000FCCF
FFFFFE2800001030
FFFFFFC00000FC4F
0000FCCF00000844
000002CCFFFFFFA8
0000FDCF00000004
000001C7FFFFFFA8
FFFFFFD00000FC2F
FFFFFF600000FC6F
FFFFFF980000FC9F
FFFFFF900000FC8F
FFFFFF880000FC0F
FFFFFF800000FC1F
FFFFFF780000FC3F
FFFFFDC000001030
FFFFFF500000FCBF
000001C800001030
0000019A00000114
FFFFF79000001030
FFFFFF900000FC8F
FFFFFF880000FC0F
FFFFFF800000FC1F
FFFFFF780000FC3F
0000016800001030
000000FE00000809
FFFFFFD00000FC2F
FFFFFF600000FC6F
FFFFFF680000FC7F
FFFFFF900000FC8F
FFFFFF880000FC0F
FFFFFF800000FC1F
FFFFFF780000FC3F
0000012000001030
0000000100000837
0000004800001033
0000000400000837
FFFFFF600000FC6F
000000B800001034
FFFFFFDC0000C00F
FFFE6D7000001041
FFFFFFD00000FC2F
FFFFFF680000FC7F
0000002000001030
FFFFFFDC0000C4CF
FFFFFF600000FC6F
FFFFFF680000FC7F
0003D3310000099E
0000080D00010EE4
0000FDDF00000001
000074DEFFFFFF70
0000000200000914
0003D3140000099E
000078CE00010EE4
FFFFFFDC0000C1CF
FFFFFF980000FC9F
FFFFFF900000FC8F
FFFFFF880000FC0F
FFFFFF800000FC1F
FFFFFF780000FC3F
0000004800001030
000000FA00000809
FFFFFFA00000FCCF
FFFFFF700000FDCF
FFFFFF680000FC7F
FFFFFF900000FC8F
FFFFFF880000FC0F
FFFFFF800000FC1F
FFFFFF780000FC3F
FFFFFF700000FCCF
000000010000086C
000000000000083C
FFFFFF500000FCBF
000000AC00001033
000000010000080E
000000120000C2D5
0000086C000001CB
000005CD0000FFFF
000000100000103D
0000001800001030
000001CB0000011E
FFFFF5A000001030
0002088D00020CBD
0000086D000001D8
000001BC0000FFFF
0000FFFF0000086B
00001040000005BD
0000FC5500000034
0000083500000000
0000103300000000
0000FC050000003C
0000011E00000008
FFFFF54800001030
0000103000000193
0000FC1FFFFFF53C
000001CBFFFFFFA0
FFFFF52800001030
000000FA00000809
0000000000000805
0000103000000115
0000080CFFFFF50C
0000099E00000001
000075EE0003D17D
000000000000083E
0000007000001033
0003D1610000099D
000000000000080E
0000099D000074ED
000079DD0003D158
000000010000083D
0000006000001033
000000030000083D
0000003C00001033
000000020000083D
0000003C00001034
000000010000080E
FFFFFF580000FDEF
0000002800001030
00001030000001EC
0000FDCF0000001C
00001030FFFFFF58
000001EC0000000C
000000EC00000808
000000000000080C
FFFFFFB00000FDCF
0000006C0000080C
000000000000083E
FFFFF3B800001033
0000006C00000808
000000000000080D
0000002C0000080C
0000000100000805
FFFFFF580000FCEF
0000083E00000F1E
0000FDDF00000000
0000FDDFFFFFFFB0
00001033FFFFFF58
0000103000000018
00000805FFFFF364
0000099C00000000
0000C4CC0003D04D
0000086500000001
0000083500000001
0000103300000000
0000086C0000022C
0000083C000000FF
0000103300000000
0000FC1200000214
0000099C00000008
0000C0CC0003D010
0000086C00000004
0000083C000000FF
0000103300000002
0000083C000001B8
0000103300000006
0000083C000000A8
0000103400000005
0000C4C7000001C4
000002EC00000005
0000083EFFFFFFFC
0000103D00000002
0000083C000000F4
0000103300000003
0000083C00000018
0000103400000001
0000010600000184
000001B000001041
000000690000C4C6
000000080000086C
000000000000083C
0000001000001033
000000F800001030
0000104100000106
0000FC2FFFFFED24
00001030FFFFFFD0
0000C4E700000134
0000083E00000005
0000103F00000005
0000080D000000E0
00200EDE00000001
0000003A0000086E
000000000000083E
0000001000001034
000000B400001030
0000104100000106
0000FC2F00000460
00001030FFFFFFD0
00000869000000D4
0000080C000000FF
0030059C00000000
FFFFFE6C00001030
0000104100000106
00000106000000E4
FFFFEC8000001041
FFFFFFD00000FC2F
0000009000001030
0000E36600000990
0000D83200000991
0000068000000802
0000E31B00000993
0000795000001041
0000000000001030
0000104100000106
0000FC2F00000354
00001030FFFFFFD0
0000083C00000044
0000103400000002
0000C4C700000034
0000083C00000005
0000103400000006
000001060000001C
0000042C00001041
FFFFFFD00000FC2F
0000104100000102
0000FC7FFFFE96B0
0000FC6FFFFFFFE0
0000FC5FFFFFFFE8
0000FC4FFFFFFFF0
0000404FFFFFFFF8
000010120000401F
0000403F0000400F
FFFFFFC800004050
FFFFFFF80000FD4F
FFFFFFF00000FD5F
FFFFFFE80000FD6F
000000480000FC50
0000000000000804
000000200000FD45
0003CD890000099C
000000030000C4CC
000000000000083C
0000002000001033
0003CD740000099C
0000000C0000C0CC
000000280000C1C5
0003CD510000099C
000000040000C4CC
000000000000083C
0000002000001033
0003CD3C0000099C
000000100000C0CC
0000001400001030
000000280000C0C5
0000C1C5000008EC
0000099C0000002C
0000C4CC0003CD05
0000083C00000005
0000103300000000
0000099C00000020
0000C0CC0003CCF0
0000103000000014
0000C0C500000028
00000B8C00000028
0000086C00000007
0000092CFFFFFFF8
0000C1C500000003
0000C4C100000030
0000091C00000011
0000C4E100000008
00040CCE00000010
000000120000C4E1
000000100000091E
000000130000C4D1
000000180000091D
00040CEC00040EDE
0000001C0000C1C5
0003CC590000099C
000000060000C4CC
000000000000083C
0000004800001033
0003CC440000099C
000000180000C00C
FFFE663000001041
000000200000C1C5
000000070000C4C5
000000010000087C
000000070000C5C5
0000002000001030
000000070000C4C5
000000FE0000086C
000000070000C5C5
0003CBE10000099C
000000070000C4CC
000000000000083C
0000002800001033
0003CBCC0000099C
0000001C0000C00C
FFFE65B800001041
000000240000C1C5
0003CBAC0000099C
000000200000026C
FFFFFFE40000025F
0003CB890000099C
0000C4CC00010CC4
0000083C00000008
0000103300000000
0000790600000048
FFFE656800001041
FFFFFFE40000C1CF
0000011500000104
FFFE658800001041
0000000400000266
0000083400000844
0000103300000001
0000FC6FFFFFFFA4
0000FC5FFFFFFFE8
0000FC4FFFFFFFF0
0000404FFFFFFFF8
000010120000401F
0000403F0000400F
FFFFFFE800004050
000000480000FCC0
000000050000C4EC
000000080000083E
0000003000001033
000000000000080E
000000080000C3EC
000000060000C5EC
000000080000080E
000000050000C5EC
000000380000021C
0000001C0000022C
FFFFAE0400001041
0000401F0000404F
0000400F00001012
000040500000403F
0000FD4FFFFFFFE0
00000140FFFFFFF8
000000480000FCC4
000000050000C4EC
0000000C0000083E
0000003000001033
000000000000080E
000000080000C3EC
000000060000C5EC
0000000C0000080E
000000050000C5EC
0000DFE400000991
0000012100000104
0000104100000131
00000104FFFE891C
FFFFCD7C00001041
FFFFFFF80000FC4F
0000401F0000404F
0000400F00001012
000040500000403F
0000FD4FFFFFFFD0
0000FD5FFFFFFFF8
0000FD6FFFFFFFF0
00000141FFFFFFE8
0003C9B90000099C
000000020000C4CC
000000000000083C
000000A000001033
000000480000FC60
000000000000080C
000000080000C3C6
0003C98C0000099C
000000080000C0CC
0000010C00000150
FFFE637000001041
000000180000C1C6
000000110000C4C4
000000080000091C
000000100000C4E4
0000C4E400040CCE
0000091E00000012
0000C4D400000010
0000091D00000013
00040EDE00000018
0000C1C600040CEC
000001050000001C
FFFFE06000001041
FFFFFFE80000FC6F
FFFFFFF00000FC5F
FFFFFFF80000FC4F
0000401F0000404F
0000400F00001012
000040500000403F
0000FD4FFFFFFFA0
0000FD5FFFFFFFF8
0000FD6FFFFFFFF0
0000FD7FFFFFFFE8
00000805FFFFFFE0
0000080C00000000
0000FDCF00000001
00000806FFFFFFD8
0000080700000002
0000014500000004
0000003C00001030
0003C8B00000099C
0000C55C00010CC4
0000024400000020
0000083400000028
0000103400000140
0000103000000010
0000099C00000198
00010CC40003C87C
000000200000C4EC
000000000000083E
FFFFFFC400001033
0003C8580000099D
0000C2DB00010BD4
0000084D0000001E
0000001E0000C3DB
0000FFFF0000086D
0000012B0000083D
000000280000103F
000000010000083E
0000006000001034
000000050000083D
000000500000103D
0003C8000000099C
0000FC0C00010CC4
0000083000000000
0000103300000000
00001041FFFFFF34
0000099CFFFE9058
00010CC40003C7D4
000000000000FD5C
FFFFFF1000001030
000000010000083E
0000004800001033
000000040000083E
0000002800001033
000000030000083E
FFFFFEF400001034
000000200000C57C
FFFFFEE400001030
000000200000C56C
FFFFFED400001030
0003C7680000099C
0000FC0C00010CC4
0000403E00000010
FFFFFFD80000FCDF
000000300000FDDE
00000008000002CC
000000280000FDCE
0000DCCA0000099C
000000200000FDCE
00000008000002C0
000000180000FDCE
0000006200000210
0000DC9C00000992
0000104100000131
000010300000099C
0000FC7FFFFFFE58
0000FC6FFFFFFFE0
0000FC5FFFFFFFE8
0000FC4FFFFFFFF0
0000404FFFFFFFF8
000010120000401F
0000403F0000400F
FFFFFFB800004050
FFFFFFF80000FD4F
FFFFFFF00000FD5F
FFFFFFE80000FD6F
FFFFFFE00000FD7F
FFFFFFD00000FD1F
000000080000080E
000000000000080A
0003C6780000099C
000000200000029C
0000000100000808
0000015A0000013A
000001DE0000016A
0000FDEF0000014E
000075B9FFFFFFD8
000008670000017D
000008370000FFFF
0000086B00000008
00001034000000FF
0000083B00000030
0000103300000000
0000103000000010
000001DA00000018
0000103000000178
0000083B00000180
0000103300000000
00000830000000CC
0000103300000000
0000C0790000004C
00007910FFFFFFE8
0000103400000517
0000080700000034
0000083200000000
0000103300000000
0000FC1900000120
00000521FFFFFFF0
0000011800001033
000000010000083B
0000007400001034
FFFFFFFE0000C2B9
FFFFFFE00000FC19
0000000000000831
0000009400001033
0000FFFF00000866
0000FFFF0000086B
00000831003601B6
0000017A00000000
0001C20C00001003
004306B60000017E
00000178000001E7
000000AC00001030
0000103000000178
00000863000000A0
0000C2B90000FFFF
003601B3FFFFFFFE
0000000000000831
000010030000017A
000001740001C258
00000147004303B3
0000103000000178
0000086500000060
0000086B0000FFFF
003601B50000FFFF
0000000000000831
000010030000017A
0000FC7F0001C29C
004305B5FFFFFFD8
FFFFFFD80000FD7F
0000103000000178
000001CA00000018
0000000C00001030
00000837000001CA
0000103400000000
0000103000000010
0000029900000224
0000084A00000028
000000080000083A
0000001000001033
FFFFFE0400001030
0000FFFF0000080C
FFFFFFD00000FCBF
000000010000083B
000001E00000103F
0000094B000001BD
000000080000083B
0000012C00001039
0000094D000001D4
000000070000083D
000000640000103B
0000002800000B8D
0003C3E80000099C
0000FCCC00010CCD
0000083C00000000
0000103300000000
0000099000000074
000009910000D86A
000008020000C368
000009930000016E
000010410000D6C3
0000103000006E54
0000FC4F00000000
000001D4FFFFFFD8
0000083D0000094D
0000103900000008
000001DE00000024
0000083D0000094D
0000014E00000007
000001180000103B
0000094C000001C4
0000002800000B8C
0003C3480000099E
0000FCC5000105EC
0000083C00000000
0000103300000000
0000016000000034
000001720000010C
FFFE8B9400001041
0000012700000106
000000000000080C
000000000000FDC5
000000000000080C
000000200000C5C5
000001CD000001D4
00000B8C0000094C
0000099E00000028
00010CEC0003C2D4
000000200000C4EC
000000000000083E
0000003800001033
0000D75600000990
0000C25400000991
0000018600000802
0000CECC00000993
00006D4000001041
0000000000001030
0000000000000830
0000001400001033
0000C1EC000079E0
0000FD2C00000008
0000080E00000010
0000C3EC00000000
000001CD0000001E
0000FC7F0000094C
0000FC6FFFFFFFE0
0000FC5FFFFFFFE8
0000FC4FFFFFFFF0
0000404FFFFFFFF8
000010120000401F
0000403F0000400F
FFFFFF6800004050
FFFFFFF80000FD4F
FFFFFFF00000FD5F
FFFFFFE80000FD6F
FFFFFFE00000FD7F
00000831000001E0
0000103300000000
0000FC4E00000420
0000C4C400000008
0000091C00000001
000075D400000008
0000083C00040CCD
0000103400000100
0000C4C4000003E4
0000083C00000004
0000103400000006
0000C4C4000003CC
0000083C00000005
0000103400000004
0000C4C4000003B4
0000C4D400000002
0000091D00000003
00040CDC00000008
000000080000083C
0000038800001034
FFFFFFC80000FDEF
0000FD1F00000101
00000114FFFFFFD0
FFFFA8DC00001041
0000000E00000214
FFFFFFDC0000026F
0000000400000807
0000012700000106
0000B9A800001041
0000001800000214
FFFFFFD80000020F
0000104100000127
0000FC0F0000B98C
0000C0CFFFFFFFD0
00000F1CFFFFFFD8
000000080000C050
00310CC500000F15
000000000000080D
000407EC00300E5D
0000000000000837
0001C6A800001003
0000001800001030
000000010000080B
0000001000001030
000000020000080B
FFFFFFDC0000C0CF
000000680000C4E0
000000060000083E
FFFFFFC80000FCEF
0000001000001033
000002C800001030
FFFFFFA80000FDBF
FFFFFFB00000FDDF
FFFFFFB80000FD6F
00000008000002D4
FFFFFFC00000FDDF
00000F160000016C
0000000000000836
000001A000001033
0000FC1F0000010C
00001041FFFFFFD0
0000FC0F00002930
0000FCEFFFFFFFD0
0000083CFFFFFFC8
0000103400000000
0000C0CF0000016C
0000086CFFFFFFDC
0000083C000000F0
00001033000000E0
0000FC1F0000014C
00000861FFFFFFA8
0000020F000000FF
0000FC2FFFFFFFDC
00001041FFFFFFD0
0000FC0FFFFFF8DC
0000FCEFFFFFFFD0
0000083CFFFFFFC8
0000103900000000
00000B8C00000104
0000099E00000028
00010EEC0003BF6C
FFFFFFA80000FDEF
000000100000FD0E
000000020000080C
000000200000C5CE
000000180000020E
0000000600000802
FFFFFFC00000FC1F
0000B7C800001041
FFFFFFA80000FCDF
FFFFFFD00000FC0F
FFFFFFC80000FCEF
FFFFFFB00000FCCF
0000001E0000C3CD
000000000000FCBD
000000000000083B
0000007000001033
FFFFFFB00000FCCF
000000000000FDCD
0000080E0000403C
0000FDEC00000800
0000022000000018
0000011B00000062
FFFFFFA00000FD1F
FFFFFFC00000FC3F
0000536800001041
FFFFFFA00000FC0F
FFFE870C00001041
FFFFFFD00000FC0F
FFFFFFC80000FCEF
000000060000C4C4
000000070000C4D4
000000080000091D
0000080D00040CDC
00310CCD00000100
0000086C00040CC7
0000083C00000001
0000103400000000
0000056500000074
0000006800001033
00000008000002C0
0000080D0000403E
0000FDDE00000002
0000FCDF00000030
0000FDDEFFFFFFB8
0000FDCE00000028
0000FC2F00000018
0000FD2EFFFFFFC0
0000021000000020
0000013100000062
0000007800001041
FFFFFFC80000FCEF
000010410000010E
0000FC7FFFFE8640
0000FC6FFFFFFFE0
0000FC5FFFFFFFE8
0000FC4FFFFFFFF0
0000404FFFFFFFF8
000010120000401F
0000D23600000990
0000BD3400000991
000001AA00000802
0000D0A600000993
0000682000001041
0000000000001030
0000403F0000400F
FFFFFF9000004050
FFFFFFF80000FD4F
FFFFFFF00000FD5F
FFFFFFE80000FD6F
FFFFFFE00000FD7F
0000014000000173
000000400000FC5F
000000380000FC6F
000000300000FCEF
000000280000FCCF
0000000000000834
0000001000001034
000001EC00001030
FFFFFFC00000FDEF
FFFFFFC80000FDCF
FFFFFFD00000FD1F
FFFFFFD80000FD2F
0000000E00000800
0000001C00000801
0000028000000802
FFFE808000001041
000000000000083C
000001CC00001033
000000120000C2EC
0000001B0000083E
000000100000103F
000001E400001030
FFFFFFB00000FD6F
FFFFFFB80000FDCF
000000080000FC6C
0000104100000105
0000C5C6FFFE5610
0000092C00000006
0000C5C600000008
0000C4C400000007
0000083C00000068
0000103300000006
0000103000000010
00000206000001B8
0000080500000008
0000011700000006
0000104100000125
000002060000B4AC
0000FC1F00000012
00000125FFFFFFC0
0000104100000175
000002060000B48C
000008050000000E
0000FC1F00000004
00000125FFFFFFC8
0000B46800001041
0000001800000206
FFFFFFB00000FC1F
0000104100000125
0000080C0000B44C
0000C5C600000008
0000080C00000002
0000C5C600000001
0000C55600000001
0000C57600000005
0000080500000004
0000C55600000000
0000745600000003
0000080E0000403C
0000FDEC00000806
0000010400000018
FFFFFFB80000FC4F
0000FC2F00000114
0000FC3FFFFFFFD0
00001041FFFFFFD8
0000010400004FF4
FFFE839C00001041
00001030000001C5
0000099000000040
000009910000CFB2
000008020000BAB0
0000099300000460
000010410000C91A
000010300000659C
0000080C00000000
000008CC000000FF
FFFFFFE00000FC7F
FFFFFFE80000FC6F
FFFFFFF00000FC5F
FFFFFFF80000FC4F
0000401F0000404F
0000099000001012
000009910000CF4A
000008020000BA48
000009930000046C
000010410000B6A9
0000103000006534
0000099000000000
000009910000CF1A
000008020000BA18
0000099300000473
000010410000CDAE
0000103000006504
0000400F00000000
000040500000403F
0000FD4FFFFFFFC0
0000FD5FFFFFFFF8
0000FD6FFFFFFFF0
00000140FFFFFFE8
0000000000000834
0000001000001034
0000015000001030
0000000000000831
0000001000001034
0000016800001030
0000000000000832
0000001000001034
0000018000001030
0000790200000152
0000011400000161
000022EC00001041
0000099300000116
0000083C0000CF48
0000103400000000
000001C50000009C
000001DE000079EC
000000F00000086D
000000E00000083D
0000015800001034
FFFFFFE20000023F
0000005E0000080E
000000020000C5E3
000000000000080E
000000010000C5E3
000000010000080E
FFFFFFE20000C5EF
000000010000C4EC
0000007F0000086E
000000030000C5E3
000000020000C4EC
000000040000C5E3
000000030000C4CC
000000050000C5C3
0000080E0000403C
0000FDEC00000800
0000022400000018
0000010400000062
00004DB000001041
0000FC6F000008CC
0000FC5FFFFFFFE8
0000FC4FFFFFFFF0
0000404FFFFFFFF8
000010120000401F
0000CD5E00000990
0000B85C00000991
0000031F00000802
0000C6C600000993
0000634800001041
0000000000001030
0000CD2E00000990
0000B82C00000991
0000032000000802
0000B48300000993
0000631800001041
0000000000001030
0000CCFE00000990
0000B7FC00000991
0000032100000802
0000BDB600000993
000062E800001041
0000000000001030
000000080000C0D4
0000000C0000C0B4
0000086A000001AE
0000083A0000FFFF
000010330000FEA9
00050EDE00000044
00000F1E00030EEB
000000000000083E
0000002800001033
000000100000C0C4
000000000000083C
0000015800001033
00000010000002C4
0003B9000000099E
000001E20000752E
0000002800000B8E
0003B7A80000099D
0000C4DE00010EDE
0000083D00000020
0000103F00000001
0000103000000010
0000FCDE00000048
000005D400000010
0000003400001034
000000080000C0EE
000005DE000079DC
0000001C00001034
0000104100000104
00001030000000E4
00000802FFFFFE64
0000099E00000000
000002EE0003B734
0000103000000010
000002EE0000002C
0000084200000028
0000000800000832
0000001000001034
0000006C00001030
000000100000C4DE
000000020000083D
FFFFFFCC0000103D
000000000000FCDE
00001034000005D4
0000C0DEFFFFFFB8
000079BCFFFFFFF8
00001034000005BD
0000099CFFFFFFA0
0000742C0003B7F4
0000104100000104
000010300000003C
00000104FFFFFDBC
0000011C00000121
0000026800001041
FFFFFDA000001030
000000FC0000080C
FFFFFD9000001030
0000403F0000400F
FFFFFFA000004050
FFFFFFF80000FD4F
FFFFFFF00000FD5F
FFFFFFE80000FD6F
FFFFFFE00000FD7F
0000002800000B82
0003B6300000099C
0000C4C7000107C2
0000083C00000020
0000103F00000001
0000103000000010
0000083C000000CC
0000024700000002
0000025000000018
0000103400000062
0000C2C70000017C
0000083C0000001E
0000103D0000011D
0000403C000000C4
000000010000080E
000000300000FDEC
0000CB520000099E
000000200000FDEC
00000008000002E7
000000280000FDEC
00000008000002E0
000000180000FDEC
0000CB1C00000992
0000FD1F00000160
00000115FFFFFFD8
0000104100000135
00000106FFFFF80C
FFFFFFD80000FC1F
000000000000083C
000000D000001033
000000D800001030
0000C9E600000990
0000B4E400000991
000002F000000802
0000C0AD00000993
00005FD000001041
0000000000001030
0000010E0000083C
000000980000103D
0000080E0000403C
0000FDEC00000001
0000099E00000030
0000FDEC0000CA86
000002E700000020
0000FDEC00000008
000002E000000028
0000FDEC00000008
0000016000000018
FFFFFFD80000FD1F
0000012400000115
0000104100000135
00000106FFFFF744
FFFFFFD80000FC1F
000000000000083C
0000001800001034
000000030000080C
000000200000C5C7
0000080E0000403C
0000FDEC00000800
0000012500000018
0000104100000134
0000FC7F0000491C
0000FC6FFFFFFFE0
0000FC5FFFFFFFE8
0000FC4FFFFFFFF0
0000404FFFFFFFF8
000010120000401F
0000403F0000400F
FFFFFF9800004050
FFFFFFF80000FD4F
FFFFFFF00000FD5F
FFFFFFE80000FD6F
FFFFFFE00000FD7F
0000017100000142
0000790700000150
0000104100000115
000001EC00001D08
000000F00000080C
000000000000083E
0000001000001034
0000003800001030
0000FC7F000008CC
0000FC6FFFFFFFE0
0000FC5FFFFFFFE8
0000FC4FFFFFFFF0
0000404FFFFFFFF8
000010120000401F
0000083E000079E7
0000103300000000
0000086EFFFFFFC4
0000083E000000F0
00001033000000E0
00000806FFFFFFAC
0000010700000001
0000012500000116
FFFFEC8000001041
FFFFFFFF0000083C
000000100000103B
FFFFFF7800001030
0000007F0000083C
000000100000103D
000000AC00001030
00000B8E000001EC
0000099D00000028
00010BDE0003B2FC
000000200000C4DB
000000000000083D
0000001800001034
000000100000FD5B
000000200000C56B
000000200000C4EB
000000000000083E
0000001000001034
0000007C00001030
00000062000002A5
0000000000000834
0000009400001033
000000000000083D
0000001000001034
0000007C00001030
0000080C000001EC
00001030000000FF
0000099000000148
000009910000C70A
000008020000B208
00000993000003C2
000010410000C080
0000103000005CF4
0000099000000000
000009910000C6DA
000008020000B1D8
00000993000003D0
000010410000BBF5
0000103000005CC4
0000FDDF00000000
0000FDCFFFFFFFD0
0000403CFFFFFFD8
000000300000FD6C
000000280000FD7C
0000C77A0000099E
000000200000FDEC
00000008000002E5
000000180000FDEC
0000C75400000992
0000011A00000105
0000013A0000017A
000010410000016B
000001B6FFFFF444
000000000000083C
0000005000001034
000000200000C4EB
FFFFFFD00000FCDF
000000000000083D
0000003000001033
000000FF0000086E
000000010000083E
0000001800001034
000000000000080E
0000001E0000C3EB
0000000000000834
FFFFFFD80000FCEF
00001033000001A7
00000834FFFFFD7C
0000103400000000
0000103000000010
0000C4DB00000064
0000083D00000020
0000103D00000002
0000099C0000007C
000074EC0003B234
0000080E0000403C
0000FDEC00000800
0000023B00000018
0000010500000018
0000012A00000114
0000458800001041
FFFFFD0800001030
0000C55600000990
0000B05400000991
000003EA00000802
0000ACAB00000993
00005B4000001041
0000000000001030
000000010000083D
FFFFFCC800001034
0000C2EC000001C4
0000C2DC00000010
000005DE00000012
0000002800001034
000000000000FCEC
000000000000083E
0000001000001033
000000DC00001030
000000140000C4EC
000000400000086E
000000000000083E
0000004000001034
000000000000FCCC
000000000000083C
0000001000001033
FFFFFF8C00001030
000001040000015B
FFFE831400001041
0000002C00001030
000008000000015B
000008010000000E
0000012400000280
FFFE90B000001041
000008340000014C
0000103300000000
0000FC0500000040
0000083000000000
0000103300000000
0000104100000010
0000FD45FFFE7808
0000080C00000000
0000103000000000
0000080CFFFFFBC4
00001030000000FF
00000990FFFFFBB4
000009910000C402
000008020000AF00
00000993000003FA
000010410000C1B6
00001030000059EC
0000400F00000000
000040500000403F
0000403CFFFFFFC8
000000010000080E
000000300000FDEC
000000280000FD1C
0000C49A0000099E
000000200000FDEC
0000C47C0000099E
000000180000FDEC
0000006200000210
0000C46C00000992
0000104100000131
0000404FFFFFF16C
000010120000401F
0000403F0000400F
FFFFFFC800004050
0000080E0000403C
0000FDEC00000001
0000099E00000030
0000FDEC0000C42E
0000FD1C00000020
0000FD1C00000028
0000021000000018
0000099200000062
000001310000C400
FFFFF10000001041
0000401F0000404F
0000400F00001012
000040500000403F
0000FD4FFFFFFF98
0000FD5FFFFFFFF8
0000FD6FFFFFFFF0
0000FD7FFFFFFFE8
0000099CFFFFFFE0
0000FC5C0000CE9C
0000754500000010
0000000200000914
0000003C00000864
0000001400000834
000000F40000103D
000000120000C2C0
000000040000083C
000000DC0000103D
000000080000FCC0
0000083C000075CC
0000103400000008
0000099C000000C0
0000C0CC0000CE34
000001EC00000020
000000F00000086E
000000E00000083E
0000009400001033
0000FD1F00000160
0000099EFFFFFFD8
0000FC1E0000CDFC
0000010C00000000
0000169400001041
000000000000083C
0000001000001034
0000001400001030
0000103000000106
0000010600000048
000000100000C2C0
000000080000083C
0000002C0000103D
FFFE55E000001041
000000000000083C
0000001000001034
0000004000001030
0000104100000106
0000FC7FFFFE7578
0000FC6FFFFFFFE0
0000FC5FFFFFFFE8
0000FC4FFFFFFFF0
0000404FFFFFFFF8
000010120000401F
0000000E00000274
0000011700000106
FFFE7B2800001041
000000000000083C
0000004C00001033
0000C2EC000001C6
00010EE400000010
0000000000000807
000008610000011E
0000051E0000FFFF
0000001000001034
0000006800001030
000010300000010C
0000010600000178
0000104100000117
0000083CFFFE7BE8
0000010600000000
0000017400001033
0000C0DE00000990
0000B3CF00000991
000000C700000802
0000B1A500000993
000056C800001041
0000000000001030
0000000E00000800
0000028000000802
FFFE6FC000001041
000008300000010C
0000103300000000
0000C2C000000090
000002E400000012
000005EC00000008
000000D00000103F
0000FC0700000170
0000011500000008
0000104100000124
000001070000A44C
0000104100000114
0000083CFFFE7B30
0000103300000000
0000099000000044
000009910000C02A
000008020000B31B
00000993000000B6
000010410000B9AE
0000103000005614
0000010600000000
0000006400001030
0000011600000107
FFFE818000001041
000000000000080E
003007CE00000107
0000000000000837
00001003000001C6
000001C00001DC30
0000000000000837
0001DC4400001003
0000016C00000106
FFFE737400001041
0000086700000106
0000083700000001
0000103400000000
0000103000000010
0000FC70FFFFFDD8
0000FD0F00000008
00000114FFFFFFD0
FFFE792800001041
000000000000083C
0000001000001034
0000001800001030
FFFFFFD00000FC0F
FFFFFD9400001030
FFFFFFD00000FCCF
000000080000FC5C
0000CAF80000099D
000000200000C0CD
0000092E000001EC
0000C5E500000018
000001EC0000000F
000000100000092E
0000000E0000C5E5
0000000C0000C5C5
000000080000092C
0000000D0000C5C5
FFFFFFC80000FDDF
0000001C0000C0CD
0000092E000001EC
0000C5E500000018
000001EC00000013
000000100000092E
000000120000C5E5
000000100000C5C5
000000080000092C
000000110000C5C5
000000030000C4C7
000000080000091C
000000020000C4E7
0000080E00040CCE
00380ECE0000FFF7
000000000000083E
0001DDA800001003
0000001800001030
000000080000080E
0000001000001030
000000090000080E
0000C5C700010CEC
0000092C00000002
0000C5C700000008
0000080600000003
0000746700000000
0000000A0000C565
0000000B0000C565
000000FF00000807
000000080000C575
0000011400000105
FFFE50F800001041
0000000A0000C5C5
000000080000092C
0000000B0000C5C5
0000FCCF0000403E
0000FDCEFFFFFFD8
0000080C00000028
0000FDCE00000001
0000FD6E00000020
0000FCCF00000018
0000021CFFFFFFC8
0000FC4F00000020
00000104FFFFFFD0
0000013700000126
00000C9000001041
0000103000000104
0000400FFFFFFBB8
000040500000403F
00000121FFFFFFE8
000000FF00000862
0000000300000801
0000001400001041
0000401F0000404F
0000400F00001012
000040500000403F
0000FD4FFFFFFF88
0000FD5FFFFFFFF8
0000FD6FFFFFFFF0
0000FD7FFFFFFFE8
0000FD2FFFFFFFE0
0000FD1FFFFFFFC8
00000170FFFFFFD0
000000100000C2C7
0000001C0000080E
00000265004205CE
0000080000000008
0000080200000022
0000011600000280
FFFE6BC800001041
000008340000014C
0000103300000000
0000C2C4000001D8
000005C600000012
0000003800001040
0000BC7600000990
0000AF6700000991
0000016E00000802
0000AE3600000993
0000526000001041
0000000000001030
000000080000FCC7
FFFFFFC00000FDCF
000000080000FC64
000000000000080C
000000070000C5C6
000000060000C5C6
000000050000C5C6
FFFFFFB80000FDCF
000000040000C5C6
FFFFFFC80000FCCF
000000010000C5C6
FFFFFFD00000FCCF
00000803000074C6
0000010400000008
0000012500000117
FFFE7DC000001041
FFFFFFC00000FCDF
0000000D0000C4CD
000000080000091C
0000000C0000C4ED
0000C4ED00040CCE
0000091E0000000E
0000C4DD00000010
0000091D0000000F
00040EDE00000018
0000C1CF00040CEC
0000020FFFFFFFDC
00001041FFFFFFDC
0000015C00000114
0000000000000835
0000009000001033
FFFFFFB80000FC7F
000000030000C576
000000020000C576
000000120000C214
0000104100000106
0000C5C6FFFE4E4C
0000092C00000002
0000C5C600000008
0000403C00000003
000000280000FD5C
000000010000080E
000000200000FDEC
000000180000FD7C
FFFFFFDC0000022F
000000FF00000803
0000011700000104
000009F800001041
0000104100000104
0000FC7FFFFE6E98
0000FC6FFFFFFFE0
0000FC5FFFFFFFE8
0000FC4FFFFFFFF0
0000404FFFFFFFF8
000010120000401F
0000403F0000400F
FFFFFFE800004050
0000086200000121
00000801000000FF
000010410000000B
0000404FFFFFFD50
000010120000401F
0000403F0000400F
0003A4980000099C
000000000000FCCC
000000000000083C
0000001000001033
000000C400001030
000000000000080C
0003A4700000099E
000000000000FCEE
000000000000083E
0000013800001033
000000690000C4DE
000000050000086D
000000050000083D
0000011800001034
000000080000C0DE
000000000000083D
0000010000001033
0000086C000079C0
0000080D000000FF
00300CCD0000007F
000000000000083C
0001E25000001003
000000000000080E
00001030000001CE
0000FCCC000000C4
0000083C00000000
0000103400000000
0000103000000010
0000C4ECFFFFFF4C
000001DE00000069
000000050000086D
000000050000083D
FFFFFFC400001034
000000080000C0BC
000000000000083B
FFFFFFAC00001033
00050BDB000079D0
0000000C0000C0AC
00000F1B00030BBA
000000000000083B
0000004000001033
000000020000086E
000000000000083E
FFFFFF6C00001034
000000100000C0EC
000005DE00000F1D
0000001000001033
FFFFFF4C00001030
0000401F0000404F
0000400F00001012
000040500000403F
0000FD4FFFFFFFB0
0000FD5FFFFFFFF8
0000FD6FFFFFFFF0
0000FD7FFFFFFFE8
00000140FFFFFFE0
000000080000FC64
000001C700007576
000000F00000086C
000000400000083C
0000001000001033
000000C800001030
FFFFFFD80000FD1F
000000020000C4C6
000000030000C4E6
000000080000091E
00001041000400EC
0000015CFFFE3D40
0000000200000917
0000086E000001E7
0000C2C4000000FC
0000055C00000010
0000004000001040
0000FD6F00000104
00000167FFFFFFD0
0000014E00000174
0000104100000115
000001E4FFFE6F54
0000017600000147
FFFFFFD00000FC6F
000000120000C2C4
0000103D000005CE
0000103000000010
000001040000005C
FFFE6B8400001041
0000001400001030
0000104100000104
0000080CFFFE6B70
0000FC7F00000000
0000FC6FFFFFFFE0
0000FC5FFFFFFFE8
0000FC4FFFFFFFF0
0000404FFFFFFFF8
000010120000401F
000000100000C2C4
0000103F0000055C
00000867FFFFFFA0
00000837000000FF
0000103F00000013
0000103000000010
0000FDEFFFFFFF80
0000080AFFFFFFC8
0000C4C600000000
0000091C00000011
0000C4E600000008
00040CCE00000010
000000120000C4E6
000000100000091E
000000130000C4D6
000000180000091D
000400EC00040EDE
0000C2B00000099C
000000200000C10C
0000000D0000C4E6
000000080000091E
0000000C0000C4D6
0000C4D600040EED
0000091D0000000E
0000C4B600000010
0000091B0000000F
00040DBD00000018
0000C1EC00040EDE
0000FC1F0000001C
0000C4C1FFFFFFD8
0000086C00000069
000001E000000001
000000F00000086E
000000E00000083E
0000004000001034
000000000000083C
0000002400001033
000000080000C0C1
000000000000083C
00001034000001D1
000001DA0000019C
0000019000001030
000000000000083C
FFFFFFD00000FDAF
0000005C00001033
000000080000C0C1
000000000000083C
0000004400001033
000001D10000050C
0000015000001033
00000A5400001041
FFFFFFD00000FCAF
FFFFFFD80000FC1F
000000000000083C
00001034000001D1
0000099C00000124
0000FC5C00039FEC
0000099C00000000
0000C0CC0000C16C
0000086C00000020
0000083C000000FF
000001DA0000007F
000000E800001033
0000000000000835
00001033000001DA
00001030000000D4
0000FC5500000028
0000083500000000
0000103400000000
0000103000000010
00000551000000A8
FFFFFFDC00001033
000000690000C4C5
000000010000086C
000000000000083C
FFFFFFBC00001033
000000080000C0C5
000000000000083C
FFFFFFA400001033
0000C0C00000099E
000000200000C00E
000010330000050C
00000115000003F0
0000094C00001041
FFFFFFD00000FCAF
FFFFFFD80000FC1F
000000000000083C
0000001000001034
FFFFFF5400001030
00001030000001D5
000001DA0000000C
000000000000083D
0000006C00001034
000000000000080D
000000090000C4C6
000000110000083C
00001034000001AD
00010C6700000048
000000020000C4EC
000000030000C4CC
000000080000091C
0000080E00040CCE
00300ACE00004400
000000000000083A
0001E7D400001003
0000099C000001D1
0000C00C0000BFEC
0000086A0000001C
0000083A00000001
0000103400000000
000001C000000084
0000083C00000F1C
0000103300000000
0000015D0000006C
0000085400001041
0000FC1F000001D5
0000083CFFFFFFD8
0000103400000000
0000099C00000030
0000C0CC0000BF84
0000086C0000001C
0000083C000000F0
00001034000000E0
000001040000001C
FFFE675400001041
FFFFFBE400001030
000000000000083D
0000001000001034
0000012400001030
000000060000C4C6
000000070000C4E6
000000080000091E
0000086C00040CEC
0000083C0000FF3F
0000103300000000
0000015D00000040
0000104100000104
0000014C00000E3C
0000000000000834
FFFFFB7400001033
000000080000FC64
FFFFFFD80000FC1F
0000099C000001D5
0000015D0000BEC4
000000000000FDDC
000000100000FD6C
000000080000FD1C
0000091E000075E6
0000086E00000002
0000C3EC0000003C
0000010400000018
FFFE807800001041
0000083C00000F1C
0000103300000001
0000103000000010
0000099C00000064
0000080E0000BE5C
0000C1EC00000000
0000C1EC00000020
0000C3EC0000001C
0000FDEC00000018
0000FDEC00000010
0000FDEC00000008
0000103000000000
00000104FFFFFAB0
FFFE660C00001041
FFFFFA9C00001030
FFFFFFD00000FDCF
0000011700000104
FFFE6D0400001041
000000090000C4C6
000000010000083C
0000005800001033
000000060000083C
FFFFFFD80000FC1F
0000002C00001033
000000110000083C
0000004C00001034
0000104100000104
00001030FFFF6B84
00000104FFFFFF40
FFFEC22C00001041
FFFFFF2C00001030
0000FC1F00000104
00001041FFFFFFD8
00001030FFFFEEA8
0000FCCFFFFFFF10
0000083CFFFFFFD0
0000103300000002
0000099C00000084
0000C00C0000BD4C
0000011500000020
000005E400001041
000000000000083C
0000005800001034
0000BD200000099C
000000200000C0CC
000000F00000086C
000000E00000083C
0000003000001033
0000FC1F00000104
00001041FFFFFFC8
00000801FFFE6F0C
0000010400000002
FFFFF3AC00001041
0000104100000104
00001030FFFE64C8
000001D5FFFFFE68
FFFFFC5800001030
0000403F0000400F
FFFFFFD000004050
000000380000FCDF
000000300000FCEF
000000280000FCCF
0000000000000832
0000003400001033
0000000000000831
0000001C00001033
0000083B000079B1
0000103400000000
0000021D00000010
0000403B00000008
000000280000FDDB
000000200000FDEB
000000180000FDCB
0000001400001041
0000401F0000404F
0000400F00001012
000040500000403F
0000FD4FFFFFFF80
0000FD5FFFFFFFF8
0000FD6FFFFFFFF0
0000FD7FFFFFFFE8
0000FCBFFFFFFFE0
0000FC7F00000038
0000FC5F00000030
0000C4C000000028
0000083C00000016
0000103300000001
0000103000000010
0000083200000070
0000103300000000
0000FDBF00000090
00000143FFFFFFC0
0000FD2F00000161
00000801FFFFFFC8
0000FD0F00000014
00001041FFFFFFD0
0000083CFFFE696C
0000103400000000
0000103000000010
0000080C00000078
00001030000000FE
00000990000003A0
000009910000AF72
000008020000AB0B
0000099300000376
0000104100009B8C
000010300000455C
0000C2C000000000
0000083C00000012
0000103D00000014
0000103000000010
0000080C000002A0
00001030000000FE
0000FCEF00000340
0000C2CEFFFFFFD0
0000083C00000012
000001C400000013
000000100000103F
0000034400001030
0000000000000804
0000099B00300A64
0000083A0000AFC0
0000100300000000
0000016B0001ED28
FFFFFFB80000FD6F
000000080000FC6E
000000090000C576
000000080000C5C6
FFFFFFC80000FCDF
0000FDDF000079DD
0000080BFFFFFFA8
000074B600000045
0000092B000001BD
0000C5B600000018
000001BD00000013
000000080000092B
000000110000C5B6
000000010000C556
000000100000C5D6
000000100000092D
FFFFFFB00000FDDF
000000120000C5D6
000000100000C20E
FFFFFFA00000FDCF
FFFE332400001041
FFFFFF980000FDCF
000000070000C546
000000060000C546
0000092E000001EC
0000C5E600000008
0000C5C600000003
0000099400000002
0000770400039A7E
FFFE32DC00001041
FFFFFFC80000FC2F
FFFFFFD00000FC0F
0000092E000001EC
0000C5E600000008
0000C5C600000005
000077E400000004
000076E40000084E
0000091E00010E57
0000FCDF00000008
00040EDEFFFFFFA0
FFFFFFA80000FCDF
0000FFFF0000086D
0000FCDF00010EED
00010EEDFFFFFFB0
FFFFFF980000FCDF
00010CEC00010EED
FFFFFFB80000FCEF
000001DE000079EE
0000FFFF0000086D
000001DE00010CCD
000000180000092D
0000000F0000C5D6
0000092D000001DE
00010CCD00000010
0000000E0000C5D6
0000000C0000C5E6
000000080000092E
0000000D0000C5E6
00000045000002CC
0000086E000001EC
0000086C0000FFFF
0000092CFFFF0000
00010CCE00000010
0000092E000001EC
00010CEC00000010
0000C5C60000098C
0000092C0000000A
0000C5C600000008
0000FCBF0000000B
00001030FFFFFFC0
0000FCC000000064
0000C4EC00000008
0000091E00000011
0000C4DC00000008
00040EED00000010
000000120000C4DC
000000100000091D
000000130000C4CC
000000180000091C
00040CCE00040CCD
FFFFFFDC0000C1CF
FFFFFFDC0000022F
000000600000C2CB
000000000000083C
0000003000001033
000000100000C2E0
0000103E000005EC
0000011B0000001C
0000213C00001041
0000001C00001030
000000200000FCCB
0000010B00000110
000008CC0000407C
FFFFFFE00000FC7F
FFFFFFE80000FC6F
FFFFFFF00000FC5F
FFFFFFF80000FC4F
0000401F0000404F
0000099000001012
000009910000ABAA
000008020000A743
00000993000003AB
0000104100009A1F
0000103000004194
0000400F00000000
000001C00000403F
00000F1C0000084C
000000020000083C
000000100000103D
0000001800001030
000000010000080C
0000009000001030
000000000000080C
000000690000C4E1
000000020000086E
000000000000083E
0000006800001033
000000080000C0E1
00000F1D000001D0
00001033000005DE
0000C0C10000004C
00040DC00000000C
00000FEB00000F1D
00000000FFFFFFFF
00050EE000300DDB
00000F1C00030CCE
000000000000080E
00030CCD00300CCE
000000010000086C
0000401F0000404F
0000400F00001012
000040500000403F
0000FD4FFFFFFFD8
0000FD5FFFFFFFF8
0000099CFFFFFFF0
0000FC0C0003972C
0000083000000000
0000103300000000
0000080400000084
0000103000000000
0000FC5000000038
0000011400000000
0000007C00001041
0000083000000105
0000103400000000
0000103000000010
0000C4C000000044
0000083C00000027
0000103300000000
0000085CFFFFFFC0
000000270000C5C0
000000000000FCC0
0000010C00000140
FFFFFFB400001030
FFFFFFF00000FC5F
FFFFFFF80000FC4F
0000401F0000404F
0000400F00001012
000040500000403F
0000FD4FFFFFFF88
0000FD5FFFFFFFF8
0000FD6FFFFFFFF0
0000FD7FFFFFFFE8
00000140FFFFFFE0
0000103400000514
0000103000000010
00000831000000B8
0000103300000000
0000FCC10000004C
000005C400000000
0000003800001033
0000A96600000990
000091E600000991
000000AD00000802
0000A92C00000993
00003F5000001041
0000000000001030
000000080000FC74
000000080000FC07
000000090000C4C0
000000080000091C
000000080000C4E0
0000083C00040CCE
0000103400000000
0000103000000010
0000080C00000050
0000FDCF00000000
00001030FFFFFFD8
0000099000000124
000009910000A8DA
000008020000915A
00000993000000AB
00001041000098E7
0000103000003EC4
0000C4C000000000
0000091C00000001
000075E000000008
0000C4E000040CCE
0000091E00000002
0000C4D000000010
0000091D00000003
00040EDE00000018
0000C4E000040CEC
0000091E00000005
0000C4D000000008
00040EED00000004
000000060000C4D0
000000100000091D
000000070000C4B0
000000180000091B
00040EDE00040DBD
000000200000091E
0000FDC400040CEC
0000015100000008
0000001000000214
0000001400000802
00008BF800001041
0000000100000801
0000104100000107
00000107FFFFED5C
FFFE660400001041
FFFFFFD80000FDCF
0000104100000107
00000115FFFE5BA0
FFFFFFA00000FD1F
FFFFFFA80000FD4F
000000080000FCE4
000000000000083E
0000014C00001033
000000080000FCCE
000000010000C44C
0000FDDF000075DC
0000C46CFFFFFFB0
0000C45C00000002
0000C47C00000003
0000C4DC00000005
0000FDDF00000004
0000C4DCFFFFFFB8
0000FDDF00000006
0000C4CCFFFFFFC8
0000FDCF00000007
0000010EFFFFFFC0
FFFFFFD00000FD0F
FFFE654C00001041
FFFFFFD80000FCEF
0000FFFF0000086E
0000083E00010ECE
0000103D00010000
0000103000000010
0000FDEF000001B0
00000914FFFFFFD8
0000FCCF00000008
00040C4CFFFFFFB0
0000001000000916
0000001800000915
00040CEC00040E56
0000000800000917
FFFFFFB80000FCEF
0000FCDF00040E7E
0000091DFFFFFFC8
0000FCBF00000010
0000091BFFFFFFC0
00040DBD00000018
0000091E00040EDE
000404EC00000020
FFFFFFD00000FC0F
FFFE5A4400001041
0000000000000834
00001034000001E4
0000099CFFFFFEC4
0000FCCC000392F4
0000FC1F00000000
000005C1FFFFFFA8
FFFFFFA00000FCDF
0000004800001033
000000000000083D
0000003800001034
0000A61600000990
00008E9600000991
0000014500000802
00009C2B00000993
00003C0000001041
0000000000001030
0000099C00300EC1
0000083E00039284
0000100300000000
000001DC0001F620
000000000000FCC1
000000000000FDCD
0000000500000800
FFFE492400001041
000392500000099C
0000FCDF000077EC
000001CDFFFFFFD8
0000FFFF0000086C
00001040000005EC
0000099000000068
000009910000A57A
0000080200008DFA
00000993000000D2
0000104100009128
0000103000003B64
0000099000000000
000009910000A54A
0000080200008DCA
00000993000000CC
0000104100009736
0000103000003B34
00020EED00000000
000391C00000099D
0000FC7F000076ED
0000FC6FFFFFFFE0
0000FC5FFFFFFFE8
0000FC4FFFFFFFF0
0000404FFFFFFFF8
000010120000401F
0000403F0000400F
FFFFFF8800004050
FFFFFFF80000FD4F
FFFFFFF00000FD5F
FFFFFFE80000FD6F
FFFFFFE00000FD7F
0000FC5400000140
000075C500000008
0000000F0000086C
000000050000083C
0000009000001034
000000070000C4C5
000000080000091C
000000060000C4E5
00001041000400CE
0000FDCFFFFE2970
0000C4C5FFFFFFD0
0000091C00000003
0000C4E500000008
000400CE00000002
FFFE294400001041
0000091E000075E5
0000086E00000002
0000FDCF0000003C
0000FDEFFFFFFFC8
000005CEFFFFFFC0
000000100000103D
0000004C00001030
0000000000000805
0000104100000104
000001C5FFFE57C8
FFFFFFE00000FC7F
FFFFFFE80000FC6F
FFFFFFF00000FC5F
FFFFFFF80000FC4F
0000401F0000404F
0000010400001012
FFFE61DC00001041
000390580000099E
0000FDCF000077EE
00010CECFFFFFFD8
0000000B0000083C
FFFFFFB80000FD4F
000002C00000103D
0000000000000804
0000103000000164
000001C600000040
0000FCEF00000F0C
00320CCEFFFFFFD8
0000086C00030CC7
0000083C00000001
0000103400000000
0000103000000010
0000099C00000230
0000FCCC00038FD4
0000083C00000000
0000103300000000
0000C4E5000001DC
0000091E0000000D
0000C4D500000008
00040EED0000000C
0000000E0000C4D5
000000100000091D
0000000F0000C4B5
000000180000091B
00040EDE00040DBD
000001D400000F1E
000001B400000114
0000103000000104
000001BC00000028
000000000000083A
00001034000001CA
0000103000000010
0000C0AC00000144
000005AE0000001C
0000009000001034
000000110000C4A5
000000080000091A
000000100000C495
0000C49500040AA9
0000091900000012
0000C48500000010
0000091800000013
0004098900000018
0000C09C00040A9A
0000059A00000020
0000003800001034
000000040000C4A5
000000050000C495
0000000800000919
0000C29C00040A9A
0000059A00000014
0000007800001033
000008300000084D
0000103300000000
0000C4A00000005C
0000C49C00000027
0038099A00000027
0000000000000839
00001003000001AB
000001A10001FA30
0000000000000839
000010030000019C
000001900001FA48
0000011A00000109
0000001000001030
0000011B0000010C
000000000000FCAC
0000000000000809
00000839003009A9
0000100300000000
000001CB0001F934
FFFFFEAC00001030
0000080C00000F0D
003407DC00000001
0000001400001030
0000011400000104
0000083000000174
0000103300000000
00001041FFFFFDC0
00000F1CFFFFF750
00001030000106C6
00000F16FFFFFDA8
0000000000000836
FFFFFFB80000FC4F
FFFFFCF800001033
00038D980000099C
0000FCEF000077CC
00010CCEFFFFFFD8
0000000A0000083C
FFFFFCD00000103F
00038D680000099C
000000000000FC7C
0000000000000837
000001A400001033
0000000D0000C4C5
000000080000091C
0000000C0000C4E5
0000C4E500040CCE
0000091E0000000E
0000C4D500000010
0000091D0000000F
00040EDE00000018
00000F1C00040CEC
0000002800001030
000000000000FC77
0000000000000837
0000001000001034
0000013400001030
0000001C0000C0E7
00001034000005EC
0000C4E5FFFFFFD4
0000091E00000011
0000C4D500000008
00040EED00000010
000000120000C4D5
000000100000091D
000000130000C4B5
000000180000091B
00040EDE00040DBD
000000200000C0D7
00001034000005DE
0000C4E5FFFFFF7C
0000C4D500000004
0000091D00000005
00040EDE00000008
000000140000C2D7
00001033000005DE
0000103000000010
0000C4C5FFFFFF44
0000C4E500000006
0000091E00000007
000400EC00000008
FFFE247C00001041
00001FFF0000086C
000000000000083C
000003B400001034
000000160000C207
FFFE245400001041
00001FFF0000086C
000000000000083C
0000038C00001033
0000001000000207
0000001400000802
0000104100000115
0000103000008314
0000080000000368
0000104100000005
0000014CFFFE41F8
0000000000000834
000002C000001034
0000000000000804
0000103000000174
000001C700000040
0000FCEF00000F0C
00320ECEFFFFFFD8
0000086E00030EE6
0000083E00000001
0000103400000000
0000103000000010
0000099C00000230
0000FCCC00038B3C
0000083C00000000
0000103300000000
0000C4E5000001DC
0000091E0000000D
0000C4D500000008
00040EED0000000C
0000000E0000C4D5
000000100000091D
0000000F0000C4B5
000000180000091B
00040EDE00040DBD
000001D400000F1E
000001B400000114
0000103000000104
000001BC00000028
000000000000083A
00001034000001CA
0000103000000010
0000C0AC00000144
000005AE0000001C
0000009000001034
000000110000C4A5
000000080000091A
000000100000C495
0000C49500040AA9
0000091900000012
0000C48500000010
0000091800000013
0004098900000018
0000C09C00040A9A
0000059A00000020
0000003800001034
000000040000C4A5
000000050000C495
0000000800000919
0000C29C00040A9A
0000059A00000014
0000007800001033
000008300000084D
0000103300000000
0000C4A00000005C
0000C49C00000027
0038099A00000027
0000000000000839
00001003000001AB
000001A10001FEC8
0000000000000839
000010030000019C
000001900001FEE0
0000011A00000109
0000001000001030
0000011B0000010C
000000000000FCAC
0000000000000809
00000839003009A9
0000100300000000
000001CB0001FDCC
FFFFFEAC00001030
0000080C00000F0D
003406DC00000001
0000001400001030
0000011400000104
0000083000000164
0000103300000000
00001041FFFFFDC0
00000F1CFFFFF2B8
00001030000107C7
00000807FFFFFDA8
0000FCEF00000000
000005CEFFFFFFD8
0000103900000147
000008000000001C
0000104100000005
0000014CFFFE3F40
0000000000000834
0000007400001033
0000000000000801
0000002800000802
0000104100000104
0000080C00008070
0000C5C40000000F
0000099C00000027
0000FCEC000388A4
0000FDE400000000
0000FD4C00000000
0000020400000000
0000080200000010
0000011500000014
00007FC800001041
0000083700000174
0000FC4F00000000
00001033FFFFFFB8
0000FCDFFFFFF7B4
0000091DFFFFFFD0
0000FCCF00000003
0000FCEFFFFFFFC8
00020BCEFFFFFFC0
000000060000C4C5
000000200000086C
FFFFFFC00000FDCF
000000000000083C
0000004C00001034
0000086C000001CD
000001EB0000FFFF
0000FFFF0000086E
000001CE00010EEC
0000FFFF0000086C
00001034000005CE
0000083C000001B0
0000103F0000FFEB
0000FDBF000001A0
0000FDDFFFFFFFC8
00000805FFFFFFD0
0000FC6400000001
0000C4C600000008
0000091C00000003
0000C4E600000008
000400CE00000002
FFFE1FE400001041
0000091E000075E6
0000086E00000002
000005CE0000003C
000000100000103D
0000001800001030
000000000000080C
000000F400001030
000000060000C4D6
000000070000C4B6
000000080000091B
000206CE000400BD
0000FFFF00000866
FFFE1F7C00001041
0000091D000001DC
000001ED00000003
0000FFF80000086E
0000092C00010BE6
0000FCE400000005
0000C5CE00000008
000001CB00000009
000000080000092C
0000000B0000C5CE
000000000000080C
000000070000C5CE
000000060000C5CE
000000050000C5CE
000000040000C5CE
000000030000C5CE
000000020000C5CE
000000010000C5CE
0000C5DE000074CE
0000C5BE00000008
0000019B0000000A
0000FFFF00000869
000010340000059B
0000103000000010
0000083500000418
0000FC4F00000000
0000FCBFFFFFFFB8
0000FC9FFFFFFFD0
00001034FFFFFFC8
0000103000000010
0000FCC70000006C
0000083C00000008
0000103400000000
0000099CFFFFF574
0000FCCC0003860C
0000057C00000000
000005F800001033
0000994E00000990
000081CE00000991
000002AB00000802
000081DF00000993
00002F3800001041
0000000000001030
000385C80000099E
0000FCAF000077DE
00010DDAFFFFFFD8
0000FCEF000076DE
0000083EFFFFFFC0
0000103400000000
00010E9B0000002C
000000240000C3E7
000000260000C4E7
000000010000087E
000000260000C5E7
000000000000083C
0000055000001033
000000080000FCC7
000000080000FC4C
000000070000C4C4
FFFFFFD80000FDCF
000000060000C4C4
FFFFFFD00000FDCF
000000040000C4C4
FFFFFFC80000FDCF
000000050000C4C4
FFFFFFC00000FDCF
000000030000C4C4
FFFFFFB80000FDCF
000000020000C4C4
FFFFFFB00000FDCF
0000FDCF000075C4
0000C464FFFFFFA8
0000C2C700000001
0000FDCF00000024
00000217FFFFFFA0
0000080500000010
0000010400000014
0000104100000125
0000FCCF00007C04
0000020CFFFFFFA0
0000086000000014
000010410000FFFF
0000080EFFFE1CF0
0000C5E400000000
0000C5E40000000B
0000C5E40000000A
0000FDEF00000007
0000C5E4FFFFFFA0
0000C5C400000006
0000092C00000002
0000C5C400000008
0000010400000003
0000104100000115
0000C5C4FFFE2AB4
0000092C0000000A
0000C5C400000008
000009160000000B
0000FCCF00000008
00040C6CFFFFFFA8
FFFFFFB00000FCDF
000000100000091D
FFFFFFB80000FCEF
000000180000091E
00040CEC00040EED
FFFFFFC00000FCDF
000000080000091D
FFFFFFC80000FCEF
0000FCBF00040EDE
0000091BFFFFFFD0
0000FCDF00000010
0000091DFFFFFFD8
00040DDB00000018
0000091E00040EDE
000406EC00000020
000000080000FC57
0000000000000836
000000E400001033
000000140000080C
FFFFFFD80000FDCF
000000080000FC46
0000FC1F00000106
00001041FFFFFFD8
00000105FFFE5198
0000104100000116
0000C4C4FFFE55B8
0000091C00000001
000075E400000008
0000C4E400040CCE
0000091E00000002
0000C4D400000010
0000091D00000003
00040EDE00000018
0000C4E400040CEC
0000091E00000005
0000C4D400000008
00040EED00000004
000000060000C4D4
000000100000091D
000000070000C4B4
000000180000091B
00040EDE00040DBD
000000200000091E
00000836000406EC
0000103400000000
0000099CFFFFFF3C
0000FCCC00038294
0000057C00000000
000002B000001033
000001ED000001DC
000000000000083E
000002A800001033
000000000000FCDE
00001034000005D7
00001030FFFFFFE0
0000C4C700000294
0000091C00000009
0000C4B700000008
00040CCB00000008
0000000A0000C4B7
000000100000091B
0000000B0000C4A7
000000180000091A
00040CBC00040BAB
0000000D0000C4B7
000000080000091B
0000000C0000C4A7
0000C4A700040BBA
0000091A0000000E
0000C48700000010
000009180000000F
00040A8A00000018
0000091B00040BAB
000402BC00000020
0000000000000832
000001C400001033
000000000000080C
000008680000018D
000001A50000FFFF
00001030000001BC
000001AB000000B8
000000010000C4B0
000000080000091B
00040BB100007510
000000020000C410
0000001000000911
000000030000C420
0000001800000912
00040B1B00040121
000000050000C410
0000000800000911
000000040000C420
0000C42000040112
0000091200000006
0000C43000000010
0000091300000007
0004023200000018
0000091100040121
0004021B00000020
0000000000000832
00001034000001B0
0000103000000010
0000FC02000003A8
0000C41000000008
0000091100000009
0000C43000000008
0004011300000008
0000104000000581
0000103000000010
00000581000001D4
FFFFFA3C00001033
0000000A0000C420
0000000B0000C430
0000000800000913
0000058200040232
FFFFFA140000103D
000000000000083B
FFFFFEE000001033
0000000A0000C42B
0000000B0000C4BB
000000080000091B
00300BB100040BB2
000000000000083B
00001003000001BC
000001BA0002070C
FFFFFE9C00001030
0000000000000805
FFFFEF7C00001030
0000000000000801
0000104100000107
00001030000007E4
0000080BFFFFEF4C
000001C500000000
000002B400001030
FFFFFFA00000FCEF
0000001000001030
FFFFFFA00000FCEF
00037FB80000099D
000010330000057C
0000083E00000024
000001DE00000000
0000001000001034
0000009800001030
000000000000FCC7
000000000000FDCD
0000000500000800
0000104100000117
00000105FFFE3640
FFFE50E400001041
00037F600000099E
000005EC000077EE
0000003800001040
0000929E00000990
00007B1E00000991
0000029B00000802
00007A2E00000993
0000288800001041
0000000000001030
0000099E00020CEC
000076CE00037F14
FFFFEE7400001030
0000925600000990
00007AD600000991
0000014500000802
0000886B00000993
0000284000001041
0000000000001030
0000092000000102
0000C50E00000038
0000010200000007
0000003000000920
000000060000C50E
0000092000000102
0000C50E00000028
0000010200000005
0000002000000920
000000040000C50E
0000092000000102
0000C50E00000018
0000010200000003
0000001000000920
000000020000C50E
000009220000742E
0000C52E00000008
0000083B00000001
0000103300000000
0000C40B0000029C
0000C42B0000000A
000005910000000B
FFFFF7C40000103F
0000000800000912
0000086900040920
000005890000FFFF
FFFFF7A40000103D
FFFFFFB80000FC0F
0000092C000001C0
0000C5CB00000038
000001C000000007
000000300000092C
000000060000C5CB
0000092C000001C0
0000C5CB00000028
000001C000000005
000000200000092C
000000040000C5CB
0000092C000001C0
0000C5CB00000018
000001C000000003
000000100000092C
000000020000C5CB
000001C00000740B
000000080000092C
000000010000C5CB
0000080500300C98
0000083C00000000
000001C500000000
00020B6400001003
00001030000001CA
000001B000000010
00000835000001CA
0000103300000000
0000083B000001C0
0000FC8F00000000
00001033FFFFFFB8
0000C4AB00000068
0000C49B0000000A
000009190000000B
00040A9A00000008
0000FFFF0000086D
0000103E000005AD
0000099000000080
000009910000902A
00000802000078AA
00000993000001B6
0000104100008DF8
0000103000002614
0000FCD700000000
0000083D00000008
0000103300000000
0000099000000128
0000099100008FE2
0000080200007862
00000993000001BF
0000104100008B87
00001030000025CC
0000019800000000
0000003800000929
000000070000C59B
0000092900000198
0000C59B00000030
0000019800000006
0000002800000929
000000050000C59B
0000092900000198
0000C59B00000020
0000019800000004
0000001800000929
000000030000C59B
0000092900000198
0000C59B00000010
0000748B00000002
0000092900000198
0000C59B00000008
00300DAD00000001
000000000000083D
00020CE000001003
0000005400001030
000000000000080C
0000004400001030
0000103F00000591
0000FCCFFFFFF540
0000FDC7FFFFFFB8
0000080B00000008
0000015B00000000
00001030000001CA
0000FD87FFFFFE48
0000FCDF00000008
0000083DFFFFFFC0
0000103300000000
0000103000000010
00000F1C00000038
000000000000083C
0000001000001033
0000005C00001030
0000000000000805
00001030000001C5
00000805FFFFF4C0
0000C4D700000000
0000086D00000026
0000083D00000001
0000103300000000
00000F1C000001B4
000000000000083C
00001033000001C5
00000805FFFFF480
0000FCC700000000
0000083C00000008
0000103300000000
0000FCCC00000170
0000C4DC00000008
0000091D00000009
0000C4BC00000008
00040DDB00000008
000000000000083D
0000001000001034
0000006800001030
00001030000001C5
0000C4BEFFFFF418
0000C4EE0000000A
0000091E0000000B
00040BEB00000008
000000080000FCED
000000090000C4AE
000000080000091A
000000080000C49E
000005BA00040AA9
0000001000001033
000000B000001030
000000010000C4DE
000000080000091D
00040DDB000075BE
000000020000C4BE
000000100000091B
000000030000C4AE
000000180000091A
00040DBD00040BAB
000000050000C4BE
000000080000091B
000000040000C4AE
0000C4AE00040BBA
0000091A00000006
0000C49E00000010
0000091900000007
00040A9A00000018
0000091B00040BAB
00040DBD00000020
000000000000083D
0000001000001033
FFFFFF0C00001030
000000000000083D
0000001000001034
0000002C00001030
00001030000001C5
000001C5FFFFF2F8
FFFFF2EC00001030
00001030000001C5
000005CEFFFFF2E0
0000001000001034
000000D000001030
000000050000C4CE
000000080000091C
000000040000C4DE
0000C4DE00040CCD
0000091D00000006
0000C4BE00000010
0000091B00000007
00040DBD00000018
0000C4DE00040CDC
0000091D00000001
000075BE00000008
0000C4BE00040DDB
0000091B00000002
0000C4EE00000010
0000091E00000003
00040EEB00000018
00040CEC00040EED
000000000000083C
0000006800001033
00008BDE00000990
0000745E00000991
000001E300000802
0000762800000993
000021C800001041
0000000000001030
00008BAE00000990
0000742E00000991
000001E100000802
00007BC700000993
0000219800001041
0000000000001030
000000010000080C
FFFFF1C400001030
0000403F0000400F
FFFFFFE800004050
0000099E000001C0
0000FCDE000377FC
000005DC00000000
0000002400001033
0000000000000831
00001034000001E1
0000103000000010
0000FCDC00000038
0000FDDE00000000
0000080000000000
0000011C00000005
FFFE2E7C00001041
0000401F0000404F
0000099000001012
0000099100008AF2
0000080200007372
0000099300000145
0000104100008107
00001030000020DC
0000400F00000000
000040500000403F
0000FD4FFFFFFF18
0000FD5FFFFFFFF8
0000FD6FFFFFFFF0
0000FD7FFFFFFFE8
00000152FFFFFFE0
0000C24600000161
0000080700000060
0000FCE0000000FA
000075CE00000008
0000000F0000086C
000000050000083C
000006D400001034
FFFFFFD80000FD0F
000000120000C2C0
000000140000083C
000006B40000103D
000000060000C4CE
FFFFFF980000FDEF
000000070000C4EE
000000080000091E
00001041000400EC
000001DCFFFE0F18
FFFFFFD80000FCCF
000000100000C2CC
FFFFFFEC000002CC
FFFFFFB00000FDCF
0000FFFF0000086C
000000000000083C
0000060400001033
FFFFFFEC000002C4
0000086E000001EC
0000092EE0000000
00010CCE0000001D
000000030000093C
0000001400000801
000000000000080E
FFFFFFD00000FDEF
FFFFFFA80000FDDF
000020000000086D
FFFFFF680000FDCF
000000030000091C
0000FFF80000086C
FFFFFF800000FDCF
0000000E00000800
0000028000000802
000000FF0000080C
FFFFFF400000FDCF
0000FFFF0000086D
FFFFFF580000FDDF
0000FD5F00000141
0000FD6FFFFFFF78
0000FD1FFFFFFF70
0000FD0FFFFFFF60
0000FD2FFFFFFF50
00001030FFFFFF48
000010410000015C
0000FC5FFFFE0E00
0000C5C5FFFFFF90
0000092C00000006
0000C5C500000008
0000FCCF00000007
0000020CFFFFFFA0
0000086000000014
000010410000FFFF
0000C5C5FFFE0DC0
0000092C00000002
0000C5C500000008
0000C57500000003
0000C5750000000B
000008010000000A
0000010500000014
FFFE1BA000001041
0000000A0000C5C5
000000080000092C
0000000B0000C5C5
000000200000FCC4
0000FC6F00000104
00000116FFFFFFB8
FFFFFF780000FC5F
0000407C00000125
0000104100000106
0000FCCFFFFE3C08
0000FCEFFFFFFFA8
00010CCEFFFFFF68
FFFFFFA80000FDCF
FFFFFFC80000FC4F
FFFFFFD00000FCCF
0000FCCF000104C4
0000FCEFFFFFFFB0
00020CCEFFFFFFA0
FFFFFFB00000FDCF
0000FFFF0000086C
000000000000083C
FFFFFF600000FC1F
FFFFFF500000FC0F
FFFFFF480000FC2F
0000001000001034
0000042400001030
0000104100000174
0000083CFFFE36C4
0000103300000000
0000C2EC0000043C
0000083E00000012
0000103F00000013
0000103000000010
0000FCEF0000042C
0000086EFFFFFFB0
0000FC4F0000FFFF
0000FDEFFFFFFF80
0042064EFFFFFF88
000000080000FC0C
0000001400000802
FFFFFF980000FC1F
000010410000015C
0000FD5F00006B24
0000FCC5FFFFFFB8
0000FDCF00000008
00000834FFFFFF90
0000FD6F00000000
00001033FFFFFFA0
000001A600000288
FFFFFFD80000FC6F
0000C2C6000001B7
0000014B00000012
0000FFFF00000864
00001040000005C4
0000103000000010
00020ECB00000300
0000FFFF0000086E
0000086D000001DA
004207DE0000FFFF
0000FD7F000005C4
00001034FFFFFFD0
0000080B00000024
0000FC6600000000
0000017B00000000
000001D000001030
FFFFFFC00000FDAF
FFFFFFC80000FDBF
0000000600000800
FFFE294C00001041
000008350000015C
0000103400000000
0000103000000010
0000FD6F00000104
0000FCC6FFFFFFD8
00010CC400000008
0000FDCE0000403E
0000FD7E00000018
0000016700000020
0000000000000807
0000004100000802
0000011600000107
0000104100000135
0000014CFFFE3C70
0000000000000834
0000001000001034
000000C800001030
FFFFFFD80000FC0F
FFFE444400001041
000002A00000099C
000000180000FDC5
FFFFFFD80000FCCF
000000200000FDC5
FFFFFFB80000FC0F
0000104100000114
0000FCAFFFFE44A8
00020AA6FFFFFFC0
0000086C000001CA
0000083C0000FFFF
0000103300000000
0000080B000000A8
0000FC6F00000000
0000FC66FFFFFFD8
0000017B00000000
0000009800001030
FFFFFFB80000FC0F
FFFE390400001041
0000000100000807
FFFFFFC80000FCBF
FFFFFFC00000FCAF
0000006800001030
0000000600000800
0000104100000115
0000FC0FFFFE2870
00001041FFFFFFB8
00000807FFFE38C0
0000FC6F00000001
0000FCBFFFFFFFD8
0000FCAFFFFFFFC8
00001030FFFFFFC0
000001A70000001C
FFFFFFD80000FC6F
FFFFFFC80000FCBF
0000000000000837
0000010C00001034
0000086C000001CA
0000083C0000FFFF
0000103300000000
000010300000001C
0000FC6FFFFFFD98
000001B7FFFFFFD8
FFFFFFD80000FD6F
0000000000000807
FFFFFF580000FCCF
0000FC0F00310EC7
00000860FFFFFFA8
000001C000001FFF
000020000000087C
000000000000083E
000217CC00001003
0000FDBF0000010C
0000FC4FFFFFFFC8
0000C2E4FFFFFF70
000002EE00000060
0000FCDFFFFFFFEC
00320EEDFFFFFF88
000000000000083E
000212EC00001003
000010300000010C
00000807FFFFFAE0
0000103000000000
0000099000000040
00000991000083C2
0000080200006C42
000009930000032D
00001041000073C0
00001030000019AC
0000FC7F00000000
000008C7FFFFFF40
0000FC7F000001C7
0000FC6FFFFFFFE0
0000FC5FFFFFFFE8
0000FC4FFFFFFFF0
0000404FFFFFFFF8
000010120000401F
FFFFFF400000FC7F
FFFFFFC400001030
0000834600000990
00006BC600000991
0000032500000802
0000771600000993
0000193000001041
0000000000001030
0000403F0000400F
FFFFFFE000004050
FFFFFFF80000FD4F
0000083400000140
0000103400000000
0000103000000010
0000FC0400000050
0000083000000020
0000103300000000
0000104100000010
00000800FFFE36A0
0000011400000006
FFFE262C00001041
FFFFFFF80000FC4F
0000401F0000404F
0000099000001012
000009910000829A
0000080200006B1A
00000993000002CE
000010410000720A
0000103000001884
0000400F00000000
000040500000403F
0000FD4FFFFFFFD0
0000FD5FFFFFFFF8
0000FD6FFFFFFFF0
0000C2C0FFFFFFE8
0000083C00000012
0000103D0000000F
0000FCC000000210
0000C4EC00000008
0000091E0000000D
0000C4DC00000008
0000C4B00000000C
0000083B00000017
0000103400000000
0000C4B10000001C
0000084B0000006C
000000170000C5B0
000075EC000404ED
0000086D000001DE
0000083D00000001
0000103300000000
0000083E000000C0
0000103400000001
0000C4EC00000050
0000083E00000001
0000103400000000
0000C4CC00000098
0000083C00000002
000010330000005E
0000103000000010
0000080C00000078
0000103000000010
0000099E00000054
0000080200008250
0000015000000006
000001610000010C
000010410000011E
00000105000064C0
00000F1C00000116
000000000000083C
0000002400001034
000000080000080C
000000150000C4E0
0000C5C000040CEC
0000083400000015
0000103300000608
000008340000007C
0000103400000008
0000C4C1000000C8
0000086C00000069
0000083C00000008
0000103300000000
0000080C000000A8
000001400000000E
0000011C00000151
FFFE3B9C00001041
0000011500000104
000000000000083C
0000007400001034
FFFFC7CC00001041
0000006C00001030
000000690000C4C1
000000080000086C
000000000000083C
0000004400001033
0000000E0000080C
0000015100000140
000010410000011C
00000104FFFE3B38
0000083C00000115
0000103400000000
0000103000000010
000010410000003C
0000080CFFFE33F8
0000FC6F00000000
0000FC5FFFFFFFE8
0000FC4FFFFFFFF0
0000404FFFFFFFF8
000010120000401F
FFFFA93000001041
FFFFFFCC00001030
0000403F0000400F
FFFFFFB800004050
FFFFFFF80000FD4F
FFFFFFF00000FD5F
FFFFFFE80000FD6F
FFFFFFE00000FD7F
0000FD2F00000173
00000141FFFFFFD8
0000FC0F00000150
0000104100000028
0000016CFFFE0498
0000000E00000801
0000104100000104
0000083CFFFE3944
0000103400000000
0000103000000010
0000080C00000018
00001030000000FE
0000FD5F000000A8
0000FC54FFFFFFD0
000001C600000008
000000080000092C
0000000D0000C5C5
0000000C0000C565
0000000600000806
0000011700000105
0000104100000126
0000020500006304
0000FC5F00000006
0000FC1FFFFFFFD0
00000126FFFFFFD8
000062E000001041
000000680000C4C5
000000060000083C
0000001000001033
0000004C00001030
000000280000FCC5
0000011400000105
000008CC0000407C
FFFFFFE00000FC7F
FFFFFFE80000FC6F
FFFFFFF00000FC5F
FFFFFFF80000FC4F
0000401F0000404F
0000099000001012
0000099100007E7A
0000080200007581
000009930000013B
0000104100006F72
0000103000001464
0000400F00000000
00000FEC0000403F
00000000F00F0040
000000000000FCCC
0000401F0000404F
0000400F00001012
000040500000403F
0000FD4FFFFFFFB8
0000FD5FFFFFFFF8
0000FD6FFFFFFFF0
0000FD7FFFFFFFE8
00000140FFFFFFE0
0000000000000805
000000010000080C
FFFFFFD80000FDCF
000001820000080C
FFFFFFD00000FDCF
F006101000000FEC
000079CC00000000
000000010000086C
000000000000083C
0000103300000175
00000FEC00000208
00000000F0061000
00000FEC0000796C
00000000F0061004
000002C10000791C
00000F1CFFFFF7FF
FFFFF80D00000FEE
000005CE00000000
0000103D00000175
00000861000001A8
000001050000FFFF
FFFFFFD00000FC2F
FFFE2C6000001041
000000000000083C
0000103300000175
0000091600000178
000002E60000000B
00000F1EF0080000
000001B5000001DC
0000003400001030
000000120000C2AD
0000FCDD00010BBA
0000083D00000000
0000103400000000
0000103000000010
000001AB00000124
00010AEA00000F1A
000000120000C29D
000000080000FC8D
00000860000400A8
0000083000000003
0000103300000000
0000083900000044
0000103300000000
0000750AFFFFFF94
0000084A00007408
0000085900000848
0000000000000839
FFFFFFE400001034
FFFFFF6800001030
0000092000000109
0000083000000002
0000103300000000
0000011A00000044
0000793100000128
0000021100007832
0000022200000004
0000085000000004
0000000000000830
0000001000001033
FFFFFFD400001030
0000086000000109
0000083000000003
0000103300000000
00000109FFFFFEF4
0000FFFC00000869
000102A900010189
0000742100007522
0000059000000849
FFFFFFE80000103D
FFFFFEC000001030
00000FEC0000017C
00000000F0061010
FFFFFFD80000FCEF
00000837000078EC
0000103300000000
0000FCC400000040
0000010700000018
0000407C00000114
000000000000083C
FFFFFDA800001033
0000104100000107
00001030FFFE2F38
0000FC7FFFFFFD94
0000FC6FFFFFFFE0
0000FC5FFFFFFFE8
0000FC4FFFFFFFF0
0000404FFFFFFFF8
000010120000401F
0000403F0000400F
FFFFFFE800004050
0000000000000830
0000001000001034
000000C800001030
000030650000080C
0000006A0000C3C0
000076E20000099C
000000580000FDC0
000000060000080C
000000680000C5C0
000000C00000099C
000000280000FDC0
FFFFABD40000099C
000000200000FDC0
000000000000080C
00000062000002E0
0000099B00010DEC
00010BBC00005FF0
000074BD000075BB
0000083C0000084C
0000103400000006
0000080CFFFFFFDC
0000C5C00000000E
0000080C00000069
0000C3C0000005DC
0000080C00000060
0000404F00000000
000010120000401F
00007A3E00000990
0000677300000991
000000A500000802
000073A600000993
0000102800001041
0000000000001030
0000403F0000400F
000000100000C2C1
000008000000083C
000000100000103F
0000001800001030
000000FE0000080C
000001E800001030
F006101C00000FEC
000079CC00000000
000000000000083C
FFFFFFE800001033
0000000000000831
0000017000001033
000000000000080C
00001030000001E1
0000C2DE00000034
00010CCD00000012
000000000000FCEE
000000000000083E
0000001000001034
0000013000001030
00000F1D000001DC
F008100000000FEB
00010DDB00000000
000000120000C2BE
000000080000FCAE
00000869000409DA
0000083900000003
0000103300000000
0000083B00000044
0000103300000000
0000759AFFFFFF88
0000084A0000749D
0000085B0000084D
000000000000083B
FFFFFFE400001034
FFFFFF5C00001030
000009290000019B
0000083900000002
0000103300000000
0000018A00000044
000079280000010D
0000028800007820
0000020000000004
0000085900000004
0000000000000839
0000001000001033
FFFFFFD400001030
000008690000019B
0000083900000003
0000103300000000
0000019BFFFFFEE8
0000FFFC0000086B
000100AB000108DB
0000740800007500
000005B90000084B
FFFFFFE80000103D
FFFFFEB400001030
F006102400000FEE
0000080C00000000
000078CE00000000
000000100000C2E1
F006102800000FED
000078ED00000000
F006101800000FEE
0000080D00000000
000078DE00000001
0000404F000008CC
000010120000401F
0000403F0000400F
FFFFFF3000004050
FFFFFFF80000FD4F
FFFFFFF00000FD5F
FFFFFFE80000FD6F
FFFFFFE00000FD7F
0000667000000990
00000DB800001041
F003001000000FE6
0000080C00000000
000078C61E110000
FFFDF9C000001041
FFFE0DEC00001041
0000000000000805
FFFFFF740000C15F
FFFFFF700000C15F
FFFFFF6C0000C15F
0000099E0000403C
0000FDECFFFFF4F0
0000099E00000028
0000FDECFFFFFC24
0000FD5C00000020
0000099400000018
0000021F000363E4
0000022FFFFFFF74
0000023FFFFFFF70
00000104FFFFFF6C
FFFE1B6000001041
0000104100000104
00000991FFFE243C
0000010400000408
FFFE24C800001041
0000104100000104
00000990FFFE2440
000010410000615E
00000FEC00000CDC
00000000D8C90000
00000104000078C6
FFFF5B2000001041
F00F004000000FEC
0000FCCC00000000
0000099E00000000
000079EE000363C4
000000000000083E
0000006400001034
000027100000024C
F00F004000000FEC
0000FCCC00000000
000005C400000000
0000003C00001040
0003630800000990
FFFFF82C00001041
FFFF2E9400001041
000363680000099C
0000083C000079CC
0000103300000000
0000099CFFFFFFB4
000079CC0003634C
000000000000083C
0000008000001034
0000624400000990
00000C0800001041
000362A800000994
0000104100000104
0000080CFFFF7840
0000C1CF3B44A8C0
0000080CFFFFFF78
0000C1CF00FFFFFF
0000080CFFFFFF68
0000C1CF0144A8C0
0000021FFFFFFF64
0000022FFFFFFF78
0000023FFFFFFF68
00000104FFFFFF64
FFFE1FC800001041
FFFE830800001041
000008340000014C
0000103400000000
0000103000000010
000009910000004C
0000080200007650
0000010400001388
FFFE67BC00001041
000000000000083C
0000003800001033
00005EC300000990
00000B4000001041
0000009000001030
0000751600000990
00000B2800001041
0000007800001030
000000FF00000801
0000104100000104
0000083CFFFE6A94
0000103400000000
0000103000000010
000009910000003C
0000010C00000260
FFFE82F800001041
00005E6400000990
0000138800000801
00000AC800001041
0000001800001030
0000611400000990
00000AB000001041
00005AAE00000990
00000AA000001041
FFFFFF780000024F
07FF000000000806
0003613000000990
FFFFF65400001041
FFFF2CBC00001041
000361940000099C
0000083C000079CC
0000103300000000
00000FECFFFFFFD4
00000000F00F0040
000000000000FCEC
000000640000027E
000000000000FCCC
00001040000005C7
0000099000000040
00001041000360CC
00001041FFFFF5F0
00000FECFFFF2C58
00000000F00F0040
000000000000FCCC
0000103D000005C7
00000997FFFFFFD0
0000791700036114
0000651700000990
000009D800001041
000360FC0000099C
000079E7000079CC
00010B4D000001D5
000074A80000099A
000079AA00010AAD
000002DD000078AB
0000083D00000004
0000103300000068
0000103000000010
0000C1E4FFFFFFD0
000002CC0000001C
0000086C00000007
0000C1C4FFFFFFF8
0000C0C400000014
000002CC00000034
0000C1C407FEFFE0
0000C0C400000034
000002CC0000005C
0000C1C407FEFFE0
000001C50000005C
000079EE00010E4C
07FF00000000C1EC
00000004000002CC
000000680000083C
FFFFFFE000001034
0000103000004076
0000400FFFFFFE7C
000040500000403F
0000C000FFFFFFE8
0000083000000008
0000103300000000
0000104100000030
00000FEEFFFDF7F4
00000000F0030010
0000080C000078CE
0000103000000001
0000080C00000010
0000099E00000000
000078CE00035FC4
0000401F0000404F
0000400F00001012
000040500000403F
0000FD4FFFFFFFE0
00000804FFFFFFF8
00000831000000FA
0000103300000000
0000083200000078
0000103400000000
0000099C00000068
0000080400035F80
0000784C00000000
00035F680000099C
0000099C0000784C
0000784C00035F64
00035F4C0000099C
0000099C0000784C
0000010100000044
000010410000011C
00000990FFFE7FA0
0000104100005BDC
000008C4000007F4
0000FC4F000001C4
0000404FFFFFFFF8
000010120000401F
0000403F0000400F
FFFFFF8800004050
FFFFFFF80000FD4F
FFFFFFF00000FD5F
FFFFFFE80000FD6F
FFFFFFE00000FD7F
FFFFFFB00000FD1F
0000000000000832
000006D400001033
0000000000000833
000006C400001034
FFFFFFA00000FD2F
000000B400001030
FFFFFFD80000021F
000000070000C5C1
000000060000C5C1
000000050000C5C1
000000040000C5C1
000000030000C5C1
000000020000C5C1
000000010000C5C1
0000000100000803
FFFFFFD80000C53F
0000000800000802
FFFFFFB00000FC4F
0000104100000104
00000104FFFED320
FFFEF81000001041
00035E200000099C
000000020000080E
0000FC2F000078EC
0000FC22FFFFFFA8
0000083200000000
0000103300000000
0000FD2F0000063C
0000C272FFFFFFA8
0000083700000012
0000103300000000
0000FCCFFFFFFFC8
0000FC1CFFFFFFA8
0000103000000008
0000FC5F00000038
0000FC1FFFFFFFC8
00010115FFFFFFD0
000001C700020775
0000083C00000F1C
0000103300000000
0000099CFFFFFF80
000079CC00035D84
000000010000083C
FFFFFFD00000FD1F
0000020400001033
000000000000083C
FFFFFF4C00001034
00035D5400000994
0000099E000079C4
000100EC00035D50
0000000C0000080E
00000F1C00020CEC
00000F1E000001E7
00000125004205EC
000053D800001041
00010CC5000079C4
00000F1C000078C4
0000000C0000083C
FFFFFF4C00001034
00035CFC0000099C
000000010000C4EC
000000080000091E
00040EED000075DC
000000020000C4DC
000000100000091D
0000C4CC00040EED
0000091C00000003
00040CEC00000018
0000083C00000F1C
0000080C54454E4B
0000103300000000
0000103000000010
0000099EFFFFFDF4
000078CE00035C8C
00035C840000099E
000000090000C4DE
000000080000091D
000000080000C4BE
0000C4BE00040DDB
0000091B0000000A
00040DDB00000010
0000000B0000C4BE
000000180000091B
0000099B00040DDB
000078DB00035C24
000000050000C4DE
000000080000091D
000000040000C4BE
0000C4BE00040DDB
0000091B00000006
00040DDB00000010
000000070000C4EE
000000180000091E
0000099D00040EDE
000078ED00035BD8
FF000000000002EE
00000FED00000F1E
00000000FF000000
0000103F000005ED
0000103000000010
00000FEC00000338
00000000F00F0040
000000000000FCCC
00035B900000099E
000000010000080D
0000099E000078DE
0000FDCE00035B94
0000103000000000
00000994FFFFFDC0
000079C400035B6C
00035B5400000995
00020EEC000079E5
000001D700000F1E
004206DE00000F1D
040000000000020C
0000104100000126
000079C4000051EC
FFFFFFC80000FD6F
000078C400010CC6
F003001000000FEE
000078CE00000000
000079C4000079E5
00001034000005CE
0000080CFFFFFD40
0000083E00000000
0000015C00000004
000000AC0000103D
000000000000080D
000001BD0000015D
0000C4BB00000F1B
000001AD04000000
00000F1A0000084A
040000000000C4AA
000000080000091A
000002AD00040BAB
00000F1A00000002
040000000000C4AA
000000100000091A
000002AD00040BBA
00000F1A00000003
040000000000C4AA
000000180000091A
000105B500040BBA
00000004000002BD
00000008000002DD
000005DE00000F1D
0000103E000001DB
00000FEEFFFFFF70
00000000F0030010
000001E50000785E
000000180000092E
FFFFFFD80000021F
000000070000C5E1
0000092E000001E5
0000C5E100000010
000001E500000006
000000080000092E
000000050000C5E1
000000030000C5C1
000000020000C5C1
000000010000C5C1
FFFFFFD80000C5CF
000000040000C551
0000000800000802
0000000100000806
FFFFFFB00000FC4F
0000013600000104
FFFECE7C00001041
0000104100000104
00000F15FFFEF36C
F00F004000000FEC
0000FCCC00000000
0000FDCF00000000
0000099CFFFFFFC0
0000FCCC00035974
0000FDCF00000000
0000099CFFFFFFB8
0000792C0003593C
000359340000099C
000009900000794C
000001140000614D
0000104100000135
0000FCDF000001EC
0000FCEFFFFFFFB8
00300CEDFFFFFFC0
000000000000083C
0002303800001003
0000001C00001030
0000FC5F000201ED
00001030FFFFFFC8
0000011600000014
FFFFFFC80000FC5F
000003E800000B84
0000091C000001C1
0015024C0000000A
0000099000000F12
0000104100005A47
0000099C00000174
0000080E0003589C
000078EC00000002
0003587C0000099C
000010300000786C
0000021FFFFFFAD0
0000C5C1FFFFFFD8
0000C5C100000007
0000C5C100000006
0000C5C100000005
0000C5C100000004
0000C5C100000003
0000C5C100000002
0000080C00000001
0000C5CF00000002
00000802FFFFFFD8
0000080300000008
0000FC4F00000001
00000104FFFFFFB0
FFFECCF400001041
0000104100000104
00001030FFFEF1E4
00000832FFFFF9D4
0000103300000000
0000010200000014
FFFE1E7400001041
FFFFFFB00000FC0F
FFFE4DFC00001041
0000005C00001030
FFFFFFA00000FC5F
000000100000C215
FFFFFFB00000FC4F
0000104100000104
0000C2C4FFFE64C4
0000087C0000002A
0000C3C400000002
000001040000002A
FFFEF16000001041
0000104100000105
0000080CFFFE1E08
0000FC7F00000000
0000FC6FFFFFFFE0
0000FC5FFFFFFFE8
0000FC4FFFFFFFF0
0000404FFFFFFFF8
000010120000401F
0000403F0000400F
FFFFFFE000004050
0000FD3F000001C0
0000FD2F00000020
0000FD1F00000018
0000022F00000010
0000FD2F00000010
0000099EFFFFFFF8
0000FC0E000070B4
0000011C00000000
0000001400001041
0000401F0000404F
0000400F00001012
000040500000403F
0000FD4FFFFFFEC8
0000FD5FFFFFFFF8
0000FD6FFFFFFFF0
0000FD7FFFFFFFE8
0000FD2FFFFFFFE0
0000C4C0FFFFFFD8
0000080E00000002
0000FDEF00000002
00030CCEFFFFFF78
FFFFFFFF00000FE4
0000FD0F00000000
0000FCE0FFFFFFB0
0000FDEF00000008
0000083CFFFFFFA0
0000103300000000
0000FCCF0000298C
0000FDCFFFFFFFD8
0000080CFFFFFFD0
0000FDCF00000000
000002CFFFFFFFA8
000002ECFFFFFFB8
0000FDEF00000006
000002ECFFFFFF40
0000FDEFFFFFFFFF
0000FDCFFFFFFF70
000002CCFFFFFF50
0000FDCF00000005
0000FD1FFFFFFF48
0000FD1FFFFFFF58
0000FCDFFFFFFF98
0000750DFFFFFF98
0000002500000830
000000040000080C
FFFFFF880000FDCF
0000003800001033
0000000000000830
FFFFFFA80000FC4F
000028D800001033
00000001000002DD
FFFFFF980000FDDF
0000004000001030
00000002000002ED
000000010000C4DD
000000250000083D
0000001000001033
0000005C00001030
FFFFFF980000FDEF
FFFFFFA80000FC4F
0000FC1F000008C0
0000FCCFFFFFFFB0
0000407CFFFFFFA0
0000000100000244
FFFFFFA80000FD4F
0000083C00000F0C
0000103900000000
000010300000281C
0000080AFFFFFF30
000001CA00000000
0000014A0000012A
0000003800001030
0000000A0000080E
00010ACE00100EAE
000002EB000001C7
000075DB00000001
000000000000083D
000005CC00001033
0000017C000001BE
0000FFFF00000805
0000016D00030E45
0000083E000008C6
0000103F0000001F
0000080C00000068
00030CDC000000FF
0000002A0000083C
000000B00000103B
000000200000083C
0000028C00001033
000000230000083C
0000029400001033
000000270000083C
0000001000001033
0000002400001030
00001030000001C7
0000083EFFFFFF60
0000103F0000007F
000002C6000000A4
0000083CFFFFFFD0
0000103F00000009
0000083E000000E0
0000103D00000040
0000103000000010
0000080EFFFFFF0C
0004044E00000020
0000000A0000080E
00010CCE00100E7E
FFFFFEFC00001030
0000002B0000083C
000001D800001033
0000002D0000083C
0000020400001033
000000300000083C
FFFFFF8400001034
000000010000080C
000001C70004044C
FFFFFEB400001030
000000FF0000080C
0000083C00030CDC
0000103B0000006B
0000083C000000B4
000010330000004C
0000083C00000220
0000103300000068
0000083C00000268
000010330000006A
0000103000000240
0000080C00000450
00030CDC000000FF
000000670000083C
000000100000103B
000000BC00001030
0000006B0000083C
000000100000103B
000001D400001030
0000006C0000083C
0000006000001033
000000740000083C
0000015C00001033
0000007A0000083C
0000013400001033
000003DC00001030
0000007A0000083C
0000011C00001033
000000740000083C
0000012400001033
0000006C0000083C
000003AC00001034
FFFFFF780000FCCF
0000080E00200C4C
00030CCE00000200
0000080E00040C4C
000404CE00000080
00001030000001C7
0000083CFFFFFD88
0000103B0000002D
0000083C000000E8
0000103300000024
0000083C0000018C
000010330000002A
0000103000000010
00000FEC00000340
00000000FFFFFFFF
0000083C00030C2C
0000103400000000
0000103000000010
000001C70000027C
FFFFFD1C00001030
000000020000080C
0000080C0004044C
0004044C00000004
00001030000001C7
0000080CFFFFFCF8
0004044C00000010
00001030000001C7
0000080CFFFFFCE0
0004044C00000008
00001030000001C7
0000080CFFFFFCC8
0004044C00000080
00001030000001C7
0000080CFFFFFCB0
0004044C00000080
00001030000001C7
0000083CFFFFFC98
000010330000002E
0000083C000001B4
000010330000004C
0000103000000010
0000080C00000260
0004044C00000280
00001030000001C7
0000083CFFFFFC58
0000103300000068
0000083C00000038
000010330000006A
0000103000000010
0000080C00000220
0004044C00000080
00001030000001C7
0000080CFFFFFC18
00200C4C00000001
000002000000080E
00040C4C00030CCE
000001000000080E
000001C7000404CE
FFFFFBE400001030
FFFFFFFF00000FEC
00030C2C00000000
000000000000083C
0000017800001033
FFFFFF800000FD2F
FFFFFF980000FDBF
FFFFFFD80000FCCF
FFFFFFD00000FDCF
000000400000080C
00000836003606EC
0000FDAF00000000
0000012AFFFFFF90
000238E400001003
0000021F00000127
0000FC0FFFFFFFD0
00001041FFFFFF58
0000FCCF000023AC
000002CCFFFFFFD0
0000080E00000007
00030CCEFFFFFFF8
00000008000002EC
FFFFFFD00000FDEF
000000000000FCCC
0000000000000836
0002394400001003
000008360000017C
0000FCBF00000000
0000FCEFFFFFFF98
0000FC2FFFFFFF90
00001003FFFFFF80
000001CE00023970
000001C7000001AC
FFFFFADC00001030
0000003F0000083E
000023080000103F
000000400000080C
000001C70004044C
FFFFFAB400001030
FFFFFFD00000FCCF
00000007000002CC
FFFFFFF80000080D
000002DC00030CCD
0000FDDF00000008
00000802FFFFFFD0
0000FCCC00000000
0000083E00000000
0000103F0000003F
0000080E00000038
0004044E00000020
FFFFFA5400001030
000000000000080A
00000127000001CA
000010300000014A
000001ACFFFFFA38
00001030000001C7
00000806FFFFFA28
0000017C00000000
00000FEC000001BE
00000000FFFFFFFF
0000083C00030C2C
0000FDBF00000000
00001033FFFFFF98
0000FCCF00000040
0000FDCFFFFFFFD8
0000021FFFFFFFD0
0000FC0FFFFFFFD0
0000FDAFFFFFFF58
00001041FFFFFF90
0000FCAF0000220C
00000F0AFFFFFF90
000000000000080E
0000083C00320CAE
0000100300000000
0000080C00023AD0
0003044CFFFFFFBF
0000000800000802
00320C7E00000F07
000000000000083C
00023AF400001003
00410CAE00040442
FFFFFF900000FDCF
000008AC000001C7
000008090041077C
00040C6900000020
00000F0B000001B7
000000610000083C
FFFFFF600000FDBF
000000AC00001033
FFFFFF9B000002DC
000000020000083D
000000100000103F
0000008C00001030
FFFFFFFF00000FED
00030D6D00000000
0000006E0000083D
000000100000103B
0000022800001030
000000720000083D
000002DC0000103B
0000006F0000083D
0000088400001033
000000700000083D
0000001000001033
0000084800001030
000000900000080C
000008060004044C
0000080200000078
0000103000000010
0000FCEF0000084C
000002EEFFFFFFD0
0000080D00000007
00030EEDFFFFFFF8
00000008000002DE
FFFFFFD00000FDDF
0000FDDF00020DC6
0000FC0EFFFFFF80
0000083C00000000
0000103400000061
0000080C000000D4
00030C4C00000040
000000000000080E
0000083C00300CCE
0000100300000000
0000080C00023C64
0000FDCFFFFFFFFF
00000807FFFFFF90
0000FCCF000000FF
000303C7FFFFFF80
FFFFFFB80000021F
FFFFFF900000FC6F
0000104100000126
000002CC00002848
00030EC700000001
0000083D00340D6E
0000100300000000
0000103000023CBC
000002EE00000018
0000FDEFFFFFFFFF
0000080EFFFFFF90
0004044E00001800
000000700000080E
FFFFFF380000FDEF
0000000100000806
0000027400001030
000000400000080E
0000080D00030E4E
00300EED00000000
000000000000083E
00023D3000001003
000000060000080E
FFFFFF900000FDEF
FFFFFFFF00000FEB
0000083C00000000
0000080E00000066
0000103300000011
00030BCB00000164
000000650000083B
0000018800001034
000010000000080C
0000080C0004044C
0000FDCF00000065
0000FCCFFFFFFF38
000002BCFFFFFF90
0000013D00000001
0000019800001030
000000630000083D
000005FC00001033
000000640000083D
0000002000001033
000000690000083D
0000001000001033
0000062800001030
000000800000080C
0000083C00030C4C
0000103300000000
0000103000000010
00030E450000090C
FFFFFFD00000FCCF
00000007000002CC
FFFFFFF80000080D
000002DC00030CCD
0000FDDF00000008
0000080DFFFFFFD0
00030DED00000100
000000000000FCCC
000000000000083D
0000001000001033
0000104400001030
0000103000000F0C
0000083D000008D8
0000103300000073
0000083D00000750
0000103300000075
0000103000000010
0000080C00000574
0003044C0000FFEF
0000007500000806
0000000A00000802
0000057800001030
000020000000080C
0000080C0004044C
0000FDCF00000066
00000803FFFFFF38
000001BE00000001
FFFFFF900000FCDF
0000005000001030
000000FF0000080B
FFFFFF900000FCAF
00300BBD00030BAB
000000000000083B
00001003000001BA
0000080B00023F1C
000002CC00000001
0000FDCFFFFFFFFE
0000013DFFFFFF38
0000FDDC0000403C
0000080C00000018
00030CBC000000FF
0000021F004202CE
00001041FFFFFFB8
00000806000028AC
0000C0EF00000002
000002BEFFFFFFB8
00000FEDFFFFFFF6
00000000FFFFFFFF
00000FEA00030BBD
00000000FFFFFFED
0000083B00360BBA
0000100300000000
0000080600023FAC
0000021E00000002
00030D1DFFFFFF9C
FFFFFF3900000FEB
00360DDB00000000
000000000000083D
FFFFFF600000FC8F
00023FE800001003
0000000300000806
0000000000000807
FFFFFFB80000023F
000000040000C4D3
000000010000080B
FFFFFF680000FDBF
0000083B00030BDB
0000103400000000
0000080B00000060
00030B4B00000002
000000000000083B
0000005400001034
0000080A00030B45
00200ABA00000003
0000002000000809
0000080A000300A9
00030BBA00000004
000000000000080A
00001030003007BA
0000080000000020
000010300000002D
0000080000000010
0000080B0000002B
00030DDB0000000C
000000000000083D
0000010000001033
0000000000000837
FFFFFF880000FCCF
000240D000001003
000000030000080C
0000000000000805
0000103E0000058C
0000080E00000114
00030E4E00000008
000000000000083E
000000F400001034
FFFFFF280000FD0F
000204C800000163
0000002000000800
FFFFFFB00000FC1F
FFFFFFA00000FCCF
00000F0C0000407C
000000000000083C
00001AF800001039
FFFFFFFF00000FEC
00030E4C00000000
000000010000024E
00310CC400030C4C
FFFFFF680000FCEF
0000FCEF00030CCE
000002EEFFFFFFA8
0000FDEF00000001
0000083CFFFFFFA8
0000103300000000
00000136FFFFFF84
FFFFFF280000FC0F
0000005000001030
00000F020000012E
000030000000080D
0000083D00030D4D
0000FD0F00000000
00001034FFFFFF28
0000103000000010
0000FDCF0000014C
00001030FFFFFF20
0002058C00000DDC
FFFFFF680000FCCF
0000083C00030C7C
0000103400000000
0000014300000050
FFFFFFB00000FC1F
FFFFFFA00000FCCF
00000F0C0000407C
000000000000083C
00001A0000001039
FFFFFFA80000FCCF
00000001000002CC
FFFFFFA80000FDCF
0000C4C300000134
0000080E00000004
00030CCE00000008
000000000000080E
0000099400300ECE
0000099C0000565B
0000083E0000485B
0000100300000000
0000014C00024298
0000083C000075C4
0000103300000000
0000FCEF00000068
000200CEFFFFFF80
0000FC1F000008C0
0000FCCFFFFFFFB0
0000407CFFFFFFA0
FFFFFFA80000FCEF
00000001000002EE
FFFFFFA80000FDEF
0000000100000244
0000083C00000F0C
0000103900000000
0000103000001934
0000FC6FFFFFFF94
000001D5FFFFFFA8
0000181000001030
000000FF0000080D
00000FEA000309CD
00000000FFFFFFFF
000000000000080B
0000000000000839
FFFFFF200000FDBF
00000BA000001033
00010939000309CD
000000040000C499
0000003000000839
00000B7800001034
FFFFFFFF000002CC
00000839000309CD
0000103400000000
0000FDBFFFFFFFCC
00001030FFFFFF20
0000FCCF00000B54
000002CCFFFFFFD0
0000080E00000007
00030CCEFFFFFFF8
00000008000002EC
FFFFFFD00000FDEF
000000000000FCCC
FFFFFFB80000C5CF
0000000100000805
FFFFFF500000FC6F
0000027800001030
000000780000083C
0000096400001034
000000880000080C
00001030000202C6
0000016E0000000C
0000FFF90000080C
0000080C0003084C
00030C4C00000080
000000000000083C
0000001000001033
0000007800001030
FFFFFFD00000FCCF
00000007000002CC
FFFFFFF80000080E
000002EC00030CCE
0000FDEF00000008
0000080EFFFFFFD0
00030D8E00000100
000000000000FCCC
FFFFFFFF00000FEE
0000083D00000000
0000103300000000
0000103000000010
000300CE000003C4
0000003C00001030
FFFFFFD00000FCCF
00000007000002CC
FFFFFFF80000080E
000002EC00030CCE
0000FDEF00000008
0000FC0CFFFFFFD0
0000080700000000
00300C0700000000
000000000000083C
0002451C00001003
FFFFFFE90000080C
000008300003084C
0000103400000000
0000103000000010
0000FC4F00000048
00000114FFFFFF50
0000FD8F00000179
00001041FFFFFF80
0000FCAF00001EC0
00000197FFFFFF80
FFFFFF600000FCBF
00001030000207C4
0000080C00000264
00030C4C00000040
000000000000083C
FFFFFFAC00001033
000000010000083A
0000001000001039
FFFFFF9400001030
0000FFE90000080C
0000103000030A4C
0000FCCF0000021C
000002CCFFFFFFD0
0000080E00000007
00030CCEFFFFFFF8
00000008000002EC
FFFFFFD00000FDEF
000000000000FC6C
000000000000080C
0000099E00300D6C
0000083D000056B0
0000100300000000
0000016E00024618
000000400000080E
00300CEC00030E4E
000000000000083C
0002464800001003
FFFFFFFF0000080C
FFFFFF900000FDCF
0000FC1F00000106
00001041FFFFFF90
0000015C00003A7C
FFFFFF600000FCBF
000000080000080C
0000083C00030C4C
0000103400000000
0000055B0000076C
000006D000001040
0000080000000147
0000FC1F00000020
0000FCCFFFFFFFB0
0000407CFFFFFFA0
0000083C00000F0C
0000103900000000
0000027700001574
0000FCCFFFFFFFFF
000002CCFFFFFFA8
0000FDCF00000001
00000244FFFFFFA8
00000554FFFFFFFF
FFFFFFA40000103D
000006F400001030
FFFFFFD00000FCCF
00000007000002CC
FFFFFFF80000080E
000002EC00030CCE
0000FDEF00000008
0000FCCCFFFFFFD0
0000080700000000
00320EC700000000
000000000000083E
00001003000001E4
0000080E00024760
00040E4E00000400
000000000000083C
0000001000001034
0000013000001030
FFFFFFEF0000080D
0000FDEF00030EED
000001ECFFFFFF80
004100CE000008AE
0000000A00000802
FFFFFF500000FC4F
0000017900000114
00001C5C00001041
FFFFFF800000FCAF
000207C400000197
FFFFFF600000FCBF
000000400000080C
0000083C00030CAC
0000103300000000
0000103000000010
000001EA00000018
00001030000001C7
0000080C000000F0
00030EAC0000FFFE
00000F0C000001C7
FFFFFF900000FCDF
0000103C000005CD
0000080C00000040
00300C6C00000000
000000000000083C
0002485400001003
FFFFFFEE0000080C
0000FCCF00030EAC
00001030FFFFFF90
000001C700000090
0000008400001030
000002000000080E
0000083E00030E8E
0000103300000000
0000103000000010
000300C500000648
FFFFFC5C00001030
000000400000080D
0000083D00030D4D
0000103300000000
0000083AFFFFFEC4
0000103900000001
0000103000000010
0000080CFFFFFEAC
00030E4C0000FFEE
0000FCBF000001C7
000305E5FFFFFF60
000000100000080D
0000083A00030AED
0000103300000000
0000103000000010
0000080E00000034
00030E5E00000406
000000000000080D
0000080D00310EED
00030EED00000001
0000003400001030
000000000000080E
0000083E00300E6E
0000FCEF00000000
00001003FFFFFF78
0000080E0002496C
0000080D00000001
00030D5D00000008
00000F04000104EC
000000000000083D
000000FC00001034
000000010000080C
0000083C00030C5C
0000103300000000
000005B400000038
FFFFFF900000FD7F
000000240000103A
00020CC400010C7B
FFFFFF900000FDCF
000010300000014B
000005B4000000B0
000000A40000103A
FFFFFF680000FDAF
FFFFFF800000FD9F
00000800000204B4
0000FC1F00000020
0000FCCFFFFFFFB0
0000407CFFFFFFA0
0000083C00000F0C
0000103900000000
000002440000120C
00000FECFFFFFFFF
00000000FFFFFFFF
0000FCEF00030C4C
000002EEFFFFFFA8
0000FDEF00000001
0000083CFFFFFFA8
0000103400000000
0000FC4FFFFFFF98
0000FC9FFFFFFF60
0000FCAFFFFFFF80
0000083AFFFFFF68
0000103300000000
0000103000000010
0000080C000000D8
00030C5C00000406
000000000000083C
0000016000001033
000000020000080C
0000080C00030E5C
00300EEC00000000
000000000000083E
00024AE800001003
0000001000001030
0000002B00000809
000004000000080E
00300CEC00030E5E
000000000000083C
00024B1800001003
0000001000001030
0000002D00000809
0000FC1F00000109
0000FCCFFFFFFFB0
0000407CFFFFFFA0
0000083C00000F0C
0000103900000000
0000FCCF000010EC
000002CCFFFFFFA8
0000FDCF00000001
00001030FFFFFFA8
00000800000000AC
0000FC1F00000030
0000FCCFFFFFFFB0
0000407CFFFFFFA0
0000083C00000F0C
0000103900000000
000008360000109C
0000103300000000
0000010600000054
FFFFFFB00000FC1F
FFFFFFA00000FCCF
00000F0C0000407C
000000000000083C
0000106000001039
FFFFFFA80000FCCF
00000002000002CC
FFFFFFA80000FDCF
0000002000001030
FFFFFFA80000FCCF
00000001000002CC
FFFFFFA80000FDCF
00000F0500000157
FFFFFF900000FC6F
0000056500000F06
000000680000103A
0000003000000800
FFFFFFB00000FC1F
FFFFFFA00000FCCF
00000F0C0000407C
000000000000083C
00000FD800001039
FFFFFF900000FCEF
FFFFFFFF000002EE
000001C700000F0E
0000FDEF00000F0C
000005ECFFFFFF90
FFFFFFA80000103B
FFFFFF600000FCCF
00410C5600020DC4
FFFFFFA80000FCEF
0000FDEF00010EEC
00000FECFFFFFFA8
00000000FFFFFFFF
0000083C00030C7C
0000103300000000
0000014D0000007C
FFFFFF700000FCCF
0000C60C00010CC5
0000FC1F00000000
0000FCCFFFFFFFB0
0000407CFFFFFFA0
0000083C00000F0C
0000103900000000
0000025500000F24
00000835FFFFFFFF
0000103300000000
0000103000000010
0000FC6FFFFFFFAC
000001D4FFFFFFA8
00000DE800001030
FFFFFFA80000FC6F
00000DD800001030
000010300000017B
0000080000000090
0000FC1F00000025
0000FCCFFFFFFFB0
0000407CFFFFFFA0
0000083C00000F0C
0000103900000000
0000010600000EA4
FFFFFFB00000FC1F
FFFFFFA00000FCCF
00000F0C0000407C
000000000000083C
00000E7800001039
000000000000080C
FFFFFF680000FDCF
FFFFFFA80000FC6F
0000000200000266
00000DD400001030
0000FCCF0000017B
00010CC5FFFFFFA8
FFFFFFA80000FDCF
0000083500020475
0000103300000000
0000C60600000074
0000FC1F00000000
0000FCCFFFFFFFB0
0000407CFFFFFFA0
0000083C00000F0C
0000103900000000
0000026600000DF4
0000025500000001
00000835FFFFFFFF
0000103300000000
0000103000000010
0000FC6FFFFFFFB0
000001D4FFFFFFA8
00000CB000001030
FFFFFFA80000FC6F
00001030000001D4
00000FED00000C9C
00000000FFFFFFFF
0000080D00030CCD
00030EED00000200
000000000000083E
0000001000001033
0000095000001030
000010300000094C
0000080EFFFFF868
000300CE000000FF
FFFFF61400001030
FFFFFF200000FDCF
0000FC9F00030C45
00030A9AFFFFFF90
0000000100000809
00000F0A00430AA9
0000001000000809
00300CCB00030CC9
000000000000083C
00001003000001CA
0000FCCF00024F40
00030CCDFFFFFF20
FFFFFFFC00000832
0000005000001039
0000103C0000052A
0000080D00000044
0004044D00002000
00000F0D000001DC
0000103C0000052D
000001D20000003C
00010CCD0000098D
FFFFFF900000FDCF
0000003000001030
FFFFFFFF000002CC
FFFFFF900000FDCF
0000001800001030
000000000000080C
FFFFFF900000FDCF
FFFFFC18000002EE
0000080C00030945
00030B4C00002000
000000000000083B
0000080000000804
FFFFFF000000FDEF
FFFFFF080000FDBF
0000001000001033
0000005400001030
FFFFFFFF00000FEC
00030CEC00000000
FFFFF83100000FEE
00360CCE00000000
000000000000083C
0002504000001003
0000003800001030
000000FF0000080C
0000103000030C6C
0000080C0000002C
00410C2C00000000
00000001000002CC
0000005400001030
000000040000080C
0000080D00030E94
00300EED00000000
000000000000083E
000250A000001003
0000001800001030
000000050000080E
0000001000001030
000000030000080E
00000FEE00010CEC
00000000FFFFFFFF
FFFFFF900000FCDF
0000080500030EDE
00300EE500000000
00000001000002DD
000000000000083E
FFFFFEF80000FDDF
00001003000001ED
0000080E0002511C
00210E9E00000004
FFFFFF680000FCDF
000001D700030EED
0000FCBF0000098D
00030DDBFFFFFF68
00010BBC00010BED
00000F0A000001AB
0000083A00340A8A
0000100300000000
0002058B00025158
000000090000080B
0000083B00030B9B
0000FD2F00000000
0000FD9FFFFFFF18
0000FD6FFFFFFF30
0000FD1FFFFFFEE8
0000FD3FFFFFFEF0
00001034FFFFFF10
00000FEB000000E8
00000000FFFFFFFF
0000083B00030B5B
0000103300000000
0000FC6F000000B8
00010CECFFFFFF38
000205C800010CCD
0000002000000800
FFFFFFB00000FC1F
FFFFFFA00000FCCF
00000F0C0000407C
000000000000083C
00000A3800001039
FFFFFFFF00000FEC
00030E5C00000000
000000010000025E
00310CC500030C5C
000000010000080E
0000FCEF00030CCE
000002EEFFFFFFA8
0000FDEF00000001
0000083CFFFFFFA8
0000103300000000
00000805FFFFFF84
0000FC9F00000000
00001030FFFFFF30
0000FC6F00000020
00001030FFFFFF38
0000FC6F00000010
0000FD6FFFFFFF38
0000FCCFFFFFFF38
00030C7CFFFFFF68
000000000000083C
0000001000001034
0000001800001030
FFFFFFA80000FC6F
0000005000001030
FFFFFF280000FC0F
FFFFFFB00000FC1F
FFFFFFA00000FCCF
00000F0C0000407C
000000000000083C
0000094800001039
FFFFFFA80000FC6F
0000000100000266
FFFFFF300000FC9F
0000083C00030C94
0000103300000000
0000080000000088
0000FC1F00000030
0000FCCFFFFFFFB0
0000407CFFFFFFA0
0000083C00000F0C
0000103900000000
0000080C000008EC
0000FCEF00000078
000200CEFFFFFF80
0000FC1F000008C0
0000FCCFFFFFFFB0
0000407CFFFFFFA0
0000083C00000F0C
0000103900000000
00000266000008AC
0000FC9F00000002
0000080CFFFFFF30
00030C9C00000008
000000000000083C
0000008C00001034
FFFFFFFF00000FEC
00030C5C00000000
000000000000083C
0000006C00001033
0000080000010656
0000FC1F00000030
0000FCCFFFFFFFB0
0000407CFFFFFFA0
0000083C00000F0C
0000103900000000
000002550000082C
00000FECFFFFFFFF
00000000FFFFFFFF
0000083C00030C5C
0000103400000000
00000805FFFFFFB0
0000FD5F00000000
0000FCCFFFFFFF60
0000083CFFFFFF08
0000FCCF00000000
00001033FFFFFF10
0000103000000010
0000C60C0000015C
0000FC1F00000005
0000FCCFFFFFFFB0
0000407CFFFFFFA0
0000083C00000F0C
0000103900000000
0000FCCF0000079C
00000F0CFFFFFF90
000000010000083C
0000031C00001039
0000002E00000800
FFFFFFB00000FC1F
FFFFFFA00000FCCF
00000F0C0000407C
000000000000083C
0000075000001039
000000FF0000080C
FFFFFF200000FCEF
0000FCCF000305EC
00010EC6FFFFFF90
FFFFFFFF00000FEC
0000FCDF00000000
00030DDCFFFFFEF8
000000000000080C
FFFFFFFF0000027D
000000020000026E
000000010000024C
0000104000000545
0000FCEF00000020
00010CECFFFFFF40
000010300000750C
0000080000000010
000008C000000030
FFFFFFB00000FC1F
FFFFFFA00000FCCF
00000F0C0000407C
000000000000083C
000006A000001039
000001C400000574
0000001000001033
FFFFFF9000001030
FFFFFF380000FCEF
000002A400001030
000000FF0000080C
FFFFFF200000FCEF
0000FDCF00030CEC
0000080CFFFFFFA8
0000FCEF00000000
004104ECFFFFFF18
0000FC5F000207E4
000008A5FFFFFF90
00000FEC00000F05
00000000FFFFFFFF
000005EC00030E4C
0000004000001034
0000002E00000800
FFFFFFB00000FC1F
FFFFFFA00000FCCF
00000F0C0000407C
000000000000083C
000005E800001039
0000000100000266
0000003000000800
00000F0C000001C7
000000000000083C
0000003C00001039
FFFFFFA80000FCEF
0000103C000005CE
00000FEC00000028
00000000FFFFFFFF
0000FCEF00030C7C
00010CECFFFFFF48
000001C40000750C
000005C500000F0C
000000540000103A
0000FC1F000008C0
0000FCCFFFFFFFB0
0000407CFFFFFFA0
0000000100000277
0000000100000266
FFFFFFFF00000244
0000083C00000F0C
0000103900000000
0000103000000534
000008C0FFFFFF00
FFFFFFB00000FC1F
FFFFFFA00000FCCF
00000F0C0000407C
000000000000083C
0000050000001039
000000100000080C
FFFFFF300000FCEF
000002C600030EEC
0000083E00000001
0000103300000000
00000FEE000004C0
00000000FFFFFFFF
0000083E00030E4E
0000103400000000
000008000000048C
0000FC1F0000002E
0000FCCFFFFFFFB0
0000407CFFFFFFA0
0000000200000266
0000083C00000F0C
0000FCDFFFFFFFFF
0000103BFFFFFF60
000010300000036C
0000080C000003F0
0000FCEF00000010
00030CECFFFFFF30
000000000000083C
0000001000001033
0000002C00001030
0000000100000266
FFFFFF380000FCEF
0000005400001030
00001030000008CC
00000800FFFFEF20
0000FC1F0000002E
0000FCCFFFFFFFB0
0000407CFFFFFFA0
0000083C00000F0C
0000103900000000
00000266000003EC
0000FCEF00000002
0000FCCFFFFFFF38
000200ECFFFFFF80
0000FC1F000008C0
0000FCCFFFFFFFB0
0000407CFFFFFFA0
0000083C00000F0C
0000103900000000
0000080C000003A4
0000FCEF00000000
00320CECFFFFFF18
000000000000083C
000258C000001003
0000001800001030
0000002B00000800
0000001000001030
0000002D00000800
FFFFFFB00000FC1F
FFFFFFA00000FCCF
00000F0C0000407C
000000000000083C
0000033800001039
FFFFFF180000FCEF
000008AC000001CE
00000FEC004105EC
00000000FFFFFFFF
FFFFFF000000FCEF
00000FEE00030CEC
00000000FFFFF830
0000103F000005CE
00000FEC00000084
00000000FFFFFFFF
0000080E00030C5C
00100CCE10624DD3
000000260000080E
00000204002104CE
000008C000000030
FFFFFFB00000FC1F
FFFFFFA00000FCCF
00000F0C0000407C
000000000000083C
0000029800001039
000003E80000080C
0002055C00100C4C
0000000300000246
0000004000001030
0000000200000246
FFFFFFFF00000FEC
0000FCEF00000000
00030CECFFFFFEF0
FFFFFF3800000FEE
000005CE00000000
000001EC0000103F
FFFFFFFF00000FEC
00030C5C00000000
51EB851F0000080E
0000080E00100CCE
002106CE00000025
0000003000000206
0000FC1F000008C0
0000FCCFFFFFFFB0
0000407CFFFFFFA0
0000083C00000F0C
0000103900000000
0000080C000001E4
00100C6C00000064
000002440002055C
00000FEC00000001
00000000FFFFFFFF
00000FEE00030C5C
00000000CCCCCCCD
0000080E00100CCE
002106CE00000023
0000003000000206
0000FC1F000008C0
0000FCCFFFFFFFB0
0000407CFFFFFFA0
0000083C00000F0C
0000103900000000
0000080C0000016C
00100C6C0000000A
000002440002055C
0000020500000001
000008C000000030
FFFFFFB00000FC1F
FFFFFFA00000FCCF
00000F0C0000407C
000000000000083C
0000012000001039
0000000100000264
FFFFFF600000FCDF
000000000000080C
FFFFFF680000FDCF
00000F0C000001CD
000000010000083C
0000006C00001039
000000010000024D
0000002000000800
FFFFFFB00000FC1F
FFFFFFA00000FCCF
00000F0C0000407C
000000000000083C
000000B000001039
0000000100000266
FFFFFFFF00000244
0000083400000F04
0000103900000002
0000103000000010
0000FD6FFFFFFFAC
0000FCCFFFFFFFA8
0000083CFFFFFF68
0000103400000000
0000103000000064
0000080CFFFFD778
0000FCEF000000FF
00030CECFFFFFEE8
000000020000083C
FFFFFEEC0000103D
FFFFFE6C00001030
0000FCDF0000016C
00001030FFFFFF60
0000016CFFFFFF14
FFFFFF600000FCDF
FFFFFF0000001030
FFFFFFB00000FCEF
000000020000C4CE
FFFFFF880000FCDF
0000C5CE00040CCD
00000FE400000002
00000000FFFFFFFF
0000FC7F000001C4
0000FC6FFFFFFFE0
0000FC5FFFFFFFE8
0000FC4FFFFFFFF0
0000404FFFFFFFF8
000010120000401F
FFFFFFA80000FC4F
FFFFFFC800001030
0000403F0000400F
FFFFFFE800004050
FFFFFFF80000FD4F
FFFFFFF00000FD5F
FFFFFFE80000FD6F
0000083200000F02
0000103900000002
0000080C00000714
0000080E00000001
0000080D00000000
000001A00000FFFF
0000003400001030
000000020000026A
000000010000C45A
0000002500000835
00001033000001A6
0000103000000010
000075BA0000003C
000000250000083B
FFFFFFC800001033
00000001000002AA
000000000000083B
0000069800001033
FFFFFFD400001030
0000019E0000014E
00001030000001BE
0000080800000040
00040BB800000020
0000000A00000808
0001044800100838
000000010000026A
000008350000755A
0000103300000000
0000013400000378
000304BD000001A6
000008C800000185
0000001F00000834
000000640000103F
000000FF00000804
0000083400030454
0000103F00000030
0000080600000058
0020046400000001
0000000000000FE6
0003044600012889
0000000000000834
0000001000001034
0000002400001030
0000103000000143
00000834FFFFFF6C
0000103F0000007F
000002480000009C
00000834FFFFFFD0
0000103F00000009
0000103000000010
00000804FFFFFF20
00030554000000FF
0000006700000835
000000100000103B
0000011000001030
0000006B00000835
000000100000103B
000001A800001030
0000006C00000835
000000B400001033
0000007400000835
0000013000001033
0000007A00000835
0000010800001033
0000026000001030
000000FF00000804
0000083400030454
0000103B0000006B
0000083400000040
000010330000004C
000008340000012C
0000103300000068
0000083400000174
000010330000006A
000010300000014C
000008340000020C
000010330000007A
000008340000009C
0000103300000074
00000834000000A4
000010340000006C
00000808000001DC
002008B800000002
0000020000000804
00040BB800030884
0000008000000808
0000014300040BB8
FFFFFE1000001030
0000000000000804
0000002D00000835
000000600000103B
0000002400000835
0000010400001033
0000002A00000835
FFFFFDD800001033
0000016800001030
0000008000000808
0000014300040BB8
FFFFFDB800001030
0000008000000808
0000014300040BB8
FFFFFDA000001030
0000002E00000835
FFFFFD9000001033
0000004C00000835
0000001000001033
0000011000001030
0000028000000808
0000014300040BB8
FFFFFD6000001030
0000006800000835
0000003800001033
0000006A00000835
0000001000001033
000000D000001030
0000008000000808
0000014300040BB8
FFFFFD2000001030
0000000100000808
00000804002008B8
0003088400000200
0000080800040BB8
00040BB800000100
0000103000000143
00000FE8FFFFFCEC
00000000FFFFFFFF
0000083800030898
0000103300000000
0000103000000010
0000019300000014
FFFFFCB800001030
FFFFFFFF00000FE8
000305C800000000
0000058500030838
0000001000001033
FFFFFC9000001030
0000006300000808
000010300000019C
0000080800000014
000001A600000000
FFFFFFFF00000FE3
0003039300000000
0000000000000833
000002A800001033
FFFFFFFF00000FE3
000304C300000000
0000059400030993
000000C400001034
000000200000080A
0000083A00040A8A
0000103300000061
000002AA00000070
0000083AFFFFFF9B
0000103F00000002
0000103000000010
00000FEA00000050
00000000FFFFFFFF
0000083A00030A8A
0000103B00000068
0000083A00000084
0000103300000063
0000083A000001B4
0000103300000064
00001030000000C0
0000FCB100000110
000002BB00000000
0000080A00000007
00030BBAFFFFFFF8
00000008000002BB
000000000000FDB1
00000001000002CC
000001BC000001A0
000005B200000F0B
FFFFFAFC00001039
000001B000001030
000000690000083A
0000005400001033
000000730000083A
0000001000001033
0000009400001030
000000000000FCB1
00000007000002BB
FFFFFFF80000080A
000002BB00030BBA
0000FDB100000008
0000103000000000
0000080AFFFFFF84
00030BBA00000080
000000000000083B
0000001000001033
0000009400001030
000000000000FCB1
00000007000002BB
FFFFFFF80000080A
000002BB00030BBA
0000FDB100000008
0000103000000000
0000080AFFFFFF2C
00030BBA00000080
000000000000083B
0000001000001033
000000A400001030
000000000000FCB1
00000007000002BB
FFFFFFF80000080A
000002BB00030BBA
0000FDB100000008
0000103000000000
0000FCB1FFFFFED4
000002BB00000000
0000080A00000007
00030BBAFFFFFFF8
00000008000002BB
000000000000FDB1
FFFFFEA000001030
000000000000FCB1
00000007000002BB
FFFFFFF80000080A
000002BB00030BBA
0000FDB100000008
0000103000000000
0000FCB1FFFFFE6C
000002BB00000000
0000080A00000007
00030BBAFFFFFFF8
00000008000002BB
000000000000FDB1
FFFFFE3800001030
FFFFFFE80000FC6F
FFFFFFF00000FC5F
FFFFFFF80000FC4F
0000401F0000404F
0000400F00001012
0000080C0000403F
00030C2C0000001F
000000180000080E
0000080B00200D2E
00020DBD37000000
FF00000000000FEB
00030DDB00000000
0000080D00210EDE
0000080B00000009
0000103000000000
0001098900000038
0000003000000299
0000021100007491
0000050C00000001
000010400000010A
0000103000000010
00150A0C00000038
00020909001009AC
000008380038089D
0000018B00000000
0002646400001003
000010300000018E
000001C1FFFFFFA8
0000401F0000404F
0000400F00001012
000040500000403F
0000FD4FFFFFFFF8
0000080CFFFFFFF8
00210E0C0000003F
000000040000C5E1
000000340000080D
0000080B00210C0D
00030ACB000007FF
FFFFFFFF00000FEC
0003090C000FFFFF
000000000000080B
0000000000000839
0000008000001034
000000000000083A
000001CB0000018B
0000001000001033
0000006000001030
000001E200007881
0000083E00000F0E
0000080E00000000
000010390000000D
00000FEB00000080
00000000FFFFFFFF
0000083B00030B2B
0000103F0000000C
0000103000000010
0000012E000000A0
0000011C00001030
000007FF0000083A
0000004800001034
0000000000000802
0000083C00310C92
0000100300000000
00001030000265EC
0000080C000001B4
0000103000000004
0000012B000001AC
000000CC00001030
0000000000000FEC
0000080E00100000
00310EAE00000000
000000000000083E
0002663800001003
0000019400001030
00001030000001C9
0000080B0000018C
0020092B00000002
000000330000080A
00000FE800020AA9
00000000FFFFFFFF
00000808000300A8
00200A8000000001
0000020B00200BB0
000300C0FFFFFFFF
0000050A000008AB
000000340000103F
00000FE900020DD9
00000000FFFFFFFF
00210DCD00030DD9
0000083D00030DD8
0000103300000000
00010CCA0000000C
0000080D00030CCB
00020DD300000027
000000120000080B
000000040000080A
0000000F00000809
0000000900000808
0000005000001030
000002330001021B
0000743200000030
00000F020000012E
00210CCA00410220
FFFFFFFF000002EE
FFFFFFFF000002BB
000000040000083B
0000001000001034
0000006C00001030
00000102000303C9
0000083300000F00
0000103400000000
0000024B0000001C
00000540FFFFFFFB
FFFFFFAC0000103B
0000083200380238
0000100300000000
0001033D00026700
FFFFFF7000001030
000000080000080C
0000C5C100040CCE
000001C200000004
FFFFFFF80000FC4F
0000401F0000404F
00040C9C00001012
000000000000083E
000267E000001003
0000001800001030
FFFFFC0200000808
FFFFFD7800001030
FFFFFC010000028A
FFFFFD6800001030
0000403F0000400F
FFFFFF2800004050
FFFFFFF80000FD4F
FFFFFFF00000FD5F
FFFFFFE80000FD6F
FFFFFFE00000FD7F
000000340000080C
0000080E00210C0C
00030DCE000007FF
0000003F00000805
00000FEC00210B05
000FFFFFFFFFFFFF
0000FCCF00030E0C
0000083E00000028
0000103400000000
0000083D00000058
0000103400000000
0000080C00000048
0000C5C100000030
0000080C00000005
000078C100000000
000000020000080C
0000C5C100040CBC
0000080C00000004
0000103000000001
0000083D00000E24
00001034000007FF
0000080C0000003C
00300EEC00000000
000000000000083E
0002690000001003
0000006C00001030
000000080000080E
0000006400001030
FFFFFF600000FDCF
FFFFFF880000FDBF
0000000000000807
FFFFFFFF00000FEC
00030CDC00000000
0000083B00300BC7
0000100300000000
0000103000026954
000002AD00000034
00001030FFFFFBCB
0000080E0000002C
00040EEB00000004
000000040000C5E1
00000D7000001030
FFFFFBCC0000080A
0000000000000FED
0000083B00100000
0000100300000000
00001030000269AC
00040DED00000014
0000000C00001030
00310EE7000001DE
000000020000080B
00040EEC00360CCB
FFFFFF800000FDBF
0000FDCF00200CDB
0000080BFFFFFF98
00030CDB00000001
FFFFFFA80000FDCF
FFFFFF580000FDEF
000001CA00030EEB
0000083C00000F0C
0000080600000000
000002CF00000003
0000FDCFFFFFFFD0
0000098EFFFFFF70
FFFFFF780000FDEF
FFFFFFC00000FD2F
FFFFFFA00000FD3F
FFFFFFB80000FD6F
FFFFFF900000FD1F
000001CC00001039
FFFFFF500000FD5F
FFFFFFFF00000FEC
0000FDCF00000000
00030CACFFFFFF68
0000080400380CC6
0000083C00000000
0000FD4F00000000
00001003FFFFFFC8
0000080400026AAC
0000015AFFFFFFFF
0000104100000105
000104C400000CDC
0000104100000104
0000FDCF00000D44
00000104FFFFFF48
FFFFFF700000FC7F
0000104100000117
0000FD4F000010C4
00020B45FFFFFFB0
FFFFFF980000FC2F
FFFFFF780000FCCF
0000FCE70001012C
00100CE200000008
FFFFFFD00000FCDF
000108AC00130AD2
0000080C00360A8A
0000083A00000001
0000FCAF00000000
00001003FFFFFFC8
000001AC00026B50
FFFFFF480000FC9F
0000FC9F00010BB9
00040729FFFFFF80
001300D1001009E1
0036009000010909
0000000000000830
FFFFFFC80000FC3F
FFFFFF500000FC5F
00026B9C00001003
001304E20000013C
0000003C000002BB
FFFFFF680000FC0F
00130DD700030BB0
000100D0001000E7
0000083D00360D0D
0000FC2F00000000
00001003FFFFFFC8
0000012C00026BE0
0001044A00130DE1
0000025B0002015B
0000FCAFFFFFFFC0
00320A5AFFFFFFC8
000000000000083A
00026C1800001003
000001D800001030
0000103000210445
0000FDBF000001DC
00000FEEFFFFFF50
00000000FFFFFFFF
0000FDEF00030CAE
00310CCEFFFFFF68
000000000000083C
FFFFFFC80000FD7F
00026C6800001003
FFFFFFFF00000807
FFFFFF480000FDAF
000008A40000014A
0000104100000104
00010CC700000B50
FFFFFFB00000FDCF
000001040002044C
00000B7000001041
FFFFFF400000FDCF
0000FC4F00000104
00000114FFFFFF70
00000BE400001041
FFFFFF980000FC0F
FFFFFF780000FCCF
0000FCC40001010C
00100DC000000008
FFFFFFD00000FCEF
000108BD00130BE0
0000083D00360D8B
0000FC2F00000000
00000132FFFFFFC8
FFFFFF500000FC7F
00026D1C00001003
0000FCDF00000137
0004090DFFFFFF80
00130BE100100DC1
00360DAB00010ABD
000000000000083D
00026D4C00001003
001304C000000127
001300E900100DC9
FFFFFFB00000FCEF
FFFFFF400000FCBF
000002EE00020EEB
0000FCBF0000003D
00030EEBFFFFFF68
00360DB000010B0D
000000000000083D
FFFFFFC80000FC0F
00026DA400001003
00130DC100000107
0002015E00010443
FFFFFFC00000023E
FFFFFFC80000FC5F
0000083500320535
0000100300000000
0000103000026DDC
0021044300000170
0000017400001030
0021088B0020044C
0004048400200441
00130EE700000187
0000083A00010DD3
0000100300000000
0000103000026E1C
002107D500000014
0000001800001030
0021099B00200DDC
0004079D00200DD1
0000083A00010EE2
0000100300000000
0000103000026E54
002105E500000014
0000001800001030
00200CC100200CEC
000405EC00210E0B
FFFFFFB00000FCCF
FFFFFF680000FCEF
0000083C00030CCE
0000103F00000015
00000FEC000000A8
6666666666666667
FFFFFF980000FC0F
0000080E00130C0C
00210CCE00000001
FFFFFFFB0000080E
000001E000100CCE
00000FED000008AE
00000000FFFFFFFF
00030CCD00030EED
00001034000005CE
00000FE6000001F4
00000000FFFFFFFF
FFFFFFB00000FCCF
0000FDCF00030CC6
00001041FFFFFF80
00030CC600000940
FFFFFF800000FCEF
0000FC6F00390CCE
00001030FFFFFFB8
0000FCCF0000024C
00001030FFFFFFC8
002004470000023C
002004410021088E
00130CC900040484
0000083500010DD2
0000100300000000
0000103000026F74
002107D30000001C
FFFFFFB00000FCAF
0000002000001030
00210AAE00200DD7
000407AD00200DD1
FFFFFFB00000FCAF
0000083500010CC0
0000100300000000
0000103000026FBC
002105C30000001C
FFFFFF480000FCBF
0000002800001030
FFFFFF500000FCDF
00200CC100200CCD
000405EC00210EBE
FFFFFF480000FCBF
FFFFFF680000FCCF
0000083C00030CAC
0000103F00000001
0000080C0000006C
0000FCEF00000000
00310EECFFFFFFA8
000000000000083E
00001003000001EC
0000080E0002703C
0000FCDFFFFFFFFF
00300CDCFFFFFFA8
FFFFFF580000FCDF
0000FDCF00030CCD
0001055EFFFFFFC8
000000010000080C
0000010400001030
FFFFFFFF00000FEC
00030CAC00000000
0000003E0000083C
000000D40000103F
FFFFFFFF00000FEC
00030CAC00000000
FFFFFFFF0000080E
0000098C00200CEC
FFFFFF980000FCEF
0000080E00030CEC
0000FDEF00000000
00300CCEFFFFFFC8
0000009C00001030
FFFFFFA80000FCCF
000000000000083C
0000062C00001034
FFFFFF580000FCEF
0000080C0000098E
00040CECFFFFFFFE
FFFFFF980000FCEF
00001041000100CE
00000FEE00000738
00000000FFFFFFFF
FFFFFFB00000FCDF
00030CCE00030DDE
0000FCCF00390ECD
0000FDEFFFFFFFC8
0000FC6FFFFFFFC8
00001030FFFFFFB8
0000080C00000024
0000FDCF00000000
00010EABFFFFFFC8
FFFFFFB00000FDEF
FFFFFFA00000FCEF
000000000000083E
FFFFFFC00000FC9F
0000103300000F09
00000834000000A4
0000103D0000000A
0000103000000010
0000080E00000018
0000103000000001
0000080E00000034
0000080D00000001
000001BD0000000A
000002EE00100BBD
000005B400000001
FFFFFFF00000103E
8000000000000FED
0000FCAF00000000
00030DADFFFFFF60
0000001F0000080B
0000FCBF00210DDB
00010BBAFFFFFFB0
00000F0E00010EBE
00400E9E00410EDE
FFFFFFC00000FDEF
FFFFFF800000FD9F
0000000A0000080E
0000000000000808
000001D800000198
000000FF00000802
000000A000001030
000008A7000001AD
FFFFFFFF00000FED
00030D7D00000000
FFFFFFF60000080B
00000FE10010003B
00000000FFFFFFFE
00300D0D00030001
0000080000030882
0030088000000000
FFFFFFC80000FC0F
0000FD0F0003000D
00030C8CFFFFFFC8
CCCCCCCD00000FED
00130D4DCCCCCCCC
FFFFFFB80000FC6F
00100BDB00210DD6
00000299000108B4
0000017300000001
000001DA0000014D
CCCCCCCD00000FEB
00130A5BCCCCCCCC
002103B600130B7B
00000553002105A6
FFFFFF480000103F
000000010000080A
0000000A00000834
0000103D0000010A
000008000000002C
000001BE00000001
0000020000100BBE
000005B400000001
FFFFFFF00000103E
FFFFFFFF00000FE6
0000080B00000000
0000FC1F00000000
00000F01FFFFFFC0
0000050100000F00
000000400000103A
FFFFFFC00000FC0F
0004000400030006
000008060030000B
0003000600000001
0000000000000830
0000001000001034
FFFFFEA400001030
000000010000080A
FFFFFFC80000FCEF
FFFFFF980000FDAF
0000083E00030EEA
0000103300000000
000001E7000000C8
00000FEA000008AE
00000000FFFFFFFF
0000080E00030AEA
0010003EFFFFFFF6
FFFFFFFE00000FE6
0003000600000000
000010340000050A
0000FC5F00000088
000001A4FFFFFFB8
00000FE000000173
CCCCCCCCCCCCCCCD
00130070001304A0
0021044500210305
0030088B00030882
0010084E00030CC8
000001A70001088A
00000FE0000008AA
00000000FFFFFFFF
0010003E00030AA0
FFFFFFFE00000FE6
0003000600000000
0000000100000299
000010330000050A
00030E82FFFFFF90
FFFFFF980000FC8F
0000080A00050CC8
00310AEA00000005
0000080A00040CCA
00380EEA00000004
00030CCE00040CC4
00040EDE00310E47
FFFFFFA80000FCDF
0000FCBF00300DDB
00030DDBFFFFFFC8
00050EE800040EED
00030CA800040AEC
0000083B00010B4C
000001C80000000A
000000340000103D
000000010000080C
0000000A0000080E
00100DDE000001DE
00000001000002CC
0000103E000005DB
0000FCEFFFFFFFF0
00010E9EFFFFFFB0
00000F090000019C
00030DAD00340D91
0000083D00030DD8
0000FC2F00000000
0000FC3FFFFFFFB8
00001033FFFFFF90
0000FCDF000000A0
0000083DFFFFFFA0
0000100300000000
0000FCDF000275F0
00010DEDFFFFFF60
00000F0D00010DDC
000000010000080A
0000FCAF00410DDA
00400DADFFFFFF80
FFFFFFC00000FDDF
FFFFFFC00000FCDF
0000FDDF00000F0D
0000059DFFFFFFC0
000000340000103A
00000005000002DB
CCCCCCCD00000FEB
00130DDBCCCCCCCC
000002CC00210BD2
000002EEFFFFFFFF
0000FCDF00000001
00000F0DFFFFFFC0
00400CCD00000F0C
0000094E0000094C
000002EE00010EEC
0000083CFFFFFFFF
0000103900000001
000002D300000068
0000080A00000004
000008090000000A
0000018C00000030
CCCCCCCD00000FE0
001300B0CCCCCCCC
0010010A00210002
00040BB900020BB1
000074B1000101D8
FFFFFFFF00000288
0000000000000838
00001034000001B0
0000FCDFFFFFFFC4
0000C5D3FFFFFF88
000078E300000004
FFFFFFE00000FC7F
FFFFFFE80000FC6F
FFFFFFF00000FC5F
FFFFFFF80000FC4F
0000401F0000404F
00000FE600001012
00000000FFFFFFFF
FFFFFFB00000FCCF
0000FDCF00030CC6
00000108FFFFFFC8
0000011400001041
0000FCEF00030CC6
00390ECEFFFFFFC8
000000000000080C
000000000000083E
00001003000001EC
0000080E00027774
000105E5FFFFFFFF
FFFFFFC80000FDCF
FFFFFFB80000FC6F
FFFFF9F000001030
0000403F0000400F
000134410000080C
00000FEE00100C0C
00000000FFFC0000
0000080E00030CCE
00210CCE00000012
0000401F0000404F
0000400F00001012
0000080C0000403F
00100C0C000B2EFB
FFF0000000000FEE
00030CCE00000000
000000140000080E
0000404F00210CCE
000010120000401F
0000403F0000400F
0012934F0000080C
00000FEE00100C0C
00000000FFF80000
0000080E00030CCE
00210CCE00000013
00000001000002CC
0000401F0000404F
0000400F00001012
00000FEC0000403F
00000000FFFFFFFF
CCCCCCCD00000FEE
0010000ECCCCCCCC
00000001000002CC
3333333400000FEE
0000050E33333333
FFFFFFD80000103D
0000401F0000404F
0000400F00001012
000040500000403F
0000FD4FFFFFFFA8
0000FD5FFFFFFFF8
0000FD6FFFFFFFF0
0000FD7FFFFFFFE8
00000FECFFFFFFE0
00000000FFFFFFFF
0000080E00030C0C
00100ECE4EC4EC4F
000000230000080D
0000080D00210EED
00200DED00000004
000024480000099B
0000080D000104BD
001005ED0000001A
FFFFFFFE00000FEE
00030E5E00000000
00001034000005CE
0000FCC400000020
0000FC9400000008
0000103000000000
0000FD1F00000228
00020C05FFFFFFD8
FFFFFFFF00000FE7
00030CC700000000
000000030000080E
FFFFFFD00000FDEF
0000099E00200CCE
00010CEC0000249C
FFFFFFC80000FDCF
0000104100000160
0000FDCFFFFFFE74
00000105FFFFFFC0
FFFFFE6000001041
FFFFFFC00000FCEF
0000080E00020CEC
00020BEC00000040
FFFFFFC80000FCEF
000000000000FC8E
0000080000030CC7
0000FC140000003F
00130E1800000000
000000010000080D
00000FEB000309B7
00000000FFFFFFF0
00200A6D00030B6B
0000001E00000802
0000080A000305A2
002106BA00000002
000000080000FC24
FFFFFFC00000023C
000000000000080B
0000083A00320A3B
0000100300000000
0000103000027A5C
002101E300000014
0000002000001030
002004ED0002030C
0010011800200343
000401130021011C
0000099400100328
0001044600002464
0021044500007944
FFFFFFC000000269
000008350032056B
0000100300000000
0000103000027ABC
0020083600000014
0000002000001030
0021063D00020009
0013082800210060
0004088000200889
FFFFFFD00000FC0F
0000083500030040
0000012B00000000
00027B0400001003
0001032100200239
0001093000360132
0000083000360093
0000010B00000000
00027B2C00001003
000008310000010D
0000011B00000000
00027B4400001003
0000083A0000011D
0000100300000000
00210BEC00027B58
00010CC100010C8B
0000FC1F00010CC0
0000FDC1FFFFFFD8
0000FD9100000008
0000FC7F00000000
0000FC6FFFFFFFE0
0000FC5FFFFFFFE8
0000FC4FFFFFFFF0
0000404FFFFFFFF8
000010120000401F
0000403F0000400F
FFFFFFB800004050
FFFFFFF80000FD4F
FFFFFFF00000FD5F
FFFFFFE80000FD6F
FFFFFFE00000FD7F
000002C500000150
00000FEE00000019
00000000FFFFFFFF
0000080D00030CCE
00100CCD4EC4EC4F
000000230000080D
0000080D00210CCD
00200DCD00000004
000023280000099B
0000080D000104BD
001006CD0000001A
00000FEE00030C5E
00000000FFFFFFFE
000005EC00030E6E
0000002000001034
000000080000FCC4
000000000000FC94
0000023C00001030
FFFFFFD80000FD1F
0000104100000106
0000017CFFFFFB94
0000104100000105
00020B7CFFFFFB84
00000FEA00020C65
00000000FFFFFFFF
0000080900030CCA
00200CC900000003
000021680000099E
0000FCCC00010CEC
0000FCE400000000
0000020E00000000
000301BAFFFFFFFF
0000003F0000080E
0000080D0013020C
00000FE800000001
00000000FFFFFFF0
0020085D00030358
0000001E00000805
0000080500030885
0021033500000002
0000231800000995
0000795300010353
0000004000000803
000002310002063B
0000080BFFFFFFC0
0032073B00000000
0000000000000837
FFFFFFD00000FDEF
00027D6800001003
0000001400001030
0000103000210323
000203E100000020
00200EE300200E2D
002100010010000C
002105580004030E
0000FC040003086A
0000083700000008
000001AB00000000
00027DB400001003
0010010C00210A21
0000022800030959
0032042BFFFFFFC0
0000000000000834
000010030000015B
0020051800027DE0
003605E300010E35
00360E9E000109E9
000000000000083E
000010030000013B
0000013D00027E08
0000000100000299
0000000000000835
000010030000015B
0000015D00027E28
0000083E00300E9B
0000100300000000
000001BD00027E40
0000000000000834
FFFFFFD00000FCEF
00027E6000001003
0000001400001030
0000103000200C12
00130C0C00000020
00020EE800200CC8
00210EDE00210D1D
00010CAC00040CCE
00010CC300010CC5
0000FC1F00010CCB
0000FDC1FFFFFFD8
0000FD9100000008
0000FC7F00000000
0000FC6FFFFFFFE0
0000FC5FFFFFFFE8
0000FC4FFFFFFFF0
0000404FFFFFFFF8
000010120000401F
0000403F0000400F
FFFFFFE800004050
0000002000001041
7FFFFFFF0000080E
0000404F00030CCE
000010120000401F
0000403F0000400F
000023580000099C
000000000000FCEC
4C957F2D00000FED
00100EED5851F42D
00000001000002EE
000000000000FDEC
000000200000080C
0000080E00210CEC
00030CCE7FFFFFFF
0000401F0000404F
0000400F00001012
0000080C0000403F
0000083200000000
0000103300000000
000075E100000058
000005DE000075D0
0000001000001033
0000003800001030
0000000100000211
0000000100000200
FFFFFFFF00000222
0000000000000832
FFFFFFC400001034
0000000C00001030
0000404F00020CDE
000010120000401F
0000403F0000400F
0000000000000832
0000003C00001033
000075E1000001C0
000002CC000074EC
0000021100000001
0000022200000001
00000832FFFFFFFF
0000103400000000
000001C0FFFFFFD8
0000401F0000404F
0000400F00001012
000008320000403F
0000103300000000
000001C000000030
000002CC0000741C
0000022200000001
00000832FFFFFFFF
0000103400000000
000001C0FFFFFFE4
0000401F0000404F
0000400F00001012
0000080C0000403F
00010E0C00000000
00000001000002CC
0000083E000075EE
0000103400000000
000002CCFFFFFFE8
0000404FFFFFFFFF
000010120000401F
0000403F0000400F
0000000000000831
00001033000001C0
00010E0100000048
000075DC000001C0
000000000000083D
0000002C00001033
00000001000002CC
FFFFFFFF00000211
0000000000000831
FFFFFFD400001034
00020CC0000001CE
0000401F0000404F
00CDAB0000001012
72665F6D656D0100
656C6C69203A6565
6F6D656D206C6167
62756F64203A7972
006565726620656C
6D6972745F6D656D
656E727574657220
71203D2120722064
5F74657366666F00
5F70203D3C206F74
006E656C3E2D6F74
6270206B63656863
2070696B735F6675
7400746C75736572
69656365725F7063
65736F6F203A6576
6E656C7063742071
775F766372203E20
725F70637400646E
74725F74696D7865
74696D6D6F635F6F
696C61766E69203A
6E0A006263702064
7220746F6F627465
9480E22079646165
6E6120646E657320
77206567616D6920
616C6B6020687469
2D2D206363737375
64616F6C2D74656E
6D656D000A0A2E60
6163206D6972745F
7320796C6E6F206E
656D206B6E697268
7063740079726F6D
726D74776F6C735F
572D454D4954203A
2D62637020544941
3D2065746174733E
572D454D4954203D
65736F6F00544941
6E656D6765732071
696B61656C207374
725F70637400676E
203A657669656365
20746E656D676573
6D69727420746F6E
72726F632064656D
6F7420796C746365
646E775F76637220
65656B5F70637400
203A6576696C6170
2064696C61766E69
5F70637400626370
3A726D74776F6C73
20656C6464696D20
74203D2120706374
63705F77745F7063
5F70636864007362
6D5F657461657263
63656863203A6773
662074616874206B
7562702074737269
6F68206E61632066
637572747320646C
6D5F706368642074
203D212071006773
656863004C4C554E
2074616874206B63
6270207473726966
68206E6163206675
7572747320646C6F
7261687465207463
7069007264685F70
705F73736165725F
746E756F63667562
6E656C63203D3E20
3144492059485000
3430257830203D20
657078652820786C
3430257830207463
676573000A29786C
7264687063743E2D
696C6120746F6E20
7063740064656E67
3A74757074756F5F
64696C61766E6920
2F2E2E0062637020
6372732F7069776C
6E642F65726F632F
5F6D656D00632E73
6173203A65657266
656863207974696E
6E67696C61206B63
70637400746E656D
6D65725F6263705F
766E69203A65766F
6263702064696C61
7865725F70637400
747361665F74696D
696C61766E69203A
2E2E006263702064
72732F7069776C2F
692F65726F632F63
5F3470692F347670
6E00632E67617266
747372696620746F
6867756F68746C61
6E65207473756A20
2E00646575657571
732F7069776C2F2E
2F65726F632F6372
656D00632E6D656D
636F6C6C616D5F6D
61636F6C6C61203A
6F6D656D20646574
6120746F6E207972
6D61722065766F62
6374002E646E655F
3A7475706E695F70
2065766974636120
6174733E2D626370
4954203D21206574
00544941572D454D
75706E695F706374
3E2D626370203A74
203D21207478656E
6665622820626370
686361632065726F
735F706374002965
74706D655F646E65
69203A6B63615F79
702064696C61766E
625F706374006263
6C69616620646E69
6274656E000A6465
73696C203A746F6F
6F20676E696E6574
6F7020504354206E
2E000A7525207472
732F7069776C2F2E
2F65726F632F6372
00632E666974656E
7320746E65736E75
2073746E656D6765
00676E696B61656C
3A746F6F6274656E
7463656E6E6F6320
65636361206E6F69
6E75000A64657470
65766F5F746E6573
696D20657A697372
2820686374616D73
736E753E2D626370
4E20736920746E65
74706F00294C4C55
746F6E20736E6F69
0064656C6C696620
75706E695F706475
6C61766E69203A74
0066756270206469
65746164696C6176
617267617461645F
705F7478656E3A6D
4C554E3D21667562
697472617453004C
2E5043484420676E
61766E69000A2E2E
6E696F702064696C
6C2F2E2E00726574
2F6372732F706977
7562702F65726F63
5F70637400632E66
61203A7475706E69
6370206576697463
65746174733E2D62
5453494C203D2120
635F706374004E45
65735F6574616572
69203A746E656D67
702064696C61766E
6C2F2E2E00667562
2F6372732F706977
7670692F65726F63
7072616874652F34
665F6D656D00632E
6C6C69203A656572
6D656D206C616765
667562700079726F
636F6C6C6165725F
4E203D212071203A
3D212070004C4C55
6E69004C4C554E20
62702064696C6176
0065707974206675
616470755F706374
615F7663725F6574
203A646E775F6E6E
2064696C61766E69
6C3E2D7000626370
0030203D3D206E65
6263705F70636864
6E756F636665725F
666572203A292874
726520746E756F63
725F706900726F72
7562705F73736165
3E20746E756F6366
5F7366756270203D
6E64006465657266
7265767265732073
20666F2074756F20
6370007961727261
657473696C3E2D62
6363613E2D72656E
4E203D2120747065
6465656E004C4C55
6E696168636E7520
0066756270206465
3D206665723E2D70
504348440031203D
74756F656D697420
697375209480E220
697461747320676E
61626C6C61662063
5F706374000A6B63
66206E657473696C
6D000A64656C6961
656572665F706D65
7270206D656D203A
6120796C7265706F
6E0064656E67696C
615F7663725F7765
3C20646E775F6E6E
666666667830203D
6572665F70637400
6E657473696C5F65
455453494C21203A
723E2D626370004E
645F646573756665
4E203D3D20617461
5F706374004C4C55
70203A7475706E69
746174733E2D6263
4F4C43203D212065
5F70637400444553
766E69203A747372
6D65722064696C61
440070695F65746F
736F68203A504348
736920656D616E74
6E6F6C206F6F7420
776C2F2E2E002167
2F74726F705F7069
74656E7265687465
64696400632E6669
706F6320746F6E20
6164206C6C612079
735F706374006174
203A726D74776F6C
7020657669746361
746174733E2D6263
4D4954203D212065
7000544941572D45
67616C663E2D6263
525F465420262073
004445534F4C4358
75716E655F706374
67616C665F657565
206465656E203A73
5420726568746965
6F204E59535F5043
49465F5043542072
616C66206E69204E
676F727028207367
762072656D6D6172
20736574616C6F69
7063740029495041
203A65746972775F
6E6F207366756270
3D20657565757120
61656C207461203E
7120656E6F207473
6E6F6E2065756575
63007974706D652D
616874206B636568
2074737269662074
6E61632066756270
747320646C6F6820
7064752074637572
646361007264685F
63696C666E6F635F
61626C6C61635F74
554E203D21206B63
6B63656863004C4C
6966207461687420
6675627020747372
6C6F68206E616320
7463757274732064
007264685F706920
75616C4B203D3D3D
656E205550437373
3D3D20746F6F6274
6F6274656E000A3D
20756C25203A746F
20756C25202C736D
69000A732F42694B
665F6D656D00666E
6C6C69203A656572
6D656D206C616765
6E6F6E203A79726F
3A64656B6E696C2D
20656C62756F6420
2F2E2E0065657266
6372732F7069776C
63742F65726F632F
5F70637400632E70
3A65766965636572
712064696C617620
6E656C2065756575
5F70637400687467
5F65756575716E65
69203A7367616C66
732064696C61766E
6C20746E656D6765
6370006874676E65
4C554E203D212072
20666974656E004C
2079646165726C61
656E006465646461
757373695F666974
74726F7065725F65
6C61766E69203A73
666974656E206469
61745F6675627000
61766E69203A656B
667562702064696C
7069776C2F2E2E00
726F632F6372732F
00632E7761722F65
2F7069776C2F2E2E
65726F632F637273
74756F656D69742F
6C3E2D7000632E73
6F70203D3E206E65
2076657270006666
7300727069203D21
6863207974696E61
74696157006B6365
20726F6620676E69
0A2E2E2E6B6E696C
6F6C735F70637400
6361203A726D7477
6263702065766974
2065746174733E2D
455453494C203D21
656E5F706374004E
203A7373695F7478
2064696C61766E69
5F70637400626370
61203A7475706E69
6370206576697463
65746174733E2D62
534F4C43203D2120
6573206F6E004445
6F7420746E656D67
7069006565726620
203D212072646461
6D6369004C4C554E
3A7475706E695F70
69726F7473657220
696769726F20676E
703E2D70206C616E
662064616F6C7961
656E0064656C6961
6177683E2D666974
206E656C5F726464
206562207473756D
746520726F662036
6F5F74656E726568
6E00217475707475
203A746F6F627465
6E6968636E75616C
6172676F72702067
257830207461206D
656D000A786C3830
636F6C6C616D5F6D
61636F6C6C61203A
6F6D656D20646574
65706F7270207972
67696C6120796C72
756270002E64656E
203A656572665F66
3E206665723E2D70
665F706374003020
53494C203A656572
5F706374004E4554
79706F635F676573
696C61766E69203A
6863006765732064
74616874206B6365
7020747372696620
206E616320667562
6D636920646C6F68
67617373656D2070
5F73667562700065
202B206465657266
203D3C206E656C63
6D00666666667830
206D6972745F6D65
64656E7275746572
554E203D3D207220
6B63616E75004C4C
656D676573206465
6B61656C2073746E
5F70637400676E69
6E69665F646E6573
696C61766E69203A
6F64006263702064
6C6C61632074276E
6F62615F70637420
615F7063742F7472
66206E6F646E6162
657473696C20726F
6400736263702D6E
6C61632074276E6F
756F5F706374206C
726F662074757074
2D6E657473696C20
7063740073626370
203A65746972775F
7366756270206F6E
75657571206E6F20
746F62203E3D2065
7365756575712068
2E007974706D6520
732F7069776C2F2E
2F65726F632F6372
6D63692F34767069
6E6B6E7500632E70
5F736E64206E776F
6E6520656C626174
7461747320797274
6D5F6D656D003A65
21203A636F6C6C61
753E2D656572666C
6C2F2E2E00646573
2F6372732F706977
7063742F65726F63
7000632E74756F5F
656C5F746F743E2D
74706F203D3E206E
50434844006E656C
20646C756F687320
6C62616E65206562
6874207461206465
746E696F70207369
746920747562202C
21746F6E20736920
706F5F7063686400
7479625F6E6F6974
6F6974706F203A65
6C5F74756F5F736E
434844203C206E65
4E4F4954504F5F50
6874004E454C5F53
736465656E207369
2066756270206120
7020656E6F206E69
2E2E002165636569
72732F7069776C2F
6D2F65726F632F63
6E6900632E706D65
62702064696C6176
00657079745F6675
776F6C735F706374
726966203A726D74
3D20626370207473
77745F706374203D
637400736263705F
65725F6263705F70
6E69203A65766F6D
63702064696C6176
6E69007473696C62
65747369736E6F63
737265766F20746E
202E737620657A69
276E6143006E656C
2074696C70732074
20746E656D676573
6E656C206F746E69
6374003020687467
74696D7865725F70
6E69203A6F74725F
63702064696C6176
69776C2F2E2E0062
6F632F6372732F70
2F347670692F6572
6400632E70636864
6974706F5F706368
6974706F203A6E6F
5F74756F5F736E6F
2032202B206E656C
6E6F6974706F202B
203D3C206E656C5F
54504F5F50434844
4E454C5F534E4F49
6261745F70726100
74732E5D695B656C
50203D3D20657461
6F20474E49444E45
454C424154532072
746F6F6274656E00
766965636572203A
6220756C25206465
6E65202C73657479
3025783020797274
736B63202C786C38
786C383025783020
505F46554250000A
534655425F4C4F4F
7473756D20455A49
6767696220656220
206E616874207265
47494C415F4D454D
666F00544E454D4E
6F72665F74657366
665F70203D3C206D
6E656C3E2D6D6F72
64696C61766E6900
2074656B636F7320
6F66206574617473
6320766365722072
006B6361626C6C61
6F72657A5F706374
5F776F646E69775F
69203A65626F7270
702064696C61766E
74696E6173006263
206B636568632079
6C2064656B6E696C
6B6E694C00747369
534D422820707520
6C34302578303D52
206F6F74000A2978
74656E20796E616D
78616D202C736669
726F70707573202E
626D756E20646574
3532207369207265
615F667562700035
7265203A636F6C6C
2073756F656E6F72
7063740065707974
657669656365725F
6E656C706374203A
775F766372203E20
725F70637400646E
61766E69203A7473
61636F6C2064696C
7072610070695F6C
615B656C6261745F
2E5D7864695F7072
3D3E206574617473
5F50524148544520
54535F4554415453
2F2E2E00454C4241
6372732F7069776C
652F666974656E2F
2E74656E72656874
65725F7063740063
73203A6576696563
6E20746E656D6765
6D6D69727420746F
6572726F63206465
206F7420796C7463
7571207165736F6F
5F73736D00657565
7369206C61636F6C
616D73206F6F7420
5F76657270006C6C
4E203D2120676573
5F707261004C4C55
5D695B656C626174
3D2065746174732E
505241485445203D
455F45544154535F
727261005954504D
7865646E69207961
20666F2074756F20
700073646E756F62
656C5F746F743E2D
3E2D70203D3D206E
20666F28206E656C
756270207473616C
616863206E692066
5F70637400296E69
726D6974776F6C73
736973726570203A
6E696B6369742074
6520687469772067
6E6573207974706D
7265666675622064
6666655F70637400
736D5F646E65735F
3A666974656E5F73
64696C61766E6920
0070695F74736420
656363615F706374
3A6C6C756E5F7470
64696C61766E6920
6263700062637020
75715F646E733E2D
3E206E656C657565
633E2D6370003020
72665F6D6F747375
74636E75665F6565
4E203D21206E6F69
66756270004C4C55
6F6873206F6F7420
5F70637400217472
63203A6574697277
616874206B636568
2074737269662074
6E61632066756270
687420646C6F6820
656C706D6F632065
656C676573206574
6F6E20545352006E
7463657078652074
2165726568206465
6D69745F73797300
6974203A74756F65
3D212074756F656D
70202C4C4C554E20
504D454D206C6F6F
4D49545F5359535F
2073692054554F45
2E2E007974706D65
72732F7069776C2F
752F65726F632F63
70647500632E7064
203A7475706E695F
2064696C61766E69
656E00666974656E
4E203D2120666974
65707974004C4C55
6F6C667265766F20
695F706D63690077
6F6D203A7475706E
3E2D7220676E6976
2064616F6C796170
20706D6369206F74
6620726564616568
6E690064656C6961
656E2064696C6176
7000727470207478
2066657220667562
776F6C667265766F
6F6C735F70637400
696D203A726D7477
70637420656C6464
5F706374203D2120
705F657669746361
5F70637400736263
3A726D74776F6C73
7020747372696620
6374203D3D206263
6576697463615F70
2E2E00736263705F
72732F7069776C2F
742F65726F632F63
00632E6E695F7063
207478656E3E2D70
004C4C554E203D21
75706E695F706374
3E2D626370203A74
203D21207478656E
7466612820626370
6568636163207265
6E695F7063740029
4D4954203A747570
7020544941572D45
746174733E2D6263
4D4954203D3D2065
7000544941572D45
5F646E733E2D6263
6E656C6575657571
66756270203D3E20
656E286E656C635F
740029703E2D7478
65746972775F7063
746F6E6E6163203A
657461636E6F6320
656877206574616E
753E2D626370206E
736920746E65736E
74007974706D6520
65746972775F7063
2064696C6176203A
656C206575657571
6C7073006874676E
736D203D3C207469
6E655F7063740073
6C665F6575657571
766E69203A736761
6263702064696C61
74206B6365686300
7372696620746168
6320667562702074
20646C6F68206E61
7420746375727473
2E007264685F7063
732F7069776C2F2E
2F65726F632F6372
3470692F34767069
7270206F6E00632E
662073756F697665
2C746E656D676172
756D207369687420
6874206562207473
2074737269662065
746E656D67617266
737375616C6B0021
6B6E694C00757063
74756F656D697420
303D52534D422820
0A29786C34302578
6F685F67756C7000
6D656D203A73656C
3D20646573753E2D
667562700030203D
61662079706F635F
7063740064656C69
6D6974776F6C735F
6973726570203A72
696B636974207473
206874697720676E
6867696C662D6E69
7000617461642074
656C5F746F743E2D
3E2D70203D3D206E
6F743E2D7478656E
6374006E656C5F74
3A65746972775F70
69736E6574786520
657220666F206E6F
2065636E65726566
7365726975716572
6E65726566657220
776C2F2E2E006563
632F6372732F7069
347670692F65726F
6E00632E6463612F
7020776172006E61
2076636572206263
6B6361626C6C6163
64657265746C6120
6170206675627020
6F702064616F6C79
6977207265746E69
61652074756F6874
63617020676E6974
276E6F640074656B
74206C6C61632074
65766365725F7063
696C20726F662064
6263702D6E657473
6C735F7063740073
61203A726D74776F
6370206576697463
65746174733E2D62
534F4C43203D2120
735F706374004445
736E755F74696C70
3A6765735F746E65
64696C61766E6920
6368640062637020
63705F636E695F70
756F636665725F62
656D203A2928746E
61656C2079726F6D
636170206F6E006B
756575712074656B
776F6C6C61207365
6365686300216465
656D67617266206B
276E6F642073746E
616C7265766F2074
725F667562700070
203A636F6C6C6165
4C554E203D212070
756F656D6954004C
7420656D69742074
2C676E6F6C206F6F
2073692078616D20
4E49555F5049574C
2F58414D5F323354
00736365736D2034
6F6D65725F646361
6361203A29286576
6E6F20746F6E2064
61000A7473696C20
656C6261745F7072
3D3D20712E5D695B
656E004C4C554E20
6177683E2D666974
206E656C5F726464
485F485445203D3D
454C5F5244444157
2D666974656E004E
5F7264646177683E
7473756D206E656C
2065687420656220
20736120656D6173
444157485F485445
66204E454C5F5244
726168746520726F
695F706374002170
6E69203A7475706E
62702064696C6176
725F706374006675
203A657669656365
747320676E6F7277
6F636E6900657461
746E65747369736E
7A69737265766F20
7073202E73762065
5F70637400656361
52203A6574697277
7366756270204D4F
20746F6E6E616320
737265766F206562
7063740064657A69
65756575716E655F
203A7367616C665F
2064696C61766E69
656C206575657571
706374006874676E
5F74696D7865725F
706572705F6F7472
766E69203A657261
6263702064696C61
65725F6675627000
6165685F65766F6D
6C69616620726564
6B63656863006465
5F65646F63656420
7665727000786469
3D207478656E3E2D
637400727069203D
61662077656E5F70
776C000A64656C69
5245535341205049
3A64253A73252054
6D656D000A732520
6C203A6D6972745F
6D656D206C616765
67756C700079726F
203A73656C6F685F
6172203C206D656D
6E6900646E655F6D
3D2120702E676573
6E69004C4C554E20
66666F20656E6173
65766F0021746573
3D3D20657A697372
655F706374003020
665F65756575716E
6863203A7367616C
74616874206B6365
7020747372696620
206E616320667562
74706F20646C6F68
5F706374006E656C
203A74696D786572
2064696C61766E69
6C756E2800626370
30180C060300296C
0605040302017860
0107070707070707
0000000000061C03
FFFFFFFFFFFFFFFF
000000000000FFFF
0400000000000800
0000000000000801
0000000000000802
0000000000000803
0800000000000805
0000000000000832
0000008000001003
00007A4100007B40
0000000800000810
0000000800000811
0000000800000822
0000004800001000
0000102300004045
0000000000000000
1000000000000000
0000000000000000
14ADF4B7320334B9
0E549208B31ADB10
1ABA4714957D300D
6DC6AD264D8F0866
1145B7E285BF98F5
EB1DBD923D8596CA
1652EFDC6018A1FC
B4C1B80B22AE923C
1CDA62055B2D9D83
5BB28B4E8F7E4C30
12A5568B9F52F416
F08AED437682D4FB
1819651531F9E78F
B4EE134AD99BF150
1F25C186A6F04C28
16499ECB70C25F03
1420EB449C8842E6
85A56EAD360865B0
1A03FDE214CAF085
093DB1D57999890B
10CFEB353A97DAD8
CF38BB735E3F36AC
15BAAF44FA52673E
0000000000000001
0000000000000005
0000000000000019
000000000000007D
0000000000000271
0000000000000C35
0000000000003D09
000000000001312D
000000000005F5E1
00000000001DCD65
00000000009502F9
0000000002E90EDD
000000000E8D4A51
0000000048C27395
000000016BCC41E9
000000071AFD498D
0000002386F26FC1
000000B1A2BC2EC5
000003782DACE9D9
00001158E460913D
000056BC75E2D631
0001B1AE4D6E2EF5
000878678326EAC9
002A5A058FC295ED
00D3C21BCECCEDA1
0422CA8B0A00A425
0000000000000000
0000000000000000
5969599540000000
5655551555545555
4055541041150504
4450454044555145
4000400045555550
5556556596440440
4015415154454045
5140555555559155
11F0000000000105
0000000000000001
2000000000000000
52A6C95FC0655034
18C240C4AECB13BB
7CA8D50071DFC806
1327FC58DA0F6FF5
6520247D3556476E
1DA48CE468E7C702
6139CDD76802E6E9
16EF5B40C2FC7779
F951A7FF43DE8C79
11BEBDF578B2F391
7BE8BEE8D6E957E8
1B758D848FAC54B0
8BD3F9E999A423EA
153EDA614071A3B7
0848F973CB3EE3CE
10701BD527B4978C
153285EBB9EFBFA2
196FBB9BB44DB44D
ADEEE7F86C07B696
13AE3591F5B4D936
4D686A4EAF182222
1E74404F3DAADA91
98C0A106E09EBD9F
17900EA4FDA7C257
8F20E37371497D0E
123B140576D820B2
B043138134743D85
1C35F4275F7A29AD
0405554554544554
0040041410041000
4115555540010000
0001004400000454
4400004140000000
5555005450454450
4000400051655554
0001050001000001
0555555451515411
4004000050411500
0000000005040110
0000000000040030
000000000004A828
000000000004A8F0
0000000000040030
000000000004A8F8
000000000004A9C0
00000000000400D8
000000000004A9C8
000000000004AD30
0000000000020030
000000000004AD38
000000000004ADA0
0000000000200020
000000000004ADA8
000000000004B1B0
0000000000050028
000000000004B1B8
000000000004B288
00000000000F0028
000000000004B290
000000000004B4F0
0000000000180020
000000000004B4F8
000000000004B800
0000000000200018
000000000004B808
000000000004BB10
0000000000200658
000000000004BB18
0000000000058620
000000000002A088
000000000002A0A0
000000000002A0B8
000000000002A0D0
000000000002A0E8
000000000002A100
000000000002A118
000000000002A130
000000000002A148
000000000002A160
0000000000058650
0000000000058658
0000000000058660
0000000000058668
0000196E0000C000
00000000000000FA
0000000000006E88
00000000000003E8
000000000001F13C
00000000000003E8
000000000001BE2C
000000000000EA60
0000000000017534
00000000000001F4
0000000000018328
0000000000000064
0000000000016B28
00000000000003E8
00000000000021B0
000000000000C000
0000000000000001
